t_plan_s,t_tx_begin_s,t_tx_end_s,tx_unix_s,step_index,duty_command,event,lateness_ms
0.0,2.4889000087569002e-05,0.00010675900011847261,1789785044.5275102,0,0.0,step,0.024889000087569002
,0.020580576000156725,0.020944076999967365,1789785044.548068,0,0.0,refresh,
,0.041203004000180954,0.04126415200016709,1789785044.5686886,0,0.0,refresh,
,0.061399376000281336,0.06148615400024937,1789785044.588885,0,0.0,refresh,
,0.08162865500025873,0.08167463600011615,1789785044.6091142,0,0.0,refresh,
,0.10177419299998292,0.10180734100003974,1789785044.6292596,0,0.0,refresh,
,0.12190673100030835,0.12193523099995218,1789785044.6493921,0,0.0,refresh,
,0.14203264000025229,0.14205973200023436,1789785044.669518,0,0.0,refresh,
,0.16215640000018539,0.16218319600011455,1789785044.6896417,0,0.0,refresh,
,0.1822871050003414,0.1823144940003658,1789785044.7097726,0,0.0,refresh,
,0.2024106250000841,0.20243751399993926,1789785044.7298958,0,0.0,refresh,
,0.22253605200012316,0.22256142200012619,1789785044.7500215,0,0.0,refresh,
,0.2426578120002887,0.24268455300034475,1789785044.7701433,0,0.0,refresh,
,0.26278255400029593,0.2628148870003315,1789785044.790268,0,0.0,refresh,
,0.2829147219999868,0.2829407770000216,1789785044.8104,0,0.0,refresh,
,0.30303616700030034,0.3030658900001981,1789785044.8305216,0,0.0,refresh,
,0.32316377999995893,0.32321370599993315,1789785044.8506494,0,0.0,refresh,
,0.3433118920002016,0.3433434470002794,1789785044.8707974,0,0.0,refresh,
,0.3634428929999558,0.3634740970001076,1789785044.8909283,0,0.0,refresh,
,0.38357019000022774,0.3836005610000939,1789785044.9110556,0,0.0,refresh,
,0.4037011360001088,0.40376913599993713,1789785044.9311864,0,0.0,refresh,
,0.42387506300019595,0.4239201929999581,1789785044.9513605,0,0.0,refresh,
,0.4440181200002371,0.4440486759999658,1789785044.9715037,0,0.0,refresh,
,0.46414847300002293,0.4641815840000163,1789785044.991634,0,0.0,refresh,
,0.48428756700013764,0.4843161040002997,1789785045.0117729,0,0.0,refresh,
,0.5044117900001766,0.5044385680002961,1789785045.031897,0,0.0,refresh,
,0.5245413650000046,0.5245747730000403,1789785045.052027,0,0.0,refresh,
,0.5446730150001713,0.5447022370003651,1789785045.0721586,0,0.0,refresh,
,0.5648431270001311,0.5649364420000893,1789785045.0923288,0,0.0,refresh,
,0.5850836100003107,0.5851325540002108,1789785045.112569,0,0.0,refresh,
,0.6052283700000771,0.6052627040003244,1789785045.1327138,0,0.0,refresh,
,0.6253601680000429,0.6253881490001731,1789785045.1528456,0,0.0,refresh,
,0.6455222610002238,0.645571965000272,1789785045.173008,0,0.0,refresh,
,0.6656739290001497,0.6657110959999955,1789785045.1931593,0,0.0,refresh,
,0.6858195050003815,0.6858501159999832,1789785045.2133048,0,0.0,refresh,
,0.7059486719999768,0.7059804870000335,1789785045.2334342,0,0.0,refresh,
,0.7260793590003232,0.7261090619999777,1789785045.2535646,0,0.0,refresh,
,0.746215119000226,0.7462579709999773,1789785045.2737007,0,0.0,refresh,
,0.7663590649999605,0.7663870830001542,1789785045.2938445,0,0.0,refresh,
,0.7864870289999999,0.7865294360003645,1789785045.3139725,0,0.0,refresh,
,0.8066391229999681,0.8066887889999634,1789785045.3341246,0,0.0,refresh,
,0.826804605000234,0.826838754000164,1789785045.35429,0,0.0,refresh,
,0.8469442360001267,0.8469847920000575,1789785045.3744297,0,0.0,refresh,
,0.8670868480003264,0.8671193850000236,1789785045.3945723,0,0.0,refresh,
,0.887225072000092,0.887255813000138,1789785045.4147105,0,0.0,refresh,
,0.9073555540003326,0.9073813320001136,1789785045.434841,0,0.0,refresh,
,0.9274772779999694,0.9275096480000684,1789785045.4549627,0,0.0,refresh,
,0.9476088900000832,0.947636927000076,1789785045.4750943,0,0.0,refresh,
,0.967749484000251,0.9677922620003301,1789785045.4952347,0,0.0,refresh,
,0.9879038369999762,0.9879495410000345,1789785045.5153894,0,0.0,refresh,
,1.008080431000053,1.0081611340001473,1789785045.535566,0,0.0,refresh,
,1.028285469000366,1.028352339000321,1789785045.5557709,0,0.0,refresh,
,1.048465748000126,1.0485261369999535,1789785045.575951,0,0.0,refresh,
,1.0686504899999818,1.0687280270003612,1789785045.5961359,0,0.0,refresh,
,1.088885436000055,1.088988103000247,1789785045.616371,0,0.0,refresh,
,1.1091150480001488,1.1091854740002418,1789785045.6366005,0,0.0,refresh,
,1.1293019009999625,1.1293426239999462,1789785045.6567874,0,0.0,refresh,
,1.1494528650000575,1.1494862730000932,1789785045.6769383,0,0.0,refresh,
,1.1695938850002676,1.1696282560001237,1789785045.6970792,0,0.0,refresh,
,1.1897409230000449,1.1897786640001868,1789785045.7172265,0,0.0,refresh,
,1.209891684000013,1.2099312210002608,1789785045.737377,0,0.0,refresh,
,1.2300360920003186,1.2300740740001856,1789785045.7575216,0,0.0,refresh,
,1.2501832970001487,1.2502159450000363,1789785045.7776687,0,0.0,refresh,
,1.2702915019999637,1.2703437430000122,1789785045.797777,0,0.0,refresh,
,1.2904551330002505,1.2904945400000543,1789785045.8179405,0,0.0,refresh,
,1.3106044490000386,1.3106368379999367,1789785045.8380897,0,0.0,refresh,
,1.33073563500011,1.3307648390000395,1789785045.858221,0,0.0,refresh,
,1.3508673400001499,1.350915470000018,1789785045.8783529,0,0.0,refresh,
,1.371015582000382,1.3710498410000582,1789785045.898501,0,0.0,refresh,
,1.3911600460000955,1.391214009000123,1789785045.9186456,0,0.0,refresh,
,1.4113369730002887,1.4113691219999964,1789785045.9388225,0,0.0,refresh,
,1.4314752710001812,1.4315062340001532,1789785045.9589605,0,0.0,refresh,
,1.4516102530001262,1.4516419020001194,1789785045.9790955,0,0.0,refresh,
,1.4717380140000387,1.4717665880002642,1789785045.9992232,0,0.0,refresh,
,1.491864310999972,1.4918921080002292,1789785046.0193498,0,0.0,refresh,
,1.511988405000011,1.5120170160003,1789785046.039474,0,0.0,refresh,
,1.5321141100002933,1.5321427020003284,1789785046.0595996,0,0.0,refresh,
,1.5522488890001114,1.5522925000000214,1789785046.0797343,0,0.0,refresh,
,1.5723942050003643,1.572426833999998,1789785046.0998797,0,0.0,refresh,
,1.5925581690003128,1.5926399650002168,1789785046.1200438,0,0.0,refresh,
,1.6127674110002772,1.6128273560002526,1789785046.1402528,0,0.0,refresh,
,1.6329348379999828,1.632970301000114,1789785046.1604204,0,0.0,refresh,
,1.6530680430000757,1.6531018020000374,1789785046.1805534,0,0.0,refresh,
,1.6732044519999363,1.673242563000258,1789785046.20069,0,0.0,refresh,
,1.6933406930002093,1.693371768000361,1789785046.2208261,0,0.0,refresh,
,1.7134724350003125,1.7134988060001888,1789785046.2409577,0,0.0,refresh,
,1.7336036220003734,1.7336459000002833,1789785046.261089,0,0.0,refresh,
,1.7537454749999597,1.7537763450000057,1789785046.281231,0,0.0,refresh,
,1.7738744940002107,1.7739035310000872,1789785046.30136,0,0.0,refresh,
,1.7940113839999867,1.794053014000383,1789785046.3214967,0,0.0,refresh,
,1.8141724970000723,1.8142194229999404,1789785046.341658,0,0.0,refresh,
,1.8343233130003682,1.8343508130001283,1789785046.3618085,0,0.0,refresh,
,1.8544470179999735,1.854478147000009,1789785046.3819323,0,0.0,refresh,
,1.8745768890003092,1.8746060560001752,1789785046.4020624,0,0.0,refresh,
,1.8947029830001156,1.8947402610001518,1789785046.4221883,0,0.0,refresh,
,1.9148410950001562,1.9148665580000852,1789785046.4423265,0,0.0,refresh,
,1.9349646700002268,1.9349896150001769,1789785046.4624503,0,0.0,refresh,
,1.9550853200003075,1.9551121340000464,1789785046.4825706,0,0.0,refresh,
,1.9752085800000714,1.9752354500001275,1789785046.502694,0,0.0,refresh,
,1.9953323220001948,1.9953597660000923,1789785046.5228179,0,0.0,refresh,
,2.0154567670001597,2.0154864160003854,1789785046.5429423,0,0.0,refresh,
,2.035610917000213,2.035651861000133,1789785046.5630963,0,0.0,refresh,
,2.055751603000317,2.0557860480003,1789785046.5832372,0,0.0,refresh,
,2.0758867340000506,2.0759190300000228,1789785046.603372,0,0.0,refresh,
,2.096060050000233,2.096157828000287,1789785046.6235456,0,0.0,refresh,
,2.1162836070002413,2.11632907000012,1789785046.643769,0,0.0,refresh,
,2.1364332190000823,2.1364713860002666,1789785046.6639185,0,0.0,refresh,
,2.1565792020001027,2.156621276000351,1789785046.6840649,0,0.0,refresh,
,2.1767304620002506,2.176764944000297,1789785046.7042158,0,0.0,refresh,
,2.1968844450002507,2.196948741000142,1789785046.72437,0,0.0,refresh,
,2.217057668000052,2.217102946000068,1789785046.7445433,0,0.0,refresh,
,2.237203317999956,2.237236929000119,1789785046.7646887,0,0.0,refresh,
,2.2573350600000595,2.2573680970003807,1789785046.7848206,0,0.0,refresh,
,2.277471875000174,2.277501116000167,1789785046.8049572,0,0.0,refresh,
,2.297596803000033,2.2976252840003326,1789785046.825082,0,0.0,refresh,
,2.317734933000338,2.3177630449999924,1789785046.8452203,0,0.0,refresh,
,2.3378584530000808,2.3378862680001475,1789785046.8653438,0,0.0,refresh,
,2.3580239170000823,2.3580892690001747,1789785046.8855095,0,0.0,refresh,
,2.378191770000285,2.378232641000068,1789785046.905677,0,0.0,refresh,
,2.398354864000339,2.398410901000261,1789785046.9258404,0,0.0,refresh,
,2.4185214210001504,2.4185545880000063,1789785046.9460068,0,0.0,refresh,
,2.438654515000053,2.4386852740003633,1789785046.9661398,0,0.0,refresh,
,2.4587847190000502,2.4588157190000857,1789785046.9862702,0,0.0,refresh,
,2.4789191840000058,2.478964924000138,1789785047.0064046,0,0.0,refresh,
,2.4991283700001077,2.499158018000344,1789785047.0266137,0,0.0,refresh,
,2.519276853000065,2.5193042969999624,1789785047.0467622,0,0.0,refresh,
,2.539397965000262,2.5394244090002758,1789785047.0668833,0,0.0,refresh,
,2.559517077000237,2.5595506140002726,1789785047.0870025,0,0.0,refresh,
,2.5796465600001284,2.579673856000227,1789785047.107132,0,0.0,refresh,
,2.599735079000311,2.5997651350003252,1789785047.1272204,0,0.0,refresh,
,2.6198600620000434,2.6198876920002476,1789785047.1473453,0,0.0,refresh,
,2.639982211000188,2.6400097300002017,1789785047.1674676,0,0.0,refresh,
,2.660104046000015,2.6601316569999653,1789785047.1875894,0,0.0,refresh,
,2.680236695000076,2.680294547000358,1789785047.2077222,0,0.0,refresh,
,2.7004213630002596,2.7004596410001795,1789785047.2279065,0,0.0,refresh,
,2.720547382999939,2.7205821970001125,1789785047.2480328,0,0.0,refresh,
,2.740678069000296,2.740709125000194,1789785047.2681637,0,0.0,refresh,
,2.760825348000253,2.7608584780000456,1789785047.2883108,0,0.0,refresh,
,2.780955868000092,2.7809844970001905,1789785047.3084414,0,0.0,refresh,
,2.8010855540001103,2.801135202000296,1789785047.3285708,0,0.0,refresh,
,2.821236499999941,2.8212838700001157,1789785047.348722,0,0.0,refresh,
,2.8413841300002787,2.841425927000273,1789785047.3688695,0,0.0,refresh,
,2.861533650000183,2.861581871999988,1789785047.3890193,0,0.0,refresh,
,2.8816829100001087,2.881716335999954,1789785047.4091685,0,0.0,refresh,
,2.901824003999991,2.9018525230003434,1789785047.4293094,0,0.0,refresh,
,2.9219492460001675,2.921977228000287,1789785047.4494345,0,0.0,refresh,
,2.9420718770002168,2.9420996920002835,1789785047.4695573,0,0.0,refresh,
,2.96219441500034,2.96222082300028,1789785047.4896798,0,0.0,refresh,
,2.982320157000231,2.982346379000319,1789785047.5098057,0,0.0,refresh,
,3.0024404360001427,3.0024673620000613,1789785047.5299258,0,0.0,refresh,
,3.022565233000023,3.022599899999932,1789785047.5500505,0,0.0,refresh,
,3.0426989750003486,3.0427419570000893,1789785047.5701845,0,0.0,refresh,
,3.06284179100021,3.0628702910003085,1789785047.5903273,0,0.0,refresh,
,3.082965477000016,3.082993663000252,1789785047.610451,0,0.0,refresh,
,3.103092571000161,3.103151682000316,1789785047.6305783,0,0.0,refresh,
,3.1232530720003524,3.123293960999945,1789785047.6507387,0,0.0,refresh,
,3.1433953140003723,3.1434368879999965,1789785047.6708808,0,0.0,refresh,
,3.163545482000245,3.1635792790002597,1789785047.6910307,0,0.0,refresh,
,3.1836779830000523,3.183707632000278,1789785047.7111633,0,0.0,refresh,
,3.20381579900004,3.203851448000023,1789785047.731301,0,0.0,refresh,
,3.223949151999932,3.2239775780003583,1789785047.7514346,0,0.0,refresh,
,3.2440737830002035,3.2441035420001754,1789785047.7715592,0,0.0,refresh,
,3.264206931999979,3.2642407100001947,1789785047.7916923,0,0.0,refresh,
,3.284347082000295,3.2843781370002034,1789785047.8118327,0,0.0,refresh,
,3.304473546000281,3.3045022310002423,1789785047.831959,0,0.0,refresh,
,3.3245988060002674,3.324626436000017,1789785047.8520842,0,0.0,refresh,
,3.344727993000106,3.3447551220001515,1789785047.8722134,0,0.0,refresh,
,3.364868789999946,3.3649379570001656,1789785047.8923542,0,0.0,refresh,
,3.385062828000173,3.3850995140001032,1789785047.912548,0,0.0,refresh,
,3.4051967180002976,3.4052499960002933,1789785047.9326823,0,0.0,refresh,
,3.4253545900000972,3.4254072749999978,1789785047.9528399,0,0.0,refresh,
,3.4455077760003405,3.4455418500001542,1789785047.9729934,0,0.0,refresh,
,3.465642537000349,3.4656773700003214,1789785047.9931278,0,0.0,refresh,
,3.485775501000262,3.485805889999938,1789785048.0132608,0,0.0,refresh,
,3.5059014830003434,3.50593159500022,1789785048.033387,0,0.0,refresh,
,3.5260373920000347,3.52608450300022,1789785048.0535228,0,0.0,refresh,
,3.546185171000161,3.546219134000239,1789785048.0736706,0,0.0,refresh,
,3.566324005000297,3.5663528390000465,1789785048.0938094,0,0.0,refresh,
,3.5864472289999867,3.5864765989999796,1789785048.1139326,0,0.0,refresh,
,3.6065987110000606,3.6066328410001915,1789785048.134084,0,0.0,refresh,
,3.626731953000217,3.6267635270000937,1789785048.1542175,0,0.0,refresh,
,3.646858899000108,3.6468874730003336,1789785048.1743443,0,0.0,refresh,
,3.666988548000063,3.6670243630001096,1789785048.194474,0,0.0,refresh,
,3.687122068000008,3.687154068000382,1789785048.2146075,0,0.0,refresh,
,3.7072524019999946,3.7072810510003364,1789785048.2347376,0,0.0,refresh,
,3.7273731810000754,3.7274014220001845,1789785048.2548585,0,0.0,refresh,
,3.7475019420003264,3.7475332940002772,1789785048.2749872,0,0.0,refresh,
,3.7676299240001754,3.767658961000052,1789785048.2951152,0,0.0,refresh,
,3.787755018000098,3.7877821659999427,1789785048.3152404,0,0.0,refresh,
,3.8078782040001897,3.8079053530000238,1789785048.3353636,0,0.0,refresh,
,3.828017428000294,3.8280661870003314,1789785048.3555028,0,0.0,refresh,
,3.848168002999955,3.848198873000001,1789785048.3756533,0,0.0,refresh,
,3.86830600400026,3.8683472630000324,1789785048.3957913,0,0.0,refresh,
,3.8884472459999415,3.888482357000157,1789785048.4159327,0,0.0,refresh,
,3.908579006000309,3.9086103399999956,1789785048.4360645,0,0.0,refresh,
,3.928706508000232,3.928743360000226,1789785048.456192,0,0.0,refresh,
,3.948841972000082,3.94886795299999,1789785048.4763274,0,0.0,refresh,
,3.9689645650000784,3.9689898990000074,1789785048.49645,0,0.0,refresh,
,3.989087011000265,3.9891129740003635,1789785048.5165725,0,0.0,refresh,
,4.009234938000191,4.009281623000334,1789785048.5367203,0,0.0,refresh,
,4.029403384000034,4.029445180000039,1789785048.5568888,0,0.0,refresh,
,4.049543274000371,4.049579217999963,1789785048.5770285,0,0.0,refresh,
,4.069683127000189,4.069733479000206,1789785048.5971687,0,0.0,refresh,
,4.089854961000128,4.089886147000016,1789785048.6173403,0,0.0,refresh,
,4.109987185000136,4.110044685000048,1789785048.6374729,0,0.0,refresh,
,4.1301556120001806,4.1301933530003225,1789785048.657641,0,0.0,refresh,
,4.150298576000296,4.150342038999952,1789785048.677784,0,0.0,refresh,
,4.170441707000009,4.1704739850001715,1789785048.6979272,0,0.0,refresh,
,4.19057180100026,4.190601690000221,1789785048.7180572,0,0.0,refresh,
,4.210698893999961,4.210738357000082,1789785048.7381842,0,0.0,refresh,
,4.230838784000298,4.230864859000121,1789785048.7583241,0,0.0,refresh,
,4.25096002600003,4.25100761900012,1789785048.7784452,0,0.0,refresh,
,4.271122138999999,4.271150250000119,1789785048.7986076,0,0.0,refresh,
,4.291248121000081,4.291273992000242,1789785048.8187335,0,0.0,refresh,
,4.31137086300032,4.311397622000186,1789785048.8388562,0,0.0,refresh,
,4.331496957000127,4.331523624000056,1789785048.8589823,0,0.0,refresh,
,4.3516455320000205,4.351712384000166,1789785048.879131,0,0.0,refresh,
,4.371837107000374,4.371872182000061,1789785048.8993225,0,0.0,refresh,
,4.3919814420000876,4.392033979000189,1789785048.919467,0,0.0,refresh,
,4.412153739000132,4.412184277000051,1789785048.939639,0,0.0,refresh,
,4.432286648000172,4.432315815000038,1789785048.9597719,0,0.0,refresh,
,4.452418242000022,4.452446445000078,1789785048.9799035,0,0.0,refresh,
,4.472542946999965,4.472571927999979,1789785049.0000284,0,0.0,refresh,
,4.492670855000142,4.492697429000145,1789785049.0201561,0,0.0,refresh,
,4.512804467000024,4.512835097000334,1789785049.0402899,0,0.0,refresh,
,4.53293382000038,4.532961987000363,1789785049.0604193,0,0.0,refresh,
,4.553066840000156,4.553098618000149,1789785049.080552,0,0.0,refresh,
,4.57319687800009,4.573224563000167,1789785049.1006823,0,0.0,refresh,
,4.593322824000097,4.593347879000248,1789785049.1208081,0,0.0,refresh,
,4.613460899000074,4.613531566000347,1789785049.1409464,0,0.0,refresh,
,4.633637474000352,4.633682215000135,1789785049.161123,0,0.0,refresh,
,4.6537794570003825,4.6538129010000375,1789785049.1812649,0,0.0,refresh,
,4.673917643000095,4.673956180000005,1789785049.2014031,0,0.0,refresh,
,4.694066088999989,4.694115070999942,1789785049.2215517,0,0.0,refresh,
,4.714229961000001,4.714262256999973,1789785049.2417154,0,0.0,refresh,
,4.734366999000031,4.734397369000362,1789785049.2618525,0,0.0,refresh,
,4.754493851999996,4.754522907000137,1789785049.281979,0,0.0,refresh,
,4.774619168000299,4.774646983000366,1789785049.3021045,0,0.0,refresh,
,4.794750649999969,4.79477861300029,1789785049.322236,0,0.0,refresh,
,4.81487650300005,4.814903189000233,1789785049.342362,0,0.0,refresh,
,4.835014116000366,4.835063782000361,1789785049.3624995,0,0.0,refresh,
,4.855305691000012,4.855373284000052,1789785049.3827913,0,0.0,refresh,
,4.875501118000102,4.875609618999988,1789785049.4029865,0,0.0,refresh,
,4.895727731000079,4.895792953000182,1789785049.423213,0,0.0,refresh,
,4.915901769000357,4.91593197300017,1789785049.443387,0,0.0,refresh,
,4.9360350290003225,4.936063048000051,1789785049.4635205,0,0.0,refresh,
,4.956159827000192,4.956188253000164,1789785049.4836452,0,0.0,refresh,
,4.976286087000062,4.976313310000023,1789785049.5037713,0,0.0,refresh,
,4.996410718000334,4.996440829000221,1789785049.523896,0,0.0,refresh,
,5.01653597800032,5.016564218999974,1789785049.5440211,0,0.0,refresh,
,5.036689387000024,5.036746183000105,1789785049.564175,0,0.0,refresh,
,5.056853703000343,5.056888313999934,1789785049.5843391,0,0.0,refresh,
,5.076992204000362,5.077031964000071,1789785049.6044776,0,0.0,refresh,
,5.0971615390003535,5.09724642800029,1789785049.6246471,0,0.0,refresh,
,5.117366244000095,5.1174067070001,1789785049.6448517,0,0.0,refresh,
,5.1375037820002944,5.13753854100014,1789785049.6649892,0,0.0,refresh,
,5.157645209000293,5.1576841539999805,1789785049.6851308,0,0.0,refresh,
,5.177783673000249,5.177815451000242,1789785049.705269,0,0.0,refresh,
,5.197963415000231,5.198264008000024,1789785049.7254496,0,0.0,refresh,
,5.218426658000226,5.218462454000019,1789785049.745912,0,0.0,refresh,
,5.238561381000181,5.2385935480001535,1789785049.7660468,0,0.0,refresh,
,5.2587013450001905,5.258739030000015,1789785049.7861867,0,0.0,refresh,
,5.278847457000211,5.278890383000089,1789785049.8063328,0,0.0,refresh,
,5.299018755000361,5.299048755000058,1789785049.8265042,0,0.0,refresh,
,5.31917957099995,5.319205997000154,1789785049.846665,0,0.0,refresh,
,5.339300830999946,5.339332109000225,1789785049.8667862,0,0.0,refresh,
,5.359429499000271,5.359467628999937,1789785049.886915,0,0.0,refresh,
,5.379563537000195,5.379593278000357,1789785049.907049,0,0.0,refresh,
,5.399689446000139,5.399737705000007,1789785049.9271748,0,0.0,refresh,
,5.419835855000201,5.419863114000236,1789785049.9473214,0,0.0,refresh,
,5.439956763000282,5.4399822630002745,1789785049.9674423,0,0.0,refresh,
,5.460076672000014,5.460102246000133,1789785049.987562,0,0.0,refresh,
,5.480200673000127,5.480230487999961,1789785050.0076861,0,0.0,refresh,
,5.500327359000039,5.500353895999979,1789785050.027813,0,0.0,refresh,
,5.520448397000109,5.520475544999954,1789785050.0479336,0,0.0,refresh,
,5.54057208400036,5.540605084000163,1789785050.0680575,0,0.0,refresh,
,5.560711548000199,5.560755732999951,1789785050.0881968,0,0.0,refresh,
,5.580864307999946,5.580894642000203,1789785050.1083498,0,0.0,refresh,
,5.6010020870003245,5.601035420000244,1789785050.1284873,0,0.0,refresh,
,5.621133347000068,5.621165403000305,1789785050.1486187,0,0.0,refresh,
,5.641274034000162,5.641302126000028,1789785050.1687596,0,0.0,refresh,
,5.66140640499998,5.661447924000186,1789785050.188892,0,0.0,refresh,
,5.681547907000095,5.6815763879999395,1789785050.2090333,0,0.0,refresh,
,5.701673815000049,5.701707574000011,1789785050.229159,0,0.0,refresh,
,5.72182524200025,5.72185552000019,1789785050.2493107,0,0.0,refresh,
,5.741956725000364,5.741986114000156,1789785050.269442,0,0.0,refresh,
,5.762083743999938,5.762112652000269,1789785050.2895691,0,0.0,refresh,
,5.782212060000347,5.782240079000076,1789785050.3096976,0,0.0,refresh,
,5.802338673000122,5.802387784000075,1789785050.3298242,0,0.0,refresh,
,5.822499322000112,5.82254565500034,1789785050.349985,0,0.0,refresh,
,5.842647786000271,5.842678934000105,1789785050.3701332,0,0.0,refresh,
,5.862779953999961,5.862818380000135,1789785050.3902652,0,0.0,refresh,
,5.882916937000118,5.882951695999964,1789785050.4104023,0,0.0,refresh,
,5.903046530000211,5.903079956000056,1789785050.4305317,0,0.0,refresh,
,5.923177383000166,5.923204346000148,1789785050.4506629,0,0.0,refresh,
,5.943299810000099,5.943325847000324,1789785050.4707854,0,0.0,refresh,
,5.96342831200036,5.963454515000194,1789785050.4909139,0,0.0,refresh,
,5.983550498000113,5.983576128000095,1789785050.511036,0,0.0,refresh,
6.0,6.000074548000157,6.000100585000382,1789785050.52756,1,0.05,step,0.07454800015693763
,6.020693420000043,6.020971809999992,1789785050.5481803,1,0.05,refresh,
,6.041211515000214,6.041249626000081,1789785050.5686967,1,0.05,refresh,
,6.061339812000369,6.0613706270000876,1789785050.588825,1,0.05,refresh,
,6.0814768499999445,6.081510832000276,1789785050.6089623,1,0.05,refresh,
,6.101620129000366,6.101677222000035,1789785050.6291056,1,0.05,refresh,
,6.121779556000092,6.121808964000138,1789785050.6492648,1,0.05,refresh,
,6.141905520000364,6.141938149999987,1789785050.669391,1,0.05,refresh,
,6.162037909999981,6.162071096000091,1789785050.6895232,1,0.05,refresh,
,6.182176393000191,6.182206893000057,1789785050.7096617,1,0.05,refresh,
,6.202305228000114,6.202334709000297,1789785050.7297907,1,0.05,refresh,
,6.222432858000047,6.222465433000252,1789785050.7499182,1,0.05,refresh,
,6.242562452000129,6.242591581999932,1789785050.770048,1,0.05,refresh,
,6.26268869400019,6.262725952999972,1789785050.790174,1,0.05,refresh,
,6.282823825000378,6.28285054700018,1789785050.8103092,1,0.05,refresh,
,6.302948862999983,6.3029798820002725,1789785050.8304343,1,0.05,refresh,
,6.323086289999992,6.323127660999944,1789785050.8505719,1,0.05,refresh,
,6.343228865000128,6.343258143000185,1789785050.8707144,1,0.05,refresh,
,6.363359829000274,6.363395847999982,1789785050.8908453,1,0.05,refresh,
,6.383493034000367,6.383522181999979,1789785050.9109783,1,0.05,refresh,
,6.403624906000005,6.4036831280000115,1789785050.9311104,1,0.05,refresh,
,6.423801813999944,6.423832352000318,1789785050.9512873,1,0.05,refresh,
,6.443928686000163,6.443956741999955,1789785050.971414,1,0.05,refresh,
,6.464053039000191,6.464081612999962,1789785050.9915385,1,0.05,refresh,
,6.4841781700001775,6.484204299000339,1789785051.0116637,1,0.05,refresh,
,6.504298208000364,6.50432326300006,1789785051.0317836,1,0.05,refresh,
,6.524419579000096,6.524445209000078,1789785051.051905,1,0.05,refresh,
,6.54454680300023,6.544573321000371,1789785051.0720322,1,0.05,refresh,
,6.5646718960001635,6.564704656000231,1789785051.0921571,1,0.05,refresh,
,6.584813805000067,6.584846046000166,1789785051.1122992,1,0.05,refresh,
,6.60495221400015,6.60498128800009,1789785051.1324377,1,0.05,refresh,
,6.6250784369999565,6.625108215000182,1789785051.152564,1,0.05,refresh,
,6.645205512000302,6.645232957000189,1789785051.1726909,1,0.05,refresh,
,6.6653297729999395,6.665359957999954,1789785051.192815,1,0.05,refresh,
,6.685457070000211,6.6854837180003415,1789785051.2129424,1,0.05,refresh,
,6.705579497000144,6.705605201000253,1789785051.233065,1,0.05,refresh,
,6.725700276000225,6.725734739000018,1789785051.2531855,1,0.05,refresh,
,6.745835444000022,6.745865740000227,1789785051.273321,1,0.05,refresh,
,6.765969963000316,6.765999760000341,1789785051.2934554,1,0.05,refresh,
,6.786096650000218,6.7861244650002845,1789785051.3135822,1,0.05,refresh,
,6.806221281000035,6.806248818000313,1789785051.3337069,1,0.05,refresh,
,6.8263531150000745,6.826393985000323,1789785051.3538387,1,0.05,refresh,
,6.846494116000031,6.84652209800015,1789785051.3739793,1,0.05,refresh,
,6.866619580000133,6.8666472660002,1789785051.3941052,1,0.05,refresh,
,6.886743452000246,6.8867766370003665,1789785051.4142287,1,0.05,refresh,
,6.9068756570000005,6.906909305000227,1789785051.434361,1,0.05,refresh,
,6.927007084000252,6.927037750000181,1789785051.4544923,1,0.05,refresh,
,6.947137326000302,6.947165103000316,1789785051.4746227,1,0.05,refresh,
,6.967269790000046,6.967310697000357,1789785051.4947553,1,0.05,refresh,
,6.987410661000013,6.9874416980001115,1789785051.5148962,1,0.05,refresh,
,7.007546107000053,7.00759657000026,1789785051.5350316,1,0.05,refresh,
,7.027699830000074,7.027747016000376,1789785051.555185,1,0.05,refresh,
,7.047869424000055,7.04792453500022,1789785051.5753548,1,0.05,refresh,
,7.0680278879999605,7.06806387000006,1789785051.5955133,1,0.05,refresh,
,7.088163482000255,7.08819970400009,1789785051.6156487,1,0.05,refresh,
,7.1083000020003055,7.108332446000077,1789785051.6357856,1,0.05,refresh,
,7.128430373000356,7.128457836000052,1789785051.6559157,1,0.05,refresh,
,7.148553726000046,7.148583707999933,1789785051.6760392,1,0.05,refresh,
,7.168715209000311,7.168771246000233,1789785051.6962006,1,0.05,refresh,
,7.1888868030000594,7.188918358000137,1789785051.7163723,1,0.05,refresh,
,7.209024119000333,7.209052192999934,1789785051.7365093,1,0.05,refresh,
,7.229155509000066,7.229182231000323,1789785051.7566407,1,0.05,refresh,
,7.249284973000158,7.249311547000161,1789785051.7767704,1,0.05,refresh,
,7.269409641000038,7.269438622000052,1789785051.796895,1,0.05,refresh,
,7.289539327000057,7.289576383000167,1789785051.8170247,1,0.05,refresh,
,7.309679847000098,7.309708457999932,1789785051.8371654,1,0.05,refresh,
,7.329830052000034,7.329868847999933,1789785051.8573155,1,0.05,refresh,
,7.34997131199998,7.349997200999951,1789785051.8774567,1,0.05,refresh,
,7.370092554000166,7.370119387000159,1789785051.897578,1,0.05,refresh,
,7.3902270730000055,7.390263685000264,1789785051.9177127,1,0.05,refresh,
,7.41037694500028,7.410440149000351,1789785051.9378624,1,0.05,refresh,
,7.430561539000337,7.4305940389999705,1789785051.958047,1,0.05,refresh,
,7.450697836000018,7.4507338550001805,1789785051.9781833,1,0.05,refresh,
,7.470831689000079,7.4708595780002724,1789785051.998317,1,0.05,refresh,
,7.490962839000076,7.490989376000016,1789785052.018448,1,0.05,refresh,
,7.511091562000274,7.511117488000309,1789785052.0385768,1,0.05,refresh,
,7.531213748000027,7.531239545000062,1789785052.058699,1,0.05,refresh,
,7.551334749000034,7.551360824000312,1789785052.07882,1,0.05,refresh,
,7.57146508400001,7.571508640000047,1789785052.0989504,1,0.05,refresh,
,7.591611770000327,7.591643122000278,1789785052.119097,1,0.05,refresh,
,7.611743846000081,7.6117949570002565,1789785052.1392298,1,0.05,refresh,
,7.631897458000367,7.631931402000191,1789785052.159383,1,0.05,refresh,
,7.652036218000376,7.652064533000157,1789785052.1795216,1,0.05,refresh,
,7.67216479300032,7.672194201000366,1789785052.1996503,1,0.05,refresh,
,7.69229734999999,7.692325665000226,1789785052.2197826,1,0.05,refresh,
,7.712420481000208,7.712446555000042,1789785052.2399058,1,0.05,refresh,
,7.732548464000047,7.732586260000062,1789785052.2600338,1,0.05,refresh,
,7.752686150000045,7.752716039000006,1789785052.2801716,1,0.05,refresh,
,7.772840392000035,7.772886225000093,1789785052.3003259,1,0.05,refresh,
,7.792989467000098,7.793017893000069,1789785052.3204749,1,0.05,refresh,
,7.813118523999947,7.813145746000373,1789785052.3406038,1,0.05,refresh,
,7.833253542999955,7.833291857999939,1789785052.360739,1,0.05,refresh,
,7.853390192999996,7.853418211000189,1789785052.3808756,1,0.05,refresh,
,7.873515841999961,7.873542934999932,1789785052.4010012,1,0.05,refresh,
,7.893648602000212,7.893697602999964,1789785052.4211342,1,0.05,refresh,
,7.913839085000291,7.913880604000042,1789785052.4413245,1,0.05,refresh,
,7.933987216000332,7.934018364000167,1789785052.4614725,1,0.05,refresh,
,7.954115513000033,7.954144975999952,1789785052.481601,1,0.05,refresh,
,7.9742427549999775,7.974272033000034,1789785052.5017283,1,0.05,refresh,
,7.994384996999997,7.994425349000267,1789785052.5218706,1,0.05,refresh,
,8.014528369000345,8.014557276000232,1789785052.5420136,1,0.05,refresh,
,8.034654759000205,8.034682074000102,1789785052.5621402,1,0.05,refresh,
,8.054744612000377,8.054786963999959,1789785052.58223,1,0.05,refresh,
,8.074897743000292,8.074953909000214,1789785052.6023834,1,0.05,refresh,
,8.095062410000082,8.09509433600033,1789785052.6225476,1,0.05,refresh,
,8.115198078000049,8.115224412000316,1789785052.6426835,1,0.05,refresh,
,8.135326394000003,8.135352468000292,1789785052.662812,1,0.05,refresh,
,8.155448155000158,8.155474136000066,1789785052.6829336,1,0.05,refresh,
,8.17559095200022,8.175663082000028,1789785052.7030764,1,0.05,refresh,
,8.195773787000235,8.195807972000239,1789785052.7232592,1,0.05,refresh,
,8.215913640000053,8.215963398999975,1789785052.743399,1,0.05,refresh,
,8.236071567000181,8.23610153000027,1789785052.763557,1,0.05,refresh,
,8.256198494000273,8.25622523500033,1789785052.7836838,1,0.05,refresh,
,8.276330439000049,8.276360699000179,1789785052.8038158,1,0.05,refresh,
,8.296456367000246,8.296482126000228,1789785052.8239417,1,0.05,refresh,
,8.316577497000253,8.316603534000024,1789785052.844063,1,0.05,refresh,
,8.336708813000314,8.336763795000024,1789785052.8641944,1,0.05,refresh,
,8.356865592000304,8.356893148000381,1789785052.884351,1,0.05,refresh,
,8.376990038000258,8.377016779000314,1789785052.9044755,1,0.05,refresh,
,8.397128002000045,8.397167353999976,1789785052.9246135,1,0.05,refresh,
,8.417294855000364,8.417372114000045,1789785052.9447803,1,0.05,refresh,
,8.437480153000251,8.437513449000107,1789785052.9649656,1,0.05,refresh,
,8.457615468000313,8.457645061000221,1789785052.9851007,1,0.05,refresh,
,8.477744321000046,8.477771544000007,1789785053.0052297,1,0.05,refresh,
,8.49787447100016,8.497900600000321,1789785053.0253599,1,0.05,refresh,
,8.518001564000315,8.518027157000233,1789785053.045487,1,0.05,refresh,
,8.538122436000322,8.53814791800005,1789785053.0656078,1,0.05,refresh,
,8.558249011000044,8.55828882600008,1789785053.0857344,1,0.05,refresh,
,8.578402161000213,8.578455587000008,1789785053.1058874,1,0.05,refresh,
,8.598565940000299,8.59859716200026,1789785053.1260514,1,0.05,refresh,
,8.618700347999948,8.618735515000026,1789785053.1461856,1,0.05,refresh,
,8.638833126999998,8.638859849000255,1789785053.1663187,1,0.05,refresh,
,8.658983054000146,8.659028184000363,1789785053.1864686,1,0.05,refresh,
,8.679137092000019,8.679170907000298,1789785053.2066224,1,0.05,refresh,
,8.699269148999974,8.699302594000073,1789785053.2267547,1,0.05,refresh,
,8.719408761000068,8.719440261000273,1789785053.2468941,1,0.05,refresh,
,8.73954526300031,8.739577373999964,1789785053.2670307,1,0.05,refresh,
,8.759681097000339,8.759712522999962,1789785053.2871664,1,0.05,refresh,
,8.779820006000136,8.779851376000352,1789785053.3073056,1,0.05,refresh,
,8.799947785000313,8.799979692000306,1789785053.327433,1,0.05,refresh,
,8.820086712000375,8.8201269340002,1789785053.3475718,1,0.05,refresh,
,8.840221879000183,8.840257583000039,1789785053.3677075,1,0.05,refresh,
,8.860362898999938,8.860394843999984,1789785053.3878481,1,0.05,refresh,
,8.880501289000222,8.880534586000067,1789785053.4079866,1,0.05,refresh,
,8.900635198000145,8.900668531000065,1789785053.4281206,1,0.05,refresh,
,8.92074108800034,8.920780754000134,1789785053.4482265,1,0.05,refresh,
,8.940882589000012,8.940917681999963,1789785053.4683678,1,0.05,refresh,
,8.961017405000348,8.961050201000035,1789785053.4885027,1,0.05,refresh,
,8.981162313000368,8.981201073000193,1789785053.5086477,1,0.05,refresh,
,9.001300721999996,9.001333463000265,1789785053.5287862,1,0.05,refresh,
,9.021445242000027,9.021483612000338,1789785053.548931,1,0.05,refresh,
,9.041585724000015,9.041618910000125,1789785053.569071,1,0.05,refresh,
,9.061727559000246,9.061787022000317,1789785053.589213,1,0.05,refresh,
,9.08189854200009,9.081942060000074,1789785053.6093838,1,0.05,refresh,
,9.102052117000312,9.102097506000064,1789785053.6295376,1,0.05,refresh,
,9.122205118000238,9.122246433000328,1789785053.6496906,1,0.05,refresh,
,9.142353934000312,9.142386692999935,1789785053.6698394,1,0.05,refresh,
,9.16250108300028,9.162542343000041,1789785053.6899865,1,0.05,refresh,
,9.182658899000216,9.182707103000212,1789785053.7101443,1,0.05,refresh,
,9.202812975000143,9.202846788999977,1789785053.7302983,1,0.05,refresh,
,9.222958994000237,9.222996735000379,1789785053.7504447,1,0.05,refresh,
,9.243096958000024,9.243128588000218,1789785053.7705822,1,0.05,refresh,
,9.263235348000308,9.263266940999983,1789785053.7907207,1,0.05,refresh,
,9.283365424000294,9.283397998000055,1789785053.8108509,1,0.05,refresh,
,9.303508962000251,9.303547147000245,1789785053.8309944,1,0.05,refresh,
,9.323652204000155,9.323692630000096,1789785053.8511379,1,0.05,refresh,
,9.343803390000176,9.343834835000052,1789785053.8712888,1,0.05,refresh,
,9.363936964999994,9.363967538999987,1789785053.8914225,1,0.05,refresh,
,9.384074354999939,9.384106429999974,1789785053.9115596,1,0.05,refresh,
,9.40422154199996,9.404289096999946,1789785053.931707,1,0.05,refresh,
,9.424399024000195,9.42445267300036,1789785053.9518845,1,0.05,refresh,
,9.444552637000015,9.44459054400022,1789785053.972038,1,0.05,refresh,
,9.46470091600031,9.464739360000294,1789785053.9921863,1,0.05,refresh,
,9.48483917600015,9.48487223200027,1789785054.0123246,1,0.05,refresh,
,9.504976677000286,9.505017732999931,1789785054.0324621,1,0.05,refresh,
,9.525124938000317,9.525162827000258,1789785054.0526104,1,0.05,refresh,
,9.545263642999998,9.54529632799995,1789785054.0727491,1,0.05,refresh,
,9.565402181000081,9.565434903000096,1789785054.0928876,1,0.05,refresh,
,9.585542182000154,9.58557508900003,1789785054.1130276,1,0.05,refresh,
,9.605697645999953,9.605769720000353,1789785054.133183,1,0.05,refresh,
,9.625880944000073,9.625912184000299,1789785054.1533663,1,0.05,refresh,
,9.646010555999965,9.64603914899999,1789785054.173496,1,0.05,refresh,
,9.666136371999983,9.666168797999944,1789785054.1936219,1,0.05,refresh,
,9.686284095000246,9.686334799000178,1789785054.2137694,1,0.05,refresh,
,9.70643533700013,9.706467226000314,1789785054.2339208,1,0.05,refresh,
,9.726564838000286,9.726592005000384,1789785054.2540503,1,0.05,refresh,
,9.746690451000177,9.746750821000205,1789785054.2741756,1,0.05,refresh,
,9.766866322000169,9.766894933000003,1789785054.2943516,1,0.05,refresh,
,9.786988583000038,9.787016638000296,1789785054.3144739,1,0.05,refresh,
,9.807113565000236,9.807141010000123,1789785054.334599,1,0.05,refresh,
,9.827248381000118,9.827289900000324,1789785054.3547337,1,0.05,refresh,
,9.847398605000308,9.847427345000142,1789785054.3748841,1,0.05,refresh,
,9.867523661000178,9.867550771999959,1789785054.395009,1,0.05,refresh,
,9.88764525500028,9.887670922000325,1789785054.4151306,1,0.05,refresh,
,9.907748404000358,9.907788275000257,1789785054.4352338,1,0.05,refresh,
,9.927893776000019,9.927932794000299,1789785054.4553792,1,0.05,refresh,
,9.948036351000155,9.948077259000002,1789785054.4755218,1,0.05,refresh,
,9.968179889000112,9.968212666999989,1789785054.4956653,1,0.05,refresh,
,9.988311798000268,9.988341631000367,1789785054.5157971,1,0.05,refresh,
,10.00846672500029,10.008549836000384,1789785054.5359526,1,0.05,refresh,
,10.028674188999958,10.028748188999998,1789785054.5561597,1,0.05,refresh,
,10.048866450000332,10.048916005000137,1789785054.576352,1,0.05,refresh,
,10.069020303000343,10.069053414000336,1789785054.5965056,1,0.05,refresh,
,10.089177471000312,10.08922850800036,1789785054.6166627,1,0.05,refresh,
,10.109332101000291,10.10937500900036,1789785054.6368177,1,0.05,refresh,
,10.129482917000132,10.129516714000147,1789785054.6569684,1,0.05,refresh,
,10.149626585000078,10.149672419000126,1789785054.677112,1,0.05,refresh,
,10.169822715999999,10.169909439000094,1789785054.697308,1,0.05,refresh,
,10.190034588000344,10.190080161999958,1789785054.7175198,1,0.05,refresh,
,10.210179867000079,10.210217199999988,1789785054.7376652,1,0.05,refresh,
,10.230322368000088,10.230353961000219,1789785054.757808,1,0.05,refresh,
,10.250457758000266,10.250487795000026,1789785054.7779431,1,0.05,refresh,
,10.270587814999999,10.270627574000173,1789785054.7980733,1,0.05,refresh,
,10.290728260000378,10.29075937100015,1789785054.8182137,1,0.05,refresh,
,10.310855817000174,10.310883632000241,1789785054.8383412,1,0.05,refresh,
,10.33098083699997,10.33100920700008,1789785054.8584664,1,0.05,refresh,
,10.351108819000274,10.351134968000224,1789785054.8785944,1,0.05,refresh,
,10.371241098000155,10.37128372799998,1789785054.8987265,1,0.05,refresh,
,10.391397840000081,10.39144619200033,1789785054.9188833,1,0.05,refresh,
,10.411547712000356,10.41157815600036,1789785054.939033,1,0.05,refresh,
,10.43167680500028,10.431734120000328,1789785054.959162,1,0.05,refresh,
,10.451847807000377,10.451874196000063,1789785054.9793332,1,0.05,refresh,
,10.471967993000362,10.471997197000292,1789785054.9994535,1,0.05,refresh,
,10.492094623999947,10.492121290000341,1789785055.01958,1,0.05,refresh,
,10.512225717000092,10.512252217999958,1789785055.0397112,1,0.05,refresh,
,10.532354978000058,10.532381052000346,1789785055.0598402,1,0.05,refresh,
,10.55248684900016,10.552529961000346,1789785055.0799723,1,0.05,refresh,
,10.572644054000193,10.572688128000209,1789785055.1001296,1,0.05,refresh,
,10.592800444000204,10.592833759000314,1789785055.120286,1,0.05,refresh,
,10.612937427000361,10.612984390000292,1789785055.1404228,1,0.05,refresh,
,10.633091854000213,10.633125854000355,1789785055.1605773,1,0.05,refresh,
,10.653228892000243,10.653255985000214,1789785055.1807141,1,0.05,refresh,
,10.673351949000335,10.67338006,1789785055.2008374,1,0.05,refresh,
,10.693489617000068,10.693528043000242,1789785055.2209752,1,0.05,refresh,
,10.713629414000025,10.713659988000018,1789785055.2411149,1,0.05,refresh,
,10.733739101000083,10.733776804000172,1789785055.2612247,1,0.05,refresh,
,10.753878175999944,10.753914935000012,1789785055.2813637,1,0.05,refresh,
,10.774015047000375,10.774043362000157,1789785055.3015003,1,0.05,refresh,
,10.794140289000097,10.794166270999995,1789785055.3216257,1,0.05,refresh,
,10.814264550000189,10.814288365000266,1789785055.34175,1,0.05,refresh,
,10.834395940000377,10.834434625000085,1789785055.3618813,1,0.05,refresh,
,10.85453423700028,10.854561756000294,1789785055.3820195,1,0.05,refresh,
,10.874659849000182,10.87468675700029,1789785055.4021454,1,0.05,refresh,
,10.894783109999935,10.894808239000213,1789785055.4222684,1,0.05,refresh,
,10.914914425999996,10.91495007399999,1789785055.4424,1,0.05,refresh,
,10.93505403800009,10.935083557000326,1789785055.4625394,1,0.05,refresh,
,10.955187447000299,10.95522653900025,1789785055.482673,1,0.05,refresh,
,10.975330707000012,10.97536492900008,1789785055.502816,1,0.05,refresh,
,10.99546704100021,10.995501930000046,1789785055.5229526,1,0.05,refresh,
,11.015600987000198,11.015630172000328,1789785055.5430863,1,0.05,refresh,
,11.035727951000354,11.03575528500005,1789785055.5632133,1,0.05,refresh,
,11.055861434000235,11.055910804000177,1789785055.5833468,1,0.05,refresh,
,11.076032750000195,11.076097861000108,1789785055.6035182,1,0.05,refresh,
,11.096200732999932,11.096232084000349,1789785055.623686,1,0.05,refresh,
,11.116336660000343,11.116377900000316,1789785055.6438222,1,0.05,refresh,
,11.136486865000279,11.136517216000357,1789785055.6639724,1,0.05,refresh,
,11.156615069000054,11.156641718000174,1789785055.6841004,1,0.05,refresh,
,11.176738719000241,11.176765071000318,1789785055.704224,1,0.05,refresh,
,11.19692603500016,11.197007813000255,1789785055.7244117,1,0.05,refresh,
,11.217134369000178,11.217172166000182,1789785055.7446198,1,0.05,refresh,
,11.237269389000176,11.237300685000264,1789785055.7647548,1,0.05,refresh,
,11.257398483000088,11.257426574999954,1789785055.784884,1,0.05,refresh,
,11.277524632000222,11.277556261999962,1789785055.8050098,1,0.05,refresh,
,11.297662169999967,11.297689893000097,1789785055.8251476,1,0.05,refresh,
,11.317803690000346,11.317841097000382,1789785055.8452892,1,0.05,refresh,
,11.337950210000145,11.337992654000118,1789785055.8654356,1,0.05,refresh,
,11.358093896000355,11.358121321999988,1789785055.8855793,1,0.05,refresh,
,11.378225323000152,11.378252268000324,1789785055.9057107,1,0.05,refresh,
,11.398363102000076,11.398409084000377,1789785055.9258485,1,0.05,refresh,
,11.418519751000076,11.418550900000355,1789785055.9460053,1,0.05,refresh,
,11.438670290000118,11.438755270999991,1789785055.966156,1,0.05,refresh,
,11.45891523499995,11.458947995000017,1789785055.9864008,1,0.05,refresh,
,11.479028884999934,11.479056791999938,1789785056.006514,1,0.05,refresh,
,11.499150552000174,11.499175756000113,1789785056.0266361,1,0.05,refresh,
,11.519269812999937,11.519294943000205,1789785056.046755,1,0.05,refresh,
,11.539387166000324,11.53941283300037,1789785056.0668726,1,0.05,refresh,
,11.559507185000257,11.559540889000345,1789785056.0869927,1,0.05,refresh,
,11.57964403799997,11.579679131000375,1789785056.1071293,1,0.05,refresh,
,11.599783928000306,11.599811799000236,1789785056.1272693,1,0.05,refresh,
,11.61990704100026,11.619936578000306,1789785056.1473925,1,0.05,refresh,
,11.640032505000363,11.64005863500006,1789785056.167518,1,0.05,refresh,
,11.660151987000063,11.660178025000278,1789785056.1876376,1,0.05,refresh,
,11.680274877000102,11.680301506999967,1789785056.20776,1,0.05,refresh,
,11.700395508000383,11.700422118999995,1789785056.227881,1,0.05,refresh,
,11.720516824000242,11.720541639000203,1789785056.2480023,1,0.05,refresh,
,11.740635917999953,11.740667066000242,1789785056.2681212,1,0.05,refresh,
,11.760768382000151,11.760795197000334,1789785056.2882538,1,0.05,refresh,
,11.78089151300037,11.780922402000215,1789785056.3083768,1,0.05,refresh,
,11.801018661999933,11.80104475500002,1789785056.328504,1,0.05,refresh,
,11.821138867000172,11.821164071000112,1789785056.3486242,1,0.05,refresh,
,11.841262738000296,11.841295294000247,1789785056.368748,1,0.05,refresh,
,11.861392795000029,11.861425425000107,1789785056.3888783,1,0.05,refresh,
,11.881526593000217,11.881552370000009,1789785056.409012,1,0.05,refresh,
,11.901647853000213,11.901674408999952,1789785056.4291334,1,0.05,refresh,
,11.921773613000369,11.921807428000193,1789785056.449259,1,0.05,refresh,
,11.941912539999976,11.941941929000222,1789785056.469398,1,0.05,refresh,
,11.962039042000015,11.962065671000346,1789785056.4895244,1,0.05,refresh,
,11.982201061000069,11.982245060999958,1789785056.5096865,1,0.05,refresh,
12.0,12.000072336000358,12.000099262000276,1789785056.5275576,2,0.1,step,0.07233600035760901
,12.02034330000015,12.02069265299997,1789785056.5478303,2,0.1,refresh,
,12.041032636000182,12.041090414000337,1789785056.5685182,2,0.1,refresh,
,12.061410082000293,12.061519952000253,1789785056.5888958,2,0.1,refresh,
,12.08169752799995,12.081835824000336,1789785056.6091833,2,0.1,refresh,
,12.101989065999987,12.102099641000223,1789785056.6294746,2,0.1,refresh,
,12.122258697000234,12.122383716000058,1789785056.6497443,2,0.1,refresh,
,12.14257171700001,12.142710403000365,1789785056.6700573,2,0.1,refresh,
,12.165888669000196,12.166277614000137,1789785056.6933742,2,0.1,refresh,
,12.186594022999998,12.186695337999936,1789785056.7140794,2,0.1,refresh,
,12.206827024000177,12.206885228000374,1789785056.7343125,2,0.1,refresh,
,12.226994896000178,12.227031878000162,1789785056.7544804,2,0.1,refresh,
,12.247139638000135,12.247168860000329,1789785056.774625,2,0.1,refresh,
,12.2672666200001,12.267293897999934,1789785056.794752,2,0.1,refresh,
,12.287392399000055,12.28742497400026,1789785056.8148777,2,0.1,refresh,
,12.307522586000232,12.307549419000225,1789785056.835008,2,0.1,refresh,
,12.327644215999953,12.327669586999946,1789785056.8551297,2,0.1,refresh,
,12.347738366000158,12.347780384000089,1789785056.8752239,2,0.1,refresh,
,12.367887292999967,12.367918830000235,1789785056.8953729,2,0.1,refresh,
,12.38801796100006,12.388045479000084,1789785056.9155033,2,0.1,refresh,
,12.408145850999972,12.408180942999934,1789785056.9356313,2,0.1,refresh,
,12.42828085200017,12.428310499999952,1789785056.9557662,2,0.1,refresh,
,12.448416131000158,12.44846707500028,1789785056.9759014,2,0.1,refresh,
,12.46858450200034,12.468611927999973,1789785056.99607,2,0.1,refresh,
,12.488706966000336,12.4887506150003,1789785057.0161922,2,0.1,refresh,
,12.508859245000167,12.508886134000022,1789785057.0363445,2,0.1,refresh,
,12.528989265000291,12.529016839000178,1789785057.0564747,2,0.1,refresh,
,12.549119451000024,12.54914522900026,1789785057.0766048,2,0.1,refresh,
,12.569253008000032,12.569313341999987,1789785057.0967383,2,0.1,refresh,
,12.58942438000031,12.589462454000113,1789785057.1169097,2,0.1,refresh,
,12.60959930700028,12.609680826000385,1789785057.137085,2,0.1,refresh,
,12.629805327000213,12.629841549000048,1789785057.1572907,2,0.1,refresh,
,12.649956680000287,12.649986457000068,1789785057.177442,2,0.1,refresh,
,12.670089235999967,12.670124459000363,1789785057.1975746,2,0.1,refresh,
,12.690227460000187,12.690279589000056,1789785057.2177129,2,0.1,refresh,
,12.710381646000315,12.710416924000128,1789785057.237867,2,0.1,refresh,
,12.73051611000028,12.730543221000062,1789785057.2580013,2,0.1,refresh,
,12.750645908000024,12.750672926000334,1789785057.2781312,2,0.1,refresh,
,12.77076850100002,12.770797890000267,1789785057.2982538,2,0.1,refresh,
,12.790895872999954,12.79092515100001,1789785057.3183813,2,0.1,refresh,
,12.811030059000132,12.81106911500001,1789785057.3385155,2,0.1,refresh,
,12.831179097000131,12.831221968000136,1789785057.3586645,2,0.1,refresh,
,12.851328617000036,12.851358468999933,1789785057.378814,2,0.1,refresh,
,12.871455526000318,12.871484989000237,1789785057.398941,2,0.1,refresh,
,12.891585897000368,12.891612175000319,1789785057.4190712,2,0.1,refresh,
,12.91173365800023,12.911785436000173,1789785057.4392192,2,0.1,refresh,
,12.93190764000019,12.931950102999963,1789785057.459393,2,0.1,refresh,
,12.952052697,12.952080901000045,1789785057.4795382,2,0.1,refresh,
,12.972184698000092,12.972226587000023,1789785057.4996703,2,0.1,refresh,
,12.99233823600025,12.99238331100014,1789785057.5198236,2,0.1,refresh,
,13.01249490400005,13.012532756000383,1789785057.5399806,2,0.1,refresh,
,13.032632109000133,13.03266583200002,1789785057.5601175,2,0.1,refresh,
,13.05276751800011,13.052795091999997,1789785057.580253,2,0.1,refresh,
,13.072892018999937,13.072920204000184,1789785057.6003773,2,0.1,refresh,
,13.093021927000336,13.093075446000057,1789785057.6205075,2,0.1,refresh,
,13.113185077000253,13.113220355000067,1789785057.6406705,2,0.1,refresh,
,13.13332704100003,13.133378060000268,1789785057.6608126,2,0.1,refresh,
,13.153481690000262,13.153517505000309,1789785057.680967,2,0.1,refresh,
,13.173614821000228,13.173643951000031,1789785057.7011003,2,0.1,refresh,
,13.193745156000205,13.193784006999977,1789785057.7212305,2,0.1,refresh,
,13.213923009000155,13.214010768000207,1789785057.7414088,2,0.1,refresh,
,13.234155899000143,13.234216695000214,1789785057.7616415,2,0.1,refresh,
,13.254320548000123,13.25436462200014,1789785057.781806,2,0.1,refresh,
,13.274466179000228,13.274508215999958,1789785057.8019514,2,0.1,refresh,
,13.294607921000079,13.294640402000368,1789785057.8220932,2,0.1,refresh,
,13.314741255000172,13.31476831100008,1789785057.8422267,2,0.1,refresh,
,13.334875775,13.334923460000027,1789785057.8623614,2,0.1,refresh,
,13.355025795000074,13.355056221000268,1789785057.8825111,2,0.1,refresh,
,13.375150666000081,13.37517866600001,1789785057.902636,2,0.1,refresh,
,13.39528822300008,13.395336390000011,1789785057.9227738,2,0.1,refresh,
,13.415442039000027,13.41547007600002,1789785057.9429274,2,0.1,refresh,
,13.435570725000161,13.435596596000323,1789785057.963056,2,0.1,refresh,
,13.45570948600016,13.45577030100003,1789785057.9831948,2,0.1,refresh,
,13.475873839000087,13.475913209000282,1789785058.0033593,2,0.1,refresh,
,13.496018710000044,13.496054414000355,1789785058.023504,2,0.1,refresh,
,13.516160341000159,13.516187877999982,1789785058.0436456,2,0.1,refresh,
,13.536291213000368,13.536317250000138,1789785058.0637765,2,0.1,refresh,
,13.556423214000006,13.556465992000085,1789785058.0839086,2,0.1,refresh,
,13.576579363000292,13.57662736300017,1789785058.1040647,2,0.1,refresh,
,13.596741957000177,13.59677493900017,1789785058.1242273,2,0.1,refresh,
,13.616880217000016,13.616910217000168,1789785058.1443655,2,0.1,refresh,
,13.637007163000362,13.637036237000302,1789785058.1644926,2,0.1,refresh,
,13.657143016000191,13.657182720000037,1789785058.1846285,2,0.1,refresh,
,13.677283073000126,13.677310906000002,1789785058.2047684,2,0.1,refresh,
,13.697414778000166,13.697452295999938,1789785058.2249,2,0.1,refresh,
,13.717558370999996,13.71758707500021,1789785058.2450438,2,0.1,refresh,
,13.73769263200029,13.737750261000201,1789785058.2651782,2,0.1,refresh,
,13.757861318000323,13.757892929000263,1789785058.2853467,2,0.1,refresh,
,13.777993671000331,13.778028430000177,1789785058.305479,2,0.1,refresh,
,13.79813620899995,13.798166043000037,1789785058.3256216,2,0.1,refresh,
,13.818285822000234,13.81835560000036,1789785058.3457716,2,0.1,refresh,
,13.83847469300008,13.83852337899998,1789785058.3659601,2,0.1,refresh,
,13.85862493500008,13.858656324000094,1789785058.3861105,2,0.1,refresh,
,13.878755122000257,13.878786214000229,1789785058.4062405,2,0.1,refresh,
,13.898932660000355,13.898969530000159,1789785058.426418,2,0.1,refresh,
,13.919022272000348,13.919049531000383,1789785058.4465077,2,0.1,refresh,
,13.93914642100026,13.93917853200037,1789785058.466632,2,0.1,refresh,
,13.959282663000067,13.959310422000272,1789785058.4867682,2,0.1,refresh,
,13.979403183000159,13.979428553000162,1789785058.5068884,2,0.1,refresh,
,13.999532184000145,13.999574666000171,1789785058.5270178,2,0.1,refresh,
,14.019672444000207,14.019704203999936,1789785058.5471578,2,0.1,refresh,
,14.039807797000321,14.039836223000293,1789785058.5672932,2,0.1,refresh,
,14.059931206000329,14.059956391000014,1789785058.5874166,2,0.1,refresh,
,14.080061522000051,14.080123189000005,1789785058.607547,2,0.1,refresh,
,14.100224208000327,14.100254634000066,1789785058.6277096,2,0.1,refresh,
,14.12034733900009,14.120374709000316,1789785058.6478329,2,0.1,refresh,
,14.14047008100033,14.140499913999975,1789785058.6679554,2,0.1,refresh,
,14.160595989000285,14.160622452000098,1789785058.6880815,2,0.1,refresh,
,14.180730194000262,14.180756602000201,1789785058.7082155,2,0.1,refresh,
,14.200852029000089,14.200878398999976,1789785058.7283375,2,0.1,refresh,
,14.220973437000339,14.221016752000196,1789785058.7484589,2,0.1,refresh,
,14.241112735000115,14.241140735000045,1789785058.768598,2,0.1,refresh,
,14.261244421000356,14.261274329000116,1789785058.78873,2,0.1,refresh,
,14.281381293000322,14.28142303300001,1789785058.8088667,2,0.1,refresh,
,14.301523757000268,14.301551294000092,1789785058.829009,2,0.1,refresh,
,14.321646164999947,14.321672499000215,1789785058.8491316,2,0.1,refresh,
,14.341770944000018,14.341795555000317,1789785058.8692565,2,0.1,refresh,
,14.361890279000363,14.361916353000197,1789785058.8893757,2,0.1,refresh,
,14.382013798000116,14.382037595000384,1789785058.9094992,2,0.1,refresh,
,14.402136281000367,14.40217059600036,1789785058.9296217,2,0.1,refresh,
,14.422268467000322,14.422305615000369,1789785058.9497538,2,0.1,refresh,
,14.442401746000087,14.442431691000365,1789785058.9698873,2,0.1,refresh,
,14.462529914000243,14.462567006999961,1789785058.9900153,2,0.1,refresh,
,14.482673786000305,14.482730341000206,1789785059.0101593,2,0.1,refresh,
,14.502840972000286,14.50286943500032,1789785059.0303264,2,0.1,refresh,
,14.522973769000146,14.523001677000138,1789785059.0504591,2,0.1,refresh,
,14.543097715000386,14.543123510999976,1789785059.070583,2,0.1,refresh,
,14.563228549000087,14.563261438000154,1789785059.0907137,2,0.1,refresh,
,14.583361699000307,14.583397847000015,1789785059.110847,2,0.1,refresh,
,14.603526904000319,14.603604978000021,1789785059.1310124,2,0.1,refresh,
,14.623712164000153,14.623752016000253,1789785059.1511974,2,0.1,refresh,
,14.64384759099994,14.643876091000038,1789785059.171333,2,0.1,refresh,
,14.66397990700034,14.664006555000014,1789785059.1914651,2,0.1,refresh,
,14.684120649000306,14.68417313100008,1789785059.2116063,2,0.1,refresh,
,14.704282021000381,14.704323965000185,1789785059.2317677,2,0.1,refresh,
,14.724433281000074,14.724466781000046,1789785059.2519186,2,0.1,refresh,
,14.744570005000242,14.74459946800016,1789785059.2720554,2,0.1,refresh,
,14.764695654000207,14.764730969000084,1789785059.292181,2,0.1,refresh,
,14.78483091399994,14.784856413999933,1789785059.3123164,2,0.1,refresh,
,14.804953118999947,14.804980915000215,1789785059.3324385,2,0.1,refresh,
,14.825077657000293,14.825104676000137,1789785059.352563,2,0.1,refresh,
,14.845201214000099,14.845227899000292,1789785059.3726866,2,0.1,refresh,
,14.865326863000064,14.865371641000365,1789785059.3928123,2,0.1,refresh,
,14.885472550000031,14.885512457000004,1789785059.412958,2,0.1,refresh,
,14.905613162000009,14.905647810000119,1789785059.4330986,2,0.1,refresh,
,14.925747182000123,14.925777125999957,1789785059.4532325,2,0.1,refresh,
,14.94588842300027,14.945961831000204,1789785059.4733741,2,0.1,refresh,
,14.966094758000054,14.966140721000102,1789785059.49358,2,0.1,refresh,
,14.98623998100038,14.98627535200012,1789785059.5137255,2,0.1,refresh,
,15.006382057000337,15.006430964000174,1789785059.5338676,2,0.1,refresh,
,15.02655659500033,15.02666304000013,1789785059.554042,2,0.1,refresh,
,15.046775578000052,15.046849578000092,1789785059.574261,2,0.1,refresh,
,15.066958875000182,15.066992301000028,1789785059.5944443,2,0.1,refresh,
,15.08708965400001,15.08712163600012,1789785059.6145751,2,0.1,refresh,
,15.107226470000114,15.107287952000206,1789785059.634712,2,0.1,refresh,
,15.127401916000053,15.12744439700009,1789785059.6548874,2,0.1,refresh,
,15.147552158000053,15.147584546999951,1789785059.6750374,2,0.1,refresh,
,15.16768262200003,15.167730399999982,1789785059.695168,2,0.1,refresh,
,15.187836549000167,15.187866271000075,1789785059.7153218,2,0.1,refresh,
,15.207971402000112,15.208011347000138,1789785059.7354567,2,0.1,refresh,
,15.22811442200009,15.228170459000012,1789785059.7556,2,0.1,refresh,
,15.24827531200026,15.248309886000243,1789785059.7757607,2,0.1,refresh,
,15.268410980000226,15.268449960999988,1789785059.7958963,2,0.1,refresh,
,15.288551998999992,15.288587722000102,1789785059.8160374,2,0.1,refresh,
,15.308687297000233,15.308727389000069,1789785059.8361728,2,0.1,refresh,
,15.328823316000125,15.328848705000382,1789785059.8563087,2,0.1,refresh,
,15.348952688000281,15.348994799000138,1789785059.8764384,2,0.1,refresh,
,15.369107282000186,15.369148189000043,1789785059.8965926,2,0.1,refresh,
,15.389247746000365,15.38927826400004,1789785059.9167333,2,0.1,refresh,
,15.409387117000279,15.409422506000283,1789785059.9368725,2,0.1,refresh,
,15.429521378000118,15.429550785000174,1789785059.957007,2,0.1,refresh,
,15.449650768000083,15.449679101000129,1789785059.9771361,2,0.1,refresh,
,15.469757973000014,15.469829769000171,1789785059.9972436,2,0.1,refresh,
,15.489949548000368,15.490016400000059,1789785060.017435,2,0.1,refresh,
,15.510126586000297,15.510171883000112,1789785060.037612,2,0.1,refresh,
,15.530272458000127,15.530303513000035,1789785060.0577579,2,0.1,refresh,
,15.550407996000104,15.550437070000044,1789785060.0778933,2,0.1,refresh,
,15.57054073800009,15.57057975600037,1789785060.0980263,2,0.1,refresh,
,15.590688238999974,15.590727813000285,1789785060.1181736,2,0.1,refresh,
,15.61087892500018,15.611002778000056,1789785060.1383646,2,0.1,refresh,
,15.631133112000043,15.631180038000366,1789785060.1586187,2,0.1,refresh,
,15.651289076000012,15.651319223999963,1789785060.1787746,2,0.1,refresh,
,15.671417281000231,15.671444855000118,1789785060.1989028,2,0.1,refresh,
,15.691553690000092,15.691597912000361,1789785060.2190392,2,0.1,refresh,
,15.711707561000367,15.711747432000266,1789785060.2391932,2,0.1,refresh,
,15.731847988000027,15.731875136000326,1789785060.2593334,2,0.1,refresh,
,15.751970193000034,15.751996729999973,1789785060.2794554,2,0.1,refresh,
,15.772094268000274,15.772122435000256,1789785060.2995796,2,0.1,refresh,
,15.792219455000122,15.79224554700022,1789785060.3197048,2,0.1,refresh,
,15.812345085000288,15.812369345000207,1789785060.3398306,2,0.1,refresh,
,15.83246643800021,15.832491309000034,1789785060.359952,2,0.1,refresh,
,15.85258869900008,15.852611921000062,1789785060.380074,2,0.1,refresh,
,15.872707163000086,15.872748330000377,1789785060.4001925,2,0.1,refresh,
,15.892857775000266,15.892900035000366,1789785060.4203434,2,0.1,refresh,
,15.913004536000244,15.913031128000057,1789785060.44049,2,0.1,refresh,
,15.933129333000124,15.933154481000201,1789785060.4606147,2,0.1,refresh,
,15.953248779000205,15.953274742000303,1789785060.480734,2,0.1,refresh,
,15.973368854,15.973394224000003,1789785060.5008543,2,0.1,refresh,
,15.99348905900024,15.993514707000031,1789785060.5209744,2,0.1,refresh,
,16.01361163399997,16.0136357450001,1789785060.541097,2,0.1,refresh,
,16.03375185699997,16.03382887600037,1789785060.5612376,2,0.1,refresh,
,16.053952024999944,16.054005951000363,1789785060.5814373,2,0.1,refresh,
,16.074116897000295,16.074149063000277,1789785060.6016023,2,0.1,refresh,
,16.094257991000177,16.09429986100031,1789785060.6217437,2,0.1,refresh,
,16.114403435999975,16.11445828800015,1789785060.641889,2,0.1,refresh,
,16.134564899999987,16.134596289,1789785060.6620502,2,0.1,refresh,
,16.154703513000186,16.154752272000223,1789785060.682189,2,0.1,refresh,
,16.174853735999932,16.17488177300038,1789785060.7023392,2,0.1,refresh,
,16.194978663000256,16.195005885000228,1789785060.722464,2,0.1,refresh,
,16.215132405000077,16.21522218300015,1789785060.742618,2,0.1,refresh,
,16.235402887999953,16.235483165999995,1789785060.7628884,2,0.1,refresh,
,16.255597721999948,16.25563426000008,1789785060.783083,2,0.1,refresh,
,16.27573179800038,16.275759390000076,1789785060.8032172,2,0.1,refresh,
,16.295876151000357,16.295918947000246,1789785060.8233616,2,0.1,refresh,
,16.316025448000346,16.316063337000287,1789785060.843511,2,0.1,refresh,
,16.336162690000037,16.33619313500003,1789785060.863648,2,0.1,refresh,
,16.35629006199997,16.356317395000133,1789785060.8837755,2,0.1,refresh,
,16.376415137000095,16.37644095199994,1789785060.9039004,2,0.1,refresh,
,16.396549360000336,16.396589119000055,1789785060.9240348,2,0.1,refresh,
,16.416692695000165,16.416729898000085,1789785060.944178,2,0.1,refresh,
,16.436827214000004,16.436855066000135,1789785060.9643126,2,0.1,refresh,
,16.456953252999938,16.456979086000047,1789785060.9844384,2,0.1,refresh,
,16.477092124000137,16.4771460500001,1789785061.0045776,2,0.1,refresh,
,16.4972759770003,16.49731827400001,1789785061.0247614,2,0.1,refresh,
,16.51742344100012,16.517458849000377,1789785061.0449088,2,0.1,refresh,
,16.537558202000127,16.5375879420003,1789785061.0650437,2,0.1,refresh,
,16.557696129000306,16.557747999000185,1789785061.0851815,2,0.1,refresh,
,16.57785353700001,16.577894518999983,1789785061.1053388,2,0.1,refresh,
,16.59801429800018,16.598076261000188,1789785061.1254997,2,0.1,refresh,
,16.618201132000195,16.618234355000368,1789785061.1456866,2,0.1,refresh,
,16.638329245000023,16.638357799999994,1789785061.1658146,2,0.1,refresh,
,16.658455598000273,16.65848235700014,1789785061.185941,2,0.1,refresh,
,16.678579321000143,16.678605506000167,1789785061.2060647,2,0.1,refresh,
,16.69870984099998,16.698761285000273,1789785061.2261956,2,0.1,refresh,
,16.718881749000047,16.718949472000077,1789785061.2463672,2,0.1,refresh,
,16.73905667600002,16.739086769000096,1789785061.2665422,2,0.1,refresh,
,16.759181400000216,16.75920878900024,1789785061.2866669,2,0.1,refresh,
,16.77930332699998,16.77933316000008,1789785061.3067887,2,0.1,refresh,
,16.79942410600006,16.799442994999936,1789785061.3269095,2,0.1,refresh,
,16.81953342199995,16.819578237000314,1789785061.3470187,2,0.1,refresh,
,16.83967684900017,16.83972509000023,1789785061.3671625,2,0.1,refresh,
,16.859826091000286,16.859861776000344,1789785061.3873117,2,0.1,refresh,
,16.87995759200021,16.879987666000034,1789785061.407443,2,0.1,refresh,
,16.90008320400011,16.900112315000115,1789785061.4275687,2,0.1,refresh,
,16.920207113000288,16.920235057000355,1789785061.4476926,2,0.1,refresh,
,16.94033076200003,16.940358336000372,1789785061.467816,2,0.1,refresh,
,16.960453559000143,16.960479874000157,1789785061.487939,2,0.1,refresh,
,16.980572931000097,16.980599209000047,1789785061.5080583,2,0.1,refresh,
,17.00069389500004,17.00073883899995,1789785061.5281792,2,0.1,refresh,
,17.02086850700016,17.020908285000132,1789785061.5483541,2,0.1,refresh,
,17.041010379,17.04104462000032,1789785061.568496,2,0.1,refresh,
,17.061172676000297,17.061214399000164,1789785061.588658,2,0.1,refresh,
,17.081314548000137,17.08135297400031,1789785061.6088,2,0.1,refresh,
,17.101456790000157,17.101514085999952,1789785061.6289423,2,0.1,refresh,
,17.121619475999978,17.121664291000343,1789785061.6491048,2,0.1,refresh,
,17.141764200000125,17.141797385000245,1789785061.6692498,2,0.1,refresh,
,17.16190621900023,17.161942571000054,1789785061.6893916,2,0.1,refresh,
,17.182041517000016,17.182070387000294,1789785061.7095268,2,0.1,refresh,
,17.202167055000245,17.202195555000344,1789785061.7296524,2,0.1,refresh,
,17.22229074100005,17.22231899999997,1789785061.7497761,2,0.1,refresh,
,17.24241907600026,17.242472502000055,1789785061.7699046,2,0.1,refresh,
,17.262580669000272,17.26261679900017,1789785061.7900662,2,0.1,refresh,
,17.28271596700006,17.282756448000328,1789785061.8102014,2,0.1,refresh,
,17.302857135000068,17.302893209000104,1789785061.8303423,2,0.1,refresh,
,17.322992932000034,17.323023468999963,1789785061.8504784,2,0.1,refresh,
,17.343119211000158,17.343150358999992,1789785061.8706045,2,0.1,refresh,
,17.363249989999986,17.363291138000022,1789785061.8907354,2,0.1,refresh,
,17.38339439900028,17.38342375100001,1789785061.9108799,2,0.1,refresh,
,17.403520733000278,17.403558029000123,1789785061.9310062,2,0.1,refresh,
,17.42366258600032,17.423706993999986,1789785061.951148,2,0.1,refresh,
,17.443820810000034,17.443861976000335,1789785061.9713063,2,0.1,refresh,
,17.463962255000297,17.463994959000047,1789785061.9914474,2,0.1,refresh,
,17.484094867000294,17.484139923000384,1789785062.0115802,2,0.1,refresh,
,17.504238628000166,17.504281554000045,1789785062.031724,2,0.1,refresh,
,17.52438199900007,17.52442264800038,1789785062.0518675,2,0.1,refresh,
,17.544521240999984,17.544554667000284,1789785062.0720067,2,0.1,refresh,
,17.564659613000003,17.564689483000166,1789785062.0921452,2,0.1,refresh,
,17.584796762000224,17.584831040000154,1789785062.112282,2,0.1,refresh,
,17.604930504000095,17.60496428200031,1789785062.132416,2,0.1,refresh,
,17.625063560999934,17.625096579,1789785062.1525488,2,0.1,refresh,
,17.645194173000164,17.645222451000336,1789785062.1726797,2,0.1,refresh,
,17.665317378000054,17.665345933000026,1789785062.192803,2,0.1,refresh,
,17.685442583000167,17.68547074900016,1789785062.212928,2,0.1,refresh,
,17.705568249999942,17.705601584000306,1789785062.2330537,2,0.1,refresh,
,17.725700548000077,17.725740085000325,1789785062.253186,2,0.1,refresh,
,17.745838734000245,17.745867364000333,1789785062.273324,2,0.1,refresh,
,17.76596718000019,17.76599562399997,1789785062.2934525,2,0.1,refresh,
,17.786091792000207,17.786119662000146,1789785062.3135772,2,0.1,refresh,
,17.806216089000372,17.806243238000206,1789785062.3337014,2,0.1,refresh,
,17.826339220000136,17.826366517000224,1789785062.3538246,2,0.1,refresh,
,17.846465555000123,17.846490999000252,1789785062.373951,2,0.1,refresh,
,17.86659031499994,17.866620741000133,1789785062.3940756,2,0.1,refresh,
,17.88672503800035,17.886753761000364,1789785062.4142106,2,0.1,refresh,
,17.90685278000001,17.90688492900017,1789785062.4343383,2,0.1,refresh,
,17.926984744000038,17.927013262999935,1789785062.4544702,2,0.1,refresh,
,17.94711444900031,17.947143301000324,1789785062.4745998,2,0.1,refresh,
,17.967243025000244,17.967280969000058,1789785062.4947286,2,0.1,refresh,
,17.987379544000305,17.987412507000045,1789785062.514865,2,0.1,refresh,
18.0,18.00007121600038,18.00009929099997,1789785062.5275567,3,0.15,step,0.07121600037862663
,18.02030047700009,18.020561181000176,1789785062.5477858,3,0.15,refresh,
,18.04076670099994,18.040828646000136,1789785062.568252,3,0.15,refresh,
,18.060933776000184,18.060971164999955,1789785062.588419,3,0.15,refresh,
,18.081071444000372,18.081109963000017,1789785062.6085567,3,0.15,refresh,
,18.10121820500035,18.101269723000314,1789785062.6287038,3,0.15,refresh,
,18.121374576000107,18.121433613000136,1789785062.64886,3,0.15,refresh,
,18.14153300299995,18.141561837000154,1789785062.6690183,3,0.15,refresh,
,18.161661282000296,18.161695041000257,1789785062.6891465,3,0.15,refresh,
,18.181809635000263,18.181839561000288,1789785062.709295,3,0.15,refresh,
,18.201936766000017,18.201963359000274,1789785062.729422,3,0.15,refresh,
,18.22206011900016,18.222086619000038,1789785062.7495456,3,0.15,refresh,
,18.242219472000215,18.24227250900003,1789785062.769705,3,0.15,refresh,
,18.26238230700028,18.26241969600005,1789785062.7898679,3,0.15,refresh,
,18.282517585000278,18.282544900000175,1789785062.810003,3,0.15,refresh,
,18.302645124000264,18.302678383000057,1789785062.8301303,3,0.15,refresh,
,18.32277666200025,18.32280688400033,1789785062.850262,3,0.15,refresh,
,18.34290381100027,18.342930199999955,1789785062.8703892,3,0.15,refresh,
,18.36303209000016,18.363063312000122,1789785062.8905175,3,0.15,refresh,
,18.383167202000095,18.383195332000014,1789785062.9106526,3,0.15,refresh,
,18.403294889000335,18.403330259000086,1789785062.9307804,3,0.15,refresh,
,18.423435945000165,18.423466390000158,1789785062.9509215,3,0.15,refresh,
,18.443565132000003,18.443590484000197,1789785062.9710505,3,0.15,refresh,
,18.46368663300018,18.463714059000267,1789785062.991172,3,0.15,refresh,
,18.483822634000262,18.48386650400016,1789785063.011308,3,0.15,refresh,
,18.503977487000157,18.50402043200029,1789785063.031463,3,0.15,refresh,
,18.524119025000346,18.524149451000085,1789785063.0516045,3,0.15,refresh,
,18.544257562999974,18.544290082000316,1789785063.071743,3,0.15,refresh,
,18.56439212000032,18.564427398000134,1789785063.0918777,3,0.15,refresh,
,18.584526566000022,18.584561307000058,1789785063.1120121,3,0.15,refresh,
,18.604666511000232,18.604695585000172,1789785063.1321518,3,0.15,refresh,
,18.62480375300038,18.624858901000152,1789785063.1522894,3,0.15,refresh,
,18.64496219900002,18.64499316199999,1789785063.1724477,3,0.15,refresh,
,18.665088848000323,18.665115458999935,1789785063.1925743,3,0.15,refresh,
,18.685218775000067,18.685245386000133,1789785063.2127042,3,0.15,refresh,
,18.705344721000074,18.705378073000247,1789785063.2328303,3,0.15,refresh,
,18.725476184999934,18.72550366600035,1789785063.2529616,3,0.15,refresh,
,18.745606167999995,18.74563277900006,1789785063.2730916,3,0.15,refresh,
,18.76572913200016,18.76575540900012,1789785063.2932146,3,0.15,refresh,
,18.785853761999988,18.78587778100018,1789785063.3133392,3,0.15,refresh,
,18.80597306000027,18.805998856000315,1789785063.3334584,3,0.15,refresh,
,18.82609385700016,18.826120098000047,1789785063.3535793,3,0.15,refresh,
,18.846215432000008,18.84624048800015,1789785063.3737009,3,0.15,refresh,
,18.86633645200027,18.86636343400005,1789785063.393822,3,0.15,refresh,
,18.88646328699997,18.886520527000357,1789785063.4139488,3,0.15,refresh,
,18.906625695000002,18.906659232000038,1789785063.434111,3,0.15,refresh,
,18.92675706700038,18.92678640000031,1789785063.4542425,3,0.15,refresh,
,18.946887235000304,18.946916494000106,1789785063.4743726,3,0.15,refresh,
,18.967014180000206,18.96704093900007,1789785063.4944997,3,0.15,refresh,
,18.987136625999938,18.987162810999962,1789785063.514622,3,0.15,refresh,
,19.007257182000103,19.007283497000117,1789785063.5347426,3,0.15,refresh,
,19.027393184000175,19.027439424000022,1789785063.5548787,3,0.15,refresh,
,19.047543184999995,19.04757151800004,1789785063.5750284,3,0.15,refresh,
,19.06766881500016,19.067697908000355,1789785063.5951543,3,0.15,refresh,
,19.08780731700017,19.087847354000132,1789785063.6152928,3,0.15,refresh,
,19.107974818000002,19.108057892000033,1789785063.6354604,3,0.15,refresh,
,19.128182040999945,19.128227467000215,1789785063.6556675,3,0.15,refresh,
,19.148319487000208,19.148350894000032,1789785063.6758049,3,0.15,refresh,
,19.16845061799995,19.16848309900024,1789785063.695936,3,0.15,refresh,
,19.188580600000023,19.18860826700029,1789785063.7160661,3,0.15,refresh,
,19.208704342000146,19.20873478700014,1789785063.7361896,3,0.15,refresh,
,19.228831343000365,19.228867343000275,1789785063.7563167,3,0.15,refresh,
,19.24899864100007,19.249057104000258,1789785063.776484,3,0.15,refresh,
,19.269167624000147,19.269197790000362,1789785063.796653,3,0.15,refresh,
,19.28929442100025,19.289321865000147,1789785063.8167799,3,0.15,refresh,
,19.309420515000056,19.309452959000282,1789785063.836906,3,0.15,refresh,
,19.329557164000107,19.329587090000132,1789785063.8570428,3,0.15,refresh,
,19.349689480000052,19.349734850000004,1789785063.877175,3,0.15,refresh,
,19.369845352000084,19.369878926000183,1789785063.8973308,3,0.15,refresh,
,19.38998805600022,19.390034927000215,1789785063.9174736,3,0.15,refresh,
,19.410142095000083,19.41017296500013,1789785063.9376273,3,0.15,refresh,
,19.430272392000006,19.430298539999967,1789785063.9577577,3,0.15,refresh,
,19.450397651999992,19.450425523000376,1789785063.977883,3,0.15,refresh,
,19.470521950000148,19.47054998700014,1789785063.9980073,3,0.15,refresh,
,19.490665340000305,19.490743785000177,1789785064.0181508,3,0.15,refresh,
,19.51085915600015,19.51089806400023,1789785064.0383444,3,0.15,refresh,
,19.531010528000024,19.531041120000282,1789785064.058496,3,0.15,refresh,
,19.55114560300035,19.55118738100009,1789785064.0786312,3,0.15,refresh,
,19.571296030000212,19.571338549000302,1789785064.0987813,3,0.15,refresh,
,19.591444087000127,19.591473790000236,1789785064.1189294,3,0.15,refresh,
,19.61160075500038,19.61166744000002,1789785064.1390862,3,0.15,refresh,
,19.63179286700006,19.631820699999935,1789785064.1592784,3,0.15,refresh,
,19.651922553000077,19.65195031300027,1789785064.1794078,3,0.15,refresh,
,19.672049814000275,19.67208724000011,1789785064.1995354,3,0.15,refresh,
,19.69220403700001,19.69227016700006,1789785064.2196894,3,0.15,refresh,
,19.712375631000214,19.712405408999985,1789785064.239861,3,0.15,refresh,
,19.73250766900037,19.732545539000057,1789785064.259993,3,0.15,refresh,
,19.752645078000114,19.752673485000287,1789785064.2801306,3,0.15,refresh,
,19.77277002300025,19.77279617100021,1789785064.3002555,3,0.15,refresh,
,19.792895710000266,19.79292013500026,1789785064.3203812,3,0.15,refresh,
,19.813017970000146,19.81304187700016,1789785064.3405032,3,0.15,refresh,
,19.833139341000333,19.83317758200019,1789785064.3606246,3,0.15,refresh,
,19.853274823999982,19.853303083000355,1789785064.38076,3,0.15,refresh,
,19.873400140000285,19.873426992000077,1789785064.4008856,3,0.15,refresh,
,19.893522382000356,19.893549826000253,1789785064.4210079,3,0.15,refresh,
,19.913653457000237,19.91368030900003,1789785064.441139,3,0.15,refresh,
,19.933776347000276,19.933802773000025,1789785064.4612617,3,0.15,refresh,
,19.953898570000092,19.95392357000037,1789785064.481384,3,0.15,refresh,
,19.97401905300012,19.97404412700007,1789785064.5015044,3,0.15,refresh,
,19.994142388,19.99416649900013,1789785064.5216277,3,0.15,refresh,
,20.01426329600008,20.014287111000158,1789785064.5417488,3,0.15,refresh,
,20.034393001000353,20.034436779000316,1789785064.5618784,3,0.15,refresh,
,20.054536854000162,20.054564743000356,1789785064.5820222,3,0.15,refresh,
,20.0746609480002,20.074687670000003,1789785064.6021464,3,0.15,refresh,
,20.09478531900004,20.094816708000053,1789785064.6222708,3,0.15,refresh,
,20.114945282999997,20.114992950000214,1789785064.6424308,3,0.15,refresh,
,20.13510330300005,20.135145785000077,1789785064.6625886,3,0.15,refresh,
,20.155251786000008,20.155281601000297,1789785064.682737,3,0.15,refresh,
,20.175389416000144,20.1754261760002,1789785064.702875,3,0.15,refresh,
,20.195525621000343,20.19555588100002,1789785064.723011,3,0.15,refresh,
,20.21565362199999,20.215680993000205,1789785064.743139,3,0.15,refresh,
,20.235780068000167,20.235811124000065,1789785064.7632656,3,0.15,refresh,
,20.255926125000315,20.255985866000174,1789785064.7834117,3,0.15,refresh,
,20.27608994100001,20.276122071000373,1789785064.8035753,3,0.15,refresh,
,20.296230220000325,20.296259479000128,1789785064.823716,3,0.15,refresh,
,20.31636286899993,20.316389814000104,1789785064.8438482,3,0.15,refresh,
,20.336484870000277,20.33651170400026,1789785064.8639703,3,0.15,refresh,
,20.35661585300022,20.35665548299994,1789785064.8841014,3,0.15,refresh,
,20.37675652100006,20.376787354000044,1789785064.904242,3,0.15,refresh,
,20.396901522000007,20.39694422599996,1789785064.924387,3,0.15,refresh,
,20.417044503999932,20.417076764000285,1789785064.94453,3,0.15,refresh,
,20.437180506000004,20.43722037600037,1789785064.964666,3,0.15,refresh,
,20.457318673000373,20.457347933000165,1789785064.9848042,3,0.15,refresh,
,20.47744717500018,20.477474471000278,1789785065.0049326,3,0.15,refresh,
,20.497598509,20.497673286999998,1789785065.025084,3,0.15,refresh,
,20.517798696000227,20.51782701000002,1789785065.045284,3,0.15,refresh,
,20.537921474000086,20.537949345000015,1789785065.065407,3,0.15,refresh,
,20.558046012999966,20.558073013000012,1789785065.0855315,3,0.15,refresh,
,20.578178068999932,20.578221940000276,1789785065.1056638,3,0.15,refresh,
,20.59832425600007,20.59835647800037,1789785065.1258097,3,0.15,refresh,
,20.618461201000173,20.618489368000155,1789785065.1459467,3,0.15,refresh,
,20.63858581400018,20.638612276999993,1789785065.1660714,3,0.15,refresh,
,20.65874888899998,20.658776648000185,1789785065.1862345,3,0.15,refresh,
,20.678888723,20.678914816000088,1789785065.2063742,3,0.15,refresh,
,20.699008965000303,20.699041464999937,1789785065.2264946,3,0.15,refresh,
,20.719136596000226,20.719162948000303,1789785065.2466218,3,0.15,refresh,
,20.73925743000018,20.73928306000016,1789785065.2667427,3,0.15,refresh,
,20.75937619100023,20.75940150600036,1789785065.2868617,3,0.15,refresh,
,20.779494247000002,20.779519673000323,1789785065.3069797,3,0.15,refresh,
,20.79961306300038,20.799637971000266,1789785065.3270984,3,0.15,refresh,
,20.8197305650001,20.819755231000272,1789785065.347216,3,0.15,refresh,
,20.839848066000286,20.839873603000342,1789785065.3673334,3,0.15,refresh,
,20.859967936999965,20.859994030000053,1789785065.3874536,3,0.15,refresh,
,20.88008580900032,20.880111346000376,1789785065.4075713,3,0.15,refresh,
,20.90020714299999,20.900240217000373,1789785065.4276927,3,0.15,refresh,
,20.92034416300021,20.92037349600014,1789785065.4478295,3,0.15,refresh,
,20.940468034000332,20.940494811999997,1789785065.4679534,3,0.15,refresh,
,20.960589943000286,20.9606162580003,1789785065.4880753,3,0.15,refresh,
,20.980712722000135,20.98074227699999,1789785065.5081983,3,0.15,refresh,
,21.000838982000005,21.000867277999987,1789785065.5283244,3,0.15,refresh,
,21.020981094000035,21.021042280000074,1789785065.5484664,3,0.15,refresh,
,21.04114703999994,21.04118668800038,1789785065.5686324,3,0.15,refresh,
,21.061284800000067,21.061314319000303,1789785065.5887704,3,0.15,refresh,
,21.081418524000128,21.081445320000057,1789785065.608904,3,0.15,refresh,
,21.101543525000125,21.101592525000342,1789785065.6290288,3,0.15,refresh,
,21.12169982200021,21.121767099999943,1789785065.6491852,3,0.15,refresh,
,21.141876639000202,21.141913638999995,1789785065.6693618,3,0.15,refresh,
,21.16201858400018,21.162046936000024,1789785065.689504,3,0.15,refresh,
,21.18214591900005,21.18217897400018,1789785065.7096312,3,0.15,refresh,
,21.202285772000323,21.202317772000242,1789785065.7297714,3,0.15,refresh,
,21.22242964299994,21.222466736000115,1789785065.7499151,3,0.15,refresh,
,21.242572292000204,21.242602717999944,1789785065.7700577,3,0.15,refresh,
,21.26270072000034,21.262742775000333,1789785065.790186,3,0.15,refresh,
,21.28284049800004,21.282874165000067,1789785065.810326,3,0.15,refresh,
,21.302978389000145,21.303017315000034,1789785065.8304636,3,0.15,refresh,
,21.323125686000367,21.323162131000117,1789785065.8506112,3,0.15,refresh,
,21.343261428000005,21.34329268700003,1789785065.8707469,3,0.15,refresh,
,21.363394188000257,21.3634249480001,1789785065.8908794,3,0.15,refresh,
,21.383524689000296,21.38355715200032,1789785065.91101,3,0.15,refresh,
,21.403662319999967,21.403704691000257,1789785065.9311478,3,0.15,refresh,
,21.423820820999936,21.42385884000032,1789785065.9513063,3,0.15,refresh,
,21.44396389700023,21.44400415600012,1789785065.9714494,3,0.15,refresh,
,21.464109304999965,21.46413769400033,1789785065.9915948,3,0.15,refresh,
,21.484236362000047,21.484264880999945,1789785066.0117216,3,0.15,refresh,
,21.50436638200017,21.50441169700025,1789785066.0318518,3,0.15,refresh,
,21.52451364200033,21.524547587000143,1789785066.051999,3,0.15,refresh,
,21.544646347000253,21.544675532000383,1789785066.0721316,3,0.15,refresh,
,21.564759311000216,21.564808829999947,1789785066.0922446,3,0.15,refresh,
,21.584916349000196,21.584957737999957,1789785066.112402,3,0.15,refresh,
,21.605063110000174,21.605102036000062,1789785066.1325486,3,0.15,refresh,
,21.62523438900007,21.62530794400027,1789785066.1527202,3,0.15,refresh,
,21.645421038000222,21.645463112000016,1789785066.1729064,3,0.15,refresh,
,21.665571817,21.665604576000078,1789785066.1930573,3,0.15,refresh,
,21.685703152000315,21.68573789200036,1789785066.2131886,3,0.15,refresh,
,21.705841801000133,21.705872893000105,1789785066.2333272,3,0.15,refresh,
,21.725971209000363,21.726000469000155,1789785066.2534566,3,0.15,refresh,
,21.746098544000233,21.74613730300007,1789785066.273584,3,0.15,refresh,
,21.766240008000295,21.766272544999993,1789785066.2937255,3,0.15,refresh,
,21.78636991700023,21.78639886100018,1789785066.3138552,3,0.15,refresh,
,21.806495695000194,21.80652301000009,1789785066.3339813,3,0.15,refresh,
,21.826619937000032,21.826646882000205,1789785066.3541052,3,0.15,refresh,
,21.846746846000315,21.84677195700033,1789785066.3742323,3,0.15,refresh,
,21.8668734580001,21.866911940000136,1789785066.394359,3,0.15,refresh,
,21.887008700000024,21.887038070000017,1789785066.4144943,3,0.15,refresh,
,21.907139238000127,21.90716968300012,1789785066.4346244,3,0.15,refresh,
,21.927267349999966,21.92730005400017,1789785066.4547527,3,0.15,refresh,
,21.94740040700026,21.9474293520002,1789785066.474886,3,0.15,refresh,
,21.967523686000277,21.967552519000037,1789785066.495009,3,0.15,refresh,
,21.987648946000263,21.98767720600017,1789785066.515134,3,0.15,refresh,
,22.007774299000175,22.007802095999978,1789785066.5352597,3,0.15,refresh,
,22.02789950400029,22.027928818999953,1789785066.5553849,3,0.15,refresh,
,22.048033709000265,22.048075468000206,1789785066.5755193,3,0.15,refresh,
,22.068175173000327,22.068207007000183,1789785066.5956604,3,0.15,refresh,
,22.088305545000367,22.088333563000106,1789785066.6157908,3,0.15,refresh,
,22.108434305000173,22.108464120000008,1789785066.6359196,3,0.15,refresh,
,22.12858489900009,22.12864664000017,1789785066.6560705,3,0.15,refresh,
,22.148774973999934,22.148818437000045,1789785066.6762602,3,0.15,refresh,
,22.168939050000063,22.168983087000015,1789785066.6964245,3,0.15,refresh,
,22.189081291000093,22.189117847000034,1789785066.7165668,3,0.15,refresh,
,22.209216256000218,22.20924697800001,1789785066.7367017,3,0.15,refresh,
,22.229380590000346,22.229433016000257,1789785066.756866,3,0.15,refresh,
,22.24956514700034,22.249647462000212,1789785066.777051,3,0.15,refresh,
,22.26975514800006,22.269795648000127,1789785066.7972405,3,0.15,refresh,
,22.289902760000132,22.289936298000157,1789785066.817388,3,0.15,refresh,
,22.310035150000203,22.310073428000123,1789785066.8375206,3,0.15,refresh,
,22.33018657799994,22.330219022000165,1789785066.857672,3,0.15,refresh,
,22.35032302300033,22.35035189400014,1789785066.8778083,3,0.15,refresh,
,22.370454358000188,22.37049489500032,1789785066.8979397,3,0.15,refresh,
,22.390596321999965,22.39063117400019,1789785066.9180818,3,0.15,refresh,
,22.410732916000143,22.410769082000115,1789785066.9382184,3,0.15,refresh,
,22.430869602000257,22.43089630600025,1789785066.958355,3,0.15,refresh,
,22.450994510000328,22.451021287999993,1789785066.9784799,3,0.15,refresh,
,22.471118567000303,22.47114836300034,1789785066.998604,3,0.15,refresh,
,22.491246587000205,22.491272493999986,1789785067.018732,3,0.15,refresh,
,22.51137140300034,22.511418180999954,1789785067.0388567,3,0.15,refresh,
,22.53152583000019,22.53156273700006,1789785067.0590112,3,0.15,refresh,
,22.551668276000328,22.55169885000032,1789785067.0791538,3,0.15,refresh,
,22.571805814000072,22.571838536000087,1789785067.099291,3,0.15,refresh,
,22.59194972200021,22.591990500000065,1789785067.1194353,3,0.15,refresh,
,22.612094705000345,22.612135112000033,1789785067.1395802,3,0.15,refresh,
,22.632236262000333,22.63226728000018,1789785067.1597216,3,0.15,refresh,
,22.652367096000035,22.652394522000122,1789785067.1798525,3,0.15,refresh,
,22.672489894000137,22.67251781999994,1789785067.1999753,3,0.15,refresh,
,22.69261776500025,22.6926452470002,1789785067.2201033,3,0.15,refresh,
,22.71274319200029,22.71277574800024,1789785067.2402287,3,0.15,refresh,
,22.732873378000022,22.732902286000353,1789785067.2603586,3,0.15,refresh,
,22.752998454000135,22.75302663900038,1789785067.2804837,3,0.15,refresh,
,22.773123381000005,22.773151084000347,1789785067.3006089,3,0.15,refresh,
,22.79324862300018,22.79327606700008,1789785067.320734,3,0.15,refresh,
,22.81337349400019,22.813399050000044,1789785067.340859,3,0.15,refresh,
,22.83349960600026,22.833545662000233,1789785067.360985,3,0.15,refresh,
,22.853643145000206,22.853678719000072,1789785067.3811285,3,0.15,refresh,
,22.873782294000193,22.873827924000125,1789785067.401268,3,0.15,refresh,
,22.89393038800017,22.89396542500026,1789785067.4214156,3,0.15,refresh,
,22.914065963000212,22.91410088900011,1789785067.4415514,3,0.15,refresh,
,22.934198742000262,22.93422790800014,1789785067.4616842,3,0.15,refresh,
,22.954324650000217,22.954352391000157,1789785067.48181,3,0.15,refresh,
,22.974448892000055,22.974475985000026,1789785067.5019343,3,0.15,refresh,
,22.99457394900037,22.994601412000065,1789785067.5220592,3,0.15,refresh,
,23.014703913000176,23.014741913000307,1789785067.5421894,3,0.15,refresh,
,23.03484059900029,23.034868896000262,1789785067.562326,3,0.15,refresh,
,23.05497713700015,23.055022415000167,1789785067.5824628,3,0.15,refresh,
,23.07512445400016,23.075155342000016,1789785067.6026099,3,0.15,refresh,
,23.095252362000338,23.095280251000077,1789785067.6227376,3,0.15,refresh,
,23.1153913080002,23.115450437000163,1789785067.6428766,3,0.15,refresh,
,23.135602327000015,23.13565745699998,1789785067.6630878,3,0.15,refresh,
,23.155774181000197,23.15583092099996,1789785067.6832597,3,0.15,refresh,
,23.175939755999934,23.17598297800032,1789785067.7034252,3,0.15,refresh,
,23.196091367999998,23.196127702000013,1789785067.7235768,3,0.15,refresh,
,23.21623974000022,23.216278314000192,1789785067.743725,3,0.15,refresh,
,23.236386963000314,23.236425982000128,1789785067.7638726,3,0.15,refresh,
,23.256554835000316,23.25663827900007,1789785067.7840405,3,0.15,refresh,
,23.27675278000015,23.276801336000062,1789785067.8042383,3,0.15,refresh,
,23.296910670000216,23.29694789300038,1789785067.8243961,3,0.15,refresh,
,23.317064598000343,23.317107172000306,1789785067.8445501,3,0.15,refresh,
,23.33721506200027,23.337253840000358,1789785067.8647003,3,0.15,refresh,
,23.35735800700013,23.357395526000346,1789785067.8848436,3,0.15,refresh,
,23.377508157000193,23.37754676800023,1789785067.9049935,3,0.15,refresh,
,23.39765880599998,23.39770838000004,1789785067.9251444,3,0.15,refresh,
,23.417829752000216,23.41786895500036,1789785067.9453151,3,0.15,refresh,
,23.437977068000237,23.438016068000252,1789785067.9654624,3,0.15,refresh,
,23.458121310000024,23.458160142999986,1789785067.9856067,3,0.15,refresh,
,23.47826510699997,23.478303385000345,1789785068.0057504,3,0.15,refresh,
,23.498412590000044,23.498447868000312,1789785068.025898,3,0.15,refresh,
,23.518576850000045,23.518657091000023,1789785068.0460622,3,0.15,refresh,
,23.53885368500005,23.538897611000266,1789785068.066339,3,0.15,refresh,
,23.558994353000344,23.55902655700038,1789785068.08648,3,0.15,refresh,
,23.579121872000087,23.579150131999995,1789785068.1066074,3,0.15,refresh,
,23.59924563300001,23.59927855900014,1789785068.126731,3,0.15,refresh,
,23.61937559700027,23.619412041000032,1789785068.146861,3,0.15,refresh,
,23.639518005000355,23.639549191000242,1789785068.1670034,3,0.15,refresh,
,23.65964450699994,23.659672877000048,1789785068.18713,3,0.15,refresh,
,23.679745878000176,23.679778786000043,1789785068.2072313,3,0.15,refresh,
,23.699877861000004,23.699911990000146,1789785068.2273633,3,0.15,refresh,
,23.72001230600017,23.720043583999995,1789785068.2474978,3,0.15,refresh,
,23.74013990000003,23.7401714560001,1789785068.2676253,3,0.15,refresh,
,23.760268568000356,23.760297494000042,1789785068.287754,3,0.15,refresh,
,23.78039314300031,23.780420309999954,1789785068.3078787,3,0.15,refresh,
,23.80051564400037,23.800542125999982,1789785068.328001,3,0.15,refresh,
,23.820637182000155,23.820664163999936,1789785068.3481226,3,0.15,refresh,
,23.840760128000056,23.840786776000186,1789785068.3682456,3,0.15,refresh,
,23.8608885550002,23.860929481000312,1789785068.388374,3,0.15,refresh,
,23.88103061200036,23.881058075000055,1789785068.4085162,3,0.15,refresh,
,23.90115540900024,23.90118370500022,1789785068.4286408,3,0.15,refresh,
,23.92128020700011,23.921306910000112,1789785068.4487658,3,0.15,refresh,
,23.941402337,23.94142922600031,1789785068.4688878,3,0.15,refresh,
,23.9615251350001,23.961551709000105,1789785068.4890103,3,0.15,refresh,
,23.981646895000267,23.98167321000028,1789785068.5091324,3,0.15,refresh,
24.0,24.000072467000336,24.00010076300032,1789785068.5275578,4,0.2,step,0.07246700033647357
,24.020282986999973,24.020523136000065,1789785068.5477688,4,0.2,refresh,
,24.04072676600026,24.040788137000163,1789785068.5682123,4,0.2,refresh,
,24.06089887899998,24.060938526999962,1789785068.5883842,4,0.2,refresh,
,24.08103619500025,24.08106952800017,1789785068.6085215,4,0.2,refresh,
,24.101168658999995,24.101204825999957,1789785068.628654,4,0.2,refresh,
,24.12130971600027,24.12136303000034,1789785068.6487951,4,0.2,refresh,
,24.141465550000248,24.14151066100021,1789785068.668951,4,0.2,refresh,
,24.161614218000068,24.1616559590002,1789785068.6890996,4,0.2,refresh,
,24.181755071000225,24.18179488600026,1789785068.7092407,4,0.2,refresh,
,24.20190073899994,24.201932294000017,1789785068.7293863,4,0.2,refresh,
,24.222029220999957,24.222060925000278,1789785068.7495146,4,0.2,refresh,
,24.24215922300027,24.242187834000106,1789785068.7696445,4,0.2,refresh,
,24.262284113000078,24.262332446000073,1789785068.7897694,4,0.2,refresh,
,24.282428336000066,24.28246315100023,1789785068.8099139,4,0.2,refresh,
,24.302560041000106,24.302592911000374,1789785068.8300455,4,0.2,refresh,
,24.32269913500022,24.322733616000278,1789785068.8501844,4,0.2,refresh,
,24.342829951000112,24.34285774700038,1789785068.8703153,4,0.2,refresh,
,24.36296721100007,24.36300698900004,1789785068.8904526,4,0.2,refresh,
,24.38310735999994,24.383138546000282,1789785068.9105928,4,0.2,refresh,
,24.40323626899999,24.40327078700011,1789785068.9307218,4,0.2,refresh,
,24.42336745500006,24.423395900000287,1789785068.9508529,4,0.2,refresh,
,24.443492122999942,24.443519475000357,1789785068.9709775,4,0.2,refresh,
,24.46362097600013,24.46366101300009,1789785068.9911063,4,0.2,refresh,
,24.483767829000044,24.483798273000048,1789785069.0112534,4,0.2,refresh,
,24.503926589000002,24.504004071000054,1789785069.0314121,4,0.2,refresh,
,24.524113535000197,24.52414918300019,1789785069.0515988,4,0.2,refresh,
,24.544246165999994,24.54427340700022,1789785069.0717316,4,0.2,refresh,
,24.56437553700016,24.564401982000163,1789785069.091861,4,0.2,refresh,
,24.584499409000273,24.584532502000002,1789785069.111985,4,0.2,refresh,
,24.6046763180002,24.60481831800007,1789785069.1321619,4,0.2,refresh,
,24.624955838000005,24.62500759700015,1789785069.1524413,4,0.2,refresh,
,24.645116098000017,24.64515795000034,1789785069.1726017,4,0.2,refresh,
,24.665257951000058,24.665286562000347,1789785069.1927435,4,0.2,refresh,
,24.685403434000364,24.685458008000296,1789785069.2128887,4,0.2,refresh,
,24.705566935000206,24.705602787000316,1789785069.2330525,4,0.2,refresh,
,24.725704436000342,24.725741194999955,1789785069.2531898,4,0.2,refresh,
,24.74583936299996,24.745867511000142,1789785069.2733247,4,0.2,refresh,
,24.765972475000126,24.765999327000372,1789785069.293458,4,0.2,refresh,
,24.78609556900028,24.786124439000105,1789785069.313581,4,0.2,refresh,
,24.80621968100013,24.80624499600026,1789785069.333705,4,0.2,refresh,
,24.826338534000115,24.82636407100017,1789785069.353824,4,0.2,refresh,
,24.846466795000197,24.846492960999967,1789785069.3739522,4,0.2,refresh,
,24.866590703000384,24.866623980999975,1789785069.394076,4,0.2,refresh,
,24.88673172300014,24.88676611200026,1789785069.4142172,4,0.2,refresh,
,24.90687772399997,24.9069066320003,1789785069.4343631,4,0.2,refresh,
,24.927001873000336,24.927030170000307,1789785069.4544873,4,0.2,refresh,
,24.94712968900012,24.947156393000114,1789785069.474615,4,0.2,refresh,
,24.967252153000118,24.96727828300027,1789785069.4947374,4,0.2,refresh,
,24.987373673000093,24.987399543000265,1789785069.514859,4,0.2,refresh,
,25.007500045000143,25.007529656000315,1789785069.5349855,4,0.2,refresh,
,25.027638527000363,25.027685509000094,1789785069.555124,4,0.2,refresh,
,25.047792028000003,25.04782276900005,1789785069.5752773,4,0.2,refresh,
,25.06792034399996,25.067949474000216,1789785069.5954058,4,0.2,refresh,
,25.08804525300002,25.088072623000244,1789785069.6155307,4,0.2,refresh,
,25.108170810000047,25.108222236000074,1789785069.635656,4,0.2,refresh,
,25.128320069999972,25.128351385000315,1789785069.6558053,4,0.2,refresh,
,25.148458164000203,25.148502701000325,1789785069.6759436,4,0.2,refresh,
,25.168638053999985,25.168680943000254,1789785069.6961234,4,0.2,refresh,
,25.18879768500028,25.188844055000118,1789785069.716283,4,0.2,refresh,
,25.208963667000262,25.209029353000005,1789785069.736449,4,0.2,refresh,
,25.229137817000264,25.22918215000027,1789785069.7566233,4,0.2,refresh,
,25.24929252200036,25.249337021999963,1789785069.776778,4,0.2,refresh,
,25.269435966999936,25.269483671000216,1789785069.7969213,4,0.2,refresh,
,25.289582413000062,25.28961356100035,1789785069.8170679,4,0.2,refresh,
,25.309723859000314,25.309752859000128,1789785069.8372095,4,0.2,refresh,
,25.329855729999963,25.329884970999956,1789785069.8573413,4,0.2,refresh,
,25.34998261999999,25.35001136100027,1789785069.8774679,4,0.2,refresh,
,25.370108325000274,25.37013471399996,1789785069.8975935,4,0.2,refresh,
,25.390249159000177,25.390298234000056,1789785069.9177346,4,0.2,refresh,
,25.410409198000252,25.41044108699998,1789785069.9378946,4,0.2,refresh,
,25.43054555100025,25.430573717000243,1789785069.958031,4,0.2,refresh,
,25.450676496000142,25.45070431100021,1789785069.9781618,4,0.2,refresh,
,25.470807294000224,25.47083442300027,1789785069.9982927,4,0.2,refresh,
,25.490932016999977,25.490959424000266,1789785070.0184174,4,0.2,refresh,
,25.511087944000337,25.51117025900021,1789785070.0385735,4,0.2,refresh,
,25.531294427000375,25.531332519999978,1789785070.05878,4,0.2,refresh,
,25.551447169000312,25.5514772800002,1789785070.0789325,4,0.2,refresh,
,25.57157939200033,25.571626652000305,1789785070.0990648,4,0.2,refresh,
,25.59173815300028,25.591771838000113,1789785070.1192236,4,0.2,refresh,
,25.611874080000234,25.61191563500006,1789785070.1393595,4,0.2,refresh,
,25.63202306200037,25.632061673999942,1789785070.1595085,4,0.2,refresh,
,25.652162582000074,25.652196008000374,1789785070.179648,4,0.2,refresh,
,25.67230039800006,25.672336861000076,1789785070.1997857,4,0.2,refresh,
,25.692453196000315,25.69251754800007,1789785070.2199385,4,0.2,refresh,
,25.712616530000105,25.712660364000385,1789785070.2401018,4,0.2,refresh,
,25.732766087000073,25.732815383000343,1789785070.2602518,4,0.2,refresh,
,25.752922218000094,25.752968736000184,1789785070.2804077,4,0.2,refresh,
,25.77307203400005,25.773109793000003,1789785070.3005574,4,0.2,refresh,
,25.793208794000293,25.79324073900034,1789785070.3206942,4,0.2,refresh,
,25.81335288800028,25.81342279499995,1789785070.3408384,4,0.2,refresh,
,25.833550093000213,25.833589093000228,1789785070.3610356,4,0.2,refresh,
,25.85368457499999,25.853727001000152,1789785070.38117,4,0.2,refresh,
,25.873837613999967,25.873888577000344,1789785070.401323,4,0.2,refresh,
,25.89400454099996,25.894054245000007,1789785070.42149,4,0.2,refresh,
,25.91416637500015,25.914202635000038,1789785070.4416518,4,0.2,refresh,
,25.934308079999937,25.93434009900011,1789785070.4617934,4,0.2,refresh,
,25.95443950700019,25.954469730000255,1789785070.4819248,4,0.2,refresh,
,25.97456899000008,25.974596527000358,1789785070.5020545,4,0.2,refresh,
,25.99469271299995,25.994728195000334,1789785070.522178,4,0.2,refresh,
,26.0148253440002,26.014852918000088,1789785070.5423107,4,0.2,refresh,
,26.034956067000167,26.03499506700018,1789785070.5624416,4,0.2,refresh,
,26.055093235000186,26.055124309000348,1789785070.5825787,4,0.2,refresh,
,26.075222533000215,26.075250829000197,1789785070.6027079,4,0.2,refresh,
,26.09535123700016,26.09538834900013,1789785070.6228368,4,0.2,refresh,
,26.115498239000317,26.115555849999964,1789785070.642984,4,0.2,refresh,
,26.13566733200014,26.135701758000323,1789785070.6631527,4,0.2,refresh,
,26.155816315000266,26.15586268600009,1789785070.683302,4,0.2,refresh,
,26.175962760999937,26.17599953900026,1789785070.703448,4,0.2,refresh,
,26.196107595000285,26.196150280999973,1789785070.723593,4,0.2,refresh,
,26.216269763000128,26.216315873999974,1789785070.7437553,4,0.2,refresh,
,26.236425172000054,26.236465024000154,1789785070.7639108,4,0.2,refresh,
,26.256573821000075,26.256618505999995,1789785070.784059,4,0.2,refresh,
,26.2767925080002,26.276883044999977,1789785070.804278,4,0.2,refresh,
,26.297015100999943,26.297063657000308,1789785070.8245006,4,0.2,refresh,
,26.317185621000135,26.31723371399994,1789785070.8446712,4,0.2,refresh,
,26.337339771000188,26.337386808000247,1789785070.864825,4,0.2,refresh,
,26.35749217900002,26.35753627200029,1789785070.8849776,4,0.2,refresh,
,26.37765631000002,26.377695810000205,1789785070.9051418,4,0.2,refresh,
,26.39781262600036,26.397861422000005,1789785070.9252982,4,0.2,refresh,
,26.417981775000044,26.418053350000264,1789785070.9454672,4,0.2,refresh,
,26.438171462000355,26.43822861000035,1789785070.9656568,4,0.2,refresh,
,26.45833418500024,26.458377333000044,1789785070.9858196,4,0.2,refresh,
,26.478486648999933,26.47851779800021,1789785071.005972,4,0.2,refresh,
,26.498618910000005,26.498648465000315,1789785071.0261042,4,0.2,refresh,
,26.518807337,26.518869041000016,1789785071.046293,4,0.2,refresh,
,26.538968746000137,26.539001764000204,1789785071.0664542,4,0.2,refresh,
,26.559100321000187,26.559135561999938,1789785071.0865855,4,0.2,refresh,
,26.579234655000164,26.579269377999935,1789785071.10672,4,0.2,refresh,
,26.59936435999998,26.59939526800008,1789785071.12685,4,0.2,refresh,
,26.619491158000073,26.61952139799996,1789785071.1469765,4,0.2,refresh,
,26.639616714000113,26.639642862000073,1789785071.167102,4,0.2,refresh,
,26.65973116000032,26.659757549000005,1789785071.1872168,4,0.2,refresh,
,26.679851642000358,26.67987729100014,1789785071.207337,4,0.2,refresh,
,26.699972718000026,26.700004144000104,1789785071.227458,4,0.2,refresh,
,26.720109126000352,26.720140015000197,1789785071.2475946,4,0.2,refresh,
,26.740236127000117,26.740268868000385,1789785071.2677214,4,0.2,refresh,
,26.760367202999987,26.76039509100019,1789785071.2878525,4,0.2,refresh,
,26.780490981000185,26.780518185000346,1789785071.3079765,4,0.2,refresh,
,26.800613094000255,26.800642946000153,1789785071.3280985,4,0.2,refresh,
,26.82073915000001,26.82076689099995,1789785071.3482244,4,0.2,refresh,
,26.84086278099994,26.840889022000283,1789785071.3683481,4,0.2,refresh,
,26.86098457900016,26.86101085600012,1789785071.38847,4,0.2,refresh,
,26.881105802000093,26.881132117000107,1789785071.408591,4,0.2,refresh,
,26.901230896000015,26.901260173000082,1789785071.4287162,4,0.2,refresh,
,26.921359415000097,26.921393619000355,1789785071.448845,4,0.2,refresh,
,26.94149834200016,26.941526565000004,1789785071.468984,4,0.2,refresh,
,26.961623214000156,26.961650362,1789785071.4891088,4,0.2,refresh,
,26.981745307999972,26.981772067000293,1789785071.5092306,4,0.2,refresh,
,27.001869179000096,27.001899327000046,1789785071.5293546,4,0.2,refresh,
,27.022004847000062,27.022063550999974,1789785071.5494902,4,0.2,refresh,
,27.04216301500037,27.042198867000025,1789785071.5696483,4,0.2,refresh,
,27.062296996999976,27.06233160900001,1789785071.5897822,4,0.2,refresh,
,27.082430258000386,27.08246181300001,1789785071.6099157,4,0.2,refresh,
,27.102563129000373,27.102617259,1789785071.6300485,4,0.2,refresh,
,27.122716519000278,27.122752390000187,1789785071.6502018,4,0.2,refresh,
,27.142854743000044,27.14289335400008,1789785071.67034,4,0.2,refresh,
,27.162998188000074,27.163027170000078,1789785071.6904838,4,0.2,refresh,
,27.183123467000314,27.183163616,1789785071.710609,4,0.2,refresh,
,27.203261339000164,27.20330032000038,1789785071.7307465,4,0.2,refresh,
,27.223413303000143,27.223453210000116,1789785071.7508986,4,0.2,refresh,
,27.24355219300014,27.243582785999934,1789785071.7710376,4,0.2,refresh,
,27.263686287000382,27.26373308300026,1789785071.7911718,4,0.2,refresh,
,27.283843177000108,27.283892047000336,1789785071.8113284,4,0.2,refresh,
,27.30399021500034,27.30401903000029,1789785071.8314757,4,0.2,refresh,
,27.32411545700006,27.32414662400015,1789785071.851601,4,0.2,refresh,
,27.344244717000038,27.344271828000274,1789785071.87173,4,0.2,refresh,
,27.364368941000066,27.364402496000366,1789785071.8918543,4,0.2,refresh,
,27.384511701000065,27.38454073799994,1789785071.911997,4,0.2,refresh,
,27.404638127999988,27.404678239000077,1789785071.9321237,4,0.2,refresh,
,27.424796611000147,27.42482744400013,1789785071.9522822,4,0.2,refresh,
,27.444923890000155,27.44495196400021,1789785071.9724092,4,0.2,refresh,
,27.4650473910001,27.46507435400008,1789785071.9925327,4,0.2,refresh,
,27.485169262,27.48519700299994,1789785072.0126545,4,0.2,refresh,
,27.505292782000197,27.505318801000158,1789785072.0327783,4,0.2,refresh,
,27.525417154000024,27.525467394000316,1789785072.0529027,4,0.2,refresh,
,27.54556822900031,27.545597117999932,1789785072.0730536,4,0.2,refresh,
,27.565704693000043,27.565743730000122,1789785072.0931902,4,0.2,refresh,
,27.58585008299997,27.585884620000343,1789785072.1133356,4,0.2,refresh,
,27.60599141700004,27.60601965800015,1789785072.133477,4,0.2,refresh,
,27.626123067000208,27.62617125199995,1789785072.1536086,4,0.2,refresh,
,27.646272735000366,27.64630425300038,1789785072.1737583,4,0.2,refresh,
,27.6664093280001,27.666438328000368,1789785072.1938946,4,0.2,refresh,
,27.686538774000383,27.686575626000376,1789785072.2140243,4,0.2,refresh,
,27.706681516000117,27.706711997000184,1789785072.234167,4,0.2,refresh,
,27.726815702000295,27.726844943000287,1789785072.254301,4,0.2,refresh,
,27.746947203000218,27.746977944000264,1789785072.2744324,4,0.2,refresh,
,27.76707509300013,27.76710333400024,1789785072.2945604,4,0.2,refresh,
,27.787208298000223,27.787238039000385,1789785072.3146937,4,0.2,refresh,
,27.807336003000273,27.80736320699998,1789785072.3348215,4,0.2,refresh,
,27.82745943000009,27.82748609700002,1789785072.3549447,4,0.2,refresh,
,27.847583931000372,27.84761872800027,1789785072.3750694,4,0.2,refresh,
,27.867732340000202,27.867775061999964,1789785072.395218,4,0.2,refresh,
,27.88788321100037,27.887911934000385,1789785072.4153688,4,0.2,refresh,
,27.908014213000115,27.908053656999982,1789785072.4354997,4,0.2,refresh,
,27.928161287999956,27.928202843000236,1789785072.4556468,4,0.2,refresh,
,27.94830343700005,27.948335493000286,1789785072.4757888,4,0.2,refresh,
,27.968433586000174,27.968461085999934,1789785072.495919,4,0.2,refresh,
,27.98855873599996,27.988585958000385,1789785072.5160441,4,0.2,refresh,
,28.00868179200006,28.00870790299996,1789785072.5361671,4,0.2,refresh,
,28.028811182000027,28.02883736800004,1789785072.5562963,4,0.2,refresh,
,28.048948406000363,28.048990368999966,1789785072.576434,4,0.2,refresh,
,28.069089259000066,28.069119499999942,1789785072.5965748,4,0.2,refresh,
,28.089217537999957,28.08924766700011,1789785072.616703,4,0.2,refresh,
,28.10934459400005,28.10937378000017,1789785072.6368299,4,0.2,refresh,
,28.129495355000017,28.12954485499995,1789785072.6569808,4,0.2,refresh,
,28.149648745000377,28.149691986000107,1789785072.677134,4,0.2,refresh,
,28.16980452400003,28.169841727999938,1789785072.69729,4,0.2,refresh,
,28.18995971000004,28.190018192000025,1789785072.7174451,4,0.2,refresh,
,28.21014311900035,28.210214619,1789785072.7376285,4,0.2,refresh,
,28.230335546000333,28.23038260200019,1789785072.7578208,4,0.2,refresh,
,28.250483566000185,28.25052084400022,1789785072.777969,4,0.2,refresh,
,28.27066564100005,28.270764178000263,1789785072.7981513,4,0.2,refresh,
,28.290894882999964,28.2909270680002,1789785072.8183804,4,0.2,refresh,
,28.31102640300014,28.311057625000103,1789785072.838512,4,0.2,refresh,
,28.331158719000086,28.3311838300001,1789785072.8586442,4,0.2,refresh,
,28.35128260900001,28.35130725700037,1789785072.878768,4,0.2,refresh,
,28.371413517000292,28.371456406000107,1789785072.8988988,4,0.2,refresh,
,28.391568333000123,28.391613259000223,1789785072.9190538,4,0.2,refresh,
,28.411721372000102,28.411751242000264,1789785072.9392068,4,0.2,refresh,
,28.431850965000194,28.431877001999965,1789785072.9593365,4,0.2,refresh,
,28.4519755780002,28.452000170000247,1789785072.979461,4,0.2,refresh,
,28.472094837999975,28.47212115299999,1789785072.9995801,4,0.2,refresh,
,28.492219413000385,28.49224446900007,1789785073.0197048,4,0.2,refresh,
,28.512340322,28.512369303000014,1789785073.0398257,4,0.2,refresh,
,28.53250532300035,28.53256121200002,1789785073.059991,4,0.2,refresh,
,28.55266226899994,28.55269284299993,1789785073.080148,4,0.2,refresh,
,28.57280928800037,28.572856955000134,1789785073.1002946,4,0.2,refresh,
,28.592967845000203,28.592998919000365,1789785073.1204531,4,0.2,refresh,
,28.613098975999947,28.613129957000183,1789785073.1405845,4,0.2,refresh,
,28.633233681000092,28.633264773000064,1789785073.1607192,4,0.2,refresh,
,28.65336121900009,28.653388366999934,1789785073.1808467,4,0.2,refresh,
,28.67348464600036,28.673511126999983,1789785073.20097,4,0.2,refresh,
,28.693611110000347,28.693647777000024,1789785073.2210965,4,0.2,refresh,
,28.713748537000356,28.713779593000254,1789785073.2412338,4,0.2,refresh,
,28.733881334000216,28.733907834000092,1789785073.2613668,4,0.2,refresh,
,28.754004038999938,28.754031002000374,1789785073.2814894,4,0.2,refresh,
,28.774125966000156,28.77415144800034,1789785073.3016112,4,0.2,refresh,
,28.79424585600009,28.79427093000004,1789785073.3217313,4,0.2,refresh,
,28.814386024000214,28.81445889500037,1789785073.3418715,4,0.2,refresh,
,28.83459004400038,28.834626526000193,1789785073.3620753,4,0.2,refresh,
,28.854726433999986,28.854757860000063,1789785073.382212,4,0.2,refresh,
,28.874872805999985,28.874914620000254,1789785073.4023583,4,0.2,refresh,
,28.895015584000248,28.895043955000347,1789785073.4225008,4,0.2,refresh,
,28.915142623000065,28.915170325999952,1789785073.4426281,4,0.2,refresh,
,28.935276198000338,28.93531282799995,1789785073.4627616,4,0.2,refresh,
,28.955422346999967,28.955463403000067,1789785073.482908,4,0.2,refresh,
,28.975564404000124,28.975596645000223,1789785073.5030496,4,0.2,refresh,
,28.995693887000016,28.99572779400023,1789785073.5231793,4,0.2,refresh,
,29.01583457300012,29.01587588800021,1789785073.5433202,4,0.2,refresh,
,29.03597903700029,29.03600827800028,1789785073.5634644,4,0.2,refresh,
,29.056118760000118,29.05616252000027,1789785073.5836043,4,0.2,refresh,
,29.07626207600015,29.076290595000046,1789785073.6037476,4,0.2,refresh,
,29.096389762999934,29.096414670000286,1789785073.6238751,4,0.2,refresh,
,29.11758363600029,29.11768991400004,1789785073.6450691,4,0.2,refresh,
,29.137857359999998,29.137937044999944,1789785073.6653428,4,0.2,refresh,
,29.158065880000322,29.158140639000067,1789785073.6855516,4,0.2,refresh,
,29.178253288000178,29.178313085000354,1789785073.7057388,4,0.2,refresh,
,29.198447012000088,29.19852945599996,1789785073.7259326,4,0.2,refresh,
,29.218665365000106,29.218716087000303,1789785073.746151,4,0.2,refresh,
,29.238806218000263,29.23882684800037,1789785073.7662914,4,0.2,refresh,
,29.258911515000364,29.258945164000124,1789785073.786397,4,0.2,refresh,
,29.27904149799997,29.279093442999965,1789785073.8065274,4,0.2,refresh,
,29.29918970300014,29.29922224000029,1789785073.8266752,4,0.2,refresh,
,29.31931874100019,29.319346686000245,1789785073.8468041,4,0.2,refresh,
,29.339440557000216,29.339467076000346,1789785073.8669257,4,0.2,refresh,
,29.359561354000107,29.35958696600028,1789785073.8870466,4,0.2,refresh,
,29.379684392999934,29.379716911000287,1789785073.9071698,4,0.2,refresh,
,29.399851283000316,29.39988561600012,1789785073.9273367,4,0.2,refresh,
,29.419993358000283,29.420040580000204,1789785073.947479,4,0.2,refresh,
,29.440140341000188,29.44017504400017,1789785073.9676256,4,0.2,refresh,
,29.460273731000143,29.460301064000305,1789785073.987759,4,0.2,refresh,
,29.48039580600016,29.480426565000016,1789785074.0078812,4,0.2,refresh,
,29.500522547999935,29.500548622000224,1789785074.028008,4,0.2,refresh,
,29.520647159999953,29.520702790000087,1789785074.0481327,4,0.2,refresh,
,29.540812032000304,29.540844976000244,1789785074.0682974,4,0.2,refresh,
,29.5609447920001,29.560978829000305,1789785074.0884302,4,0.2,refresh,
,29.58108507099996,29.581118607999997,1789785074.1085703,4,0.2,refresh,
,29.60121620200016,29.60124310900028,1789785074.1287017,4,0.2,refresh,
,29.621342258000368,29.621385073000056,1789785074.1488276,4,0.2,refresh,
,29.641493184999945,29.641522241000075,1789785074.1689787,4,0.2,refresh,
,29.661619094000343,29.66164548300003,1789785074.1891043,4,0.2,refresh,
,29.681739428000128,29.68176598400032,1789785074.2092247,4,0.2,refresh,
,29.70188133700003,29.701918133000163,1789785074.2293668,4,0.2,refresh,
,29.72202085700019,29.72204954200015,1789785074.2495062,4,0.2,refresh,
,29.742146691000016,29.742180265000115,1789785074.269632,4,0.2,refresh,
,29.762288600000375,29.762315728999965,1789785074.2897742,4,0.2,refresh,
,29.782412045,29.782438490000004,1789785074.3098974,4,0.2,refresh,
,29.802532324000367,29.802558379999937,1789785074.3300178,4,0.2,refresh,
,29.822652862000268,29.822678196000197,1789785074.3501384,4,0.2,refresh,
,29.84277345600003,29.84279927100033,1789785074.370259,4,0.2,refresh,
,29.86289619800027,29.862919919999968,1789785074.3903816,4,0.2,refresh,
,29.88301573600029,29.883048791999954,1789785074.410501,4,0.2,refresh,
,29.903153163000297,29.90318240400029,1789785074.4306386,4,0.2,refresh,
,29.92328709000003,29.92331629399996,1789785074.4507725,4,0.2,refresh,
,29.94342692500004,29.94346570300013,1789785074.4709122,4,0.2,refresh,
,29.963573722000092,29.963607630000297,1789785074.4910593,4,0.2,refresh,
,29.983713779000027,29.983750001000317,1789785074.5111992,4,0.2,refresh,
30.0,30.000071569000283,30.000098532000266,1789785074.527557,5,0.25,step,0.071569000283489
,30.020320774000083,30.02063484900009,1789785074.5478067,5,0.25,refresh,
,30.04088511000009,30.040949239000383,1789785074.5683706,5,0.25,refresh,
,30.06105375900006,30.061084074000064,1789785074.5885391,5,0.25,refresh,
,30.081182371000068,30.081212427000082,1789785074.6086679,5,0.25,refresh,
,30.10131328000034,30.101347613000144,1789785074.6287987,5,0.25,refresh,
,30.121444577000148,30.121504559000186,1789785074.64893,5,0.25,refresh,
,30.141606949000106,30.141657690000102,1789785074.6690927,5,0.25,refresh,
,30.16177100599998,30.161808858000313,1789785074.6892564,5,0.25,refresh,
,30.181909822000307,30.181942747999983,1789785074.7093952,5,0.25,refresh,
,30.20205052600022,30.202084841000215,1789785074.729536,5,0.25,refresh,
,30.222195379000368,30.222230528000182,1789785074.749681,5,0.25,refresh,
,30.242336770000293,30.242364121000264,1789785074.7698221,5,0.25,refresh,
,30.262461584999983,30.262488141000176,1789785074.7899468,5,0.25,refresh,
,30.282584809000127,30.28263884600028,1789785074.8100703,5,0.25,refresh,
,30.30273773600038,30.302766347000215,1789785074.830223,5,0.25,refresh,
,30.32286158900024,30.32288971900016,1789785074.850347,5,0.25,refresh,
,30.342985237999983,30.343011238000145,1789785074.8704708,5,0.25,refresh,
,30.363109758000064,30.36313420200031,1789785074.890595,5,0.25,refresh,
,30.383232017999944,30.383265128999938,1789785074.9107175,5,0.25,refresh,
,30.403363630000058,30.40339940800004,1789785074.930849,5,0.25,refresh,
,30.42349805799995,30.42352481700027,1789785074.9509835,5,0.25,refresh,
,30.443620633000137,30.443646670000362,1789785074.971106,5,0.25,refresh,
,30.46374146700009,30.463767819000168,1789785074.991227,5,0.25,refresh,
,30.483863246000055,30.483888931000365,1789785075.0113487,5,0.25,refresh,
,30.50398578400018,30.504012284000055,1789785075.031471,5,0.25,refresh,
,30.52418004500032,30.52425782299997,1789785075.0516658,5,0.25,refresh,
,30.54437017600003,30.54440471299995,1789785075.0718555,5,0.25,refresh,
,30.564513825000176,30.564546770000106,1789785075.0919993,5,0.25,refresh,
,30.584646604000227,30.58468277100019,1789785075.112132,5,0.25,refresh,
,30.604797679000058,30.604827457000283,1789785075.1322832,5,0.25,refresh,
,30.62493286600011,30.624986457999967,1789785075.1524184,5,0.25,refresh,
,30.645090237000204,30.645122108000123,1789785075.1725757,5,0.25,refresh,
,30.66521962700017,30.6652476270001,1789785075.192705,5,0.25,refresh,
,30.685350758000368,30.685377887999948,1789785075.212836,5,0.25,refresh,
,30.705475259000195,30.705508167000062,1789785075.2329607,5,0.25,refresh,
,30.72562135299995,30.725651483000092,1789785075.2531066,5,0.25,refresh,
,30.745750835000308,30.745783075999952,1789785075.2732363,5,0.25,refresh,
,30.765892263000296,30.765934985000058,1789785075.2933779,5,0.25,refresh,
,30.78603406000002,30.786062467000193,1789785075.3135195,5,0.25,refresh,
,30.806159302000196,30.80618745000038,1789785075.3336449,5,0.25,refresh,
,30.82628489600029,30.826311099000122,1789785075.3537703,5,0.25,refresh,
,30.846409341000253,30.84643387799997,1789785075.3738947,5,0.25,refresh,
,30.866528546000154,30.86655397200002,1789785075.394014,5,0.25,refresh,
,30.88665008399994,30.886682084000313,1789785075.4141355,5,0.25,refresh,
,30.90677953000022,30.90680614100029,1789785075.434265,5,0.25,refresh,
,30.926904382999965,30.926929272000052,1789785075.4543898,5,0.25,refresh,
,30.94702453200034,30.947049976000017,1789785075.4745097,5,0.25,refresh,
,30.96715194100034,30.96718158900012,1789785075.4946373,5,0.25,refresh,
,30.987289793999935,30.987322682000013,1789785075.5147753,5,0.25,refresh,
,31.00742125800025,31.00744925800018,1789785075.5349066,5,0.25,refresh,
,31.02754631400012,31.02757751800027,1789785075.5550318,5,0.25,refresh,
,31.04769135300012,31.04774179700007,1789785075.575177,5,0.25,refresh,
,31.06784413200012,31.06787446499993,1789785075.5953295,5,0.25,refresh,
,31.087972688000264,31.088002077000056,1789785075.615458,5,0.25,refresh,
,31.108099356000366,31.10812626300003,1789785075.6355848,5,0.25,refresh,
,31.128262672000346,31.128316820000236,1789785075.6557481,5,0.25,refresh,
,31.148426320999988,31.148459043999992,1789785075.6759117,5,0.25,refresh,
,31.16856550800003,31.168598397000096,1789785075.696051,5,0.25,refresh,
,31.188698638000005,31.188731564000136,1789785075.7161841,5,0.25,refresh,
,31.208880288000273,31.208941029000016,1789785075.736366,5,0.25,refresh,
,31.22905906699998,31.229120178000358,1789785075.7565446,5,0.25,refresh,
,31.249232105000374,31.249283827,1789785075.7767177,5,0.25,refresh,
,31.269404643000144,31.269460551000066,1789785075.79689,5,0.25,refresh,
,31.28960136700016,31.289655477999986,1789785075.817087,5,0.25,refresh,
,31.309763961000044,31.309795294000196,1789785075.8372493,5,0.25,refresh,
,31.32989503600038,31.329928203000236,1789785075.8573804,5,0.25,refresh,
,31.350047352000274,31.35008209300031,1789785075.8775327,5,0.25,refresh,
,31.37019009400001,31.37023133499997,1789785075.8976755,5,0.25,refresh,
,31.390344983999967,31.390394373000163,1789785075.9178305,5,0.25,refresh,
,31.41050933700035,31.41053563300011,1789785075.9379947,5,0.25,refresh,
,31.430632486000377,31.430662634000328,1789785075.958118,5,0.25,refresh,
,31.450761413000237,31.450787023999965,1789785075.978247,5,0.25,refresh,
,31.470884007000222,31.470910063000247,1789785075.9983692,5,0.25,refresh,
,31.491006119000303,31.4910321010002,1789785076.0184915,5,0.25,refresh,
,31.51113050899994,31.51115473200025,1789785076.0386157,5,0.25,refresh,
,31.531277399000373,31.531351177000033,1789785076.058763,5,0.25,refresh,
,31.551477456000157,31.55150641900036,1789785076.078963,5,0.25,refresh,
,31.57161160600026,31.57165617999999,1789785076.099097,5,0.25,refresh,
,31.591758033000133,31.591789107000295,1789785076.1192436,5,0.25,refresh,
,31.611894219000078,31.611921089000134,1789785076.1393797,5,0.25,refresh,
,31.632025090000297,31.632052924000163,1789785076.1595106,5,0.25,refresh,
,31.65214912900001,31.652175036000244,1789785076.1796343,5,0.25,refresh,
,31.672274056000333,31.6723020190002,1789785076.1997592,5,0.25,refresh,
,31.69240376100015,31.692440187000102,1789785076.2198892,5,0.25,refresh,
,31.712546836,31.712577280000005,1789785076.2400322,5,0.25,refresh,
,31.73268357799998,31.732746467000197,1789785076.260169,5,0.25,refresh,
,31.752858783000192,31.752892801000144,1789785076.2803442,5,0.25,refresh,
,31.772998895,31.7730287280001,1789785076.3004844,5,0.25,refresh,
,31.793125581000368,31.793152007000117,1789785076.320611,5,0.25,refresh,
,31.813249879000068,31.813273749000018,1789785076.3407352,5,0.25,refresh,
,31.833377806000044,31.833430158000283,1789785076.3608632,5,0.25,refresh,
,31.853534881000087,31.853567696000027,1789785076.38102,5,0.25,refresh,
,31.87366504900001,31.87369327100032,1789785076.4011505,5,0.25,refresh,
,31.893799512999976,31.893825328000275,1789785076.421285,5,0.25,refresh,
,31.91392882900027,31.913954366000326,1789785076.441414,5,0.25,refresh,
,31.934051626000382,31.9340848490001,1789785076.4615371,5,0.25,refresh,
,31.954183387000285,31.954210701000193,1789785076.481669,5,0.25,refresh,
,31.974311536000187,31.974351258000297,1789785076.5017972,5,0.25,refresh,
,31.994468462999976,31.99451018500031,1789785076.5219538,5,0.25,refresh,
,32.014621594000346,32.01466518699999,1789785076.542107,5,0.25,refresh,
,32.034767039000144,32.03479783600005,1789785076.5622525,5,0.25,refresh,
,32.054907430000185,32.05495109599997,1789785076.582393,5,0.25,refresh,
,32.075053690000004,32.07508113400036,1789785076.602539,5,0.25,refresh,
,32.09517819100029,32.095203932000004,1789785076.6226637,5,0.25,refresh,
,32.11531497000033,32.115367229000185,1789785076.6428003,5,0.25,refresh,
,32.13548756399996,32.135533842000314,1789785076.662973,5,0.25,refresh,
,32.155645065000044,32.155678232000355,1789785076.6831303,5,0.25,refresh,
,32.175776622000285,32.17580764000013,1789785076.7032619,5,0.25,refresh,
,32.195907271000124,32.195933771,1789785076.7233927,5,0.25,refresh,
,32.21604979099993,32.216091383000276,1789785076.7435353,5,0.25,refresh,
,32.236206162000144,32.23625347699999,1789785076.7636914,5,0.25,refresh,
,32.256364960000155,32.25641457100028,1789785076.7838504,5,0.25,refresh,
,32.27652729400006,32.27656664599999,1789785076.8040128,5,0.25,refresh,
,32.2967515360001,32.29684090699993,1789785076.8242373,5,0.25,refresh,
,32.31695070400019,32.31701190800004,1789785076.8444362,5,0.25,refresh,
,32.33711796500029,32.337152335000155,1789785076.8646033,5,0.25,refresh,
,32.35725698400029,32.3572883730003,1789785076.8847425,5,0.25,refresh,
,32.37739439300003,32.377428708000025,1789785076.9048798,5,0.25,refresh,
,32.39753565299998,32.3975787280001,1789785076.9250212,5,0.25,refresh,
,32.41768098800003,32.4177168770002,1789785076.9451666,5,0.25,refresh,
,32.43784165600027,32.437899286000174,1789785076.965327,5,0.25,refresh,
,32.45800328700034,32.458035139,1789785076.9854887,5,0.25,refresh,
,32.47813343600001,32.47816030600006,1789785077.0056186,5,0.25,refresh,
,32.498264567000206,32.49829165900019,1789785077.02575,5,0.25,refresh,
,32.5183934380002,32.518432901000324,1789785077.045879,5,0.25,refresh,
,32.538609624999935,32.538663810000344,1789785077.0660954,5,0.25,refresh,
,32.55873723700006,32.55877760700014,1789785077.0862226,5,0.25,refresh,
,32.57887799700029,32.57891227500022,1789785077.1063633,5,0.25,refresh,
,32.59900905400036,32.599039517000165,1789785077.1264944,5,0.25,refresh,
,32.61913455500007,32.619161648000045,1789785077.1466198,5,0.25,refresh,
,32.63925676000008,32.63928300099997,1789785077.166742,5,0.25,refresh,
,32.659377446000235,32.65940713200007,1789785077.186863,5,0.25,refresh,
,32.67951124399997,32.67954015100031,1789785077.2069967,5,0.25,refresh,
,32.699636503999955,32.699668097000085,1789785077.2271218,5,0.25,refresh,
,32.71977515400022,32.71980998700019,1789785077.2472606,5,0.25,refresh,
,32.7399187660003,32.73994947000028,1789785077.2674043,5,0.25,refresh,
,32.760046397000224,32.76007313700029,1789785077.2875319,5,0.25,refresh,
,32.78016930500007,32.780194787000255,1789785077.3076546,5,0.25,refresh,
,32.80028971399997,32.80031551000002,1789785077.327775,5,0.25,refresh,
,32.8204095670003,32.820435048000036,1789785077.3478951,5,0.25,refresh,
,32.84054121600002,32.840596568000365,1789785077.3680267,5,0.25,refresh,
,32.860710828000265,32.86075630999994,1789785077.388196,5,0.25,refresh,
,32.880860422000296,32.88088536600026,1789785077.408346,5,0.25,refresh,
,32.900977885999964,32.901006052999946,1789785077.4284635,5,0.25,refresh,
,32.92110479500025,32.92113829500022,1789785077.44859,5,0.25,refresh,
,32.94123611100031,32.94126338800015,1789785077.4687214,5,0.25,refresh,
,32.96136007500036,32.96138946400015,1789785077.4888456,5,0.25,refresh,
,32.98149287200022,32.98151996500019,1789785077.5089781,5,0.25,refresh,
,33.00161809500014,33.00164942900028,1789785077.5291033,5,0.25,refresh,
,33.021753448000254,33.02180885600001,1789785077.5492392,5,0.25,refresh,
,33.04192752400013,33.041982005000136,1789785077.5694132,5,0.25,refresh,
,33.062083969000014,33.06211282100003,1789785077.5895693,5,0.25,refresh,
,33.08220858200002,33.08223498899997,1789785077.609694,5,0.25,refresh,
,33.102328564000345,33.10235450900018,1789785077.629814,5,0.25,refresh,
,33.122454973,33.1225170470002,1789785077.6499405,5,0.25,refresh,
,33.14262782600008,33.14266388100032,1789785077.6701133,5,0.25,refresh,
,33.16278069700002,33.162816679000116,1789785077.6902661,5,0.25,refresh,
,33.18291610599999,33.18294484700027,1789785077.7104015,5,0.25,refresh,
,33.20304292200035,33.20307479200028,1789785077.7305284,5,0.25,refresh,
,33.2231719790002,33.22320559000036,1789785077.7506573,5,0.25,refresh,
,33.24331375800011,33.243348017000244,1789785077.7707992,5,0.25,refresh,
,33.26344605500026,33.26348833300017,1789785077.7909315,5,0.25,refresh,
,33.28358433400035,33.28362016700021,1789785077.8110697,5,0.25,refresh,
,33.30372787200031,33.303779057000156,1789785077.8312132,5,0.25,refresh,
,33.323898910000025,33.32394974399995,1789785077.8513844,5,0.25,refresh,
,33.34405163400015,33.34408107800027,1789785077.8715372,5,0.25,refresh,
,33.36418628299998,33.36421319100009,1789785077.8916717,5,0.25,refresh,
,33.38431056200034,33.38434230300027,1789785077.9117959,5,0.25,refresh,
,33.404441711000345,33.40447715600021,1789785077.931927,5,0.25,refresh,
,33.42457519400023,33.424602435,1789785077.9520607,5,0.25,refresh,
,33.4446980470002,33.4447316400001,1789785077.9721835,5,0.25,refresh,
,33.4648318630002,33.46485588099995,1789785077.9923172,5,0.25,refresh,
,33.484950716000185,33.48497623399999,1789785078.0124362,5,0.25,refresh,
,33.50507477300016,33.50509979100025,1789785078.03256,5,0.25,refresh,
,33.52520610700003,33.525247700000364,1789785078.0526917,5,0.25,refresh,
,33.54537301600021,33.545441164000295,1789785078.0728583,5,0.25,refresh,
,33.56554788700032,33.565593295000326,1789785078.0930333,5,0.25,refresh,
,33.58569416599994,33.585740517999966,1789785078.1131797,5,0.25,refresh,
,33.60584331600012,33.60587333400008,1789785078.1333287,5,0.25,refresh,
,33.6260142430001,33.62606905800021,1789785078.1534996,5,0.25,refresh,
,33.64617304000012,33.64620233699998,1789785078.1736584,5,0.25,refresh,
,33.66630509700008,33.666343060000145,1789785078.1937904,5,0.25,refresh,
,33.68644235700003,33.68647269100029,1789785078.2139277,5,0.25,refresh,
,33.70657052500019,33.70659787700015,1789785078.234056,5,0.25,refresh,
,33.726705804000176,33.72676010000032,1789785078.2541914,5,0.25,refresh,
,33.74687212000026,33.74692928700006,1789785078.274358,5,0.25,refresh,
,33.76704562100031,33.76707832500006,1789785078.294531,5,0.25,refresh,
,33.78717490000008,33.787203622000106,1789785078.3146603,5,0.25,refresh,
,33.807301179000206,33.807328549999966,1789785078.3347867,5,0.25,refresh,
,33.827426199,33.827452384000026,1789785078.3549116,5,0.25,refresh,
,33.84755653299999,33.847583533000034,1789785078.3750417,5,0.25,refresh,
,33.86768207100022,33.867715108000084,1789785078.3951676,5,0.25,refresh,
,33.88782355400008,33.88785114700022,1789785078.4153087,5,0.25,refresh,
,33.90794833300015,33.90797394400033,1789785078.4354336,5,0.25,refresh,
,33.928080963999946,33.92812326000012,1789785078.4555664,5,0.25,refresh,
,33.9482314830002,33.94826155800001,1789785078.4757168,5,0.25,refresh,
,33.96836153999993,33.96838805900006,1789785078.495847,5,0.25,refresh,
,33.988486189000014,33.98851141200021,1789785078.5159717,5,0.25,refresh,
,34.008608542000275,34.00863448700011,1789785078.536094,5,0.25,refresh,
,34.028733062000356,34.02875833999997,1789785078.5562184,5,0.25,refresh,
,34.04885391500011,34.0488794150001,1789785078.5763392,5,0.25,refresh,
,34.06898015700017,34.0690193610003,1789785078.5964656,5,0.25,refresh,
,34.08912171400016,34.089151528,1789785078.616607,5,0.25,refresh,
,34.10925599300026,34.109283659000084,1789785078.6367414,5,0.25,refresh,
,34.12939330900008,34.12943525300034,1789785078.656879,5,0.25,refresh,
,34.149569087000145,34.14961512500031,1789785078.6770544,5,0.25,refresh,
,34.16972747800037,34.169775052000205,1789785078.697213,5,0.25,refresh,
,34.18988173800017,34.18991283100013,1789785078.717367,5,0.25,refresh,
,34.21001429500029,34.21005246100003,1789785078.7374997,5,0.25,refresh,
,34.23019398099996,34.230255425999985,1789785078.7576797,5,0.25,refresh,
,34.250359871,34.25039274200026,1789785078.7778451,5,0.25,refresh,
,34.27048959500007,34.27051702100016,1789785078.797975,5,0.25,refresh,
,34.29064420700024,34.29073567000023,1789785078.8181298,5,0.25,refresh,
,34.3108750790002,34.31090593099998,1789785078.8383605,5,0.25,refresh,
,34.331013171999984,34.33105659800003,1789785078.8584986,5,0.25,refresh,
,34.35116708100031,34.35120056200003,1789785078.8786523,5,0.25,refresh,
,34.37129780400028,34.371325655999954,1789785078.8987832,5,0.25,refresh,
,34.39143345399998,34.39147863900007,1789785078.9189188,5,0.25,refresh,
,34.411580788000265,34.41160954700035,1789785078.9390662,5,0.25,refresh,
,34.43170499300004,34.43174099299995,1789785078.9591904,5,0.25,refresh,
,34.45184067900027,34.45186505000038,1789785078.979326,5,0.25,refresh,
,34.4719605690002,34.471986458000174,1789785078.999446,5,0.25,refresh,
,34.492082552000284,34.49210801500021,1789785079.019568,5,0.25,refresh,
,34.51221453500011,34.51225707200001,1789785079.0397,5,0.25,refresh,
,34.53237075800007,34.53240933200004,1789785079.0598562,5,0.25,refresh,
,34.55252296300023,34.552576259000034,1789785079.0800085,5,0.25,refresh,
,34.57269326000005,34.57274774200005,1789785079.1001787,5,0.25,refresh,
,34.59285598400038,34.59289346500009,1789785079.1203415,5,0.25,refresh,
,34.61304409600007,34.61309878100019,1789785079.1405296,5,0.25,refresh,
,34.63321850500006,34.63325072700036,1789785079.160704,5,0.25,refresh,
,34.653350154000236,34.65338732100008,1789785079.1808355,5,0.25,refresh,
,34.67349576600009,34.6735268780003,1789785079.2009811,5,0.25,refresh,
,34.69364380500019,34.69370552700002,1789785079.2211294,5,0.25,refresh,
,34.71384002800005,34.71386880599994,1789785079.2413254,5,0.25,refresh,
,34.73397277000004,34.73401649200014,1789785079.2614582,5,0.25,refresh,
,34.75411891900012,34.754148975000135,1789785079.2816043,5,0.25,refresh,
,34.77424673500036,34.7742732910001,1789785079.301732,5,0.25,refresh,
,34.79436988500038,34.79439540300018,1789785079.3218553,5,0.25,refresh,
,34.814494256000216,34.814518701,1789785079.3419797,5,0.25,refresh,
,34.834625813,34.834680609000316,1789785079.3621113,5,0.25,refresh,
,34.854783647000204,34.85481418400013,1789785079.382269,5,0.25,refresh,
,34.87492081500022,34.8749637410001,1789785079.4024065,5,0.25,refresh,
,34.89506572400023,34.89509303900013,1789785079.4225512,5,0.25,refresh,
,34.91519846500023,34.91522481700031,1789785079.442684,5,0.25,refresh,
,34.93533118899995,34.93537296700015,1789785079.4628167,5,0.25,refresh,
,34.95547502299996,34.95550517200036,1789785079.4829605,5,0.25,refresh,
,34.975603006000256,34.9756325620001,1789785079.5030885,5,0.25,refresh,
,34.99573343300017,34.995757952000076,1789785079.5232189,5,0.25,refresh,
,35.015853212000366,35.015880582000136,1789785079.5433385,5,0.25,refresh,
,35.03597658300032,35.03600269500021,1789785079.5634618,5,0.25,refresh,
,35.056098807000126,35.056124659000034,1789785079.5835843,5,0.25,refresh,
,35.07622767800012,35.0762661040003,1789785079.603713,5,0.25,refresh,
,35.09637066100004,35.09639912400007,1789785079.623856,5,0.25,refresh,
,35.11649788400018,35.116523773000154,1789785079.6439834,5,0.25,refresh,
,35.136651923000045,35.13674294100019,1789785079.6641374,5,0.25,refresh,
,35.15686218300016,35.15689257200029,1789785079.6843476,5,0.25,refresh,
,35.176993592000144,35.17702864700004,1789785079.704479,5,0.25,refresh,
,35.197138647999964,35.197167111,1789785079.7246242,5,0.25,refresh,
,35.21726939000018,35.217307205,1789785079.744755,5,0.25,refresh,
,35.23740735399997,35.23743679900008,1789785079.7648926,5,0.25,refresh,
,35.257533947999946,35.257560596000076,1789785079.7850194,5,0.25,refresh,
,35.27766891200008,35.2777280790001,1789785079.8051546,5,0.25,refresh,
,35.29786832100035,35.297946247000255,1789785079.8253536,5,0.25,refresh,
,35.318081304000316,35.318111989000045,1789785079.8455667,5,0.25,refresh,
,35.338221786000304,35.33827069400013,1789785079.8657072,5,0.25,refresh,
,35.35838273200034,35.35842728800026,1789785079.8858683,5,0.25,refresh,
,35.37852797400001,35.37856704800015,1789785079.9060135,5,0.25,refresh,
,35.398627382000086,35.39866393800003,1789785079.9261127,5,0.25,refresh,
,35.41873514300005,35.41876290200025,1789785079.9462206,5,0.25,refresh,
,35.43885697700034,35.43888308800024,1789785079.9663424,5,0.25,refresh,
,35.458976867000274,35.4590030710001,1789785079.986462,5,0.25,refresh,
,35.479101034999985,35.479124942,1789785080.0065863,5,0.25,refresh,
,35.49921824000012,35.49924344400006,1789785080.0267036,5,0.25,refresh,
,35.51933716700023,35.51936268500003,1789785080.0468225,5,0.25,refresh,
,35.53946216800023,35.53951427900029,1789785080.0669477,5,0.25,refresh,
,35.55961496600003,35.55964572500034,1789785080.0871005,5,0.25,refresh,
,35.57975083700012,35.57979413300018,1789785080.1072364,5,0.25,refresh,
,35.59989409700029,35.599924190000365,1789785080.1273794,5,0.25,refresh,
,35.620020858000316,35.62004789499997,1789785080.1475062,5,0.25,refresh,
,35.64014734000011,35.640179878000254,1789785080.1676326,5,0.25,refresh,
,35.66027785999995,35.660304656000335,1789785080.1877632,5,0.25,refresh,
,35.680410546000076,35.68044249100012,1789785080.207896,5,0.25,refresh,
,35.70053965900024,35.70056767699998,1789785080.2280252,5,0.25,refresh,
,35.72066440100025,35.72069388199998,1789785080.2481499,5,0.25,refresh,
,35.74080297599994,35.7408373090002,1789785080.2682884,5,0.25,refresh,
,35.760957107000195,35.76099662500019,1789785080.2884426,5,0.25,refresh,
,35.78109608900013,35.781144293000125,1789785080.3085814,5,0.25,refresh,
,35.801242813000044,35.80127083100024,1789785080.3287284,5,0.25,refresh,
,35.82136833200002,35.82139753599995,1789785080.3488538,5,0.25,refresh,
,35.84149514800038,35.841521834000105,1789785080.3689804,5,0.25,refresh,
,35.86161820500001,35.86164426100004,1789785080.3891037,5,0.25,refresh,
,35.88173915100015,35.88176465100014,1789785080.4092245,5,0.25,refresh,
,35.901860854999995,35.901894429000095,1789785080.4293463,5,0.25,refresh,
,35.92199980100031,35.92202941200003,1789785080.4494853,5,0.25,refresh,
,35.9421289500001,35.94216174700023,1789785080.4696143,5,0.25,refresh,
,35.96226365500024,35.96229185900029,1789785080.489749,5,0.25,refresh,
,35.98238841500006,35.98241524900004,1789785080.5098739,5,0.25,refresh,
36.0,36.00007124500007,36.00009731900036,1789785080.5275567,6,0.3,step,0.07124500007194001
,36.02028839500008,36.02062241400017,1789785080.547776,6,0.3,refresh,
,36.04134015700038,36.04141552700003,1789785080.5688255,6,0.3,refresh,
,36.061532121000255,36.06159436200005,1789785080.5890176,6,0.3,refresh,
,36.08170010399999,36.08174297400001,1789785080.6091855,6,0.3,refresh,
,36.10184273499999,36.1018736420001,1789785080.629328,6,0.3,refresh,
,36.12197608800034,36.12201719900031,1789785080.6494615,6,0.3,refresh,
,36.14212077399998,36.142175663000216,1789785080.6696064,6,0.3,refresh,
,36.16230558999996,36.162350423000134,1789785080.689791,6,0.3,refresh,
,36.18245199900002,36.18249020200028,1789785080.7099376,6,0.3,refresh,
,36.20258857399995,36.20262220400036,1789785080.730074,6,0.3,refresh,
,36.22272805600005,36.22276672299995,1789785080.7502134,6,0.3,refresh,
,36.24286453900004,36.24289335399999,1789785080.7703497,6,0.3,refresh,
,36.26300083700016,36.263034855000114,1789785080.7904863,6,0.3,refresh,
,36.28313320799998,36.28316143000029,1789785080.8106186,6,0.3,refresh,
,36.30325958000003,36.30331561699995,1789785080.830745,6,0.3,refresh,
,36.32341617300017,36.32345272900011,1789785080.8509018,6,0.3,refresh,
,36.343559081999956,36.34359323000035,1789785080.8710444,6,0.3,refresh,
,36.363697009000134,36.363737805000255,1789785080.8911824,6,0.3,refresh,
,36.383838344000196,36.38387515800014,1789785080.9113235,6,0.3,refresh,
,36.40397595600007,36.40401197400024,1789785080.9314613,6,0.3,refresh,
,36.42411067900002,36.424140308999995,1789785080.951596,6,0.3,refresh,
,36.4442371250002,36.444265588000235,1789785080.9717226,6,0.3,refresh,
,36.464364496000144,36.464390256000115,1789785080.99185,6,0.3,refresh,
,36.4844864050001,36.4845141640003,1789785081.011972,6,0.3,refresh,
,36.5046106650002,36.50463836900008,1789785081.032096,6,0.3,refresh,
,36.52473466600031,36.524764185000095,1789785081.05222,6,0.3,refresh,
,36.54487611200011,36.54493366800034,1789785081.0723615,6,0.3,refresh,
,36.565037058000144,36.56506737200016,1789785081.0925224,6,0.3,refresh,
,36.58517863299994,36.58521822500006,1789785081.112664,6,0.3,refresh,
,36.605330374999994,36.605394912000065,1789785081.1328158,6,0.3,refresh,
,36.625511394000114,36.625562080000236,1789785081.1529968,6,0.3,refresh,
,36.64567287700038,36.645704988000034,1789785081.1731584,6,0.3,refresh,
,36.66581748900035,36.66585395200036,1789785081.193303,6,0.3,refresh,
,36.685951305000344,36.685981343000094,1789785081.2134366,6,0.3,refresh,
,36.706081195000024,36.706107566000355,1789785081.2335668,6,0.3,refresh,
,36.7262140480002,36.72625577100007,1789785081.2536995,6,0.3,refresh,
,36.74635816099999,36.746384883000246,1789785081.2738435,6,0.3,refresh,
,36.766479643000366,36.76650634700036,1789785081.293965,6,0.3,refresh,
,36.786601533000066,36.786626663000334,1789785081.314087,6,0.3,refresh,
,36.806729034,36.80675559000019,1789785081.3342144,6,0.3,refresh,
,36.8268518320001,36.82687748000035,1789785081.3543372,6,0.3,refresh,
,36.84697435199996,36.846998092000376,1789785081.3744597,6,0.3,refresh,
,36.86709198200015,36.86711672299998,1789785081.3945775,6,0.3,refresh,
,36.88721215000032,36.88723726100034,1789785081.4146974,6,0.3,refresh,
,36.907340059000035,36.907380540000304,1789785081.4348254,6,0.3,refresh,
,36.92749011500018,36.92753048600025,1789785081.4549756,6,0.3,refresh,
,36.947629839,36.9476596720001,1789785081.4751153,6,0.3,refresh,
,36.96775615500019,36.96778298800018,1789785081.4952414,6,0.3,refresh,
,36.98788004500011,36.987906286,1789785081.5153654,6,0.3,refresh,
,37.00800032400002,37.008025546000226,1789785081.5354857,6,0.3,refresh,
,37.02812365800037,37.02815810300035,1789785081.555609,6,0.3,refresh,
,37.04825899300022,37.04828525200037,1789785081.5757442,6,0.3,refresh,
,37.06839034600034,37.068427086000156,1789785081.5958757,6,0.3,refresh,
,37.08852993900018,37.08855825399996,1789785081.6160154,6,0.3,refresh,
,37.108656939999946,37.10868295900036,1789785081.6361423,6,0.3,refresh,
,37.12879190500007,37.12883416400018,1789785081.6562772,6,0.3,refresh,
,37.14897201700023,37.149026980000144,1789785081.6764574,6,0.3,refresh,
,37.16912623999997,37.169155518000025,1789785081.6966116,6,0.3,refresh,
,37.189251223000156,37.1892814820003,1789785081.7167366,6,0.3,refresh,
,37.209420761000274,37.209511447000295,1789785081.7369063,6,0.3,refresh,
,37.229639300000144,37.22969031799994,1789785081.757125,6,0.3,refresh,
,37.24980028200025,37.249829393000255,1789785081.7772856,6,0.3,refresh,
,37.26992565399996,37.26995496900008,1789785081.797411,6,0.3,refresh,
,37.29005906200018,37.29009778499994,1789785081.8175445,6,0.3,refresh,
,37.310209341000245,37.31025786000009,1789785081.8376946,6,0.3,refresh,
,37.330368657000236,37.330416120000336,1789785081.8578541,6,0.3,refresh,
,37.350525455000025,37.35055480700021,1789785081.878011,6,0.3,refresh,
,37.37065119700037,37.37067878900007,1789785081.8981366,6,0.3,refresh,
,37.390791253000316,37.390832198000226,1789785081.9182765,6,0.3,refresh,
,37.410939477000284,37.41098119900016,1789785081.9384248,6,0.3,refresh,
,37.43108175600037,37.43111081100005,1789785081.9585671,6,0.3,refresh,
,37.45121003500026,37.451236405000145,1789785081.9786954,6,0.3,refresh,
,37.47133309100036,37.4713621840001,1789785081.9988186,6,0.3,refresh,
,37.49146085200027,37.49148983300029,1789785082.0189464,6,0.3,refresh,
,37.51158935300009,37.51161411200019,1789785082.039075,6,0.3,refresh,
,37.53173031699998,37.531771928000126,1789785082.0592158,6,0.3,refresh,
,37.551904837000166,37.55197259600027,1789785082.0793903,6,0.3,refresh,
,37.57207809700003,37.57211311600031,1789785082.0995636,6,0.3,refresh,
,37.59221767200006,37.59225671000013,1789785082.119703,6,0.3,refresh,
,37.612365598999986,37.61239365500023,1789785082.139851,6,0.3,refresh,
,37.63249719300029,37.632523934000346,1789785082.1599827,6,0.3,refresh,
,37.65262584300035,37.652666212999975,1789785082.1801114,6,0.3,refresh,
,37.67276697300031,37.672795362000215,1789785082.2002525,6,0.3,refresh,
,37.69289201200036,37.69291806699994,1789785082.2203774,6,0.3,refresh,
,37.71301608700014,37.71304077200011,1789785082.2405014,6,0.3,refresh,
,37.73314660599999,37.73318884700029,1789785082.260632,6,0.3,refresh,
,37.75328818200023,37.753315552000004,1789785082.2807736,6,0.3,refresh,
,37.77341236800021,37.77343883100002,1789785082.3008978,6,0.3,refresh,
,37.79353481299995,37.793559924999954,1789785082.3210201,6,0.3,refresh,
,37.81369616700022,37.813803185000324,1789785082.3411818,6,0.3,refresh,
,37.83392877899996,37.83397261200025,1789785082.3614142,6,0.3,refresh,
,37.85407415100008,37.854105464999975,1789785082.3815596,6,0.3,refresh,
,37.87420348500018,37.87423131800006,1789785082.4016888,6,0.3,refresh,
,37.894327430999965,37.89435346800019,1789785082.4218128,6,0.3,refresh,
,37.914451765000194,37.91447650600003,1789785082.4419372,6,0.3,refresh,
,37.93458541400014,37.93462913700023,1789785082.4620707,6,0.3,refresh,
,37.95472991600036,37.95475924900029,1789785082.4822154,6,0.3,refresh,
,37.97485650900035,37.97488260199998,1789785082.502342,6,0.3,refresh,
,37.99497860300016,37.9950039360001,1789785082.522464,6,0.3,refresh,
,38.01509866000015,38.01512423400027,1789785082.5425842,6,0.3,refresh,
,38.03521943900023,38.03524501300035,1789785082.5627048,6,0.3,refresh,
,38.055340588000035,38.05536595800004,1789785082.582826,6,0.3,refresh,
,38.07546392200038,38.07549394100033,1789785082.6029494,6,0.3,refresh,
,38.09559323800022,38.09561844200016,1789785082.6230786,6,0.3,refresh,
,38.11571472100013,38.115747128000294,1789785082.6432,6,0.3,refresh,
,38.13588120400027,38.135970593000366,1789785082.6633666,6,0.3,refresh,
,38.156094186000246,38.15613885300036,1789785082.6835797,6,0.3,refresh,
,38.17624424300038,38.17628572500007,1789785082.7037296,6,0.3,refresh,
,38.196390818000054,38.19642635500031,1789785082.723876,6,0.3,refresh,
,38.21652485599998,38.21655430100009,1789785082.7440102,6,0.3,refresh,
,38.23665826500019,38.23670539500017,1789785082.7641437,6,0.3,refresh,
,38.25682148800024,38.25685376599995,1789785082.784307,6,0.3,refresh,
,38.27695726699994,38.276984601000095,1789785082.8044426,6,0.3,refresh,
,38.297081398000046,38.297110471999986,1789785082.8245668,6,0.3,refresh,
,38.317263622000155,38.31732997400013,1789785082.8447492,6,0.3,refresh,
,38.33744371500006,38.33748634500034,1789785082.864929,6,0.3,refresh,
,38.357585439000104,38.35761847599997,1789785082.8850708,6,0.3,refresh,
,38.377731309999945,38.37777627300011,1789785082.9052167,6,0.3,refresh,
,38.397906349000095,38.39794746000007,1789785082.925392,6,0.3,refresh,
,38.41808505400013,38.41817079400016,1789785082.9455705,6,0.3,refresh,
,38.43829285100037,38.43835748100037,1789785082.9657784,6,0.3,refresh,
,38.45848048200014,38.45854850100022,1789785082.985966,6,0.3,refresh,
,38.47864546500023,38.478676761000315,1789785083.006131,6,0.3,refresh,
,38.498734281,38.49876250300031,1789785083.0262198,6,0.3,refresh,
,38.51885615200035,38.51888485600011,1789785083.0463417,6,0.3,refresh,
,38.53897869000002,38.53900681999994,1789785083.066464,6,0.3,refresh,
,38.55910358000028,38.559148710000045,1789785083.0865889,6,0.3,refresh,
,38.57924730400009,38.57928397000023,1789785083.1067328,6,0.3,refresh,
,38.59937989700029,38.599410638000336,1789785083.1268651,6,0.3,refresh,
,38.61950513900001,38.61953273200015,1789785083.1469905,6,0.3,refresh,
,38.63963001100001,38.63966375200016,1789785083.1671154,6,0.3,refresh,
,38.65976086399996,38.6597891790002,1789785083.1872463,6,0.3,refresh,
,38.67988866099995,38.67991447600025,1789785083.207374,6,0.3,refresh,
,38.70000988500033,38.70003673600013,1789785083.2274952,6,0.3,refresh,
,38.72013353400007,38.720160515000316,1789785083.247619,6,0.3,refresh,
,38.74026407200017,38.74029155400012,1789785083.2677493,6,0.3,refresh,
,38.76038985100013,38.76041503600027,1789785083.2878752,6,0.3,refresh,
,38.780509277999954,38.78053563000003,1789785083.3079946,6,0.3,refresh,
,38.80063050100034,38.80065837200027,1789785083.3281157,6,0.3,refresh,
,38.82075341000018,38.82077994700012,1789785083.348239,6,0.3,refresh,
,38.840875762999985,38.84090257800017,1789785083.3683612,6,0.3,refresh,
,38.86099796799999,38.86102435700013,1789785083.3884833,6,0.3,refresh,
,38.88112439500037,38.881155413000215,1789785083.4086099,6,0.3,refresh,
,38.90125254400027,38.901280729000064,1789785083.428738,6,0.3,refresh,
,38.92137928600005,38.921404990000156,1789785083.4488647,6,0.3,refresh,
,38.941504398000234,38.94153921299994,1789785083.4689896,6,0.3,refresh,
,38.961636435999935,38.96166641800028,1789785083.4891217,6,0.3,refresh,
,38.98177027100019,38.98180058600019,1789785083.5092556,6,0.3,refresh,
,39.001897550000194,39.00192601300023,1789785083.529383,6,0.3,refresh,
,39.02204164300019,39.02207973600025,1789785083.549527,6,0.3,refresh,
,39.04217358899996,39.0422125340001,1789785083.569659,6,0.3,refresh,
,39.062325868000244,39.062372849999974,1789785083.5898116,6,0.3,refresh,
,39.08247407299996,39.08250688800035,1789785083.6099594,6,0.3,refresh,
,39.10260346300038,39.10263133300032,1789785083.630089,6,0.3,refresh,
,39.12273079700026,39.12276633500005,1789785083.650216,6,0.3,refresh,
,39.14288683600034,39.14294002099996,1789785083.6703722,6,0.3,refresh,
,39.1630481330003,39.163101393000034,1789785083.6905336,6,0.3,refresh,
,39.18322620800018,39.18326620900007,1789785083.7107115,6,0.3,refresh,
,39.20336156100029,39.20339295000031,1789785083.730847,6,0.3,refresh,
,39.223489896000046,39.223518284999955,1789785083.7509751,6,0.3,refresh,
,39.24362619300018,39.24366241600001,1789785083.7711117,6,0.3,refresh,
,39.26376269499997,39.26379904600026,1789785083.791248,6,0.3,refresh,
,39.283906011,39.283935159000066,1789785083.8113916,6,0.3,refresh,
,39.30403130800005,39.30406184499998,1789785083.8315167,6,0.3,refresh,
,39.32416332799994,39.32421571700024,1789785083.8516488,6,0.3,refresh,
,39.34432419900031,39.34436255100036,1789785083.8718095,6,0.3,refresh,
,39.36445988600008,39.364493830000356,1789785083.8919451,6,0.3,refresh,
,39.384601535,39.384638739000366,1789785083.912087,6,0.3,refresh,
,39.40474346200017,39.40478736900013,1789785083.9322288,6,0.3,refresh,
,39.42490237100037,39.42496200000005,1789785083.9523878,6,0.3,refresh,
,39.44506589000002,39.44509981600004,1789785083.972551,6,0.3,refresh,
,39.46519768799999,39.46522624299996,1789785083.992683,6,0.3,refresh,
,39.485330115000124,39.485358652000286,1789785084.0128157,6,0.3,refresh,
,39.50545606000014,39.50548437500038,1789785084.0329416,6,0.3,refresh,
,39.525581913000224,39.52561050600025,1789785084.0530672,6,0.3,refresh,
,39.54570734000026,39.54574321100017,1789785084.0731926,6,0.3,refresh,
,39.56588237899996,39.565933916000176,1789785084.0933678,6,0.3,refresh,
,39.58604515800016,39.58608662100005,1789785084.1135306,6,0.3,refresh,
,39.60618786300029,39.60622793700031,1789785084.1336732,6,0.3,refresh,
,39.62633938199997,39.626396270999976,1789785084.1538248,6,0.3,refresh,
,39.646508365000045,39.64654827200002,1789785084.1739938,6,0.3,refresh,
,39.666647422000096,39.66667945900008,1789785084.1941328,6,0.3,refresh,
,39.68674796000005,39.686800145000234,1789785084.2142334,6,0.3,refresh,
,39.70690394200028,39.70693885000037,1789785084.2343893,6,0.3,refresh,
,39.727037018000374,39.727066813999954,1789785084.2545223,6,0.3,refresh,
,39.74717531500028,39.747234037,1789785084.2746606,6,0.3,refresh,
,39.76733481600013,39.76737320500024,1789785084.29482,6,0.3,refresh,
,39.787471095,39.78750194700024,1789785084.3149564,6,0.3,refresh,
,39.807595540999955,39.80762409600038,1789785084.3350809,6,0.3,refresh,
,39.82772733799993,39.82775565300017,1789785084.3552127,6,0.3,refresh,
,39.84785222800019,39.84787985799994,1789785084.3753378,6,0.3,refresh,
,39.86797532200035,39.868002248000266,1789785084.3954606,6,0.3,refresh,
,39.888098507999985,39.88813247100006,1789785084.415584,6,0.3,refresh,
,39.90823056499994,39.90826013900005,1789785084.435716,6,0.3,refresh,
,39.92835986199998,39.928385900000194,1789785084.4558454,6,0.3,refresh,
,39.948487918999945,39.94851982700038,1789785084.4759734,6,0.3,refresh,
,39.96862014199996,39.9686521980002,1789785084.4961054,6,0.3,refresh,
,39.98874803300032,39.98877738400006,1789785084.5162334,6,0.3,refresh,
,40.00887823700032,40.008904478000204,1789785084.5363636,6,0.3,refresh,
,40.02900120100003,40.02902994200031,1789785084.5564866,6,0.3,refresh,
,40.049130573000184,40.04915959200025,1789785084.576616,6,0.3,refresh,
,40.06925507400001,40.06928301900007,1789785084.5967407,6,0.3,refresh,
,40.089400279000074,40.0894454270001,1789785084.6168857,6,0.3,refresh,
,40.10954800200034,40.10957926200035,1789785084.6370335,6,0.3,refresh,
,40.129685559000336,40.129732096000225,1789785084.657171,6,0.3,refresh,
,40.14984265300018,40.14987163400019,1789785084.677328,6,0.3,refresh,
,40.16997363500013,40.17003415399995,1789785084.6974592,6,0.3,refresh,
,40.190162192000116,40.190209674000016,1789785084.7176476,6,0.3,refresh,
,40.210312953000084,40.21037289700007,1789785084.7377985,6,0.3,refresh,
,40.23048528700019,40.230543584000316,1789785084.7579706,6,0.3,refresh,
,40.25065138100035,40.25070151099999,1789785084.7781367,6,0.3,refresh,
,40.27081712300014,40.270852586000274,1789785084.7983024,6,0.3,refresh,
,40.29094929100029,40.290979808999964,1789785084.8184347,6,0.3,refresh,
,40.31114547700008,40.311227070000314,1789785084.8386312,6,0.3,refresh,
,40.33134636700015,40.33138794200022,1789785084.858832,6,0.3,refresh,
,40.35150890600016,40.3515425720002,1789785084.8789942,6,0.3,refresh,
,40.37163886999997,40.37167053700023,1789785084.8991241,6,0.3,refresh,
,40.391770223000094,40.39180551900017,1789785084.9192555,6,0.3,refresh,
,40.41191198300021,40.41194118700014,1789785084.9393973,6,0.3,refresh,
,40.4320490580003,40.43208305899998,1789785084.9595344,6,0.3,refresh,
,40.45218428199996,40.452221634000125,1789785084.9796698,6,0.3,refresh,
,40.47232107900027,40.472350283000196,1789785084.9998064,6,0.3,refresh,
,40.492448117000094,40.49247550600012,1789785085.0199335,6,0.3,refresh,
,40.51260176699998,40.512680341000305,1789785085.0400872,6,0.3,refresh,
,40.532813638000334,40.53287093500012,1789785085.0602996,6,0.3,refresh,
,40.552969157999996,40.553015547000086,1789785085.0804546,6,0.3,refresh,
,40.57311536299994,40.57317341900034,1789785085.1006012,6,0.3,refresh,
,40.59327504900011,40.59332329000017,1789785085.1207607,6,0.3,refresh,
,40.613430791000155,40.61346444000037,1789785085.140916,6,0.3,refresh,
,40.633566478000375,40.633609385,1789785085.161052,6,0.3,refresh,
,40.65370796000025,40.65375022000035,1789785085.1811936,6,0.3,refresh,
,40.67384829499997,40.673877128000186,1789785085.2013338,6,0.3,refresh,
,40.69397961100003,40.694018278000385,1789785085.221465,6,0.3,refresh,
,40.71412624200002,40.71415833400033,1789785085.2416115,6,0.3,refresh,
,40.73425616900022,40.73428478000005,1789785085.2617416,6,0.3,refresh,
,40.75438259600014,40.75441148500022,1789785085.281868,6,0.3,refresh,
,40.77451006000001,40.77454039300028,1789785085.3019955,6,0.3,refresh,
,40.794645931000105,40.79467363499998,1789785085.3221312,6,0.3,refresh,
,40.81474024700037,40.81479522900008,1789785085.3422256,6,0.3,refresh,
,40.83491750800022,40.83495137800037,1789785085.362403,6,0.3,refresh,
,40.85504750900009,40.85508060200027,1789785085.3825328,6,0.3,refresh,
,40.87518280600034,40.875224103000164,1789785085.4026682,6,0.3,refresh,
,40.89532828900019,40.89536882600032,1789785085.4228137,6,0.3,refresh,
,40.915472846000284,40.91551145700032,1789785085.4429584,6,0.3,refresh,
,40.93561366200038,40.93565075400011,1789785085.4630992,6,0.3,refresh,
,40.95574394100004,40.95578623700021,1789785085.4832294,6,0.3,refresh,
,40.975898238000354,40.9759430160002,1789785085.5033839,6,0.3,refresh,
,40.99604685000031,40.99607527600028,1789785085.5235324,6,0.3,refresh,
,41.01617548100012,41.01620579600012,1789785085.5436609,6,0.3,refresh,
,41.03632350099997,41.03635092700006,1789785085.5638087,6,0.3,refresh,
,41.05644752000035,41.05647398300016,1789785085.5839329,6,0.3,refresh,
,41.076569596000354,41.07659731800004,1789785085.604055,6,0.3,refresh,
,41.09670446700011,41.09675620799999,1789785085.6241899,6,0.3,refresh,
,41.116862265000236,41.1168960240002,1789785085.6443477,6,0.3,refresh,
,41.13700082100013,41.13704352500008,1789785085.6644862,6,0.3,refresh,
,41.157175526000174,41.15726548900011,1789785085.684661,6,0.3,refresh,
,41.17738893500018,41.177434343000186,1789785085.7048743,6,0.3,refresh,
,41.19755554700032,41.197593676999986,1789785085.725041,6,0.3,refresh,
,41.21768928900019,41.21773219700026,1789785085.745175,6,0.3,refresh,
,41.237831512999946,41.237864253000225,1789785085.765317,6,0.3,refresh,
,41.25796312500006,41.257992236000064,1789785085.7854486,6,0.3,refresh,
,41.278098366999984,41.27813779300004,1789785085.805584,6,0.3,refresh,
,41.298246609000216,41.29827940500036,1789785085.825732,6,0.3,refresh,
,41.318502036000154,41.3185588880001,1789785085.8459878,6,0.3,refresh,
,41.338656519000324,41.33869288899996,1789785085.866142,6,0.3,refresh,
,41.358798148999995,41.358836798000084,1789785085.8862836,6,0.3,refresh,
,41.378935428000204,41.37897287300029,1789785085.9064207,6,0.3,refresh,
,41.39907200400012,41.3991089670003,1789785085.9265575,6,0.3,refresh,
,41.41920717100038,41.41924937500016,1789785085.9466927,6,0.3,refresh,
,41.43934972800025,41.439389136000045,1789785085.9668353,6,0.3,refresh,
,41.459489470000335,41.45952622899995,1789785085.986975,6,0.3,refresh,
,41.47962369300012,41.47965817500017,1789785086.0071092,6,0.3,refresh,
,41.499755306000225,41.49978458400028,1789785086.0272408,6,0.3,refresh,
,41.519884492000074,41.519921418000195,1789785086.04737,6,0.3,refresh,
,41.540022086000135,41.54005730800009,1789785086.0675075,6,0.3,refresh,
,41.5601653650001,41.56021801299994,1789785086.0876508,6,0.3,refresh,
,41.580321124999955,41.58036345900018,1789785086.1078064,6,0.3,refresh,
,41.60046258900002,41.60049273699997,1789785086.127948,6,0.3,refresh,
,41.62058870200008,41.620616368000356,1789785086.148074,6,0.3,refresh,
,41.64071325800023,41.64075361000005,1789785086.1681986,6,0.3,refresh,
,41.66086098200003,41.66089296300015,1789785086.1883464,6,0.3,refresh,
,41.680991779000124,41.68102283500002,1789785086.2084773,6,0.3,refresh,
,41.701120575999994,41.70114891000003,1789785086.228606,6,0.3,refresh,
,41.721246300000075,41.72127426299994,1789785086.2487316,6,0.3,refresh,
,41.74137683800018,41.74140768999996,1789785086.2688622,6,0.3,refresh,
,41.76150504299994,41.76153289500007,1789785086.2889905,6,0.3,refresh,
,41.78162889600026,41.781655674000376,1789785086.3091145,6,0.3,refresh,
,41.80175397100038,41.801782323000225,1789785086.3292394,6,0.3,refresh,
,41.82187836100002,41.821906417000264,1789785086.3493638,6,0.3,refresh,
,41.842001770000024,41.842030010000144,1789785086.369487,6,0.3,refresh,
,41.86212797400003,41.862154419000035,1789785086.3896134,6,0.3,refresh,
,41.88225212399993,41.882284772000276,1789785086.4097376,6,0.3,refresh,
,41.90238253200005,41.90241282900024,1789785086.429868,6,0.3,refresh,
,41.92250931100034,41.92253744100026,1789785086.4499948,6,0.3,refresh,
,41.94263368300017,41.94266129400012,1789785086.4701192,6,0.3,refresh,
,41.96275957300031,41.96278523900037,1789785086.4902449,6,0.3,refresh,
,41.9828824440001,41.98291564800002,1789785086.5103676,6,0.3,refresh,
42.0,42.00007482900037,42.00010886600012,1789785086.5275602,7,0.35,step,0.0748290003684815
,42.02032573700035,42.020585626999946,1789785086.5478127,7,0.35,refresh,
,42.04076814700011,42.04082057300002,1789785086.5682535,7,0.35,refresh,
,42.06091285100001,42.06095425900003,1789785086.5883982,7,0.35,refresh,
,42.081057649000286,42.0810992050001,1789785086.608543,7,0.35,refresh,
,42.10119813200026,42.10122903900037,1789785086.6286836,7,0.35,refresh,
,42.12133392900023,42.12136329900022,1789785086.6488192,7,0.35,refresh,
,42.141462689000036,42.141498818999935,1789785086.6689482,7,0.35,refresh,
,42.16163357999994,42.16168230200037,1789785086.6891189,7,0.35,refresh,
,42.181786062000356,42.18183289600029,1789785086.7092717,7,0.35,refresh,
,42.20193624900003,42.20196800800022,1789785086.7294216,7,0.35,refresh,
,42.222064861000035,42.22209752800018,1789785086.7495503,7,0.35,refresh,
,42.24219701000038,42.242224288000216,1789785086.7696824,7,0.35,refresh,
,42.26232093700037,42.26235171500002,1789785086.7898064,7,0.35,refresh,
,42.28244697500031,42.282475716000135,1789785086.8099322,7,0.35,refresh,
,42.302570625000044,42.30259792100014,1789785086.830056,7,0.35,refresh,
,42.32269664400019,42.32275199600008,1789785086.8501818,7,0.35,refresh,
,42.342853368000306,42.34289116400032,1789785086.870339,7,0.35,refresh,
,42.36299631300017,42.363026165000065,1789785086.8904817,7,0.35,refresh,
,42.383123463000175,42.38316037000004,1789785086.910609,7,0.35,refresh,
,42.403257334000045,42.4032866120001,1789785086.9307427,7,0.35,refresh,
,42.42338278000034,42.42341083500014,1789785086.9508681,7,0.35,refresh,
,42.443514207000135,42.44354118800038,1789785086.9709995,7,0.35,refresh,
,42.463640337000015,42.46367324500034,1789785086.9911258,7,0.35,refresh,
,42.4837761900003,42.48380728300026,1789785087.0112617,7,0.35,refresh,
,42.50390535800034,42.503937303000384,1789785087.0313907,7,0.35,refresh,
,42.52403830399999,42.524079841,1789785087.0515237,7,0.35,refresh,
,42.54418084200006,42.54421710099996,1789785087.0716662,7,0.35,refresh,
,42.56434943600016,42.56439534300034,1789785087.0918348,7,0.35,refresh,
,42.58449673300038,42.58453893700016,1789785087.111982,7,0.35,refresh,
,42.60463703100004,42.60466784600021,1789785087.1321223,7,0.35,refresh,
,42.62474018000012,42.62479369900029,1789785087.1522257,7,0.35,refresh,
,42.644896144000086,42.644936941000196,1789785087.1723814,7,0.35,refresh,
,42.66503614500016,42.66507079400026,1789785087.1925216,7,0.35,refresh,
,42.68516853500023,42.68519877600011,1789785087.2126539,7,0.35,refresh,
,42.705295888000364,42.70532405500035,1789785087.2327814,7,0.35,refresh,
,42.72541933399998,42.72544687100026,1789785087.2529047,7,0.35,refresh,
,42.745555298,42.74560390900024,1789785087.273041,7,0.35,refresh,
,42.76570531800007,42.765746929000215,1789785087.2931907,7,0.35,refresh,
,42.785844392999934,42.78587274500023,1789785087.3133297,7,0.35,refresh,
,42.80597015300009,42.80599869000025,1789785087.3334556,7,0.35,refresh,
,42.826098062000256,42.82612493200031,1789785087.3535833,7,0.35,refresh,
,42.846221267000146,42.84624810000014,1789785087.3737068,7,0.35,refresh,
,42.866347100999974,42.86637219400018,1789785087.3938324,7,0.35,refresh,
,42.88646875099994,42.88650258400003,1789785087.413954,7,0.35,refresh,
,42.906601307000074,42.906629178,1789785087.4340866,7,0.35,refresh,
,42.92673341900036,42.92676127100003,1789785087.4542189,7,0.35,refresh,
,42.946859939000205,42.94689016100028,1789785087.4743452,7,0.35,refresh,
,42.96698597700015,42.96701318100031,1789785087.4944713,7,0.35,refresh,
,42.98710955300021,42.98713627500001,1789785087.514595,7,0.35,refresh,
,43.00723223900013,43.00725927600024,1789785087.5347178,7,0.35,refresh,
,43.02735457300014,43.02738159199998,1789785087.55484,7,0.35,refresh,
,43.047478241000135,43.047504778000075,1789785087.5749638,7,0.35,refresh,
,43.067599556999994,43.067625687000145,1789785087.595085,7,0.35,refresh,
,43.087731632000214,43.08776505800006,1789785087.6152172,7,0.35,refresh,
,43.10786213300025,43.1078903370003,1789785087.6353474,7,0.35,refresh,
,43.12799152300022,43.12802941200016,1789785087.655477,7,0.35,refresh,
,43.14813045000028,43.14816282100037,1789785087.6756158,7,0.35,refresh,
,43.168263044000014,43.168312543999946,1789785087.6957483,7,0.35,refresh,
,43.188421453000046,43.18845850800017,1789785087.7159069,7,0.35,refresh,
,43.20857369500027,43.20861147300002,1789785087.7360592,7,0.35,refresh,
,43.228732029000184,43.22878093700001,1789785087.7562177,7,0.35,refresh,
,43.248882401000174,43.248924919000274,1789785087.776368,7,0.35,refresh,
,43.26902577200008,43.26906951299998,1789785087.7965112,7,0.35,refresh,
,43.28917768100018,43.28921197700038,1789785087.816663,7,0.35,refresh,
,43.309311978000096,43.30934336700011,1789785087.8367975,7,0.35,refresh,
,43.329443830999935,43.329498479999984,1789785087.8569295,7,0.35,refresh,
,43.34961094400023,43.34964961000014,1789785087.8770964,7,0.35,refresh,
,43.369748556000104,43.36978203800027,1789785087.897234,7,0.35,refresh,
,43.38988066799993,43.38991881600032,1789785087.917366,7,0.35,refresh,
,43.410017984000206,43.41004859500026,1789785087.9375036,7,0.35,refresh,
,43.43015400400009,43.43018578200008,1789785087.9576395,7,0.35,refresh,
,43.45028998700036,43.45031772700031,1789785087.9777753,7,0.35,refresh,
,43.47042058000034,43.47046009900032,1789785087.997906,7,0.35,refresh,
,43.49057393300018,43.490613748000214,1789785088.0180593,7,0.35,refresh,
,43.510712397000134,43.51075286000014,1789785088.0381978,7,0.35,refresh,
,43.530854880000334,43.53089984300004,1789785088.0583403,7,0.35,refresh,
,43.55101010299995,43.55104738099999,1789785088.0784955,7,0.35,refresh,
,43.571168605000366,43.57123747500009,1789785088.0986543,7,0.35,refresh,
,43.59136243900002,43.591400310000154,1789785088.1188478,7,0.35,refresh,
,43.61149579200037,43.6115288850001,1789785088.138981,7,0.35,refresh,
,43.63163286700001,43.63167623800018,1789785088.1591184,7,0.35,refresh,
,43.651783886999965,43.65181659100017,1789785088.1792693,7,0.35,refresh,
,43.671926370000165,43.67197711100016,1789785088.1994119,7,0.35,refresh,
,43.692093815000135,43.69215477900025,1789785088.2195795,7,0.35,refresh,
,43.712262835000274,43.71230600200033,1789785088.2397482,7,0.35,refresh,
,43.732411947999935,43.73245741100027,1789785088.2598972,7,0.35,refresh,
,43.75256502299999,43.75261317100012,1789785088.2800505,7,0.35,refresh,
,43.77273993100016,43.77278880200038,1789785088.3002253,7,0.35,refresh,
,43.792901951000204,43.792943987999934,1789785088.3203874,7,0.35,refresh,
,43.8130541190003,43.81308598900023,1789785088.3405397,7,0.35,refresh,
,43.833189398000286,43.83324678700001,1789785088.360675,7,0.35,refresh,
,43.853347640000266,43.85338645499996,1789785088.380833,7,0.35,refresh,
,43.87348499300015,43.873516308000035,1789785088.4009705,7,0.35,refresh,
,43.89361592000023,43.893652272000054,1789785088.4211013,7,0.35,refresh,
,43.9137559400001,43.91378671700022,1789785088.4412413,7,0.35,refresh,
,43.93388334800011,43.933913200000006,1789785088.4613688,7,0.35,refresh,
,43.95401299700006,43.9540437200003,1789785088.4814985,7,0.35,refresh,
,43.974141258000145,43.97416890600016,1789785088.5016267,7,0.35,refresh,
,43.994271740000386,43.994298869999966,1789785088.5217571,7,0.35,refresh,
,44.014394390000234,44.01442172299994,1789785088.54188,7,0.35,refresh,
,44.03451863200007,44.03454568699999,1789785088.5620039,7,0.35,refresh,
,44.054641040000206,44.05466815099999,1789785088.5821264,7,0.35,refresh,
,44.07476613400013,44.07479404100013,1789785088.6022515,7,0.35,refresh,
,44.09489250500019,44.09492519100013,1789785088.6223779,7,0.35,refresh,
,44.11502595100001,44.115052173000095,1789785088.6425114,7,0.35,refresh,
,44.13515528500011,44.13519774800034,1789785088.6626406,7,0.35,refresh,
,44.15531089800015,44.15536708300033,1789785088.6827962,7,0.35,refresh,
,44.175487269000314,44.175538492000214,1789785088.702973,7,0.35,refresh,
,44.19564814100022,44.195685178000076,1789785088.7231333,7,0.35,refresh,
,44.21578384600025,44.21581864200016,1789785088.7432694,7,0.35,refresh,
,44.23591497699999,44.23594488400022,1789785088.7634006,7,0.35,refresh,
,44.25605021800038,44.25608142200008,1789785088.7835357,7,0.35,refresh,
,44.27617834900002,44.27620647899994,1789785088.8036637,7,0.35,refresh,
,44.296305702000154,44.29633277600033,1789785088.823791,7,0.35,refresh,
,44.316430222000236,44.31645633300013,1789785088.8439155,7,0.35,refresh,
,44.33657955600029,44.33665677900035,1789785088.864065,7,0.35,refresh,
,44.356768169000134,44.35681292800018,1789785088.8842537,7,0.35,refresh,
,44.376920559000155,44.376975096000024,1789785088.904406,7,0.35,refresh,
,44.39710274500021,44.397159727000144,1789785088.9245882,7,0.35,refresh,
,44.41729798699998,44.41739067300023,1789785088.944784,7,0.35,refresh,
,44.43751722900015,44.43756221100011,1789785088.9650028,7,0.35,refresh,
,44.45766423000032,44.45769400800009,1789785088.9851496,7,0.35,refresh,
,44.47780182400038,44.477829361000204,1789785089.0052872,7,0.35,refresh,
,44.49793569600024,44.497966270000234,1789785089.0254211,7,0.35,refresh,
,44.51807523400021,44.51812740100013,1789785089.0455606,7,0.35,refresh,
,44.53828721700029,44.538319197999954,1789785089.0657728,7,0.35,refresh,
,44.55840312500004,44.55843701399999,1789785089.0858886,7,0.35,refresh,
,44.57847827400019,44.5785266820003,1789785089.1059637,7,0.35,refresh,
,44.59862409000016,44.59865668300017,1789785089.1261094,7,0.35,refresh,
,44.618734295000195,44.61877851700001,1789785089.1462197,7,0.35,refresh,
,44.63887575900026,44.638910314999976,1789785089.166361,7,0.35,refresh,
,44.659006927000064,44.659037686000374,1789785089.1864924,7,0.35,refresh,
,44.67913346500018,44.679160762000265,1789785089.2066188,7,0.35,refresh,
,44.699256985000375,44.69929746600019,1789785089.2267423,7,0.35,refresh,
,44.719393282000055,44.71942117100025,1789785089.2468786,7,0.35,refresh,
,44.73951645000034,44.73954620900031,1789785089.2670019,7,0.35,refresh,
,44.75964195100005,44.75967502499998,1789785089.2871273,7,0.35,refresh,
,44.77978032300007,44.77981556400027,1789785089.3072658,7,0.35,refresh,
,44.799915435,44.79994938000027,1789785089.327401,7,0.35,refresh,
,44.82005497299997,44.82008745500025,1789785089.3475404,7,0.35,refresh,
,44.84018521500002,44.84021227100038,1789785089.3676705,7,0.35,refresh,
,44.860307809000005,44.86033373500004,1789785089.387793,7,0.35,refresh,
,44.88043169900038,44.880466532000355,1789785089.407917,7,0.35,refresh,
,44.90056312600018,44.90059045900034,1789785089.4280486,7,0.35,refresh,
,44.92068627500021,44.92071240500036,1789785089.4481719,7,0.35,refresh,
,44.94081655400032,44.940842239000176,1789785089.4683018,7,0.35,refresh,
,44.960938463000275,44.960970722000184,1789785089.4884238,7,0.35,refresh,
,44.98107133400026,44.98109677900038,1789785089.5085568,7,0.35,refresh,
,45.00119053900016,45.00121620600021,1789785089.5286758,7,0.35,refresh,
,45.021312651000244,45.021347374000015,1789785089.5487983,7,0.35,refresh,
,45.04144970800007,45.04149402300027,1789785089.5689352,7,0.35,refresh,
,45.06159413500018,45.06162413500033,1789785089.5890796,7,0.35,refresh,
,45.081730765999964,45.08176461800031,1789785089.6092162,7,0.35,refresh,
,45.101863026000046,45.101892730000145,1789785089.6293483,7,0.35,refresh,
,45.12199026799999,45.12201687900006,1789785089.6494756,7,0.35,refresh,
,45.142116176999934,45.14214938000032,1789785089.6696017,7,0.35,refresh,
,45.162246530000175,45.16229936300033,1789785089.689732,7,0.35,refresh,
,45.18239804900031,45.18242854900018,1789785089.7098835,7,0.35,refresh,
,45.20252773600032,45.20255893900003,1789785089.7300131,7,0.35,refresh,
,45.22265645900006,45.22268390399995,1789785089.7501419,7,0.35,refresh,
,45.24278025600006,45.24280634900015,1789785089.7702656,7,0.35,refresh,
,45.26290249800013,45.26293188700038,1789785089.7903879,7,0.35,refresh,
,45.28303142499999,45.28305890699994,1789785089.8105168,7,0.35,refresh,
,45.30315420400029,45.303180241000064,1789785089.8306396,7,0.35,refresh,
,45.323285724000016,45.32332815000018,1789785089.8507712,7,0.35,refresh,
,45.34343278100005,45.34349042900021,1789785089.8709185,7,0.35,refresh,
,45.36359252300008,45.36363024499997,1789785089.891078,7,0.35,refresh,
,45.38373056099999,45.383766005000325,1789785089.9112158,7,0.35,refresh,
,45.403872784000214,45.40390080299994,1789785089.931358,7,0.35,refresh,
,45.424000545000126,45.42403341499994,1789785089.9514859,7,0.35,refresh,
,45.444130101000155,45.44416008300004,1789785089.9716156,7,0.35,refresh,
,45.464260732000184,45.46428634300037,1789785089.991746,7,0.35,refresh,
,45.48438130700015,45.48441028900015,1789785090.0118666,7,0.35,refresh,
,45.50450808599999,45.504538568000044,1789785090.0319936,7,0.35,refresh,
,45.524667920999946,45.52470151300031,1789785090.0521533,7,0.35,refresh,
,45.544815737000135,45.5448462180002,1789785090.0723011,7,0.35,refresh,
,45.5649437750003,45.56497829299997,1789785090.0924292,7,0.35,refresh,
,45.5850841460001,45.58514379500002,1789785090.1125696,7,0.35,refresh,
,45.60524677700005,45.60528035100015,1789785090.1327322,7,0.35,refresh,
,45.62541442700012,45.6254985380001,1789785090.1529,7,0.35,refresh,
,45.64560942800017,45.645649317000334,1789785090.173095,7,0.35,refresh,
,45.665757873000075,45.66579285500029,1789785090.1932435,7,0.35,refresh,
,45.685891744999935,45.68592150400036,1789785090.213377,7,0.35,refresh,
,45.706026468000346,45.706053505,1789785090.233512,7,0.35,refresh,
,45.726149007000004,45.72617600700005,1789785090.2536342,7,0.35,refresh,
,45.746272193000095,45.74630337799999,1789785090.2737577,7,0.35,refresh,
,45.76640702700024,45.766439620000256,1789785090.2938924,7,0.35,refresh,
,45.786543343000176,45.786582103,1789785090.3140287,7,0.35,refresh,
,45.80668962200025,45.80673699299996,1789785090.3341749,7,0.35,refresh,
,45.82685042000003,45.82688814200037,1789785090.3543358,7,0.35,refresh,
,45.84699110600013,45.847021309999946,1789785090.3744764,7,0.35,refresh,
,45.86712829199996,45.86716051500025,1789785090.3946137,7,0.35,refresh,
,45.88726470100028,45.88730416399994,1789785090.41475,7,0.35,refresh,
,45.907415221000065,45.90745181300008,1789785090.4349008,7,0.35,refresh,
,45.92755820299999,45.927596815000015,1789785090.4550436,7,0.35,refresh,
,45.94769814900019,45.947739038000236,1789785090.4751837,7,0.35,refresh,
,45.96783896500028,45.96787255800018,1789785090.4953244,7,0.35,refresh,
,45.98798498500037,45.98802348500021,1789785090.5154703,7,0.35,refresh,
,46.00813070799995,46.00816606000035,1789785090.5356162,7,0.35,refresh,
,46.028275061000386,46.02831313500019,1789785090.5557606,7,0.35,refresh,
,46.0484155070003,46.048445765999986,1789785090.575901,7,0.35,refresh,
,46.06854895200013,46.06859074900012,1789785090.5960343,7,0.35,refresh,
,46.08870589800017,46.088751824000155,1789785090.6161911,7,0.35,refresh,
,46.10886871399998,46.10890614000027,1789785090.636354,7,0.35,refresh,
,46.12901447400009,46.129056308000145,1789785090.6564999,7,0.35,refresh,
,46.14916419800011,46.14920525300022,1789785090.6766498,7,0.35,refresh,
,46.16931018000014,46.16934895800023,1789785090.6967957,7,0.35,refresh,
,46.18945457000018,46.18950862600013,1789785090.71694,7,0.35,refresh,
,46.20962301600002,46.20966931200019,1789785090.7371085,7,0.35,refresh,
,46.22980866500029,46.22988851700029,1789785090.7572942,7,0.35,refresh,
,46.25000142600038,46.250046055999974,1789785090.7774868,7,0.35,refresh,
,46.27015187200004,46.270191316000364,1789785090.7976375,7,0.35,refresh,
,46.29029570600005,46.29033431700009,1789785090.8177812,7,0.35,refresh,
,46.31044154100027,46.31047711500014,1789785090.8379269,7,0.35,refresh,
,46.33061361599994,46.33070346800014,1789785090.8580992,7,0.35,refresh,
,46.35083332100021,46.35088228400036,1789785090.8783188,7,0.35,refresh,
,46.370987507000336,46.37102732200037,1789785090.898473,7,0.35,refresh,
,46.39113171200006,46.39117073100033,1789785090.918617,7,0.35,refresh,
,46.411289713000315,46.411334936,1789785090.9387753,7,0.35,refresh,
,46.43144404800023,46.43148640000027,1789785090.9589293,7,0.35,refresh,
,46.451590882000346,46.45162067900037,1789785090.9790764,7,0.35,refresh,
,46.471725772000354,46.47175766100008,1789785090.9992113,7,0.35,refresh,
,46.491857922000236,46.4918833480001,1789785091.0193434,7,0.35,refresh,
,46.51197807100016,46.51200425600018,1789785091.0394635,7,0.35,refresh,
,46.5321060350002,46.53213312800017,1789785091.0595915,7,0.35,refresh,
,46.552238647000195,46.552281610000136,1789785091.079724,7,0.35,refresh,
,46.57238407400018,46.5724166670002,1789785091.0998695,7,0.35,refresh,
,46.59252079800035,46.59257879799998,1789785091.120006,7,0.35,refresh,
,46.61268678100032,46.61272696600008,1789785091.1401722,7,0.35,refresh,
,46.63284400400016,46.632886430000326,1789785091.1603296,7,0.35,refresh,
,46.65298852400019,46.653018430999964,1789785091.1804738,7,0.35,refresh,
,46.67311639500031,46.67314583999996,1789785091.2006018,7,0.35,refresh,
,46.693244951999986,46.69327765600019,1789785091.2207303,7,0.35,refresh,
,46.713378767999984,46.71340667499999,1789785091.2408643,7,0.35,refresh,
,46.73350226900038,46.73352915800024,1789785091.2609878,7,0.35,refresh,
,46.753633344000264,46.75367432600024,1789785091.2811186,7,0.35,refresh,
,46.77378691900003,46.773824253000384,1789785091.3012724,7,0.35,refresh,
,46.79392438400009,46.79395434700018,1789785091.3214097,7,0.35,refresh,
,46.814052625000386,46.81408173700038,1789785091.341538,7,0.35,refresh,
,46.834216904000186,46.83429801600005,1789785091.3617024,7,0.35,refresh,
,46.85440696100022,46.854443258000174,1789785091.3818924,7,0.35,refresh,
,46.874542722000115,46.874573111000245,1789785091.402028,7,0.35,refresh,
,46.894680704000166,46.89471394500015,1789785091.422166,7,0.35,refresh,
,46.91482131700013,46.91484835400024,1789785091.4423068,7,0.35,refresh,
,46.93494552100037,46.93497137300028,1789785091.462431,7,0.35,refresh,
,46.95507724500021,46.955118115000005,1789785091.4825628,7,0.35,refresh,
,46.97521943100037,46.975247413000034,1789785091.5027049,7,0.35,refresh,
,46.99534639500007,46.995370969000305,1789785091.522832,7,0.35,refresh,
,47.01546635900013,47.01549265600033,1789785091.5429516,7,0.35,refresh,
,47.03559704600002,47.035637509000026,1789785091.5630825,7,0.35,refresh,
,47.05573841700016,47.05576860200017,1789785091.5832238,7,0.35,refresh,
,47.075865418000376,47.075894363000316,1789785091.6033509,7,0.35,refresh,
,47.09599590100015,47.096023696999964,1789785091.6234813,7,0.35,refresh,
,47.116128828,47.11616558700007,1789785091.6436143,7,0.35,refresh,
,47.13627236599996,47.136313366000195,1789785091.6637578,7,0.35,refresh,
,47.15642390400035,47.15646510800025,1789785091.6839094,7,0.35,refresh,
,47.176598554000066,47.176683035000224,1789785091.704084,7,0.35,refresh,
,47.196806813999956,47.1968362030002,1789785091.724292,7,0.35,refresh,
,47.21693550100008,47.21696792700004,1789785091.7444208,7,0.35,refresh,
,47.23706640900036,47.23709439100003,1789785091.7645519,7,0.35,refresh,
,47.25719718800019,47.25723629899994,1789785091.7846828,7,0.35,refresh,
,47.27733648599997,47.27736648600012,1789785091.804822,7,0.35,refresh,
,47.29746676400009,47.29749265300006,1789785091.8249521,7,0.35,refresh,
,47.317590377000215,47.31761515500011,1789785091.8450756,7,0.35,refresh,
,47.33775156299998,47.33782780399997,1789785091.865237,7,0.35,refresh,
,47.35794599000019,47.357994694000354,1789785091.8854315,7,0.35,refresh,
,47.37809584300021,47.37812639899994,1789785091.9055812,7,0.35,refresh,
,47.398310436999964,47.3983489000002,1789785091.9257958,7,0.35,refresh,
,47.41841871600036,47.418447327000194,1789785091.945904,7,0.35,refresh,
,47.43854390200022,47.43857886500018,1789785091.9660294,7,0.35,refresh,
,47.458674126000005,47.45870418100003,1789785091.9861596,7,0.35,refresh,
,47.47880947900012,47.47883740500038,1789785092.0062947,7,0.35,refresh,
,47.49893142400015,47.49895879500036,1789785092.0264168,7,0.35,refresh,
,47.519053222000366,47.51908140700016,1789785092.0465386,7,0.35,refresh,
,47.53917942700036,47.53921540800002,1789785092.0666647,7,0.35,refresh,
,47.55931440900031,47.5593511320003,1789785092.0867999,7,0.35,refresh,
,47.57945311399999,47.579505670000344,1789785092.1069386,7,0.35,refresh,
,47.59961178200001,47.599642912000036,1789785092.1270971,7,0.35,refresh,
,47.61973798700001,47.619774839,1789785092.1472232,7,0.35,refresh,
,47.6398725060003,47.63990287700017,1789785092.167358,7,0.35,refresh,
,47.659998674000235,47.66002682199996,1789785092.1874843,7,0.35,refresh,
,47.68012208300024,47.68014947200027,1789785092.2076075,7,0.35,refresh,
,47.7002508620003,47.70028623200005,1789785092.2277362,7,0.35,refresh,
,47.72038430700013,47.72041534400023,1789785092.2478697,7,0.35,refresh,
,47.74051480800017,47.74054880800031,1789785092.2680004,7,0.35,refresh,
,47.76064651300021,47.76067616099999,1789785092.288132,7,0.35,refresh,
,47.78077621800003,47.780803402999936,1789785092.3082616,7,0.35,refresh,
,47.80089944100018,47.800929201000145,1789785092.3283849,7,0.35,refresh,
,47.82103405399994,47.821071572000164,1789785092.3485193,7,0.35,refresh,
,47.84116964700024,47.84120003600037,1789785092.3686552,7,0.35,refresh,
,47.86129626000002,47.86132301900034,1789785092.3887815,7,0.35,refresh,
,47.88142833500024,47.881468965000295,1789785092.4089139,7,0.35,refresh,
,47.90156852100017,47.901598577000186,1789785092.429054,7,0.35,refresh,
,47.92169618900016,47.92173292999996,1789785092.4491818,7,0.35,refresh,
,47.94183261600028,47.94186298700015,1789785092.4693182,7,0.35,refresh,
,47.96196567300012,47.96199643199998,1789785092.489451,7,0.35,refresh,
,47.98209295200013,47.982119822000186,1789785092.5095782,7,0.35,refresh,
48.0,48.000071170999945,48.0000972820003,1789785092.5275567,8,0.4,step,0.07117099994502496
,48.020283543000005,48.02055309900015,1789785092.547769,8,0.4,refresh,
,48.04072676700025,48.04076154500035,1789785092.5682123,8,0.4,refresh,
,48.060851101000026,48.06088287900002,1789785092.5883365,8,0.4,refresh,
,48.08098100999996,48.081008268999994,1789785092.6084664,8,0.4,refresh,
,48.10111176999999,48.101154881000184,1789785092.6285973,8,0.4,refresh,
,48.12126201199999,48.12129293800035,1789785092.6487474,8,0.4,refresh,
,48.14139156900001,48.14142471700006,1789785092.6688771,8,0.4,refresh,
,48.16152368100029,48.161556050999934,1789785092.6890092,8,0.4,refresh,
,48.18165710800031,48.18170820100022,1789785092.7091424,8,0.4,refresh,
,48.201817220000066,48.20184835000009,1789785092.7293026,8,0.4,refresh,
,48.221945796,48.22198164700012,1789785092.7494314,8,0.4,refresh,
,48.24207935200002,48.24210655600018,1789785092.7695646,8,0.4,refresh,
,48.26220442700014,48.262238630999946,1789785092.7896898,8,0.4,refresh,
,48.28234307699995,48.28237250300026,1789785092.8098283,8,0.4,refresh,
,48.30246798500002,48.30249426299997,1789785092.8299532,8,0.4,refresh,
,48.3225894860002,48.322615061000306,1789785092.8500748,8,0.4,refresh,
,48.342767969000306,48.342833988000166,1789785092.8702536,8,0.4,refresh,
,48.36294895200035,48.36298654500024,1789785092.8904343,8,0.4,refresh,
,48.38308569400033,48.38311760100032,1789785092.910571,8,0.4,refresh,
,48.40321439900026,48.40324560199997,1789785092.9306998,8,0.4,refresh,
,48.42334328900006,48.42337386300005,1789785092.9508288,8,0.4,refresh,
,48.44347041900028,48.44349838200014,1789785092.9709558,8,0.4,refresh,
,48.463593328000115,48.463621439000235,1789785092.9910786,8,0.4,refresh,
,48.483724791999975,48.48375321799995,1789785093.0112102,8,0.4,refresh,
,48.50384977500016,48.50387849700019,1789785093.031335,8,0.4,refresh,
,48.52397801699999,48.52402814600009,1789785093.0514634,8,0.4,refresh,
,48.5441299070003,48.544167888000175,1789785093.0716152,8,0.4,refresh,
,48.56426740799998,48.564306575000046,1789785093.0917528,8,0.4,refresh,
,48.58444479800028,48.58454002000008,1789785093.1119304,8,0.4,refresh,
,48.60468270699994,48.6047860220001,1789785093.1321683,8,0.4,refresh,
,48.624903023000115,48.62494493000031,1789785093.1523883,8,0.4,refresh,
,48.64505128300016,48.64508837600033,1789785093.1725366,8,0.4,refresh,
,48.66518678400007,48.665217192,1789785093.1926723,8,0.4,refresh,
,48.68531236000035,48.68534119300011,1789785093.2127976,8,0.4,refresh,
,48.70544378700015,48.70548219400007,1789785093.2329292,8,0.4,refresh,
,48.725580546999936,48.725612899000225,1789785093.253066,8,0.4,refresh,
,48.74571280700002,48.7457471040002,1789785093.2731984,8,0.4,refresh,
,48.765842864000206,48.76587153100036,1789785093.2933283,8,0.4,refresh,
,48.78596642100001,48.785994069000026,1789785093.3134518,8,0.4,refresh,
,48.80608931100005,48.806116441000086,1789785093.3335748,8,0.4,refresh,
,48.82621149700026,48.826238570999976,1789785093.353697,8,0.4,refresh,
,48.84635025800026,48.846394016999966,1789785093.3738358,8,0.4,refresh,
,48.86649440700012,48.86652448099994,1789785093.3939798,8,0.4,refresh,
,48.886621686000126,48.886650890000055,1789785093.414107,8,0.4,refresh,
,48.90674905700007,48.90677574300025,1789785093.4342344,8,0.4,refresh,
,48.92687159500019,48.92689848400005,1789785093.454357,8,0.4,refresh,
,48.94699591100016,48.94702146700001,1789785093.4744813,8,0.4,refresh,
,48.96711669000024,48.96714517200007,1789785093.494602,8,0.4,refresh,
,48.98724089500001,48.987269951000144,1789785093.5147262,8,0.4,refresh,
,49.007365526000285,49.0073933220001,1789785093.5348508,8,0.4,refresh,
,49.0274884710002,49.02751669400004,1789785093.5549738,8,0.4,refresh,
,49.04761134299997,49.047638602000006,1789785093.5750966,8,0.4,refresh,
,49.067733992000285,49.0677604550001,1789785093.5952194,8,0.4,refresh,
,49.08785579000005,49.087882642000295,1789785093.615341,8,0.4,refresh,
,49.10798147600008,49.10801540200009,1789785093.635467,8,0.4,refresh,
,49.12811518100034,49.128141366000364,1789785093.6556005,8,0.4,refresh,
,49.148246366999956,49.14827933000015,1789785093.6757317,8,0.4,refresh,
,49.16838422000001,49.16842594200034,1789785093.6958697,8,0.4,refresh,
,49.188556925000285,49.18861179600026,1789785093.7160425,8,0.4,refresh,
,49.20875429700027,49.20883585199999,1789785093.73624,8,0.4,refresh,
,49.22895074200005,49.22899844600033,1789785093.756436,8,0.4,refresh,
,49.24910733600018,49.24914350300014,1789785093.7765927,8,0.4,refresh,
,49.26925002300004,49.2692836340002,1789785093.7967355,8,0.4,refresh,
,49.28938217199993,49.28941209799996,1789785093.8168676,8,0.4,refresh,
,49.30951630300024,49.30954474700002,1789785093.8370018,8,0.4,refresh,
,49.32964608200018,49.3296741930003,1789785093.8571315,8,0.4,refresh,
,49.34977376799998,49.349822657000004,1789785093.8772593,8,0.4,refresh,
,49.3699234730002,49.36996112099996,1789785093.8974087,8,0.4,refresh,
,49.390067973999976,49.39010280699995,1789785093.9175534,8,0.4,refresh,
,49.41020040100011,49.41023030800034,1789785093.9376857,8,0.4,refresh,
,49.43033504999994,49.43036451300031,1789785093.9578204,8,0.4,refresh,
,49.45046120000006,49.45048873700034,1789785093.9779465,8,0.4,refresh,
,49.470583312000144,49.47061055300037,1789785093.9980688,8,0.4,refresh,
,49.49070977600013,49.49074585000017,1789785094.0181952,8,0.4,refresh,
,49.51084225900013,49.51087073999997,1789785094.0383275,8,0.4,refresh,
,49.53096914900016,49.531005149000066,1789785094.0584545,8,0.4,refresh,
,49.551105742000345,49.55113522400006,1789785094.0785913,8,0.4,refresh,
,49.57123848400033,49.57127809500025,1789785094.098724,8,0.4,refresh,
,49.59139233700034,49.59145541099997,1789785094.118878,8,0.4,refresh,
,49.61157711600026,49.61164720900024,1789785094.1390626,8,0.4,refresh,
,49.63175776600019,49.63180400600004,1789785094.1592433,8,0.4,refresh,
,49.65190224800017,49.65193919300009,1789785094.1793876,8,0.4,refresh,
,49.67203980500017,49.67208128700031,1789785094.199525,8,0.4,refresh,
,49.69218517700028,49.69223154700012,1789785094.2196705,8,0.4,refresh,
,49.712323880999975,49.71235649300024,1789785094.2398093,8,0.4,refresh,
,49.73246097500032,49.73250340100003,1789785094.2599466,8,0.4,refresh,
,49.75260347600033,49.75263599500022,1789785094.280089,8,0.4,refresh,
,49.77273368100032,49.77276371800008,1789785094.300219,8,0.4,refresh,
,49.792858885999976,49.79288690500016,1789785094.3203442,8,0.4,refresh,
,49.81303225800002,49.81309875800025,1789785094.340518,8,0.4,refresh,
,49.833206277000045,49.83324622200007,1789785094.3606918,8,0.4,refresh,
,49.85335753800018,49.85340709299999,1789785094.380843,8,0.4,refresh,
,49.87352055700012,49.87356879800018,1789785094.401006,8,0.4,refresh,
,49.89367966999998,49.89371187400002,1789785094.421165,8,0.4,refresh,
,49.91382763399997,49.91385581900022,1789785094.441313,8,0.4,refresh,
,49.93395806100034,49.93398656099998,1789785094.4614434,8,0.4,refresh,
,49.95408330300006,49.9541108960002,1789785094.4815688,8,0.4,refresh,
,49.97420808200013,49.974235841000336,1789785094.5016935,8,0.4,refresh,
,49.99433469400037,49.994360194000365,1789785094.52182,8,0.4,refresh,
,50.014454325000315,50.01448097299999,1789785094.5419397,8,0.4,refresh,
,50.034577900000386,50.03460534400028,1789785094.5620635,8,0.4,refresh,
,50.05470186399998,50.05473779000022,1789785094.5821872,8,0.4,refresh,
,50.07483436500024,50.07486092099998,1789785094.60232,8,0.4,refresh,
,50.09495868100021,50.0949840520002,1789785094.622444,8,0.4,refresh,
,50.115081979000024,50.115115145000345,1789785094.6425674,8,0.4,refresh,
,50.13521151700024,50.13523960900011,1789785094.662697,8,0.4,refresh,
,50.155334833000325,50.15536179600031,1789785094.68282,8,0.4,refresh,
,50.175476315000196,50.17554340800007,1789785094.702962,8,0.4,refresh,
,50.19568003900031,50.19573648300002,1789785094.7231655,8,0.4,refresh,
,50.21585046600012,50.215885095999965,1789785094.743336,8,0.4,refresh,
,50.23598267100033,50.236016541000026,1789785094.763468,8,0.4,refresh,
,50.256113968000136,50.25614541300001,1789785094.7835994,8,0.4,refresh,
,50.27624708100029,50.27627663600015,1789785094.8037326,8,0.4,refresh,
,50.29637550799998,50.29640115600023,1789785094.823861,8,0.4,refresh,
,50.316498435000085,50.316523750000215,1789785094.843984,8,0.4,refresh,
,50.33662041700018,50.336649621000106,1789785094.8641057,8,0.4,refresh,
,50.356766085000345,50.35683760400025,1789785094.8842516,8,0.4,refresh,
,50.376946105000115,50.37698884600013,1789785094.9044316,8,0.4,refresh,
,50.397101921000285,50.397157402000175,1789785094.9245872,8,0.4,refresh,
,50.41727971800037,50.417344959000275,1789785094.944765,8,0.4,refresh,
,50.437478200999976,50.43751879399997,1789785094.9649637,8,0.4,refresh,
,50.4576208870003,50.45765861000018,1789785094.9851065,8,0.4,refresh,
,50.47775648100014,50.47778798100035,1789785095.0052419,8,0.4,refresh,
,50.4978859820003,50.4979139080001,1789785095.0253713,8,0.4,refresh,
,50.51802898400001,50.51806433499996,1789785095.0455146,8,0.4,refresh,
,50.53819191100001,50.538231244000144,1789785095.0656774,8,0.4,refresh,
,50.55833915300036,50.55836700400005,1789785095.0858245,8,0.4,refresh,
,50.578463617000125,50.57849543200018,1789785095.105949,8,0.4,refresh,
,50.598594359000344,50.598642803000075,1789785095.1260798,8,0.4,refresh,
,50.61873991500033,50.618774175,1789785095.1462255,8,0.4,refresh,
,50.638870879000024,50.63890312000012,1789785095.1663563,8,0.4,refresh,
,50.65899923200004,50.65902826900037,1789785095.1864848,8,0.4,refresh,
,50.679132030000346,50.67916115900016,1789785095.2066174,8,0.4,refresh,
,50.69925690100035,50.69928499400021,1789785095.2267423,8,0.4,refresh,
,50.71938086499995,50.71941299500031,1789785095.2468662,8,0.4,refresh,
,50.739508626000315,50.739537441000266,1789785095.266994,8,0.4,refresh,
,50.75963323800033,50.75966427499998,1789785095.2871187,8,0.4,refresh,
,50.779759424000076,50.779786609999974,1789785095.3072448,8,0.4,refresh,
,50.79988138800036,50.799908833000245,1789785095.3273668,8,0.4,refresh,
,50.82000540800027,50.82003251900005,1789785095.3474908,8,0.4,refresh,
,50.84012787200027,50.840155039000365,1789785095.367613,8,0.4,refresh,
,50.860251613999935,50.86027907700009,1789785095.387737,8,0.4,refresh,
,50.88037667100025,50.88041548599995,1789785095.407862,8,0.4,refresh,
,50.900521672000195,50.900553171999945,1789785095.4280071,8,0.4,refresh,
,50.92065041400019,50.92067889500004,1789785095.4481356,8,0.4,refresh,
,50.94077400800006,50.940801767000266,1789785095.4682593,8,0.4,refresh,
,50.96089784200012,50.960924935000094,1789785095.4883833,8,0.4,refresh,
,50.981020528000045,50.981047176000175,1789785095.5085058,8,0.4,refresh,
,51.00114223300034,51.001168900000266,1789785095.5286276,8,0.4,refresh,
,51.021266586000365,51.02131214200017,1789785095.5487518,8,0.4,refresh,
,51.04140869799994,51.04144493900003,1789785095.5688941,8,0.4,refresh,
,51.06154388499999,51.06157781100001,1789785095.5890293,8,0.4,refresh,
,51.08167559000003,51.08170503400015,1789785095.609161,8,0.4,refresh,
,51.10181286800025,51.10184905400001,1789785095.6292984,8,0.4,refresh,
,51.12194605500008,51.121975036000094,1789785095.6494315,8,0.4,refresh,
,51.14207800000031,51.1421067780002,1789785095.6695633,8,0.4,refresh,
,51.162203798000064,51.16223266800034,1789785095.6896892,8,0.4,refresh,
,51.18233065100003,51.18237942900032,1789785095.709816,8,0.4,refresh,
,51.20248005900021,51.20251920800001,1789785095.7299657,8,0.4,refresh,
,51.222623485999975,51.2226644870002,1789785095.750109,8,0.4,refresh,
,51.24276276499995,51.24279228400019,1789785095.7702482,8,0.4,refresh,
,51.26288767400001,51.26292321100027,1789785095.790373,8,0.4,refresh,
,51.28303376800022,51.2830742860001,1789785095.8105192,8,0.4,refresh,
,51.30317347300024,51.30320567600029,1789785095.830659,8,0.4,refresh,
,51.323302437000166,51.323330566000095,1789785095.8507879,8,0.4,refresh,
,51.343426030000046,51.34345480799993,1789785095.8709116,8,0.4,refresh,
,51.36355469800037,51.3636041980003,1789785095.8910403,8,0.4,refresh,
,51.38370708799994,51.383758885000134,1789785095.9111927,8,0.4,refresh,
,51.40386858900001,51.403912867000145,1789785095.931354,8,0.4,refresh,
,51.424013776000265,51.424050146000354,1789785095.9514992,8,0.4,refresh,
,51.444147221000094,51.4441772590003,1789785095.9716327,8,0.4,refresh,
,51.46427994500027,51.46430935200033,1789785095.9917653,8,0.4,refresh,
,51.48440609399995,51.484433576000356,1789785096.0118914,8,0.4,refresh,
,51.50452933600036,51.50455652100027,1789785096.0320146,8,0.4,refresh,
,51.52465243000006,51.524681652000254,1789785096.0521376,8,0.4,refresh,
,51.54477706000034,51.54480369000021,1789785096.0722623,8,0.4,refresh,
,51.564901080000254,51.56493067300016,1789785096.0923865,8,0.4,refresh,
,51.5850276000001,51.58506154400038,1789785096.112513,8,0.4,refresh,
,51.605165081999985,51.60520945300004,1789785096.1326506,8,0.4,refresh,
,51.625320009000006,51.62537799100028,1789785096.1528056,8,0.4,refresh,
,51.645478362000176,51.64551634400004,1789785096.1729639,8,0.4,refresh,
,51.66562121600009,51.66565325300007,1789785096.1931067,8,0.4,refresh,
,51.685749902000225,51.68578143900004,1789785096.2132351,8,0.4,refresh,
,51.70587727300017,51.70590627299998,1789785096.2333627,8,0.4,refresh,
,51.72600427399993,51.7260413490003,1789785096.2534897,8,0.4,refresh,
,51.74614227600023,51.74617888700004,1789785096.2736278,8,0.4,refresh,
,51.76627846200017,51.766311129000314,1789785096.2937639,8,0.4,refresh,
,51.78640774099995,51.78643875900025,1789785096.313893,8,0.4,refresh,
,51.806535575,51.806563779000044,1789785096.3340209,8,0.4,refresh,
,51.826659725000354,51.82668718800005,1789785096.354145,8,0.4,refresh,
,51.8467858920003,51.84681196700012,1789785096.3742712,8,0.4,refresh,
,51.86690680100037,51.86693389400034,1789785096.3943923,8,0.4,refresh,
,51.88703363500008,51.88706726500004,1789785096.414519,8,0.4,refresh,
,51.90716778500018,51.90720056300006,1789785096.4346533,8,0.4,refresh,
,51.92729904500038,51.92732930400007,1789785096.4547844,8,0.4,refresh,
,51.947426435000125,51.94745438000018,1789785096.4749117,8,0.4,refresh,
,51.96755262100032,51.96758202900037,1789785096.495038,8,0.4,refresh,
,51.98767812300002,51.987705567000376,1789785096.5151637,8,0.4,refresh,
,52.00781201300015,52.0078396050003,1789785096.5352974,8,0.4,refresh,
,52.027937458,52.02796631000001,1789785096.5554228,8,0.4,refresh,
,52.04806453300034,52.04809038500025,1789785096.5755498,8,0.4,refresh,
,52.068188572000054,52.06821684900024,1789785096.5956738,8,0.4,refresh,
,52.088315888000125,52.088342425000064,1789785096.6158013,8,0.4,refresh,
,52.10843975900025,52.10846557400009,1789785096.6359253,8,0.4,refresh,
,52.1285676120001,52.128598094000154,1789785096.656053,8,0.4,refresh,
,52.14869472400005,52.14873129800026,1789785096.6761801,8,0.4,refresh,
,52.168829522000124,52.16885748499999,1789785096.6963148,8,0.4,refresh,
,52.188957208000375,52.188994153000294,1789785096.7164426,8,0.4,refresh,
,52.209134838999944,52.209214654000334,1789785096.7366202,8,0.4,refresh,
,52.229339192000225,52.22939761800035,1789785096.7568247,8,0.4,refresh,
,52.249509063999994,52.249543453000115,1789785096.7769945,8,0.4,refresh,
,52.2696419910003,52.26967684300007,1789785096.7971275,8,0.4,refresh,
,52.28977989900022,52.28980950999994,1789785096.8172655,8,0.4,refresh,
,52.30990534500006,52.309933623000234,1789785096.8373907,8,0.4,refresh,
,52.33003503100008,52.33006330900025,1789785096.8575203,8,0.4,refresh,
,52.35018462500011,52.35026210700016,1789785096.87767,8,0.4,refresh,
,52.37038355200002,52.370430478000344,1789785096.897869,8,0.4,refresh,
,52.39053886800002,52.39057540500016,1789785096.9180245,8,0.4,refresh,
,52.410688184000264,52.41075322100005,1789785096.9381738,8,0.4,refresh,
,52.43085724100001,52.430885536999995,1789785096.9583426,8,0.4,refresh,
,52.450983075000295,52.45101033500032,1789785096.9784684,8,0.4,refresh,
,52.47110685400003,52.47113531700006,1789785096.9985921,8,0.4,refresh,
,52.491233615000056,52.49126072600029,1789785097.018719,8,0.4,refresh,
,52.51135733800038,52.511385431000235,1789785097.0388427,8,0.4,refresh,
,52.53148361700005,52.531509524000285,1789785097.058969,8,0.4,refresh,
,52.551604600000246,52.55163148800011,1789785097.0790899,8,0.4,refresh,
,52.57172804500033,52.571757101,1789785097.0992134,8,0.4,refresh,
,52.59185341700004,52.591880417000084,1789785097.1193388,8,0.4,refresh,
,52.61200871400024,52.61204671400037,1789785097.1394942,8,0.4,refresh,
,52.63215388200024,52.63220391899995,1789785097.1596394,8,0.4,refresh,
,52.65230267900006,52.65233477200036,1789785097.179788,8,0.4,refresh,
,52.67243014400037,52.672458569000355,1789785097.1999154,8,0.4,refresh,
,52.69256208900015,52.692589330000374,1789785097.2200477,8,0.4,refresh,
,52.7126911270002,52.71274007200009,1789785097.2401767,8,0.4,refresh,
,52.73285242500015,52.732890647000204,1789785097.2603378,8,0.4,refresh,
,52.752990370000134,52.75302225900032,1789785097.2804756,8,0.4,refresh,
,52.7731235010001,52.77315164900028,1789785097.300609,8,0.4,refresh,
,52.79324822400031,52.793275816999994,1789785097.3207338,8,0.4,refresh,
,52.8133953370002,52.81346802200005,1789785097.3408809,8,0.4,refresh,
,52.833600523000314,52.833635894000054,1789785097.361086,8,0.4,refresh,
,52.85373265399994,52.853764673000114,1789785097.381218,8,0.4,refresh,
,52.87386250700001,52.87389163700027,1789785097.4013479,8,0.4,refresh,
,52.89399973000036,52.894047416000376,1789785097.421485,8,0.4,refresh,
,52.91415917600034,52.91420474999995,1789785097.4416444,8,0.4,refresh,
,52.93430395500036,52.93433528800006,1789785097.4617894,8,0.4,refresh,
,52.954432992999955,52.9544631040003,1789785097.4819186,8,0.4,refresh,
,52.97456414199996,52.97459288300024,1789785097.5020494,8,0.4,refresh,
,52.994689995000044,52.99472951400003,1789785097.5221756,8,0.4,refresh,
,53.01482788500016,53.01485638600025,1789785097.542313,8,0.4,refresh,
,53.034954108999955,53.03498201599996,1789785097.5624394,8,0.4,refresh,
,53.05507707300012,53.05510486899993,1789785097.5825624,8,0.4,refresh,
,53.07520194400013,53.07522927800028,1789785097.6026871,8,0.4,refresh,
,53.095327871000336,53.09535263099997,1789785097.6228132,8,0.4,refresh,
,53.11545152100007,53.1154769650002,1789785097.642937,8,0.4,refresh,
,53.13558326300017,53.135627873999965,1789785097.6630688,8,0.4,refresh,
,53.15572978199998,53.15576109700032,1789785097.6832151,8,0.4,refresh,
,53.17586374600023,53.17589206100001,1789785097.7033494,8,0.4,refresh,
,53.19601263599998,53.196088617999976,1789785097.7234983,8,0.4,refresh,
,53.21622567500026,53.216264434000095,1789785097.7437112,8,0.4,refresh,
,53.23636760199997,53.23641458300017,1789785097.763853,8,0.4,refresh,
,53.256516085000385,53.25654858500002,1789785097.7840016,8,0.4,refresh,
,53.27664732600033,53.27667938200011,1789785097.804133,8,0.4,refresh,
,53.296783531000074,53.2968121050003,1789785097.824269,8,0.4,refresh,
,53.316910829000335,53.31693666199999,1789785097.8443964,8,0.4,refresh,
,53.33703171900015,53.337058793000324,1789785097.8645172,8,0.4,refresh,
,53.3572119610003,53.357281072000205,1789785097.8846977,8,0.4,refresh,
,53.377396092000254,53.37743742500015,1789785097.9048815,8,0.4,refresh,
,53.39755159300012,53.397598741000365,1789785097.9250371,8,0.4,refresh,
,53.41775989000007,53.41783542800022,1789785097.9452455,8,0.4,refresh,
,53.437958188000266,53.43801820700037,1789785097.9654436,8,0.4,refresh,
,53.45813930000031,53.45817846700038,1789785097.9856248,8,0.4,refresh,
,53.47830583900031,53.47833750500013,1789785098.0057912,8,0.4,refresh,
,53.49843326600012,53.498459765999996,1789785098.0259187,8,0.4,refresh,
,53.51855413700014,53.51858858200012,1789785098.0460396,8,0.4,refresh,
,53.538684359999934,53.53871115700031,1789785098.0661697,8,0.4,refresh,
,53.55881676900026,53.55884808400015,1789785098.0863023,8,0.4,refresh,
,53.57894784400014,53.57898408500023,1789785098.1064334,8,0.4,refresh,
,53.599110549000216,53.59918623400017,1789785098.1265962,8,0.4,refresh,
,53.61929299500025,53.61932455000033,1789785098.1467783,8,0.4,refresh,
,53.639421811000375,53.639457681000295,1789785098.166907,8,0.4,refresh,
,53.6595646640003,53.659600255999976,1789785098.1870499,8,0.4,refresh,
,53.67969651700014,53.6797326650003,1789785098.207182,8,0.4,refresh,
,53.69982998100022,53.69985796200035,1789785098.2273154,8,0.4,refresh,
,53.71995714900004,53.71998431500015,1789785098.2474427,8,0.4,refresh,
,53.74008085300011,53.74010659400028,1789785098.2675664,8,0.4,refresh,
,53.76020581800003,53.760234929000035,1789785098.2876914,8,0.4,refresh,
,53.78033389300026,53.78036507800016,1789785098.3078194,8,0.4,refresh,
,53.80046337500016,53.800493246000315,1789785098.3279488,8,0.4,refresh,
,53.8205895430001,53.82061832099998,1789785098.348075,8,0.4,refresh,
,53.84071461800022,53.84075206300031,1789785098.3681998,8,0.4,refresh,
,53.860849583000345,53.860879157,1789785098.388335,8,0.4,refresh,
,53.880975732000024,53.881003195000176,1789785098.408461,8,0.4,refresh,
,53.90109919600036,53.901126214000215,1789785098.4285848,8,0.4,refresh,
,53.921223253000335,53.921248197000295,1789785098.4487085,8,0.4,refresh,
,53.941346735000025,53.941378846000134,1789785098.4688323,8,0.4,refresh,
,53.96147619900012,53.961505644000226,1789785098.4889615,8,0.4,refresh,
,53.98160447800001,53.98163657100031,1789785098.5090897,8,0.4,refresh,
54.0,54.00007218000019,54.0001023650002,1789785098.5275576,9,0.45,step,0.07218000018838211
,54.020278107000195,54.020487441000114,1789785098.547764,9,0.45,refresh,
,54.04066933100012,54.0407088310003,1789785098.5681546,9,0.45,refresh,
,54.06080909100001,54.06084107300012,1789785098.5882945,9,0.45,refresh,
,54.08093820400018,54.08096490700018,1789785098.6084237,9,0.45,refresh,
,54.10106022300033,54.10108714900025,1789785098.6285455,9,0.45,refresh,
,54.12119046500038,54.121233984000355,1789785098.648676,9,0.45,refresh,
,54.141334411000116,54.14136528100016,1789785098.6688197,9,0.45,refresh,
,54.16146222700036,54.16149559700034,1789785098.6889477,9,0.45,refresh,
,54.18159511700014,54.181628487000125,1789785098.7090805,9,0.45,refresh,
,54.20173547000013,54.201786228999936,1789785098.7292209,9,0.45,refresh,
,54.22188521199996,54.221916027000134,1789785098.7493706,9,0.45,refresh,
,54.24201347200005,54.2420441940003,1789785098.7694988,9,0.45,refresh,
,54.26214810300007,54.2621754920001,1789785098.7896335,9,0.45,refresh,
,54.28228164100028,54.28231373400013,1789785098.809767,9,0.45,refresh,
,54.30240975300012,54.30243732700001,1789785098.8298953,9,0.45,refresh,
,54.322532995000074,54.322559773000194,1789785098.8500183,9,0.45,refresh,
,54.342656293000346,54.34268625599998,1789785098.8701417,9,0.45,refresh,
,54.36278342300011,54.36283020100018,1789785098.8902686,9,0.45,refresh,
,54.38293898000029,54.382977739000125,1789785098.9104242,9,0.45,refresh,
,54.40307692600027,54.403107352000006,1789785098.9305623,9,0.45,refresh,
,54.42320524200022,54.423232075000215,1789785098.9506905,9,0.45,refresh,
,54.443329372000335,54.44336466899995,1789785098.9708147,9,0.45,refresh,
,54.4634689290001,54.463501392000126,1789785098.9909542,9,0.45,refresh,
,54.48359931899995,54.48362967100002,1789785099.0110848,9,0.45,refresh,
,54.50372683900014,54.50375409800017,1789785099.0312123,9,0.45,refresh,
,54.523856525000156,54.52388822900002,1789785099.0513418,9,0.45,refresh,
,54.54398469300031,54.544014785999934,1789785099.07147,9,0.45,refresh,
,54.564112453000234,54.56414121300031,1789785099.0915978,9,0.45,refresh,
,54.58424488000037,54.58428589899995,1789785099.1117303,9,0.45,refresh,
,54.604422326000076,54.60450623400038,1789785099.131908,9,0.45,refresh,
,54.62461417900022,54.6246671240001,1789785099.1520996,9,0.45,refresh,
,54.644776254000135,54.6448085320003,1789785099.1722617,9,0.45,refresh,
,54.66491479300021,54.664961163000044,1789785099.1924002,9,0.45,refresh,
,54.68507014600027,54.685106609000286,1789785099.2125554,9,0.45,refresh,
,54.70520716500005,54.70525364700006,1789785099.2326927,9,0.45,refresh,
,54.72536263000029,54.72539329600022,1789785099.2528481,9,0.45,refresh,
,54.745490705000066,54.745517871000175,1789785099.2729762,9,0.45,refresh,
,54.76561424300007,54.76564070600034,1789785099.2930994,9,0.45,refresh,
,54.78573694800025,54.78576955900007,1789785099.3132224,9,0.45,refresh,
,54.80587467100031,54.80590439300022,1789785099.3333602,9,0.45,refresh,
,54.82600195000032,54.82602872799998,1789785099.3534873,9,0.45,refresh,
,54.84613089599998,54.84615743300037,1789785099.3736165,9,0.45,refresh,
,54.86625221200029,54.86627761900036,1789785099.3937376,9,0.45,refresh,
,54.88637326800017,54.88640032400008,1789785099.4138587,9,0.45,refresh,
,54.9064968990001,54.90652271399995,1789785099.4339821,9,0.45,refresh,
,54.92662147400006,54.92664571500018,1789785099.4541068,9,0.45,refresh,
,54.94674803099997,54.9467879570002,1789785099.4742336,9,0.45,refresh,
,54.96689432800031,54.96692473600024,1789785099.4943798,9,0.45,refresh,
,54.98702423700024,54.98705725500031,1789785099.5145097,9,0.45,refresh,
,55.00715620100027,55.00718559000006,1789785099.5346417,9,0.45,refresh,
,55.027282628000194,55.02731311000025,1789785099.554768,9,0.45,refresh,
,55.04740953700002,55.047436370000014,1789785099.574895,9,0.45,refresh,
,55.06753094500027,55.06755703800036,1789785099.5950165,9,0.45,refresh,
,55.08765253900037,55.087678576000144,1789785099.6151378,9,0.45,refresh,
,55.10777490999999,55.107800318000045,1789785099.63526,9,0.45,refresh,
,55.12790446700001,55.12794635599994,1789785099.65539,9,0.45,refresh,
,55.14804876400012,55.1480825980002,1789785099.675534,9,0.45,refresh,
,55.16818898800011,55.16823096899998,1789785099.6956744,9,0.45,refresh,
,55.188338767000005,55.188367321999976,1789785099.7158241,9,0.45,refresh,
,55.20846561999997,55.20850930500001,1789785099.7359512,9,0.45,refresh,
,55.22861067700023,55.22865623200005,1789785099.7560964,9,0.45,refresh,
,55.24876206700037,55.24879890000011,1789785099.7762475,9,0.45,refresh,
,55.26889779000021,55.26892890099998,1789785099.7963831,9,0.45,refresh,
,55.28903845800005,55.28907699499996,1789785099.8165238,9,0.45,refresh,
,55.30917760700004,55.309207681000316,1789785099.836663,9,0.45,refresh,
,55.32931270100016,55.329340868000145,1789785099.8567982,9,0.45,refresh,
,55.34943699800033,55.34946396100031,1789785099.8769224,9,0.45,refresh,
,55.36956918500027,55.36962142500033,1789785099.8970547,9,0.45,refresh,
,55.38974235200021,55.389791611999954,1789785099.9172277,9,0.45,refresh,
,55.40990603900036,55.40994381700011,1789785099.9373915,9,0.45,refresh,
,55.430050744000255,55.43009600300002,1789785099.9575362,9,0.45,refresh,
,55.45020067099995,55.45023954099997,1789785099.9776862,9,0.45,refresh,
,55.470339228000284,55.47036957900036,1789785099.9978247,9,0.45,refresh,
,55.490473729000314,55.490501655000116,1789785100.017959,9,0.45,refresh,
,55.51059735900026,55.510623322000356,1789785100.0380828,9,0.45,refresh,
,55.53073430500035,55.53077643500001,1789785100.0582197,9,0.45,refresh,
,55.550892103000024,55.550924787999975,1789785100.0783775,9,0.45,refresh,
,55.57103465900036,55.571079141000155,1789785100.09852,9,0.45,refresh,
,55.59120169800008,55.59123329000022,1789785100.118687,9,0.45,refresh,
,55.6113616990001,55.611455717000354,1789785100.1388474,9,0.45,refresh,
,55.6315867000003,55.63162644100021,1789785100.159072,9,0.45,refresh,
,55.651731572000244,55.65176855300024,1789785100.1792169,9,0.45,refresh,
,55.671866388000126,55.67189807300019,1789785100.1993518,9,0.45,refresh,
,55.692012647999945,55.692058833000374,1789785100.2194982,9,0.45,refresh,
,55.712168222999935,55.71220172300036,1789785100.2396536,9,0.45,refresh,
,55.73230978000038,55.732351132000076,1789785100.2597952,9,0.45,refresh,
,55.75245194800027,55.75248504000001,1789785100.2799373,9,0.45,refresh,
,55.77258541200035,55.77261648600006,1789785100.300071,9,0.45,refresh,
,55.792768654000156,55.79282639500025,1789785100.3202543,9,0.45,refresh,
,55.81293826599995,55.812979118000385,1789785100.3404236,9,0.45,refresh,
,55.833083230000284,55.83313036000027,1789785100.3605685,9,0.45,refresh,
,55.85323152800038,55.85326091700017,1789785100.380717,9,0.45,refresh,
,55.873359214000175,55.87338589900037,1789785100.4008446,9,0.45,refresh,
,55.89350208600035,55.8935483260002,1789785100.4209876,9,0.45,refresh,
,55.913658105000195,55.91369003099999,1789785100.4411435,9,0.45,refresh,
,55.93380245800017,55.93383121800025,1789785100.461288,9,0.45,refresh,
,55.95393031100002,55.953957515000184,1789785100.4814157,9,0.45,refresh,
,55.974063387000115,55.97410359000014,1789785100.5015488,9,0.45,refresh,
,55.99420692500007,55.99423557299997,1789785100.5216925,9,0.45,refresh,
,56.01433216700025,56.01435922200017,1789785100.5418177,9,0.45,refresh,
,56.03445577900038,56.034483186000216,1789785100.5619411,9,0.45,refresh,
,56.054579669000304,56.05460515000004,1789785100.582065,9,0.45,refresh,
,56.07470254000009,56.07473361500024,1789785100.602188,9,0.45,refresh,
,56.09483135600021,56.09485583800006,1789785100.6223168,9,0.45,refresh,
,56.11495352400016,56.11497757999996,1789785100.642439,9,0.45,refresh,
,56.1350833030001,56.13512743299998,1789785100.6625688,9,0.45,refresh,
,56.155229712000164,56.15525989700018,1789785100.6827152,9,0.45,refresh,
,56.17535589800036,56.17538736100005,1789785100.7028413,9,0.45,refresh,
,56.19553036200023,56.19563645500011,1789785100.7230163,9,0.45,refresh,
,56.21577638200006,56.215833123000266,1789785100.743262,9,0.45,refresh,
,56.23593879100008,56.23597751300031,1789785100.7634242,9,0.45,refresh,
,56.256075588000385,56.25611307000008,1789785100.783561,9,0.45,refresh,
,56.27621286700014,56.27624212599994,1789785100.803698,9,0.45,refresh,
,56.29635633099997,56.29639801600024,1789785100.8238418,9,0.45,refresh,
,56.31650672100022,56.31653848099995,1789785100.843992,9,0.45,refresh,
,56.33663566700034,56.33666413000037,1789785100.8641212,9,0.45,refresh,
,56.35674457499999,56.356782816000305,1789785100.88423,9,0.45,refresh,
,56.37692150200019,56.377012168999954,1789785100.904407,9,0.45,refresh,
,56.397158245000355,56.39722661500036,1789785100.9246438,9,0.45,refresh,
,56.41735963500014,56.417454357000224,1789785100.944845,9,0.45,refresh,
,56.437575969000136,56.43763441400006,1789785100.9650614,9,0.45,refresh,
,56.45774698900004,56.457796989000144,1789785100.9852324,9,0.45,refresh,
,56.47789876800016,56.47793087900027,1789785101.0053842,9,0.45,refresh,
,56.498032731999956,56.49806606600032,1789785101.0255182,9,0.45,refresh,
,56.51816391800003,56.51819260399998,1789785101.0456493,9,0.45,refresh,
,56.53828740100016,56.53832340100007,1789785101.0657728,9,0.45,refresh,
,56.558425680000255,56.55845529099997,1789785101.085911,9,0.45,refresh,
,56.578550996000104,56.57858505200011,1789785101.1060364,9,0.45,refresh,
,56.59868929300001,56.59872649700037,1789785101.1261747,9,0.45,refresh,
,56.61882520200015,56.61887436899997,1789785101.1463106,9,0.45,refresh,
,56.63897361099998,56.639003462000346,1789785101.1664588,9,0.45,refresh,
,56.65909713000019,56.659126927000216,1789785101.1865826,9,0.45,refresh,
,56.67922200200019,56.67924878000031,1789785101.2067075,9,0.45,refresh,
,56.69934476200024,56.69937809500016,1789785101.22683,9,0.45,refresh,
,56.71948224500011,56.71951052300028,1789785101.2469676,9,0.45,refresh,
,56.73960611600023,56.73963591300026,1789785101.2670915,9,0.45,refresh,
,56.75973235800029,56.75975896900036,1789785101.2872176,9,0.45,refresh,
,56.779856007000035,56.77988819300026,1789785101.3073413,9,0.45,refresh,
,56.79999362000035,56.80002339700013,1789785101.3274791,9,0.45,refresh,
,56.82012121300022,56.8201493800002,1789785101.3476064,9,0.45,refresh,
,56.840245511000376,56.84027173300001,1789785101.3677309,9,0.45,refresh,
,56.86036730800015,56.860393122999994,1789785101.387853,9,0.45,refresh,
,56.88048929100023,56.88051493900002,1789785101.4079747,9,0.45,refresh,
,56.90060925500029,56.90063555100005,1789785101.4280946,9,0.45,refresh,
,56.92073073700021,56.92075621899994,1789785101.448216,9,0.45,refresh,
,56.9408506650002,56.94087660900004,1789785101.468336,9,0.45,refresh,
,56.96097657300015,56.96101436900017,1789785101.488462,9,0.45,refresh,
,56.98111387100016,56.98114811100004,1789785101.5085993,9,0.45,refresh,
,57.00125163100029,57.00128127900007,1789785101.528737,9,0.45,refresh,
,57.02139433599996,57.021459058000346,1789785101.5488799,9,0.45,refresh,
,57.041565189000266,57.04160743000011,1789785101.5690506,9,0.45,refresh,
,57.061724338000204,57.0617567270001,1789785101.5892098,9,0.45,refresh,
,57.08185446900006,57.08188374700012,1789785101.60934,9,0.45,refresh,
,57.10197837700025,57.10200474800013,1789785101.629464,9,0.45,refresh,
,57.122108416000174,57.122148712000126,1789785101.6495938,9,0.45,refresh,
,57.14224732399998,57.14227456500021,1789785101.6697328,9,0.45,refresh,
,57.1623780660002,57.16240515900017,1789785101.6898634,9,0.45,refresh,
,57.182504807999976,57.18253482700038,1789785101.7099903,9,0.45,refresh,
,57.20263240200029,57.202675143000306,1789785101.7301178,9,0.45,refresh,
,57.22277308799994,57.222803755000314,1789785101.7502584,9,0.45,refresh,
,57.24290449700038,57.24293770000031,1789785101.7703898,9,0.45,refresh,
,57.263042164000126,57.26306997900019,1789785101.7905276,9,0.45,refresh,
,57.28316559099994,57.28319166600022,1789785101.8106508,9,0.45,refresh,
,57.30328790700014,57.30331388900004,1789785101.8307734,9,0.45,refresh,
,57.32340939000005,57.3234351860001,1789785101.850895,9,0.45,refresh,
,57.34352866900008,57.34355392800035,1789785101.871014,9,0.45,refresh,
,57.363648985000054,57.36367578099998,1789785101.8911345,9,0.45,refresh,
,57.38377515299999,57.383826190000036,1789785101.9112604,9,0.45,refresh,
,57.403926783000315,57.40397226499999,1789785101.9314122,9,0.45,refresh,
,57.42407235900009,57.42409989600037,1789785101.9515576,9,0.45,refresh,
,57.44419569299998,57.44422226699999,1789785101.971681,9,0.45,refresh,
,57.46431706500016,57.464342880000004,1789785101.9918025,9,0.45,refresh,
,57.484438010000304,57.48446423300038,1789785102.0119236,9,0.45,refresh,
,57.50455956700034,57.504585529999986,1789785102.0320451,9,0.45,refresh,
,57.524681031,57.524706827000045,1789785102.0521665,9,0.45,refresh,
,57.54480994000005,57.54484255100033,1789785102.0722954,9,0.45,refresh,
,57.56494956999995,57.56498349599997,1789785102.092435,9,0.45,refresh,
,57.585093109000354,57.58513290500014,1789785102.1125786,9,0.45,refresh,
,57.60523862800028,57.60527696200006,1789785102.1327243,9,0.45,refresh,
,57.62540194400026,57.62548749999996,1789785102.1528876,9,0.45,refresh,
,57.645608020000054,57.64565100100026,1789785102.1730933,9,0.45,refresh,
,57.66575231700017,57.665787558000375,1789785102.1932378,9,0.45,refresh,
,57.68589278100035,57.685931578000236,1789785102.2133782,9,0.45,refresh,
,57.70604757900037,57.706087560000014,1789785102.233533,9,0.45,refresh,
,57.726188209000156,57.72622293200038,1789785102.2536738,9,0.45,refresh,
,57.74632691400029,57.74636772900021,1789785102.2738125,9,0.45,refresh,
,57.766476138000144,57.76650691600025,1789785102.2939615,9,0.45,refresh,
,57.78660475000015,57.78663269400022,1789785102.3140903,9,0.45,refresh,
,57.80673010300006,57.80675765900014,1789785102.3342154,9,0.45,refresh,
,57.82685395600038,57.826879567000105,1789785102.3543394,9,0.45,refresh,
,57.84697767900025,57.84700179000038,1789785102.374463,9,0.45,refresh,
,57.86709801400002,57.86712643999999,1789785102.3945832,9,0.45,refresh,
,57.8872334040002,57.887276774000384,1789785102.4147189,9,0.45,refresh,
,57.90737868299993,57.90740744200002,1789785102.434864,9,0.45,refresh,
,57.92750405400011,57.927531943000304,1789785102.4549892,9,0.45,refresh,
,57.94762668500016,57.94765227800008,1789785102.4751122,9,0.45,refresh,
,57.96774696400007,57.96777277900037,1789785102.4952323,9,0.45,refresh,
,57.98786724299998,57.987894890999996,1789785102.5153525,9,0.45,refresh,
,58.00800111400031,58.008034039999984,1789785102.5354865,9,0.45,refresh,
,58.02813515300022,58.028162541000256,1789785102.5556207,9,0.45,refresh,
,58.048261561000345,58.048289320000094,1789785102.575747,9,0.45,refresh,
,58.06838717300025,58.068412766000165,1789785102.5958724,9,0.45,refresh,
,58.0885092110002,58.08853628600036,1789785102.6159947,9,0.45,refresh,
,58.108635231000335,58.108659787000306,1789785102.6361206,9,0.45,refresh,
,58.12875610300034,58.12878088000025,1789785102.6562414,9,0.45,refresh,
,58.148893770000086,58.148939604000134,1789785102.6763792,9,0.45,refresh,
,58.16904188300032,58.16907532699997,1789785102.6965272,9,0.45,refresh,
,58.189176365000094,58.189204625,1789785102.7166617,9,0.45,refresh,
,58.20930347800004,58.20933295900022,1789785102.736789,9,0.45,refresh,
,58.22944212700031,58.22951112700002,1789785102.7569277,9,0.45,refresh,
,58.24963040600005,58.249676313000236,1789785102.7771158,9,0.45,refresh,
,58.26978488900022,58.26981950000027,1789785102.7972703,9,0.45,refresh,
,58.28992335300018,58.28996396399998,1789785102.8174088,9,0.45,refresh,
,58.3100712610003,58.31010094700014,1789785102.8375568,9,0.45,refresh,
,58.330198522000046,58.330225818000144,1789785102.857684,9,0.45,refresh,
,58.35032841200018,58.35035470799994,1789785102.8778138,9,0.45,refresh,
,58.37048270900004,58.37056315400014,1789785102.897968,9,0.45,refresh,
,58.39068100700024,58.39073915500012,1789785102.9181666,9,0.45,refresh,
,58.41085632300019,58.41092419300003,1789785102.9383419,9,0.45,refresh,
,58.43103139799996,58.43106221300013,1789785102.9585168,9,0.45,refresh,
,58.45117454699994,58.45119949200034,1789785102.9786599,9,0.45,refresh,
,58.47129523400008,58.47132703000034,1789785102.9987807,9,0.45,refresh,
,58.49143273500022,58.49146201300027,1789785103.018918,9,0.45,refresh,
,58.51155999499997,58.511586662000354,1789785103.0390453,9,0.45,refresh,
,58.53168851500004,58.53171486700012,1789785103.0591738,9,0.45,refresh,
,58.55182110900023,58.55185416400036,1789785103.0793066,9,0.45,refresh,
,58.57196183199994,58.57199399900037,1789785103.0994473,9,0.45,refresh,
,58.59210838900026,58.59214840699997,1789785103.1195936,9,0.45,refresh,
,58.61225200100034,58.612289631000294,1789785103.1397374,9,0.45,refresh,
,58.63242703900005,58.632480558000225,1789785103.1599123,9,0.45,refresh,
,58.652585615000135,58.652628392000224,1789785103.1800709,9,0.45,refresh,
,58.672737301000325,58.67276909700013,1789785103.2002227,9,0.45,refresh,
,58.6928755240001,58.692905338999935,1789785103.220361,9,0.45,refresh,
,58.71300985900007,58.713038506999965,1789785103.2404954,9,0.45,refresh,
,58.73313650800037,58.73317360100009,1789785103.2606218,9,0.45,refresh,
,58.75328012,58.753322602000026,1789785103.2807658,9,0.45,refresh,
,58.77342938100037,58.77346171399995,1789785103.3009148,9,0.45,refresh,
,58.793566512000325,58.79359591900038,1789785103.3210518,9,0.45,refresh,
,58.81369623499995,58.813732141999935,1789785103.3411818,9,0.45,refresh,
,58.83386073600013,58.83394097700011,1789785103.3613462,9,0.45,refresh,
,58.854050441000254,58.854094885999984,1789785103.3815358,9,0.45,refresh,
,58.87419444200032,58.874231072000384,1789785103.4016798,9,0.45,refresh,
,58.894346295000105,58.89439127700007,1789785103.4218316,9,0.45,refresh,
,58.914500519000285,58.914533074000246,1789785103.441986,9,0.45,refresh,
,58.9346303530001,58.934658520000085,1789785103.4621158,9,0.45,refresh,
,58.95475578000014,58.954785151000124,1789785103.4822414,9,0.45,refresh,
,58.97488248500031,58.97491041100011,1789785103.502368,9,0.45,refresh,
,58.99501507900004,58.995058838000205,1789785103.5225005,9,0.45,refresh,
,59.0151590800001,59.01519058000031,1789785103.5426445,9,0.45,refresh,
,59.03528965500027,59.03531861800002,1789785103.5627751,9,0.45,refresh,
,59.05541539700016,59.05544598999995,1789785103.5829008,9,0.45,refresh,
,59.07554476900032,59.07557299100017,1789785103.6030302,9,0.45,refresh,
,59.095671547000165,59.095697324999946,1789785103.623157,9,0.45,refresh,
,59.115804956000375,59.115831382000124,1789785103.6432903,9,0.45,refresh,
,59.13593306800021,59.135972013000355,1789785103.6634185,9,0.45,refresh,
,59.15607901400017,59.156121772999995,1789785103.6835647,9,0.45,refresh,
,59.17622647799999,59.176257219000036,1789785103.703712,9,0.45,refresh,
,59.19636229400021,59.19639994199997,1789785103.7238476,9,0.45,refresh,
,59.21653094300018,59.21661905500014,1789785103.7440164,9,0.45,refresh,
,59.23674024100001,59.2367835,1789785103.7642255,9,0.45,refresh,
,59.256895353000345,59.256952168000225,1789785103.784381,9,0.45,refresh,
,59.277065206000316,59.27709968800036,1789785103.8045506,9,0.45,refresh,
,59.297199743999954,59.29723430000013,1789785103.824685,9,0.45,refresh,
,59.317338783000196,59.31736794900007,1789785103.844824,9,0.45,refresh,
,59.33746443200016,59.33749280200027,1789785103.8649497,9,0.45,refresh,
,59.35759037800017,59.3576185070001,1789785103.8850758,9,0.45,refresh,
,59.37779697099995,59.37795356400011,1789785103.9052825,9,0.45,refresh,
,59.39805651000006,59.39810771400016,1789785103.9255419,9,0.45,refresh,
,59.41818021500012,59.418223863000094,1789785103.9456658,9,0.45,refresh,
,59.43832930799999,59.43836288300008,1789785103.9658148,9,0.45,refresh,
,59.458466198000224,59.458498642999984,1789785103.9859517,9,0.45,refresh,
,59.478601959000116,59.47863345900032,1789785104.0060875,9,0.45,refresh,
,59.498732737999944,59.49876575600001,1789785104.0262182,9,0.45,refresh,
,59.51887114600004,59.51890481300006,1789785104.0463564,9,0.45,refresh,
,59.53900916600014,59.53904305500009,1789785104.0664945,9,0.45,refresh,
,59.55914933400027,59.559182223000334,1789785104.0866346,9,0.45,refresh,
,59.57929627900012,59.579339020000134,1789785104.1067817,9,0.45,refresh,
,59.59943881800018,59.599470595000184,1789785104.1269243,9,0.45,refresh,
,59.61957481900026,59.61963915200022,1789785104.1470602,9,0.45,refresh,
,59.63974676399994,59.63979237600006,1789785104.1672323,9,0.45,refresh,
,59.659892432000106,59.65992682100023,1789785104.187378,9,0.45,refresh,
,59.68002543300008,59.68005671100036,1789785104.2075107,9,0.45,refresh,
,59.70015454600025,59.70019187900016,1789785104.2276402,9,0.45,refresh,
,59.72029012100029,59.72032175100003,1789785104.2477756,9,0.45,refresh,
,59.74042001099997,59.740455752000344,1789785104.2679055,9,0.45,refresh,
,59.76055399400002,59.76058471600027,1789785104.2880394,9,0.45,refresh,
,59.780681847000324,59.78071145800004,1789785104.3081672,9,0.45,refresh,
,59.800817496000036,59.80084512600024,1789785104.3283029,9,0.45,refresh,
,59.820941941,59.820969848999994,1789785104.3484273,9,0.45,refresh,
,59.841064720000304,59.8410920350002,1789785104.36855,9,0.45,refresh,
,59.86119174000032,59.86123729600013,1789785104.3886771,9,0.45,refresh,
,59.881336334000025,59.881371500000114,1789785104.4088218,9,0.45,refresh,
,59.90146915000014,59.90150583500008,1789785104.4289546,9,0.45,refresh,
,59.92160598400005,59.92163807700035,1789785104.4490914,9,0.45,refresh,
,59.94173552200027,59.94176626300032,1789785104.4692209,9,0.45,refresh,
,59.9618660240003,59.961892671999976,1789785104.4893515,9,0.45,refresh,
,59.98198995100029,59.98202172800029,1789785104.5094752,9,0.45,refresh,
60.0,60.000072502999956,60.00010717000032,1789785104.5275578,10,0.5,step,0.07250299995575915
,60.02033907900022,60.02066678300025,1789785104.5478244,10,0.5,refresh,
,60.04089898800021,60.04094435900015,1789785104.5683842,10,0.5,refresh,
,60.06104136000022,60.06108050800003,1789785104.588527,10,0.5,refresh,
,60.08117913900014,60.081211064999934,1789785104.6086645,10,0.5,refresh,
,60.10130788100014,60.10133706600027,1789785104.6287932,10,0.5,refresh,
,60.12143308500026,60.12146191900001,1789785104.6489186,10,0.5,refresh,
,60.141561920000186,60.141602975000296,1789785104.6690474,10,0.5,refresh,
,60.161702588000026,60.16174084700015,1789785104.689188,10,0.5,refresh,
,60.18184247800036,60.1818697560002,1789785104.709328,10,0.5,refresh,
,60.20196723800018,60.201999572000204,1789785104.7294526,10,0.5,refresh,
,60.22210007300009,60.222145684000225,1789785104.7495856,10,0.5,refresh,
,60.24224562900008,60.24227888900032,1789785104.769731,10,0.5,refresh,
,60.262385112000175,60.262420092999946,1789785104.7898705,10,0.5,refresh,
,60.2825177980003,60.28254640900013,1789785104.8100033,10,0.5,refresh,
,60.30264550300035,60.30267394800012,1789785104.830131,10,0.5,refresh,
,60.322769466999944,60.32279769000024,1789785104.8502548,10,0.5,refresh,
,60.34289348700031,60.34292030200004,1789785104.8703787,10,0.5,refresh,
,60.36301843199999,60.36304417300016,1789785104.8905036,10,0.5,refresh,
,60.38315082200006,60.38321523000013,1789785104.9106362,10,0.5,refresh,
,60.40332406400012,60.403370824000376,1789785104.9308095,10,0.5,refresh,
,60.423485325,60.42352917700009,1789785104.9509706,10,0.5,refresh,
,60.443630011000096,60.443660678000015,1789785104.9711156,10,0.5,refresh,
,60.463761734999935,60.46378979000019,1789785104.9912472,10,0.5,refresh,
,60.483887143000175,60.48391744000037,1789785105.0113726,10,0.5,refresh,
,60.50401508899995,60.50404419999995,1789785105.0315006,10,0.5,refresh,
,60.524140831000295,60.5241688860001,1789785105.0516262,10,0.5,refresh,
,60.54426540600025,60.54429355399998,1789785105.0717509,10,0.5,refresh,
,60.56440218500029,60.564446518000295,1789785105.0918877,10,0.5,refresh,
,60.58455116699997,60.58458803800022,1789785105.1120367,10,0.5,refresh,
,60.60475485400002,60.60489722400007,1789785105.1322405,10,0.5,refresh,
,60.62506326300036,60.625151004000145,1789785105.1525488,10,0.5,refresh,
,60.64528350499995,60.645326893999936,1789785105.1727688,10,0.5,refresh,
,60.665421339000204,60.6654556540002,1789785105.1929069,10,0.5,refresh,
,60.68555289599999,60.68558602600024,1789785105.2130384,10,0.5,refresh,
,60.70568586000036,60.705716768,1789785105.2331712,10,0.5,refresh,
,60.725832621000336,60.72586323199994,1789785105.253318,10,0.5,refresh,
,60.745959417999984,60.74598801100001,1789785105.273445,10,0.5,refresh,
,60.76609012300014,60.766135919000135,1789785105.2935755,10,0.5,refresh,
,60.78623675400013,60.786270735000016,1789785105.3137221,10,0.5,refresh,
,60.806368421000116,60.8063977730003,1789785105.3338537,10,0.5,refresh,
,60.8264947370003,60.82652534900035,1789785105.35398,10,0.5,refresh,
,60.84663040500027,60.846658553,1789785105.374116,10,0.5,refresh,
,60.86676038800033,60.86679055500008,1789785105.3942459,10,0.5,refresh,
,60.88689320399999,60.886932556000374,1789785105.4143786,10,0.5,refresh,
,60.90703211200025,60.90706314900035,1789785105.4345176,10,0.5,refresh,
,60.92716128000029,60.92718911400016,1789785105.4546468,10,0.5,refresh,
,60.94728476299997,60.94731174400022,1789785105.47477,10,0.5,refresh,
,60.96740693100037,60.96743361600011,1789785105.4948924,10,0.5,refresh,
,60.98753117200022,60.98755958000038,1789785105.5150166,10,0.5,refresh,
,61.007657692000066,61.00768937700013,1789785105.5351431,10,0.5,refresh,
,61.02780561899999,61.027850470999965,1789785105.5552912,10,0.5,refresh,
,61.04795902800015,61.04799062000029,1789785105.5754445,10,0.5,refresh,
,61.06808945500006,61.06811697300009,1789785105.5955749,10,0.5,refresh,
,61.088216123000166,61.08824271499998,1789785105.6157014,10,0.5,refresh,
,61.10833866100029,61.108366771999954,1789785105.6358242,10,0.5,refresh,
,61.128465495,61.12849077300007,1789785105.6559508,10,0.5,refresh,
,61.148594311000124,61.14863477400013,1789785105.67608,10,0.5,refresh,
,61.168736405000345,61.16876472000013,1789785105.6962216,10,0.5,refresh,
,61.18886235100035,61.188891627999965,1789785105.7163477,10,0.5,refresh,
,61.209002241000235,61.20908124100015,1789785105.7364876,10,0.5,refresh,
,61.229213538000295,61.229267668000375,1789785105.7566988,10,0.5,refresh,
,61.24936865000018,61.24940841000034,1789785105.776854,10,0.5,refresh,
,61.26950765200036,61.26954637400013,1789785105.796993,10,0.5,refresh,
,61.28965243100038,61.28968294900005,1789785105.817138,10,0.5,refresh,
,61.30980206100003,61.30983704300024,1789785105.8372874,10,0.5,refresh,
,61.32994124800007,61.329971228999966,1789785105.8574266,10,0.5,refresh,
,61.350074619000225,61.35010297100007,1789785105.8775601,10,0.5,refresh,
,61.37020084300002,61.370227972000066,1789785105.8976862,10,0.5,refresh,
,61.39035697300005,61.39041423300023,1789785105.9178424,10,0.5,refresh,
,61.41052993800031,61.41058967800018,1789785105.9380155,10,0.5,refresh,
,61.43070138300027,61.430746402000295,1789785105.9581869,10,0.5,refresh,
,61.450851847000195,61.45088190300021,1789785105.9783373,10,0.5,refresh,
,61.4709840710002,61.47102401500024,1789785105.9984696,10,0.5,refresh,
,61.49112638700035,61.49115553499996,1789785106.0186117,10,0.5,refresh,
,61.51125501700017,61.511282573000244,1789785106.0387404,10,0.5,refresh,
,61.531381796000005,61.53140759300004,1789785106.0588672,10,0.5,refresh,
,61.55150275999995,61.551531446000354,1789785106.078988,10,0.5,refresh,
,61.57163850200004,61.57168076200014,1789785106.099124,10,0.5,refresh,
,61.59179705900033,61.591841466999995,1789785106.1192825,10,0.5,refresh,
,61.61195935700016,61.611998468000365,1789785106.1394448,10,0.5,refresh,
,61.632132210000236,61.632212895000066,1789785106.1596181,10,0.5,refresh,
,61.65233795200038,61.65238734100012,1789785106.1798234,10,0.5,refresh,
,61.67249699000013,61.67253730500033,1789785106.1999824,10,0.5,refresh,
,61.69265245400038,61.69269191700005,1789785106.220138,10,0.5,refresh,
,61.71281860299996,61.71285697400026,1789785106.2403042,10,0.5,refresh,
,61.73296236400029,61.73300182699995,1789785106.2604477,10,0.5,refresh,
,61.75310669800001,61.753145698000026,1789785106.2805922,10,0.5,refresh,
,61.77325427400001,61.77329555100005,1789785106.3007398,10,0.5,refresh,
,61.79340721900007,61.793453349000174,1789785106.3208926,10,0.5,refresh,
,61.813596017000236,61.813695721000386,1789785106.3410816,10,0.5,refresh,
,61.83382831400013,61.83387418500024,1789785106.3613138,10,0.5,refresh,
,61.85397681600034,61.85400868600027,1789785106.3814623,10,0.5,refresh,
,61.87411133500018,61.874144743000215,1789785106.4015968,10,0.5,refresh,
,61.89425642900005,61.89429603999997,1789785106.4217417,10,0.5,refresh,
,61.91440313400017,61.91443489300036,1789785106.4418886,10,0.5,refresh,
,61.93453246800027,61.934562265000295,1789785106.4620178,10,0.5,refresh,
,61.95465982099995,61.954687581000144,1789785106.4821453,10,0.5,refresh,
,61.974784637000084,61.97481437800025,1789785106.5022702,10,0.5,refresh,
,61.994915452999976,61.99494325000023,1789785106.5224009,10,0.5,refresh,
,62.015041010000004,62.015071157999955,1789785106.5425265,10,0.5,refresh,
,62.03517506700018,62.03521569600025,1789785106.5626607,10,0.5,refresh,
,62.05532321600003,62.055364809000366,1789785106.5828085,10,0.5,refresh,
,62.075465439000254,62.07549675400014,1789785106.6029508,10,0.5,refresh,
,62.09559812600037,62.09562699600019,1789785106.6230836,10,0.5,refresh,
,62.11572657100032,62.11575247900009,1789785106.643212,10,0.5,refresh,
,62.13584879500013,62.13587907200008,1789785106.6633341,10,0.5,refresh,
,62.15598223999996,62.1560211850001,1789785106.6834679,10,0.5,refresh,
,62.17612203800036,62.17615148200002,1789785106.7036076,10,0.5,refresh,
,62.1962526870002,62.196280113000284,1789785106.7237382,10,0.5,refresh,
,62.21641554000007,62.216502021999986,1789785106.7439013,10,0.5,refresh,
,62.23662657800014,62.236670912000136,1789785106.7641122,10,0.5,refresh,
,62.256777542000236,62.25681700600035,1789785106.784263,10,0.5,refresh,
,62.27692302500009,62.27696411800025,1789785106.8044086,10,0.5,refresh,
,62.29707141500012,62.29710941500025,1789785106.8245568,10,0.5,refresh,
,62.31722395299994,62.317263065000134,1789785106.8447094,10,0.5,refresh,
,62.337369158,62.33740699200007,1789785106.8648546,10,0.5,refresh,
,62.357512771000074,62.357551530000364,1789785106.884998,10,0.5,refresh,
,62.37765930900014,62.377698605000205,1789785106.905145,10,0.5,refresh,
,62.39784747700014,62.39793653200013,1789785106.925333,10,0.5,refresh,
,62.418128293000336,62.41819018200022,1789785106.9456139,10,0.5,refresh,
,62.438296016000095,62.43833407200009,1789785106.9657815,10,0.5,refresh,
,62.458431203000146,62.45845912899995,1789785106.9859166,10,0.5,refresh,
,62.47855374100027,62.47858579600006,1789785107.0060391,10,0.5,refresh,
,62.498680723000234,62.4987072050003,1789785107.026166,10,0.5,refresh,
,62.51881331699997,62.51884320600038,1789785107.0462987,10,0.5,refresh,
,62.538942873999986,62.53897596700017,1789785107.0664282,10,0.5,refresh,
,62.55907200499996,62.559101763999934,1789785107.0865574,10,0.5,refresh,
,62.57919980199995,62.579232932000195,1789785107.1066852,10,0.5,refresh,
,62.59933104400034,62.59936521100008,1789785107.1268165,10,0.5,refresh,
,62.61946189700029,62.61948891600014,1789785107.1469474,10,0.5,refresh,
,62.63958888000025,62.63964615700024,1789785107.1670742,10,0.5,refresh,
,62.65974927000025,62.65978332500026,1789785107.1872346,10,0.5,refresh,
,62.67988180800012,62.67991332600013,1789785107.2073672,10,0.5,refresh,
,62.70001255000034,62.700045328000215,1789785107.227498,10,0.5,refresh,
,62.72015227300017,62.72018421800021,1789785107.2476377,10,0.5,refresh,
,62.740284126000006,62.740316348000306,1789785107.2677696,10,0.5,refresh,
,62.76042560900032,62.76045857200006,1789785107.287911,10,0.5,refresh,
,62.780561906,62.78060025800005,1789785107.3080473,10,0.5,refresh,
,62.80069985199998,62.80074301900004,1789785107.3281853,10,0.5,refresh,
,62.82085135300031,62.82088385299994,1789785107.3483367,10,0.5,refresh,
,62.84098233600025,62.841014113000256,1789785107.3684678,10,0.5,refresh,
,62.861120262999975,62.86115148499994,1789785107.3886056,10,0.5,refresh,
,62.88125080100008,62.88128439399998,1789785107.4087362,10,0.5,refresh,
,62.9013943760001,62.90143361700029,1789785107.42888,10,0.5,refresh,
,62.92153726600009,62.92156758100009,1789785107.4490228,10,0.5,refresh,
,62.941667212000084,62.941698804000225,1789785107.4691525,10,0.5,refresh,
,62.96180923100019,62.9618400090003,1789785107.4892945,10,0.5,refresh,
,62.98193693600024,62.98196847300005,1789785107.5094223,10,0.5,refresh,
,63.00207108600034,63.00211003000004,1789785107.5295565,10,0.5,refresh,
,63.022208327000044,63.02225366100038,1789785107.5496936,10,0.5,refresh,
,63.04234955100037,63.04238668100015,1789785107.569835,10,0.5,refresh,
,63.062489108000136,63.06251851500019,1789785107.5899746,10,0.5,refresh,
,63.082616627000334,63.08264801600035,1789785107.610102,10,0.5,refresh,
,63.102752795000015,63.10279162799998,1789785107.6302383,10,0.5,refresh,
,63.1228911850003,63.122924240999964,1789785107.6503768,10,0.5,refresh,
,63.14303574199994,63.143076889999975,1789785107.670521,10,0.5,refresh,
,63.16318063200015,63.16320961300016,1789785107.690666,10,0.5,refresh,
,63.18330991100038,63.183341503000065,1789785107.7107952,10,0.5,refresh,
,63.2034427640001,63.20347670800038,1789785107.7309282,10,0.5,refresh,
,63.22361585800036,63.22366046900015,1789785107.7511013,10,0.5,refresh,
,63.2437617290002,63.24379430299996,1789785107.7712471,10,0.5,refresh,
,63.263898601000164,63.263937008000084,1789785107.791384,10,0.5,refresh,
,63.28403700900026,63.2840647500002,1789785107.8115222,10,0.5,refresh,
,63.30416084400031,63.30418773300016,1789785107.8316462,10,0.5,refresh,
,63.32428480800036,63.32431688199995,1789785107.8517702,10,0.5,refresh,
,63.3444147350001,63.344441846000336,1789785107.8719,10,0.5,refresh,
,63.364538236000044,63.364568606000375,1789785107.8920236,10,0.5,refresh,
,63.38467484800003,63.38473577400009,1789785107.9121602,10,0.5,refresh,
,63.40485581200028,63.40490670100007,1789785107.9323413,10,0.5,refresh,
,63.425010962000215,63.425054461999935,1789785107.9524963,10,0.5,refresh,
,63.44516287000033,63.44519329600007,1789785107.9726481,10,0.5,refresh,
,63.465296927000054,63.46533489000012,1789785107.9927824,10,0.5,refresh,
,63.48543391000021,63.48546413200029,1789785108.0129192,10,0.5,refresh,
,63.505562355000166,63.50558981800032,1789785108.033048,10,0.5,refresh,
,63.52568672699999,63.52571344900025,1789785108.053172,10,0.5,refresh,
,63.54583030200001,63.545866691000356,1789785108.0733159,10,0.5,refresh,
,63.56596645100035,63.56600328500008,1789785108.0934517,10,0.5,refresh,
,63.58610723000038,63.58615293399998,1789785108.1135926,10,0.5,refresh,
,63.606254787000125,63.60628536100012,1789785108.1337402,10,0.5,refresh,
,63.6263928620001,63.6264713620003,1789785108.1538782,10,0.5,refresh,
,63.646609530000205,63.64667028900021,1789785108.1740952,10,0.5,refresh,
,63.66677934600011,63.66681634600036,1789785108.194265,10,0.5,refresh,
,63.686923199000375,63.68696273600017,1789785108.2144086,10,0.5,refresh,
,63.707069904000036,63.70710825600008,1789785108.2345555,10,0.5,refresh,
,63.72721483100031,63.727252404999945,1789785108.2547002,10,0.5,refresh,
,63.747357703000034,63.74741988799997,1789785108.2748432,10,0.5,refresh,
,63.76752544500005,63.767562647999966,1789785108.2950108,10,0.5,refresh,
,63.78766598300035,63.78770609399999,1789785108.3151515,10,0.5,refresh,
,63.807816817,63.80784728000026,1789785108.335302,10,0.5,refresh,
,63.827949337000064,63.82798572599995,1789785108.3554347,10,0.5,refresh,
,63.848093338000126,63.84812363400033,1789785108.3755786,10,0.5,refresh,
,63.8682269320002,63.86825506200012,1789785108.3957121,10,0.5,refresh,
,63.888360303000354,63.888407285000085,1789785108.4158459,10,0.5,refresh,
,63.90851698999995,63.90855636000015,1789785108.4360023,10,0.5,refresh,
,63.92866132400013,63.92869141700021,1789785108.4561467,10,0.5,refresh,
,63.94880525100007,63.948836863,1789785108.4762905,10,0.5,refresh,
,63.96894771500001,63.968986807999954,1789785108.4964333,10,0.5,refresh,
,63.989097050000055,63.98913319800022,1789785108.5165825,10,0.5,refresh,
,64.0092400880003,64.00928153300038,1789785108.5367255,10,0.5,refresh,
,64.0293837930003,64.02941844099996,1789785108.556869,10,0.5,refresh,
,64.04952873900038,64.04955942400011,1789785108.577014,10,0.5,refresh,
,64.06966731400007,64.06971205500031,1789785108.5971527,10,0.5,refresh,
,64.08983490800028,64.08987066700001,1789785108.6173205,10,0.5,refresh,
,64.10997472400004,64.11001172400029,1789785108.6374602,10,0.5,refresh,
,64.13011422499994,64.13014435500008,1789785108.6575997,10,0.5,refresh,
,64.150254615,64.15029228200001,1789785108.67774,10,0.5,refresh,
,64.17039891200011,64.1704396160003,1789785108.6978843,10,0.5,refresh,
,64.19054959899995,64.1905867280002,1789785108.718035,10,0.5,refresh,
,64.21094167399997,64.21104950800009,1789785108.7384274,10,0.5,refresh,
,64.23117206500001,64.23121608300016,1789785108.7586575,10,0.5,refresh,
,64.25132117700014,64.25137962100007,1789785108.7788064,10,0.5,refresh,
,64.27149730800011,64.27154625200001,1789785108.7989829,10,0.5,refresh,
,64.29165758700037,64.29168897599993,1789785108.8191428,10,0.5,refresh,
,64.31181569900036,64.31185836600025,1789785108.839301,10,0.5,refresh,
,64.33196762600028,64.33199858900025,1789785108.859453,10,0.5,refresh,
,64.35209551600019,64.3521252380001,1789785108.879581,10,0.5,refresh,
,64.37222474000009,64.3722538510001,1789785108.8997102,10,0.5,refresh,
,64.3923887410001,64.39247668500002,1789785108.9198742,10,0.5,refresh,
,64.41259652000008,64.41263176100028,1789785108.9400818,10,0.5,refresh,
,64.43273798400014,64.43276568800002,1789785108.9602232,10,0.5,refresh,
,64.45286409600021,64.45289605900007,1789785108.9803495,10,0.5,refresh,
,64.47299681999993,64.47302857900013,1789785109.0004823,10,0.5,refresh,
,64.49312917299994,64.49315532100036,1789785109.0206146,10,0.5,refresh,
,64.51326137700016,64.51330352600007,1789785109.0407467,10,0.5,refresh,
,64.53340619300025,64.53343463800002,1789785109.0608916,10,0.5,refresh,
,64.55353217600032,64.55356006500006,1789785109.0810175,10,0.5,refresh,
,64.5736569730002,64.57368514000018,1789785109.1011422,10,0.5,refresh,
,64.59380530800036,64.59384225200029,1789785109.1212907,10,0.5,refresh,
,64.61395580900034,64.61400827200032,1789785109.1414413,10,0.5,refresh,
,64.63412075500037,64.6341526440001,1789785109.161606,10,0.5,refresh,
,64.65426497800036,64.65433329300004,1789785109.1817505,10,0.5,refresh,
,64.67444346100001,64.67448507200015,1789785109.2019289,10,0.5,refresh,
,64.69460925800013,64.69468225800028,1789785109.2220948,10,0.5,refresh,
,64.71482496299996,64.71486181499995,1789785109.2423103,10,0.5,refresh,
,64.73496559400019,64.73500535300036,1789785109.262451,10,0.5,refresh,
,64.75511235500016,64.75515124399999,1789785109.2825978,10,0.5,refresh,
,64.77526348500032,64.77530183700037,1789785109.302749,10,0.5,refresh,
,64.79541269000038,64.79545545000019,1789785109.3228981,10,0.5,refresh,
,64.8155885430001,64.81567515500001,1789785109.3430743,10,0.5,refresh,
,64.8357946000001,64.83585011900004,1789785109.36328,10,0.5,refresh,
,64.85596475000011,64.8560054720001,1789785109.38345,10,0.5,refresh,
,64.8761110280002,64.87614945400037,1789785109.4035966,10,0.5,refresh,
,64.89625738099994,64.89629986299997,1789785109.423743,10,0.5,refresh,
,64.91641675300025,64.91645819800033,1789785109.4439023,10,0.5,refresh,
,64.93656640200015,64.9366053650001,1789785109.464052,10,0.5,refresh,
,64.95671031100028,64.95675942200023,1789785109.484196,10,0.5,refresh,
,64.97687171999996,64.97691020100001,1789785109.504357,10,0.5,refresh,
,64.99702011,64.9970622210003,1789785109.5245056,10,0.5,refresh,
,65.01716696300036,65.01720462899993,1789785109.5446525,10,0.5,refresh,
,65.03731535299994,65.03735514900018,1789785109.5648007,10,0.5,refresh,
,65.05746190900027,65.05750083500016,1789785109.5849473,10,0.5,refresh,
,65.07760628100004,65.07764405900025,1789785109.6050918,10,0.5,refresh,
,65.09774870800038,65.09778709700004,1789785109.6252341,10,0.5,refresh,
,65.11791150600038,65.11794763500029,1789785109.645397,10,0.5,refresh,
,65.13800926600015,65.13804150700025,1789785109.6654947,10,0.5,refresh,
,65.15811384100016,65.15815109999994,1789785109.6855993,10,0.5,refresh,
,65.17825810100021,65.17828995300033,1789785109.7057436,10,0.5,refresh,
,65.19838602900018,65.19841832500015,1789785109.7258713,10,0.5,refresh,
,65.218521882,65.21855288200004,1789785109.7460072,10,0.5,refresh,
,65.23865154900022,65.23869536400025,1789785109.766137,10,0.5,refresh,
,65.25881049500003,65.25884673600012,1789785109.786296,10,0.5,refresh,
,65.27894392200005,65.27897507000034,1789785109.8064294,10,0.5,refresh,
,65.29907255300031,65.29910488600035,1789785109.8265579,10,0.5,refresh,
,65.3192130540001,65.31924392400015,1789785109.8466985,10,0.5,refresh,
,65.33934898100006,65.33938051800033,1789785109.8668344,10,0.5,refresh,
,65.35947839000028,65.35951105599997,1789785109.8869636,10,0.5,refresh,
,65.37961752000001,65.37964992800016,1789785109.907103,10,0.5,refresh,
,65.39976092899997,65.39981254000031,1789785109.9272463,10,0.5,refresh,
,65.41991333800024,65.41996878200007,1789785109.9473987,10,0.5,refresh,
,65.44007374600005,65.44011245000002,1789785109.967559,10,0.5,refresh,
,65.46021963600015,65.46025097000029,1789785109.987705,10,0.5,refresh,
,65.48034919300017,65.48038123000015,1789785110.0078347,10,0.5,refresh,
,65.50047882400031,65.50051054599999,1789785110.027964,10,0.5,refresh,
,65.52061514000025,65.52064689899998,1789785110.0481007,10,0.5,refresh,
,65.54074799299997,65.54077943700031,1789785110.0682335,10,0.5,refresh,
,65.56088449400022,65.56092438300038,1789785110.0883698,10,0.5,refresh,
,65.58102751300021,65.58106793900015,1789785110.108513,10,0.5,refresh,
,65.60117227399996,65.60121608899999,1789785110.1286576,10,0.5,refresh,
,65.62131855300004,65.621349775,1789785110.148804,10,0.5,refresh,
,65.64145727599998,65.64151698000023,1789785110.168943,10,0.5,refresh,
,65.66161972200007,65.6616557960001,1789785110.189105,10,0.5,refresh,
,65.68175507500018,65.68178931600005,1789785110.2092407,10,0.5,refresh,
,65.70190061300036,65.70193966900024,1789785110.229386,10,0.5,refresh,
,65.7220394850001,65.72207168800014,1789785110.249525,10,0.5,refresh,
,65.74217906000013,65.74221094900031,1789785110.2696645,10,0.5,refresh,
,65.76231322800004,65.76234719100012,1789785110.2897987,10,0.5,refresh,
,65.78245393299994,65.78248578400007,1789785110.3099394,10,0.5,refresh,
,65.80259000800015,65.80262913700017,1789785110.3300755,10,0.5,refresh,
,65.82272960099999,65.8227615640003,1789785110.350215,10,0.5,refresh,
,65.84286323200013,65.84289354700013,1789785110.3703485,10,0.5,refresh,
,65.86299325200025,65.86302778900017,1789785110.3904786,10,0.5,refresh,
,65.88313523500028,65.88316703100008,1789785110.4106207,10,0.5,refresh,
,65.90327081000032,65.90330903200038,1789785110.4307563,10,0.5,refresh,
,65.92341329200008,65.92344244100013,1789785110.4508986,10,0.5,refresh,
,65.94354075599995,65.94357451600035,1789785110.4710262,10,0.5,refresh,
,65.96368131300005,65.96371227600002,1789785110.4911668,10,0.5,refresh,
,65.98381803700022,65.98384898099994,1789785110.5113034,10,0.5,refresh,
66.0,66.00007295600017,66.00010514199994,1789785110.5275583,11,0.55,step,0.07295600016732351
,66.02032253200014,66.02068973600035,1789785110.547809,11,0.55,refresh,
,66.04091170000038,66.0409772930002,1789785110.568397,11,0.55,refresh,
,66.06107588700024,66.06112090500028,1789785110.5885613,11,0.55,refresh,
,66.08122349900032,66.08125944400035,1789785110.608709,11,0.55,refresh,
,66.10135763000017,66.10138770399999,1789785110.628843,11,0.55,refresh,
,66.12148348300025,66.12151165000023,1789785110.648969,11,0.55,refresh,
,66.14160641000035,66.1416371690002,1789785110.669092,11,0.55,refresh,
,66.16172652200021,66.16175618900024,1789785110.6892118,11,0.55,refresh,
,66.18184452300011,66.18187446799993,1789785110.7093298,11,0.55,refresh,
,66.20197752400009,66.20201008000004,1789785110.729463,11,0.55,refresh,
,66.22210811800005,66.22213913700034,1789785110.7495935,11,0.55,refresh,
,66.24223693400018,66.24228689700021,1789785110.7697225,11,0.55,refresh,
,66.26239684300026,66.26243147200012,1789785110.7898824,11,0.55,refresh,
,66.28252962200031,66.28256528800011,1789785110.810015,11,0.55,refresh,
,66.30266910399996,66.30271115999994,1789785110.8301544,11,0.55,refresh,
,66.32283188300016,66.32286429100031,1789785110.8503172,11,0.55,refresh,
,66.34296227300001,66.34299062500031,1789785110.8704476,11,0.55,refresh,
,66.36309534800012,66.3631233860001,1789785110.8905807,11,0.55,refresh,
,66.38321947900022,66.38324642399994,1789785110.9107049,11,0.55,refresh,
,66.40334542500023,66.4034016290002,1789785110.930831,11,0.55,refresh,
,66.4235030560003,66.42353959299999,1789785110.9509885,11,0.55,refresh,
,66.44364505700014,66.44367626100029,1789785110.9711304,11,0.55,refresh,
,66.46377365100034,66.46380276200034,1789785110.991259,11,0.55,refresh,
,66.48389933700037,66.4839273550001,1789785111.0113847,11,0.55,refresh,
,66.50402387500026,66.50405215299998,1789785111.0315092,11,0.55,refresh,
,66.52414846900001,66.52417532100026,1789785111.0516338,11,0.55,refresh,
,66.54427087700014,66.54429685900004,1789785111.0717564,11,0.55,refresh,
,66.56439400800036,66.56442313800017,1789785111.0918794,11,0.55,refresh,
,66.58452163900029,66.58455767600026,1789785111.112007,11,0.55,refresh,
,66.6046628070003,66.60469515900013,1789785111.1321483,11,0.55,refresh,
,66.62482765999994,66.62487327100007,1789785111.152313,11,0.55,refresh,
,66.64499866100005,66.64507967999998,1789785111.1724842,11,0.55,refresh,
,66.66520566200006,66.66524307000009,1789785111.1926908,11,0.55,refresh,
,66.68533951500012,66.68537701500009,1789785111.2128248,11,0.55,refresh,
,66.70547605299998,66.70550735000006,1789785111.2329617,11,0.55,refresh,
,66.72560370300016,66.72563222100007,1789785111.253089,11,0.55,refresh,
,66.74573740699998,66.74576690799995,1789785111.273223,11,0.55,refresh,
,66.76586318599993,66.76589109400038,1789785111.2933486,11,0.55,refresh,
,66.78598820600018,66.78601555800014,1789785111.3134735,11,0.55,refresh,
,66.80611526300027,66.8061458000002,1789785111.3336008,11,0.55,refresh,
,66.82624233800016,66.82627063400014,1789785111.3537278,11,0.55,refresh,
,66.84636637600033,66.84639552399994,1789785111.373852,11,0.55,refresh,
,66.86649500700014,66.86652989599997,1789785111.3939805,11,0.55,refresh,
,66.8866295820003,66.88666302699994,1789785111.4141152,11,0.55,refresh,
,66.9067633980003,66.90679688,1789785111.4342487,11,0.55,refresh,
,66.92689475099996,66.92692371400017,1789785111.45438,11,0.55,refresh,
,66.94703006700001,66.94707353000013,1789785111.4745154,11,0.55,refresh,
,66.96717399399995,66.96720453100033,1789785111.4946594,11,0.55,refresh,
,66.98730371700003,66.9873315320001,1789785111.514789,11,0.55,refresh,
,67.0074283670001,67.00746120000031,1789785111.5349138,11,0.55,refresh,
,67.02756075700017,67.02759281199997,1789785111.555046,11,0.55,refresh,
,67.04769446199998,67.04773098000032,1789785111.5751798,11,0.55,refresh,
,67.06782838900017,67.0678568520002,1789785111.5953135,11,0.55,refresh,
,67.08795613100028,67.08798250100017,1789785111.6154413,11,0.55,refresh,
,67.10808179800006,67.10810776100016,1789785111.6355672,11,0.55,refresh,
,67.12820154000019,67.128229337,1789785111.6556869,11,0.55,refresh,
,67.14833230100021,67.14837213400006,1789785111.6758177,11,0.55,refresh,
,67.16847156099993,67.16850291300034,1789785111.695957,11,0.55,refresh,
,67.18860774700033,67.1886399330001,1789785111.7160933,11,0.55,refresh,
,67.20874139700027,67.20877437800027,1789785111.7362268,11,0.55,refresh,
,67.22887891600021,67.22893269400038,1789785111.7563646,11,0.55,refresh,
,67.24904158400022,67.24907712100003,1789785111.7765272,11,0.55,refresh,
,67.26917851100006,67.26922836300037,1789785111.796664,11,0.55,refresh,
,67.28933160500037,67.28937379000035,1789785111.816817,11,0.55,refresh,
,67.30948012499994,67.30951131000029,1789785111.8369656,11,0.55,refresh,
,67.32961481100028,67.32964673700008,1789785111.8571002,11,0.55,refresh,
,67.34975188600038,67.34978053400027,1789785111.8772373,11,0.55,refresh,
,67.36987840600023,67.36990588700019,1789785111.8973637,11,0.55,refresh,
,67.39000072199997,67.3900278330002,1789785111.9174862,11,0.55,refresh,
,67.41012855600002,67.41018177900014,1789785111.937614,11,0.55,refresh,
,67.43028931700019,67.4303278350003,1789785111.9577746,11,0.55,refresh,
,67.45043305900026,67.45046526200031,1789785111.9779184,11,0.55,refresh,
,67.47056231900024,67.47059250400025,1789785111.9980478,11,0.55,refresh,
,67.49069683900007,67.490733783,1789785112.018182,11,0.55,refresh,
,67.51083265500029,67.51086341400014,1789785112.0383182,11,0.55,refresh,
,67.53096215599999,67.53098958200007,1789785112.0584476,11,0.55,refresh,
,67.55108467500031,67.55111219400032,1789785112.07857,11,0.55,refresh,
,67.5712095660001,67.57123719500032,1789785112.0986948,11,0.55,refresh,
,67.59134128899996,67.59138462200008,1789785112.1188269,11,0.55,refresh,
,67.61149595699999,67.61152956800015,1789785112.1389813,11,0.55,refresh,
,67.63163003199998,67.63165649500024,1789785112.1591156,11,0.55,refresh,
,67.65177658900029,67.65184588500006,1789785112.1792622,11,0.55,refresh,
,67.67195170100013,67.67199031200016,1789785112.1994371,11,0.55,refresh,
,67.6920972390003,67.69213131300012,1789785112.2195828,11,0.55,refresh,
,67.71222870300016,67.71225801800028,1789785112.2397141,11,0.55,refresh,
,67.73236163000001,67.73240011200005,1789785112.2598472,11,0.55,refresh,
,67.75250007600016,67.752532298,1789785112.2799854,11,0.55,refresh,
,67.7726413360001,67.77268705899996,1789785112.3001268,11,0.55,refresh,
,67.79280117100006,67.79283609699996,1789785112.3202868,11,0.55,refresh,
,67.81293596800015,67.81297156100027,1789785112.3404214,11,0.55,refresh,
,67.83308919199999,67.83313109900018,1789785112.3605745,11,0.55,refresh,
,67.85323232300016,67.85327043400002,1789785112.3807178,11,0.55,refresh,
,67.87337895300016,67.87342956500015,1789785112.4008646,11,0.55,refresh,
,67.89353339900026,67.89356843600035,1789785112.4210188,11,0.55,refresh,
,67.91367073300034,67.91370082599997,1789785112.4411561,11,0.55,refresh,
,67.93381212400027,67.93384014200001,1789785112.4612975,11,0.55,refresh,
,67.95394305100035,67.953982903,1789785112.4814284,11,0.55,refresh,
,67.97409155200012,67.97413386700009,1789785112.501577,11,0.55,refresh,
,67.99423357100022,67.99426225700017,1789785112.521719,11,0.55,refresh,
,68.01435903600031,68.014390628,1789785112.5418444,11,0.55,refresh,
,68.0344863700002,68.03451618500003,1789785112.5619717,11,0.55,refresh,
,68.05461337099996,68.0546410930001,1789785112.5820987,11,0.55,refresh,
,68.07473781700037,68.07476422400032,1789785112.6022232,11,0.55,refresh,
,68.09487876200001,68.09493604,1789785112.622364,11,0.55,refresh,
,68.11506139300036,68.1151004860003,1789785112.642547,11,0.55,refresh,
,68.13520695000034,68.13524543200037,1789785112.6626923,11,0.55,refresh,
,68.15535500700025,68.15539598800024,1789785112.6828403,11,0.55,refresh,
,68.17550228600021,68.17554037800028,1789785112.7029877,11,0.55,refresh,
,68.19565043500006,68.19568843500019,1789785112.723136,11,0.55,refresh,
,68.2158086950003,68.21584986200014,1789785112.7432942,11,0.55,refresh,
,68.23595597400026,68.23599353000009,1789785112.7634413,11,0.55,refresh,
,68.25612449400023,68.25620371600007,1789785112.78361,11,0.55,refresh,
,68.27631869900006,68.27636582900004,1789785112.8038042,11,0.55,refresh,
,68.29647484800034,68.29651482999998,1789785112.8239603,11,0.55,refresh,
,68.31662810900025,68.31666799799996,1789785112.8441136,11,0.55,refresh,
,68.33677605399998,68.33682107300001,1789785112.8642616,11,0.55,refresh,
,68.35693418500023,68.35697353700016,1789785112.8844197,11,0.55,refresh,
,68.37707994600032,68.37711877900028,1789785112.9045656,11,0.55,refresh,
,68.39723535400026,68.39729020599998,1789785112.924721,11,0.55,refresh,
,68.4174576700002,68.41756235599996,1789785112.9449434,11,0.55,refresh,
,68.43770265300009,68.43776202400022,1789785112.965188,11,0.55,refresh,
,68.4578260620001,68.45785739500025,1789785112.9853115,11,0.55,refresh,
,68.47799174800002,68.478021378,1789785113.0054772,11,0.55,refresh,
,68.49811586000033,68.49814193500015,1789785113.0256014,11,0.55,refresh,
,68.51823608400036,68.51826812100035,1789785113.0457213,11,0.55,refresh,
,68.53837113999998,68.53839993700012,1789785113.0658565,11,0.55,refresh,
,68.55849569700013,68.55852236400005,1789785113.0859811,11,0.55,refresh,
,68.57862666100027,68.57867388400018,1789785113.1061122,11,0.55,refresh,
,68.59873440299998,68.59876681100013,1789785113.1262197,11,0.55,refresh,
,68.6188614040002,68.61889140400035,1789785113.1463468,11,0.55,refresh,
,68.63898751600027,68.63901694200013,1789785113.166473,11,0.55,refresh,
,68.65911544400024,68.65916564700001,1789785113.186601,11,0.55,refresh,
,68.67926355600002,68.67929157400022,1789785113.206749,11,0.55,refresh,
,68.69938570500017,68.69941564999999,1789785113.226871,11,0.55,refresh,
,68.71951098399995,68.71953778000034,1789785113.2469964,11,0.55,refresh,
,68.73963174400023,68.73965737400022,1789785113.267117,11,0.55,refresh,
,68.75975572700008,68.75978143100019,1789785113.2872412,11,0.55,refresh,
,68.77987732100019,68.77990483900021,1789785113.3073628,11,0.55,refresh,
,68.80000347000032,68.80004100700035,1789785113.3274887,11,0.55,refresh,
,68.82014039700016,68.82017039700031,1789785113.3476257,11,0.55,refresh,
,68.84026723100033,68.84029458300029,1789785113.3677528,11,0.55,refresh,
,68.86039052900014,68.86041810300003,1789785113.3878758,11,0.55,refresh,
,68.8805213820001,68.88056093800014,1789785113.408007,11,0.55,refresh,
,68.90066066100007,68.90069188300004,1789785113.428146,11,0.55,refresh,
,68.92079845800026,68.92082931000004,1789785113.448284,11,0.55,refresh,
,68.94092655200029,68.94095412600018,1789785113.468412,11,0.55,refresh,
,68.96105883100017,68.9610956270003,1789785113.4885442,11,0.55,refresh,
,68.98119675800035,68.98122914700025,1789785113.5086823,11,0.55,refresh,
,69.00132898100037,69.001361352,1789785113.5288146,11,0.55,refresh,
,69.02146366800025,69.0215167790002,1789785113.548949,11,0.55,refresh,
,69.04161915000032,69.04165779899995,1789785113.5691047,11,0.55,refresh,
,69.06176263299994,69.06179515200029,1789785113.589248,11,0.55,refresh,
,69.08189252300008,69.081921986,1789785113.609378,11,0.55,refresh,
,69.10201748700001,69.10204606100024,1789785113.629503,11,0.55,refresh,
,69.12214254400033,69.12217072900012,1789785113.649628,11,0.55,refresh,
,69.14226719299995,69.14229739700022,1789785113.6697526,11,0.55,refresh,
,69.16239723100034,69.1624233980001,1789785113.6898825,11,0.55,refresh,
,69.18252638100012,69.18256951000012,1789785113.710012,11,0.55,refresh,
,69.20266947400023,69.20270201100038,1789785113.730155,11,0.55,refresh,
,69.2228132350001,69.2228454760002,1789785113.7502987,11,0.55,refresh,
,69.24294286600025,69.24297156900002,1789785113.7704282,11,0.55,refresh,
,69.26306916300018,69.26311621900004,1789785113.7905545,11,0.55,refresh,
,69.28321944200025,69.28325979400006,1789785113.810705,11,0.55,refresh,
,69.3033587760001,69.30338885100036,1789785113.8308442,11,0.55,refresh,
,69.32348535200026,69.32351340700006,1789785113.850971,11,0.55,refresh,
,69.34360876000028,69.34363727900018,1789785113.871094,11,0.55,refresh,
,69.36373490899996,69.36376085400025,1789785113.8912203,11,0.55,refresh,
,69.38385644800019,69.38388298500013,1789785113.911342,11,0.55,refresh,
,69.40398161500025,69.40402048600026,1789785113.931467,11,0.55,refresh,
,69.42412228300009,69.42417056100021,1789785113.9516075,11,0.55,refresh,
,69.444276877,69.44431382100038,1789785113.9717622,11,0.55,refresh,
,69.46441126700029,69.46444078600007,1789785113.9918966,11,0.55,refresh,
,69.48453545300026,69.48456436100014,1789785114.0120208,11,0.55,refresh,
,69.50465980600029,69.50468871400017,1789785114.0321453,11,0.55,refresh,
,69.5247926410002,69.5248211410003,1789785114.052278,11,0.55,refresh,
,69.54491758600034,69.5449443460002,1789785114.072403,11,0.55,refresh,
,69.56505068000024,69.56509571700008,1789785114.092536,11,0.55,refresh,
,69.5852093110002,69.58525981100001,1789785114.1126947,11,0.55,refresh,
,69.60536262699998,69.60539488600034,1789785114.132848,11,0.55,refresh,
,69.62550433200022,69.62556825800038,1789785114.1529899,11,0.55,refresh,
,69.64568412900007,69.64573525900005,1789785114.1731694,11,0.55,refresh,
,69.66584916800002,69.66591363099997,1789785114.1933346,11,0.55,refresh,
,69.6860200760002,69.68605857600005,1789785114.2135055,11,0.55,refresh,
,69.70615698500023,69.70619811400002,1789785114.2336426,11,0.55,refresh,
,69.72629587500023,69.72632754100005,1789785114.2537813,11,0.55,refresh,
,69.74642517200027,69.7464701910003,1789785114.2739105,11,0.55,refresh,
,69.76656891400035,69.76660404400036,1789785114.2940545,11,0.55,refresh,
,69.78670260000035,69.78674182300028,1789785114.314188,11,0.55,refresh,
,69.80684099000018,69.80687010200018,1789785114.3343263,11,0.55,refresh,
,69.82696826900019,69.82699562100015,1789785114.3544538,11,0.55,refresh,
,69.84709184500025,69.8471188450003,1789785114.374577,11,0.55,refresh,
,69.8672153460002,69.86724123500017,1789785114.3947008,11,0.55,refresh,
,69.88733910600013,69.88736736500005,1789785114.4148245,11,0.55,refresh,
,69.90746640399993,69.90750066300006,1789785114.4349518,11,0.55,refresh,
,69.92760136800007,69.92762966400005,1789785114.455087,11,0.55,refresh,
,69.94772931300031,69.9477560170003,1789785114.4752145,11,0.55,refresh,
,69.96785172199998,69.96788016600021,1789785114.4953372,11,0.55,refresh,
,69.98797987100033,69.98801298200033,1789785114.5154653,11,0.55,refresh,
,70.00812439100036,70.00816013200028,1789785114.53561,11,0.55,refresh,
,70.02826078099997,70.02829176200021,1789785114.5557463,11,0.55,refresh,
,70.04839179999999,70.04841835600018,1789785114.5758772,11,0.55,refresh,
,70.06851402400025,70.06854185700013,1789785114.5959995,11,0.55,refresh,
,70.08863924700017,70.08866872900035,1789785114.6161246,11,0.55,refresh,
,70.10877100800008,70.10880015600014,1789785114.6362565,11,0.55,refresh,
,70.12889984200001,70.12892630500028,1789785114.6563852,11,0.55,refresh,
,70.1490222880002,70.14905317600005,1789785114.6765077,11,0.55,refresh,
,70.16915140000037,70.16917925200005,1789785114.696637,11,0.55,refresh,
,70.18927847500026,70.18930423400025,1789785114.716764,11,0.55,refresh,
,70.20940503200018,70.209445254,1789785114.7368903,11,0.55,refresh,
,70.22955229200034,70.22960520000015,1789785114.7570376,11,0.55,refresh,
,70.24970647800001,70.24977538600024,1789785114.7771919,11,0.55,refresh,
,70.26990922100003,70.26993875800008,1789785114.7973948,11,0.55,refresh,
,70.29003746200033,70.29008927700033,1789785114.817523,11,0.55,refresh,
,70.31019933400012,70.31023400100003,1789785114.8376846,11,0.55,refresh,
,70.33033427999999,70.3303687800003,1789785114.8578196,11,0.55,refresh,
,70.35047200300005,70.35050061400034,1789785114.8779573,11,0.55,refresh,
,70.37059733700016,70.37062591200038,1789785114.8980827,11,0.55,refresh,
,70.39073506100021,70.39076330200032,1789785114.9182205,11,0.55,refresh,
,70.41090911800029,70.41097841400006,1789785114.9383945,11,0.55,refresh,
,70.43109902600008,70.43113452600028,1789785114.9585843,11,0.55,refresh,
,70.45122823100019,70.4512609530002,1789785114.9787135,11,0.55,refresh,
,70.471356732,70.47138773200004,1789785114.998842,11,0.55,refresh,
,70.49149090000037,70.49151932600034,1789785115.0189762,11,0.55,refresh,
,70.51161649400001,70.51164478999999,1789785115.0391018,11,0.55,refresh,
,70.5317478840002,70.53177553200021,1789785115.0592332,11,0.55,refresh,
,70.55187397700001,70.55190525500029,1789785115.0793595,11,0.55,refresh,
,70.57201497899996,70.5720610530002,1789785115.0995007,11,0.55,refresh,
,70.59217166500002,70.59221999800002,1789785115.1196573,11,0.55,refresh,
,70.61233159200037,70.61236612900029,1789785115.139817,11,0.55,refresh,
,70.6324679270001,70.63249664900013,1789785115.1599534,11,0.55,refresh,
,70.65259192800022,70.65262078000023,1789785115.1800773,11,0.55,refresh,
,70.67273511400026,70.67278311400014,1789785115.2002206,11,0.55,refresh,
,70.69288987500022,70.69293617100038,1789785115.2203753,11,0.55,refresh,
,70.71304557900021,70.71307793100004,1789785115.240531,11,0.55,refresh,
,70.733175544,70.73320530299998,1789785115.260661,11,0.55,refresh,
,70.75330098900031,70.75332967400027,1789785115.2807865,11,0.55,refresh,
,70.77343058299994,70.77345843500007,1789785115.300916,11,0.55,refresh,
,70.79355391700028,70.7935815840001,1789785115.3210394,11,0.55,refresh,
,70.81367884400015,70.8137063260001,1789785115.3411644,11,0.55,refresh,
,70.83384001200011,70.83389554900032,1789785115.3613255,11,0.55,refresh,
,70.85399710599995,70.85403706900024,1789785115.3814826,11,0.55,refresh,
,70.87413540300031,70.87416610700029,1789785115.4016206,11,0.55,refresh,
,70.89426464500002,70.8942959230003,1789785115.42175,11,0.55,refresh,
,70.91440190599997,70.91444396099996,1789785115.4418874,11,0.55,refresh,
,70.93454242500002,70.93457140700002,1789785115.4620278,11,0.55,refresh,
,70.95466968600022,70.95469727800037,1789785115.482155,11,0.55,refresh,
,70.97480350200021,70.97483115000023,1789785115.5022888,11,0.55,refresh,
,70.99493413300024,70.99497494700017,1789785115.5224195,11,0.55,refresh,
,71.01508493000028,71.01512848600032,1789785115.5425706,11,0.55,refresh,
,71.03523095000037,71.03526211600001,1789785115.5627165,11,0.55,refresh,
,71.05536046900033,71.05538911800022,1789785115.582846,11,0.55,refresh,
,71.0754873220003,71.07551530399996,1789785115.6029727,11,0.55,refresh,
,71.09561391600027,71.09563947200013,1789785115.6230993,11,0.55,refresh,
,71.11573738000016,71.11576389900029,1789785115.6432228,11,0.55,refresh,
,71.13585997400014,71.13588751099996,1789785115.6633453,11,0.55,refresh,
,71.15598608600021,71.15601410499994,1789785115.6834714,11,0.55,refresh,
,71.17611097600002,71.17614001300035,1789785115.7035964,11,0.55,refresh,
,71.19624044000011,71.19626616200003,1789785115.7237258,11,0.55,refresh,
,71.21636686700003,71.21640299699993,1789785115.7438524,11,0.55,refresh,
,71.23650338700008,71.23653310899999,1789785115.7639887,11,0.55,refresh,
,71.25663355500001,71.25666235100016,1789785115.7841191,11,0.55,refresh,
,71.27678190799998,71.27685224100014,1789785115.8042672,11,0.55,refresh,
,71.29696411300029,71.2970090570002,1789785115.8244495,11,0.55,refresh,
,71.31711568800029,71.31716387300003,1789785115.8446012,11,0.55,refresh,
,71.33726759699994,71.33730591100039,1789785115.864753,11,0.55,refresh,
,71.35740452400023,71.35743496800023,1789785115.8848898,11,0.55,refresh,
,71.37753963600017,71.37756915399996,1789785115.905025,11,0.55,refresh,
,71.3976766740002,71.39775976700003,1789785115.9251623,11,0.55,refresh,
,71.41794115700031,71.41799719400024,1789785115.9454267,11,0.55,refresh,
,71.43809749100001,71.43813464000004,1789785115.9655828,11,0.55,refresh,
,71.45823004800013,71.4582591960002,1789785115.9857154,11,0.55,refresh,
,71.47835325300002,71.47838119700009,1789785116.0058386,11,0.55,refresh,
,71.4984756240001,71.49850316200036,1789785116.025961,11,0.55,refresh,
,71.51859738500025,71.51862423700004,1789785116.0460827,11,0.55,refresh,
,71.53872366400037,71.53875057100004,1789785116.066209,11,0.55,refresh,
,71.55884527600028,71.55887194300021,1789785116.0863307,11,0.55,refresh,
,71.57896955500019,71.57900614800019,1789785116.106455,11,0.55,refresh,
,71.59910605599998,71.59914274100038,1789785116.1265914,11,0.55,refresh,
,71.61924152000029,71.6192754460003,1789785116.1467268,11,0.55,refresh,
,71.63937611400024,71.6394060030002,1789785116.1668615,11,0.55,refresh,
,71.65950670800021,71.65955868900028,1789785116.1869922,11,0.55,refresh,
,71.67965843100001,71.67969498699995,1789785116.207144,11,0.55,refresh,
,71.69979952500034,71.6998310060003,1789785116.227285,11,0.55,refresh,
,71.71992910000017,71.71996089599998,1789785116.2474146,11,0.55,refresh,
,71.7400615460001,71.74009621200003,1789785116.267547,11,0.55,refresh,
,71.76020038000024,71.76022960199998,1789785116.2876859,11,0.55,refresh,
,71.78032558500036,71.780352881,1789785116.307811,11,0.55,refresh,
,71.80044706800027,71.80047451200016,1789785116.3279324,11,0.55,refresh,
,71.8205688830003,71.82059653200031,1789785116.3480542,11,0.55,refresh,
,71.84069177300034,71.84072338500027,1789785116.3681772,11,0.55,refresh,
,71.86082320100013,71.8608492190001,1789785116.3883085,11,0.55,refresh,
,71.88094399800002,71.88097142400011,1789785116.4084294,11,0.55,refresh,
,71.90106674000026,71.90109481400032,1789785116.4285522,11,0.55,refresh,
,71.92119133400001,71.92121788900022,1789785116.4486766,11,0.55,refresh,
,71.94131733500035,71.94135216800032,1789785116.468803,11,0.55,refresh,
,71.96145185400019,71.96148022500029,1789785116.4889371,11,0.55,refresh,
,71.98157680000031,71.98160481800005,1789785116.509062,11,0.55,refresh,
72.0,72.0000712240003,72.00009881699998,1789785116.5275567,12,0.6,step,0.07122400029402343
,72.0202905770002,72.02058409600022,1789785116.5477765,12,0.6,refresh,
,72.0407779860002,72.0408335420002,1789785116.5682635,12,0.6,refresh,
,72.06094515400036,72.06098174700037,1789785116.5884306,12,0.6,refresh,
,72.08108093300007,72.08110965500009,1789785116.6085663,12,0.6,refresh,
,72.10120561900021,72.10123623100026,1789785116.628691,12,0.6,refresh,
,72.12133480600005,72.12136326900008,1789785116.6488202,12,0.6,refresh,
,72.14146052900014,72.14148762200011,1789785116.668946,12,0.6,refresh,
,72.16158960400026,72.16162073400028,1789785116.689075,12,0.6,refresh,
,72.18172284599996,72.18175095700008,1789785116.7092083,12,0.6,refresh,
,72.20185555100034,72.20189542100024,1789785116.729341,12,0.6,refresh,
,72.22199555199995,72.22202897800025,1789785116.749481,12,0.6,refresh,
,72.24212746100011,72.24215529399999,1789785116.7696128,12,0.6,refresh,
,72.26225375800004,72.26227940600029,1789785116.7897394,12,0.6,refresh,
,72.28237907400035,72.28243020400032,1789785116.8098648,12,0.6,refresh,
,72.30253044600022,72.302563964,1789785116.8300157,12,0.6,refresh,
,72.32266209499994,72.32269022500031,1789785116.8501475,12,0.6,refresh,
,72.34279678100029,72.34282700400036,1789785116.8702822,12,0.6,refresh,
,72.36293365300025,72.36296404200039,1789785116.8904192,12,0.6,refresh,
,72.3830605610001,72.38308748700001,1789785116.9105458,12,0.6,refresh,
,72.40318826600014,72.40322787700006,1789785116.9306736,12,0.6,refresh,
,72.42332886000031,72.42338224900004,1789785116.9508142,12,0.6,refresh,
,72.4434819170001,72.44351447200006,1789785116.9709673,12,0.6,refresh,
,72.46361143600006,72.46364093600005,1789785116.9910967,12,0.6,refresh,
,72.48373823400016,72.48376519700014,1789785117.0112236,12,0.6,refresh,
,72.503861401,72.50388819800037,1789785117.0313468,12,0.6,refresh,
,72.52398844000027,72.52402038400032,1789785117.0514739,12,0.6,refresh,
,72.54412714499995,72.54415499600009,1789785117.0716126,12,0.6,refresh,
,72.56425477500034,72.56428484900016,1789785117.0917401,12,0.6,refresh,
,72.58439159099999,72.58443577700018,1789785117.1118772,12,0.6,refresh,
,72.60457513000028,72.60467337,1789785117.1320608,12,0.6,refresh,
,72.62480052000001,72.62484270499999,1789785117.152286,12,0.6,refresh,
,72.644959965,72.64500326200005,1789785117.1724455,12,0.6,refresh,
,72.66511311500017,72.66516278100016,1789785117.1925986,12,0.6,refresh,
,72.68526187500038,72.68528835699999,1789785117.2127473,12,0.6,refresh,
,72.70538245000034,72.70540941300033,1789785117.232868,12,0.6,refresh,
,72.7255043770001,72.72553028500033,1789785117.2529898,12,0.6,refresh,
,72.74563361900027,72.74566006400028,1789785117.273119,12,0.6,refresh,
,72.76575586100034,72.76578162000033,1789785117.2932413,12,0.6,refresh,
,72.78587982499994,72.78591638100033,1789785117.3133652,12,0.6,refresh,
,72.80601510400038,72.80604553000012,1789785117.3335004,12,0.6,refresh,
,72.82614654999998,72.82617651300006,1789785117.353632,12,0.6,refresh,
,72.84627314299996,72.84630034700012,1789785117.3737586,12,0.6,refresh,
,72.86639718200013,72.86642377399994,1789785117.3938825,12,0.6,refresh,
,72.8865188310001,72.88654490499994,1789785117.4140043,12,0.6,refresh,
,72.90664848000006,72.90668214700008,1789785117.434134,12,0.6,refresh,
,72.92678044400009,72.92680998100013,1789785117.4542658,12,0.6,refresh,
,72.94691490800005,72.94695514900013,1789785117.4744003,12,0.6,refresh,
,72.9670552800003,72.96708333600009,1789785117.4945407,12,0.6,refresh,
,72.98717917000022,72.98720559599997,1789785117.5146644,12,0.6,refresh,
,73.00730107800018,73.0073272640002,1789785117.5347865,12,0.6,refresh,
,73.02743039400002,73.02747261700006,1789785117.554916,12,0.6,refresh,
,73.04758561800008,73.04762482200022,1789785117.5750709,12,0.6,refresh,
,73.06773647099999,73.06776691499999,1789785117.595222,12,0.6,refresh,
,73.08786630500026,73.08789415699994,1789785117.615352,12,0.6,refresh,
,73.10799297300036,73.10802214000023,1789785117.6354783,12,0.6,refresh,
,73.12812077100034,73.12814615900015,1789785117.655606,12,0.6,refresh,
,73.148249846,73.1482910310001,1789785117.6757352,12,0.6,refresh,
,73.16838914300024,73.16841766200014,1789785117.6958745,12,0.6,refresh,
,73.18851368100013,73.18854005200001,1789785117.715999,12,0.6,refresh,
,73.20866275700018,73.20876181200038,1789785117.7361486,12,0.6,refresh,
,73.2289021470001,73.22894579500007,1789785117.7563875,12,0.6,refresh,
,73.24904392600001,73.2490726850001,1789785117.7765293,12,0.6,refresh,
,73.26917255700027,73.26920474200006,1789785117.7966583,12,0.6,refresh,
,73.28932611300024,73.28937666900038,1789785117.8168116,12,0.6,refresh,
,73.30948124400038,73.30951842900004,1789785117.8369668,12,0.6,refresh,
,73.3296203750001,73.32964983800002,1789785117.857106,12,0.6,refresh,
,73.34976150600005,73.34980678400007,1789785117.877247,12,0.6,refresh,
,73.36990882200007,73.36993798799995,1789785117.8973942,12,0.6,refresh,
,73.39003621200027,73.39006121200009,1789785117.9175217,12,0.6,refresh,
,73.41016389800006,73.41020712,1789785117.9376495,12,0.6,refresh,
,73.43034021400035,73.4303976770002,1789785117.9578254,12,0.6,refresh,
,73.45050799299997,73.45054297500019,1789785117.9779935,12,0.6,refresh,
,73.47064023500025,73.47067375400002,1789785117.9981256,12,0.6,refresh,
,73.49078068100016,73.49081075499998,1789785118.0182662,12,0.6,refresh,
,73.51090958900022,73.51094108899997,1789785118.038395,12,0.6,refresh,
,73.53104029400038,73.53106910900033,1789785118.0585258,12,0.6,refresh,
,73.55116522100025,73.55119270200021,1789785118.0786507,12,0.6,refresh,
,73.57130027800031,73.57134370400036,1789785118.0987859,12,0.6,refresh,
,73.59145590800017,73.59150164900029,1789785118.1189415,12,0.6,refresh,
,73.61160589100018,73.61163537300035,1789785118.1390913,12,0.6,refresh,
,73.63173839199999,73.63176691100034,1789785118.1592238,12,0.6,refresh,
,73.65186491200029,73.6518953750001,1789785118.1793504,12,0.6,refresh,
,73.6720238390003,73.67210778400022,1789785118.1995096,12,0.6,refresh,
,73.69222902599995,73.69229058100018,1789785118.2197144,12,0.6,refresh,
,73.71238693400028,73.71243104500036,1789785118.2398722,12,0.6,refresh,
,73.73252743500007,73.73256450899999,1789785118.2600129,12,0.6,refresh,
,73.75266469600001,73.75270234400023,1789785118.28015,12,0.6,refresh,
,73.7728054930003,73.77283610400036,1789785118.3002908,12,0.6,refresh,
,73.79294456800017,73.79299230900006,1789785118.32043,12,0.6,refresh,
,73.81311942100001,73.81320944000026,1789785118.340605,12,0.6,refresh,
,73.83334231200024,73.83339147800007,1789785118.3608277,12,0.6,refresh,
,73.85349090499994,73.85353175700038,1789785118.3809764,12,0.6,refresh,
,73.8736311470002,73.87366301800012,1789785118.4011166,12,0.6,refresh,
,73.89376005600025,73.89379185200005,1789785118.4212453,12,0.6,refresh,
,73.91389687200035,73.91392881599995,1789785118.4413824,12,0.6,refresh,
,73.93403257700038,73.93406442900005,1789785118.461518,12,0.6,refresh,
,73.95416152200005,73.95419067000012,1789785118.4816468,12,0.6,refresh,
,73.97429583800022,73.97433585700037,1789785118.5017812,12,0.6,refresh,
,73.99443852500008,73.99446726500037,1789785118.5219238,12,0.6,refresh,
,74.014564952,74.01459689600006,1789785118.5420504,12,0.6,refresh,
,74.03469334200008,74.03473082300025,1789785118.5621789,12,0.6,refresh,
,74.054836454,74.05487719500024,1789785118.582322,12,0.6,refresh,
,74.07498723300023,74.07502415900035,1789785118.6024728,12,0.6,refresh,
,74.09512471500011,74.09515503000011,1789785118.62261,12,0.6,refresh,
,74.1152528460002,74.11528410600022,1789785118.642738,12,0.6,refresh,
,74.13538140300034,74.1354093660002,1789785118.6628666,12,0.6,refresh,
,74.15551751500016,74.15555368200012,1789785118.683003,12,0.6,refresh,
,74.17565649800008,74.17569472000014,1789785118.703142,12,0.6,refresh,
,74.19580362900024,74.19583109199993,1789785118.723289,12,0.6,refresh,
,74.21593646300016,74.215975222,1789785118.743422,12,0.6,refresh,
,74.23607946400034,74.23611911300031,1789785118.7635648,12,0.6,refresh,
,74.25621909500023,74.25625098399996,1789785118.7837045,12,0.6,refresh,
,74.2763679300001,74.2764338740003,1789785118.8038535,12,0.6,refresh,
,74.29655994900031,74.29659674599998,1789785118.8240454,12,0.6,refresh,
,74.31670063599995,74.31674902500026,1789785118.844186,12,0.6,refresh,
,74.33685034100017,74.33688145199994,1789785118.8643358,12,0.6,refresh,
,74.35698202699996,74.35701226800029,1789785118.8844674,12,0.6,refresh,
,74.37711093500002,74.37714084300023,1789785118.9045963,12,0.6,refresh,
,74.39724869600013,74.39729823300013,1789785118.924734,12,0.6,refresh,
,74.41741162300013,74.41747730800034,1789785118.9448972,12,0.6,refresh,
,74.43762756900014,74.43773364300023,1789785118.9651132,12,0.6,refresh,
,74.4578255700003,74.45788192200007,1789785118.985311,12,0.6,refresh,
,74.47797625600015,74.47801218200038,1789785119.0054617,12,0.6,refresh,
,74.49811407200013,74.49815566500001,1789785119.0255995,12,0.6,refresh,
,74.51825359200029,74.51828551800008,1789785119.045739,12,0.6,refresh,
,74.53838126000028,74.53841285199996,1789785119.0658667,12,0.6,refresh,
,74.55850983500022,74.55854220500032,1789785119.0859952,12,0.6,refresh,
,74.57863815100018,74.57867231800037,1789785119.1061234,12,0.6,refresh,
,74.59873652200031,74.59877015200027,1789785119.126222,12,0.6,refresh,
,74.61886943100035,74.61891907900008,1789785119.146355,12,0.6,refresh,
,74.63901852500021,74.6390505620002,1789785119.166504,12,0.6,refresh,
,74.65915256300013,74.65918469300004,1789785119.1866379,12,0.6,refresh,
,74.67928406400006,74.6793324350001,1789785119.2067695,12,0.6,refresh,
,74.69943304700018,74.69948262100024,1789785119.2269185,12,0.6,refresh,
,74.71958247400016,74.71961745499993,1789785119.247068,12,0.6,refresh,
,74.7397143080002,74.73975186400003,1789785119.2671998,12,0.6,refresh,
,74.75986532800016,74.75989629100013,1789785119.287351,12,0.6,refresh,
,74.77999425500002,74.78002797700037,1789785119.3074796,12,0.6,refresh,
,74.8001341080003,74.80016621899995,1789785119.3276196,12,0.6,refresh,
,74.8202669430002,74.82029935000037,1789785119.3477523,12,0.6,refresh,
,74.84039811000002,74.84043040699999,1789785119.3678834,12,0.6,refresh,
,74.86053126000024,74.86056318600004,1789785119.3880167,12,0.6,refresh,
,74.88066070500008,74.88069252000014,1789785119.4081461,12,0.6,refresh,
,74.90080650300024,74.9008448730001,1789785119.4282918,12,0.6,refresh,
,74.920944856,74.92097959600005,1789785119.4484303,12,0.6,refresh,
,74.94108478299995,74.94111641200016,1789785119.46857,12,0.6,refresh,
,74.96122435799998,74.96125415400002,1789785119.4887097,12,0.6,refresh,
,74.98135893300014,74.98139984099998,1789785119.5088444,12,0.6,refresh,
,75.00150362000022,75.00154204599994,1789785119.528989,12,0.6,refresh,
,75.02164036100021,75.02168691700035,1789785119.549126,12,0.6,refresh,
,75.04173123300006,75.04176678900012,1789785119.5692165,12,0.6,refresh,
,75.06186591899996,75.06190078999998,1789785119.5893514,12,0.6,refresh,
,75.08200664300011,75.08203953200018,1789785119.609492,12,0.6,refresh,
,75.10214423600019,75.10218469900019,1789785119.6296296,12,0.6,refresh,
,75.1222833300003,75.12231592300031,1789785119.6497686,12,0.6,refresh,
,75.14241744200035,75.14244946100007,1789785119.6699028,12,0.6,refresh,
,75.16254701800017,75.16257998100036,1789785119.6900325,12,0.6,refresh,
,75.18269179700019,75.18273864799994,1789785119.7101772,12,0.6,refresh,
,75.20284539000022,75.20288316799997,1789785119.730331,12,0.6,refresh,
,75.22298681700022,75.22301850300028,1789785119.7504723,12,0.6,refresh,
,75.24311628100031,75.24314763300026,1789785119.7706017,12,0.6,refresh,
,75.26324385700036,75.2632932270003,1789785119.7907295,12,0.6,refresh,
,75.28339111700006,75.28342619100022,1789785119.8108764,12,0.6,refresh,
,75.30353017400012,75.30357128500009,1789785119.8310156,12,0.6,refresh,
,75.32367182300004,75.32370437899999,1789785119.8511572,12,0.6,refresh,
,75.34380875000033,75.34384191700019,1789785119.8712943,12,0.6,refresh,
,75.36394862199995,75.3639802140001,1789785119.891434,12,0.6,refresh,
,75.38408293800012,75.38412190100007,1789785119.9115684,12,0.6,refresh,
,75.40422999400016,75.40426914299996,1789785119.9317153,12,0.6,refresh,
,75.42437199599999,75.4244161810002,1789785119.9518573,12,0.6,refresh,
,75.44452120000005,75.44456816399997,1789785119.9720066,12,0.6,refresh,
,75.46467557200003,75.4647091830002,1789785119.992161,12,0.6,refresh,
,75.48488896200024,75.48497498100005,1789785120.0123746,12,0.6,refresh,
,75.50509014900035,75.50513283400005,1789785120.0325754,12,0.6,refresh,
,75.52523170500035,75.5252668170001,1789785120.052717,12,0.6,refresh,
,75.54537502100038,75.54540431800024,1789785120.0728605,12,0.6,refresh,
,75.56550379999999,75.565537597,1789785120.0929892,12,0.6,refresh,
,75.58564435700009,75.58568717200023,1789785120.1131296,12,0.6,refresh,
,75.60580971000036,75.60584767299997,1789785120.133295,12,0.6,refresh,
,75.62594771100021,75.62600045199997,1789785120.153433,12,0.6,refresh,
,75.64610562000007,75.64615184200011,1789785120.1735911,12,0.6,refresh,
,75.66625480600032,75.66628486200034,1789785120.1937404,12,0.6,refresh,
,75.68638747400018,75.68643999300002,1789785120.213873,12,0.6,refresh,
,75.70655192000004,75.70659442000033,1789785120.2340374,12,0.6,refresh,
,75.72669449500017,75.7267327540003,1789785120.25418,12,0.6,refresh,
,75.74683206999998,75.74686281100003,1789785120.2743175,12,0.6,refresh,
,75.766961756,75.76699642300036,1789785120.2944472,12,0.6,refresh,
,75.78710168299995,75.78714186900015,1789785120.314587,12,0.6,refresh,
,75.80724907400008,75.80728750000026,1789785120.3347347,12,0.6,refresh,
,75.82738931500035,75.8274204270001,1789785120.3548746,12,0.6,refresh,
,75.84752552000009,75.84755674300004,1789785120.3750107,12,0.6,refresh,
,75.867659688,75.86769657700006,1789785120.3951452,12,0.6,refresh,
,75.88781426300011,75.88784937500031,1789785120.4153,12,0.6,refresh,
,75.90795661600032,75.90799220899999,1789785120.4354422,12,0.6,refresh,
,75.92809309900031,75.92812374699997,1789785120.4555786,12,0.6,refresh,
,75.94822535899993,75.94825647100015,1789785120.4757106,12,0.6,refresh,
,75.96835878599995,75.96839721200013,1789785120.4958444,12,0.6,refresh,
,75.98850601000004,75.98854219500026,1789785120.5159914,12,0.6,refresh,
,76.008646752,76.00868573300022,1789785120.5361323,12,0.6,refresh,
,76.02878664200034,76.02882019700019,1789785120.556272,12,0.6,refresh,
,76.04892382800017,76.0489537540002,1789785120.5764093,12,0.6,refresh,
,76.06905716300025,76.06909436600017,1789785120.5965428,12,0.6,refresh,
,76.08920129300031,76.08923625600028,1789785120.6166868,12,0.6,refresh,
,76.10933938700009,76.10937722100016,1789785120.6368248,12,0.6,refresh,
,76.12947964800014,76.12950892500021,1789785120.656965,12,0.6,refresh,
,76.14961409300031,76.14965479700004,1789785120.6770995,12,0.6,refresh,
,76.16976439100017,76.16980237200005,1789785120.69725,12,0.6,refresh,
,76.18990707700004,76.18994485500025,1789785120.7173927,12,0.6,refresh,
,76.21005572600006,76.21012229999997,1789785120.7375412,12,0.6,refresh,
,76.23023602400008,76.23028617199998,1789785120.7577217,12,0.6,refresh,
,76.25038628400034,76.25041928400015,1789785120.7778716,12,0.6,refresh,
,76.27053226700036,76.27057134100005,1789785120.7980177,12,0.6,refresh,
,76.29067317499994,76.29073452700004,1789785120.8181589,12,0.6,refresh,
,76.31086058400024,76.31090602900031,1789785120.838346,12,0.6,refresh,
,76.33100730800015,76.33104064100007,1789785120.8584926,12,0.6,refresh,
,76.35114390100034,76.35118310500002,1789785120.8786294,12,0.6,refresh,
,76.37128877300029,76.37132821700015,1789785120.8987744,12,0.6,refresh,
,76.39144177400021,76.3914805520003,1789785120.9189272,12,0.6,refresh,
,76.41158462700014,76.41162905300007,1789785120.93907,12,0.6,refresh,
,76.43176488800009,76.43185377700001,1789785120.9592505,12,0.6,refresh,
,76.45197057400037,76.4520151480001,1789785120.979456,12,0.6,refresh,
,76.47212287100001,76.4721577790001,1789785120.9996083,12,0.6,refresh,
,76.49226292799995,76.49230229900013,1789785121.0197484,12,0.6,refresh,
,76.51241430000027,76.5124533180001,1789785121.0398996,12,0.6,refresh,
,76.53255665300003,76.53258856000002,1789785121.060042,12,0.6,refresh,
,76.55269326500002,76.55273887600015,1789785121.0801787,12,0.6,refresh,
,76.57285463700009,76.57289069200033,1789785121.10034,12,0.6,refresh,
,76.59299930399993,76.59304530400004,1789785121.1204848,12,0.6,refresh,
,76.61315863900018,76.61319921300037,1789785121.140644,12,0.6,refresh,
,76.63331688100016,76.63335827000037,1789785121.1608024,12,0.6,refresh,
,76.65346647500019,76.6535075300003,1789785121.180952,12,0.6,refresh,
,76.67361214200037,76.67364930900021,1789785121.2010975,12,0.6,refresh,
,76.69377912500022,76.69383814399998,1789785121.2212646,12,0.6,refresh,
,76.71395112600021,76.71399112600011,1789785121.2414367,12,0.6,refresh,
,76.73409597900036,76.73413457200013,1789785121.2615817,12,0.6,refresh,
,76.75424022100015,76.75427855500038,1789785121.2817256,12,0.6,refresh,
,76.77438351900037,76.7744242040003,1789785121.3018692,12,0.6,refresh,
,76.79453933500008,76.79457755700014,1789785121.3220248,12,0.6,refresh,
,76.81469715100002,76.8147803920001,1789785121.3421829,12,0.6,refresh,
,76.83490400400024,76.83495000400035,1789785121.3623896,12,0.6,refresh,
,76.855057579,76.85509476400011,1789785121.382543,12,0.6,refresh,
,76.875198877,76.87523654300003,1789785121.4026845,12,0.6,refresh,
,76.8953496930003,76.89538773000004,1789785121.422835,12,0.6,refresh,
,76.91550012000016,76.91553895300012,1789785121.4429855,12,0.6,refresh,
,76.93564228700006,76.93567939900004,1789785121.4631279,12,0.6,refresh,
,76.95578551100016,76.95582375200001,1789785121.483271,12,0.6,refresh,
,76.97592980800027,76.97596849399997,1789785121.5034153,12,0.6,refresh,
,76.99607342100035,76.99611401300035,1789785121.5235589,12,0.6,refresh,
,77.01622142199994,77.01626503300031,1789785121.543707,12,0.6,refresh,
,77.03637377500036,77.03641829300022,1789785121.5638592,12,0.6,refresh,
,77.05652549800016,77.05656390600006,1789785121.584011,12,0.6,refresh,
,77.07666894400018,77.07670749900035,1789785121.6041543,12,0.6,refresh,
,77.09682205600029,77.09685774100035,1789785121.6243074,12,0.6,refresh,
,77.116963983,77.1169987430003,1789785121.6444492,12,0.6,refresh,
,77.13710224400029,77.13714070700007,1789785121.6645877,12,0.6,refresh,
,77.15725120800016,77.15728937500035,1789785121.6847367,12,0.6,refresh,
,77.17739495000023,77.177429802,1789785121.7048805,12,0.6,refresh,
,77.19753406200016,77.19757367300008,1789785121.7250197,12,0.6,refresh,
,77.217740563,77.21777819299996,1789785121.745226,12,0.6,refresh,
,77.23788132400023,77.23791323100022,1789785121.7653668,12,0.6,refresh,
,77.2580087690003,77.25803904700024,1789785121.7854943,12,0.6,refresh,
,77.27813730700018,77.27818469600015,1789785121.8056228,12,0.6,refresh,
,77.29828429000008,77.29832173500017,1789785121.8257697,12,0.6,refresh,
,77.31842468000013,77.31845649500019,1789785121.84591,12,0.6,refresh,
,77.33855340300033,77.3385867740003,1789785121.8660388,12,0.6,refresh,
,77.35869964500034,77.35873920099993,1789785121.886185,12,0.6,refresh,
,77.37884422100024,77.37887625800022,1789785121.9063296,12,0.6,refresh,
,77.39898083300022,77.39901633299996,1789785121.9264662,12,0.6,refresh,
,77.41911542700018,77.41915631600023,1789785121.9466007,12,0.6,refresh,
,77.43925181700024,77.43930428000021,1789785121.9667373,12,0.6,refresh,
,77.45940292900013,77.45943689200021,1789785121.9868884,12,0.6,refresh,
,77.479541745,77.4795740970003,1789785122.0070271,12,0.6,refresh,
,77.4996871530002,77.49973856099996,1789785122.0271726,12,0.6,refresh,
,77.51984721000008,77.51989143300034,1789785122.0473325,12,0.6,refresh,
,77.53999076700029,77.54002247100016,1789785122.0674763,12,0.6,refresh,
,77.56012671300005,77.56015776799995,1789785122.0876122,12,0.6,refresh,
,77.58025464000002,77.58028806600032,1789785122.1077402,12,0.6,refresh,
,77.60039386300014,77.60042715899999,1789785122.1278791,12,0.6,refresh,
,77.62052601200003,77.62056023500008,1789785122.1480114,12,0.6,refresh,
,77.6406596060001,77.64069432800034,1789785122.168145,12,0.6,refresh,
,77.66080045900026,77.66083397800003,1789785122.188286,12,0.6,refresh,
,77.680936664,77.68098429400015,1789785122.2084222,12,0.6,refresh,
,77.70108655400009,77.70112668399997,1789785122.2285721,12,0.6,refresh,
,77.72122575899994,77.7212593510003,1789785122.248711,12,0.6,refresh,
,77.74136457500026,77.74139720400035,1789785122.2688498,12,0.6,refresh,
,77.76150244600012,77.76153355700035,1789785122.2889879,12,0.6,refresh,
,77.78163255900017,77.78166524400012,1789785122.309118,12,0.6,refresh,
,77.80176887400012,77.80180655999993,1789785122.3292544,12,0.6,refresh,
,77.82190661599998,77.82193841300023,1789785122.3493922,12,0.6,refresh,
,77.84204502500006,77.84207761800008,1789785122.3695304,12,0.6,refresh,
,77.86218406300031,77.86221619300022,1789785122.3896694,12,0.6,refresh,
,77.88232789800031,77.88236473100005,1789785122.4098132,12,0.6,refresh,
,77.90246812100031,77.90250676899996,1789785122.4299536,12,0.6,refresh,
,77.92260632600028,77.92263975200012,1789785122.4500918,12,0.6,refresh,
,77.94274599400023,77.94277816000022,1789785122.4702313,12,0.6,refresh,
,77.96287823600005,77.96290881000004,1789785122.4903636,12,0.6,refresh,
,77.98301429200001,77.9830466630001,1789785122.5104995,12,0.6,refresh,
78.0,78.0000713620002,78.00010280600009,1789785122.527557,13,0.65,step,0.07136200019886019
,78.02030140000033,78.02052616000037,1789785122.5477877,13,0.65,refresh,
,78.04066156800036,78.04072545700001,1789785122.568147,13,0.65,refresh,
,78.0608332920001,78.06086897700015,1789785122.5883188,13,0.65,refresh,
,78.08096875599995,78.08100116300011,1789785122.6084542,13,0.65,refresh,
,78.10110379400021,78.10114249800017,1789785122.6285894,13,0.65,refresh,
,78.12124373999995,78.12127575800014,1789785122.648729,13,0.65,refresh,
,78.14137453700005,78.14140627799998,1789785122.66886,13,0.65,refresh,
,78.16150514900028,78.16154007500018,1789785122.6889904,13,0.65,refresh,
,78.18164616900003,78.1816778540001,1789785122.7091315,13,0.65,refresh,
,78.20178161500007,78.20182233700007,1789785122.729267,13,0.65,refresh,
,78.22192961600012,78.2219699860002,1789785122.7494152,13,0.65,refresh,
,78.242072302,78.2421051350002,1789785122.7695577,13,0.65,refresh,
,78.26220635900017,78.26224008100007,1789785122.789692,13,0.65,refresh,
,78.28235504500026,78.28238641600001,1789785122.8098404,13,0.65,refresh,
,78.30249100900028,78.30254671300008,1789785122.8299763,13,0.65,refresh,
,78.32264891800014,78.32268364000038,1789785122.8501344,13,0.65,refresh,
,78.34278330799998,78.34281473400006,1789785122.8702686,13,0.65,refresh,
,78.36291560500013,78.36294551300034,1789785122.8904011,13,0.65,refresh,
,78.383044014,78.3830763840001,1789785122.9105296,13,0.65,refresh,
,78.4031791450002,78.4032227370003,1789785122.9306645,13,0.65,refresh,
,78.42331996100029,78.42335425700003,1789785122.9508052,13,0.65,refresh,
,78.44345524000028,78.44350842500035,1789785122.9709406,13,0.65,refresh,
,78.46360655600029,78.46364205600003,1789785122.991092,13,0.65,refresh,
,78.48374333400034,78.48377429700031,1789785123.0112286,13,0.65,refresh,
,78.50387985399993,78.50390896499994,1789785123.0313654,13,0.65,refresh,
,78.52400605900038,78.52403320700023,1789785123.0514913,13,0.65,refresh,
,78.54413533800016,78.54416661599998,1789785123.0716207,13,0.65,refresh,
,78.56426437600021,78.56429672800004,1789785123.09175,13,0.65,refresh,
,78.58441050700003,78.58445145099995,1789785123.111896,13,0.65,refresh,
,78.60455100800027,78.60458208199998,1789785123.1320364,13,0.65,refresh,
,78.62468152800011,78.62473397200029,1789785123.1521668,13,0.65,refresh,
,78.64485523300027,78.64488856600019,1789785123.1723406,13,0.65,refresh,
,78.66499425200027,78.66502810400016,1789785123.1924798,13,0.65,refresh,
,78.68515253100031,78.68522919800034,1789785123.212638,13,0.65,refresh,
,78.70533612500003,78.70536616200025,1789785123.2328215,13,0.65,refresh,
,78.72546229299996,78.72548960800032,1789785123.2529478,13,0.65,refresh,
,78.74559329400017,78.74562079399993,1789785123.2730787,13,0.65,refresh,
,78.7657170540001,78.76574746200004,1789785123.2932062,13,0.65,refresh,
,78.78584361100002,78.78587111100023,1789785123.313329,13,0.65,refresh,
,78.8059693160003,78.80599659400013,1789785123.3334546,13,0.65,refresh,
,78.82609102100014,78.82611905800013,1789785123.3535764,13,0.65,refresh,
,78.84621674400023,78.8462407070001,1789785123.373702,13,0.65,refresh,
,78.86633505999998,78.86636024500012,1789785123.3938205,13,0.65,refresh,
,78.88645554300001,78.88648045000036,1789785123.413941,13,0.65,refresh,
,78.90657787700002,78.90661163599998,1789785123.4340634,13,0.65,refresh,
,78.92671672999995,78.92675523000025,1789785123.4542022,13,0.65,refresh,
,78.946852046,78.9468791940003,1789785123.4743376,13,0.65,refresh,
,78.96697501000017,78.96700151000005,1789785123.4944603,13,0.65,refresh,
,78.98709819600026,78.98712514099998,1789785123.5145836,13,0.65,refresh,
,79.00722123500009,79.007247216,1789785123.5347066,13,0.65,refresh,
,79.02734271700001,79.02736962500012,1789785123.554828,13,0.65,refresh,
,79.04748503300016,79.04752990400038,1789785123.5749707,13,0.65,refresh,
,79.06763312700014,79.06766297900003,1789785123.5951185,13,0.65,refresh,
,79.08776392400023,79.08779214700007,1789785123.6152494,13,0.65,refresh,
,79.10789211100018,79.10791966600027,1789785123.6353774,13,0.65,refresh,
,79.1280185380001,79.12804337100033,1789785123.655504,13,0.65,refresh,
,79.148146946,79.14818946500009,1789785123.6756325,13,0.65,refresh,
,79.16828828100006,79.16831670700003,1789785123.6957736,13,0.65,refresh,
,79.18842152300022,79.18845667100004,1789785123.715907,13,0.65,refresh,
,79.20855595000012,79.20858661600005,1789785123.7360415,13,0.65,refresh,
,79.22868900599997,79.22874759900014,1789785123.7561743,13,0.65,refresh,
,79.24885989700033,79.24889448900012,1789785123.7763453,13,0.65,refresh,
,79.26899321200017,79.26902221299997,1789785123.7964787,13,0.65,refresh,
,79.2891257690003,79.28915188000019,1789785123.816611,13,0.65,refresh,
,79.30925480700034,79.30930615900024,1789785123.8367403,13,0.65,refresh,
,79.32941536399994,79.32944673500015,1789785123.856901,13,0.65,refresh,
,79.34955038399994,79.34959125400019,1789785123.8770359,13,0.65,refresh,
,79.36969897800009,79.36973888500006,1789785123.8971844,13,0.65,refresh,
,79.38984040500009,79.38987410800019,1789785123.9173257,13,0.65,refresh,
,79.40997872100024,79.41001338700016,1789785123.937464,13,0.65,refresh,
,79.43014068499997,79.43022150000024,1789785123.957626,13,0.65,refresh,
,79.45034892700005,79.45038089000036,1789785123.9778342,13,0.65,refresh,
,79.470478576,79.47050792800019,1789785123.9979641,13,0.65,refresh,
,79.49061235499994,79.49064094799996,1789785124.0180976,13,0.65,refresh,
,79.5107415970001,79.51077020799994,1789785124.0382268,13,0.65,refresh,
,79.53087243100026,79.53090470899997,1789785124.0583577,13,0.65,refresh,
,79.55100074700022,79.55102795100038,1789785124.0784862,13,0.65,refresh,
,79.57112567400009,79.57115284100018,1789785124.0986109,13,0.65,refresh,
,79.59126595299995,79.59130697199998,1789785124.1187515,13,0.65,refresh,
,79.61141125099994,79.61144008400015,1789785124.1388967,13,0.65,refresh,
,79.63154725200002,79.63160530799996,1789785124.1590328,13,0.65,refresh,
,79.6517062160001,79.65174732700007,1789785124.1791916,13,0.65,refresh,
,79.67184764300009,79.67187538400003,1789785124.1993332,13,0.65,refresh,
,79.69197957000006,79.69204284800026,1789785124.219465,13,0.65,refresh,
,79.71217366400015,79.71220270100002,1789785124.239659,13,0.65,refresh,
,79.73230561000037,79.73234407300015,1789785124.2597911,13,0.65,refresh,
,79.75244437000038,79.75247470300019,1789785124.2799299,13,0.65,refresh,
,79.77257201900011,79.7725987230001,1789785124.3000574,13,0.65,refresh,
,79.79270144600014,79.79273690900027,1789785124.3201869,13,0.65,refresh,
,79.81283372500002,79.81286037400014,1789785124.3403192,13,0.65,refresh,
,79.83296218900023,79.83301085600033,1789785124.3604476,13,0.65,refresh,
,79.85311943100032,79.85316063500022,1789785124.380605,13,0.65,refresh,
,79.87326765500029,79.87330671000018,1789785124.4007533,13,0.65,refresh,
,79.89341180400015,79.89345098900003,1789785124.4208972,13,0.65,refresh,
,79.91355595300001,79.91359611999997,1789785124.4410415,13,0.65,refresh,
,79.93370067700016,79.93373847300018,1789785124.461186,13,0.65,refresh,
,79.9538407150003,79.95386945600012,1789785124.481326,13,0.65,refresh,
,79.97396695700036,79.97399621600016,1789785124.5014522,13,0.65,refresh,
,79.99410119899994,79.99413042100014,1789785124.5215867,13,0.65,refresh,
,80.01422642200032,80.014252941,1789785124.5417118,13,0.65,refresh,
,80.03434934899997,80.03437801600012,1789785124.5618348,13,0.65,refresh,
,80.05448062799996,80.05452001699996,1789785124.5819662,13,0.65,refresh,
,80.07463505500027,80.07467612900018,1789785124.6021204,13,0.65,refresh,
,80.09478209300005,80.09481050100021,1789785124.6222675,13,0.65,refresh,
,80.11491072400031,80.11493855700019,1789785124.6423962,13,0.65,refresh,
,80.13503568800024,80.13506489200017,1789785124.6625211,13,0.65,refresh,
,80.15516498600027,80.1551935970001,1789785124.6826503,13,0.65,refresh,
,80.17529002400033,80.17531611599998,1789785124.7027752,13,0.65,refresh,
,80.19541506199994,80.19543998800009,1789785124.7229004,13,0.65,refresh,
,80.21553435900023,80.21556065599998,1789785124.7430198,13,0.65,refresh,
,80.23566130500012,80.23570117500003,1789785124.7631466,13,0.65,refresh,
,80.25581001,80.25583973200037,1789785124.7832954,13,0.65,refresh,
,80.27594356700001,80.2759723260001,1789785124.803429,13,0.65,refresh,
,80.29609493800035,80.29616647500006,1789785124.8235805,13,0.65,refresh,
,80.31630486500035,80.31633649500009,1789785124.8437903,13,0.65,refresh,
,80.33643405200019,80.33646660700015,1789785124.8639193,13,0.65,refresh,
,80.3565658120001,80.35659270099995,1789785124.884051,13,0.65,refresh,
,80.3767033500003,80.37675501700005,1789785124.9041889,13,0.65,refresh,
,80.39687442500008,80.39691990700021,1789785124.92436,13,0.65,refresh,
,80.4170271490002,80.41707322299999,1789785124.9445126,13,0.65,refresh,
,80.43719813200005,80.43724494600019,1789785124.9646838,13,0.65,refresh,
,80.45737139200037,80.4574500220001,1789785124.9848568,13,0.65,refresh,
,80.47755930100038,80.47759561600014,1789785125.0050447,13,0.65,refresh,
,80.49764658000004,80.49771480200025,1789785125.025132,13,0.65,refresh,
,80.51783408100027,80.5178684880002,1789785125.0453193,13,0.65,refresh,
,80.53796702599993,80.5380001010003,1789785125.0654526,13,0.65,refresh,
,80.55809689800026,80.55812610200019,1789785125.0855823,13,0.65,refresh,
,80.57822417700027,80.57825749200038,1789785125.1057096,13,0.65,refresh,
,80.59835784500001,80.59839097400027,1789785125.1258433,13,0.65,refresh,
,80.618486975,80.61851632700018,1789785125.1459727,13,0.65,refresh,
,80.6386121620003,80.63864301400008,1789785125.1660976,13,0.65,refresh,
,80.65873488500029,80.65876299599995,1789785125.1862202,13,0.65,refresh,
,80.67885851600022,80.67888636800035,1789785125.206344,13,0.65,refresh,
,80.6989843690003,80.69902836900019,1789785125.22647,13,0.65,refresh,
,80.71912650000013,80.71915694400013,1789785125.246612,13,0.65,refresh,
,80.7392506860001,80.73928116700017,1789785125.266736,13,0.65,refresh,
,80.75937615000021,80.75940444600019,1789785125.2868617,13,0.65,refresh,
,80.7794993360003,80.77952746600022,1789785125.3069847,13,0.65,refresh,
,80.79962468900021,80.79965941199998,1789785125.32711,13,0.65,refresh,
,80.81975850500021,80.81979037600013,1789785125.347244,13,0.65,refresh,
,80.83989019199998,80.83991745100002,1789785125.3673756,13,0.65,refresh,
,80.86001213700001,80.86004050800011,1789785125.3874974,13,0.65,refresh,
,80.88013680500035,80.88016430500011,1789785125.407622,13,0.65,refresh,
,80.90026075000014,80.90028812100036,1789785125.427746,13,0.65,refresh,
,80.92038345500032,80.92041030700011,1789785125.4478688,13,0.65,refresh,
,80.94050575300025,80.94053254900018,1789785125.467991,13,0.65,refresh,
,80.96063101300024,80.96065575400007,1789785125.4881165,13,0.65,refresh,
,80.9807509770003,80.98077788499995,1789785125.5082362,13,0.65,refresh,
,81.00087338599997,81.00089982999998,1789785125.5283587,13,0.65,refresh,
,81.02101592400004,81.02107381300038,1789785125.5485015,13,0.65,refresh,
,81.04118044400002,81.04122481400009,1789785125.5686657,13,0.65,refresh,
,81.0613377970003,81.0613676490002,1789785125.5888233,13,0.65,refresh,
,81.08147705700003,81.0815250200003,1789785125.6089625,13,0.65,refresh,
,81.10162546600031,81.10165579900013,1789785125.6291108,13,0.65,refresh,
,81.12175352200029,81.12178355900005,1789785125.649239,13,0.65,refresh,
,81.14188024600026,81.14190965300031,1789785125.6693656,13,0.65,refresh,
,81.16200696900023,81.16203889500002,1789785125.6894925,13,0.65,refresh,
,81.18213761800007,81.18216439600019,1789785125.709623,13,0.65,refresh,
,81.20226045300024,81.20228684200038,1789785125.7297459,13,0.65,refresh,
,81.2223907130001,81.22243023200008,1789785125.7498763,13,0.65,refresh,
,81.24253743700001,81.24256865899997,1789785125.7700229,13,0.65,refresh,
,81.26266562299998,81.26269249300003,1789785125.790151,13,0.65,refresh,
,81.282796254,81.28282327200031,1789785125.8102818,13,0.65,refresh,
,81.30292169900031,81.30296801400027,1789785125.8304071,13,0.65,refresh,
,81.32307362600022,81.32311708900033,1789785125.8505592,13,0.65,refresh,
,81.34321503499996,81.34324625700037,1789785125.8707006,13,0.65,refresh,
,81.3633440550002,81.3633713510003,1789785125.8908293,13,0.65,refresh,
,81.38347144499994,81.38350122200018,1789785125.9109569,13,0.65,refresh,
,81.40360039000007,81.40363577900007,1789785125.9310858,13,0.65,refresh,
,81.42374565099999,81.4237772800002,1789785125.951231,13,0.65,refresh,
,81.44390924400022,81.44397778200027,1789785125.9713948,13,0.65,refresh,
,81.4641198940003,81.4641585610002,1789785125.9916053,13,0.65,refresh,
,81.48428146900005,81.48432215399998,1789785126.0117671,13,0.65,refresh,
,81.504428878,81.50446702600038,1789785126.0319142,13,0.65,refresh,
,81.52456878600015,81.52460236000024,1789785126.0520542,13,0.65,refresh,
,81.54471691700019,81.54475706500034,1789785126.072209,13,0.65,refresh,
,81.56486643700009,81.56490099200028,1789785126.0923517,13,0.65,refresh,
,81.58501040100009,81.5850517900003,1789785126.112496,13,0.65,refresh,
,81.60515840200014,81.60519742099996,1789785126.132644,13,0.65,refresh,
,81.625311625,81.62537495900006,1789785126.1527972,13,0.65,refresh,
,81.64547894099996,81.64551618199994,1789785126.1729643,13,0.65,refresh,
,81.66561520200003,81.66565081299996,1789785126.1931005,13,0.65,refresh,
,81.68575503600005,81.68579301800037,1789785126.2132406,13,0.65,refresh,
,81.70590327800028,81.70595735200004,1789785126.233389,13,0.65,refresh,
,81.72605768700032,81.72609366799998,1789785126.2535431,13,0.65,refresh,
,81.746205336,81.74625183600028,1789785126.273691,13,0.65,refresh,
,81.76636002300029,81.76639243,1789785126.2938454,13,0.65,refresh,
,81.7864962460003,81.78653376500006,1789785126.3139818,13,0.65,refresh,
,81.80664626600037,81.80668435799998,1789785126.3341317,13,0.65,refresh,
,81.82678489599994,81.82681695200017,1789785126.3542702,13,0.65,refresh,
,81.84692319400028,81.84695563800005,1789785126.3744087,13,0.65,refresh,
,81.86706604700021,81.86711714000012,1789785126.3945515,13,0.65,refresh,
,81.8872285110001,81.88726071500014,1789785126.4147139,13,0.65,refresh,
,81.90736029000027,81.90738773400017,1789785126.4348457,13,0.65,refresh,
,81.92749271699995,81.92751979100012,1789785126.454978,13,0.65,refresh,
,81.94762275500034,81.94764853300012,1789785126.4751081,13,0.65,refresh,
,81.96774414500032,81.96777075599994,1789785126.4952295,13,0.65,refresh,
,81.98786692400017,81.98789320200012,1789785126.5153522,13,0.65,refresh,
,82.00799144400025,82.00801587000024,1789785126.5354767,13,0.65,refresh,
,82.02811187099996,82.02813857499996,1789785126.5555973,13,0.65,refresh,
,82.04823637200025,82.04826037200019,1789785126.5757217,13,0.65,refresh,
,82.0683551510001,82.06838096599995,1789785126.5958405,13,0.65,refresh,
,82.08848367000019,82.08852263300014,1789785126.615969,13,0.65,refresh,
,82.10862620900025,82.10865782000019,1789785126.6361115,13,0.65,refresh,
,82.12875878400018,82.12878648800006,1789785126.6562443,13,0.65,refresh,
,82.1488838590003,82.14891374800027,1789785126.6763692,13,0.65,refresh,
,82.16903312000022,82.16906304500026,1789785126.6965184,13,0.65,refresh,
,82.18916662100037,82.1891965650002,1789785126.716652,13,0.65,refresh,
,82.20929562200035,82.20932175100006,1789785126.7367811,13,0.65,refresh,
,82.22944619700002,82.22952323400023,1789785126.7569318,13,0.65,refresh,
,82.24963590200014,82.24967203200003,1789785126.7771213,13,0.65,refresh,
,82.26976995900031,82.26979858799996,1789785126.7972555,13,0.65,refresh,
,82.28989499700037,82.2899219410001,1789785126.8173804,13,0.65,refresh,
,82.31004438700029,82.31008759099996,1789785126.83753,13,0.65,refresh,
,82.33019092500035,82.33023105500024,1789785126.8576763,13,0.65,refresh,
,82.35033961099998,82.35036787100034,1789785126.877825,13,0.65,refresh,
,82.37047063099999,82.37050994600031,1789785126.8979561,13,0.65,refresh,
,82.39061578000019,82.39064668800029,1789785126.9181013,13,0.65,refresh,
,82.41074878200016,82.41078031899997,1789785126.938234,13,0.65,refresh,
,82.43087426400007,82.43090367200011,1789785126.9583595,13,0.65,refresh,
,82.45104098799993,82.45113252500005,1789785126.9785264,13,0.65,refresh,
,82.47124391500029,82.47127832200022,1789785126.9987292,13,0.65,refresh,
,82.49138691600001,82.4914143230003,1789785127.0188723,13,0.65,refresh,
,82.51151452800013,82.5115481580001,1789785127.0389998,13,0.65,refresh,
,82.53164925200008,82.53167480699994,1789785127.0591347,13,0.65,refresh,
,82.55178082700013,82.55182093800022,1789785127.0792663,13,0.65,refresh,
,82.5719245690002,82.57195788400031,1789785127.0994098,13,0.65,refresh,
,82.59204905100023,82.59207820000029,1789785127.1195343,13,0.65,refresh,
,82.61216921899995,82.61219453400008,1789785127.1396546,13,0.65,refresh,
,82.63228560900006,82.63231968300033,1789785127.159771,13,0.65,refresh,
,82.65241961000038,82.65246077700021,1789785127.179905,13,0.65,refresh,
,82.67256594500031,82.67260503700027,1789785127.2000515,13,0.65,refresh,
,82.6927115200001,82.6927558350003,1789785127.220197,13,0.65,refresh,
,82.71289985500016,82.71295139200038,1789785127.2403853,13,0.65,refresh,
,82.73305774500022,82.73309320800035,1789785127.2605433,13,0.65,refresh,
,82.75321278299998,82.75325191299999,1789785127.2806983,13,0.65,refresh,
,82.77335765399994,82.7733973950003,1789785127.300843,13,0.65,refresh,
,82.79351074800024,82.79354858200031,1789785127.320996,13,0.65,refresh,
,82.81366137900022,82.81369974900008,1789785127.341147,13,0.65,refresh,
,82.83383384300032,82.83390852900038,1789785127.3613198,13,0.65,refresh,
,82.85402336300012,82.85406473300009,1789785127.3815088,13,0.65,refresh,
,82.87416991999999,82.87420945700023,1789785127.4016552,13,0.65,refresh,
,82.89431581000008,82.89435219899997,1789785127.4218013,13,0.65,refresh,
,82.91446616300027,82.9145025150001,1789785127.4419515,13,0.65,refresh,
,82.93460618200015,82.93464510800004,1789785127.4620914,13,0.65,refresh,
,82.95475055400038,82.95478886900037,1789785127.482236,13,0.65,refresh,
,82.97489405500028,82.97493229600013,1789785127.5023794,13,0.65,refresh,
,82.99504075999994,82.99507622300007,1789785127.5225263,13,0.65,refresh,
,83.01518868700032,83.01522726100029,1789785127.542674,13,0.65,refresh,
,83.03534122500014,83.03538361400024,1789785127.5628266,13,0.65,refresh,
,83.05549687500024,83.05553576400007,1789785127.5829823,13,0.65,refresh,
,83.0756417460002,83.07568048700023,1789785127.6031272,13,0.65,refresh,
,83.09574269200039,83.09578343300018,1789785127.623228,13,0.65,refresh,
,83.11589398900014,83.11593723000033,1789785127.6433794,13,0.65,refresh,
,83.13605149000023,83.13609060199997,1789785127.6635368,13,0.65,refresh,
,83.15619626900025,83.15623549200018,1789785127.6836817,13,0.65,refresh,
,83.17634077100001,83.17637928900012,1789785127.7038262,13,0.65,refresh,
,83.19648684599997,83.196521975,1789785127.7239723,13,0.65,refresh,
,83.21662990200002,83.21666551399994,1789785127.7441154,13,0.65,refresh,
,83.23677151500033,83.23681107000039,1789785127.764257,13,0.65,refresh,
,83.25692116400023,83.25696936800023,1789785127.784407,13,0.65,refresh,
,83.27708097999994,83.27712170200039,1789785127.8045666,13,0.65,refresh,
,83.29723027800037,83.29726711100011,1789785127.8247159,13,0.65,refresh,
,83.31739392700001,83.31747313100004,1789785127.8448794,13,0.65,refresh,
,83.33755883499998,83.337596502,1789785127.865044,13,0.65,refresh,
,83.35767409600021,83.35771326300028,1789785127.8851597,13,0.65,refresh,
,83.37783115299999,83.37786374500001,1789785127.9053166,13,0.65,refresh,
,83.39796398700037,83.39799891300027,1789785127.9254494,13,0.65,refresh,
,83.41809482200006,83.41812589600022,1789785127.9455802,13,0.65,refresh,
,83.43822074900027,83.43825341499996,1789785127.9657063,13,0.65,refresh,
,83.45835195300015,83.458383916,1789785127.9858372,13,0.65,refresh,
,83.47847984300006,83.47852695500023,1789785128.0059652,13,0.65,refresh,
,83.49862454799995,83.49865793700019,1789785128.02611,13,0.65,refresh,
,83.5187365490001,83.518768938,1789785128.0462217,13,0.65,refresh,
,83.53886699500026,83.53889905100004,1789785128.0663524,13,0.65,refresh,
,83.55899820000013,83.55902931100036,1789785128.0864837,13,0.65,refresh,
,83.57912660800002,83.57915857100033,1789785128.106612,13,0.65,refresh,
,83.59925583200038,83.59929162800017,1789785128.1267412,13,0.65,refresh,
,83.61939849999999,83.6194312030002,1789785128.1468837,13,0.65,refresh,
,83.63953544500009,83.63957040800005,1789785128.1670208,13,0.65,refresh,
,83.65967663200036,83.65970865000008,1789785128.1871622,13,0.65,refresh,
,83.67981492900026,83.67984676200012,1789785128.2073004,13,0.65,refresh,
,83.69995272599999,83.6999846890003,1789785128.227438,13,0.65,refresh,
,83.72008778300005,83.72014132000004,1789785128.2475731,13,0.65,refresh,
,83.74026947000038,83.74030222900001,1789785128.2677548,13,0.65,refresh,
,83.76039967400038,83.76043119300039,1789785128.287885,13,0.65,refresh,
,83.78053671299995,83.78056943499996,1789785128.308022,13,0.65,refresh,
,83.80067980600006,83.80072547300006,1789785128.3281653,13,0.65,refresh,
,83.82082749300025,83.82086156700007,1789785128.3483129,13,0.65,refresh,
,83.84096071600015,83.84099373500021,1789785128.368446,13,0.65,refresh,
,83.86110253200013,83.86113318000025,1789785128.388588,13,0.65,refresh,
,83.88123221800015,83.88126666300013,1789785128.4087176,13,0.65,refresh,
,83.90137690500023,83.90141490500037,1789785128.4288626,13,0.65,refresh,
,83.9215146280003,83.92154636900023,1789785128.449,13,0.65,refresh,
,83.94164414800025,83.94167612900037,1789785128.4691296,13,0.65,refresh,
,83.96178464900004,83.96181411199996,1789785128.48927,13,0.65,refresh,
,83.98191252000015,83.98194542800002,1789785128.509398,13,0.65,refresh,
84.0,84.00007266600005,84.00010557300038,1789785128.527558,14,0.7,step,0.07266600005095825
,84.02032914900019,84.02068485300015,1789785128.5478153,14,0.7,refresh,
,84.04091581700004,84.04096379900011,1789785128.568401,14,0.7,refresh,
,84.06107293000014,84.06110889299998,1789785128.5885584,14,0.7,refresh,
,84.08121665299996,84.0812517090003,1789785128.608702,14,0.7,refresh,
,84.10136393200037,84.10140615399996,1789785128.6288495,14,0.7,refresh,
,84.12151771100025,84.12155076700037,1789785128.649003,14,0.7,refresh,
,84.14165756400007,84.14169141599996,1789785128.669143,14,0.7,refresh,
,84.16181599100037,84.16184754699998,1789785128.6893015,14,0.7,refresh,
,84.18194765900034,84.18198123299999,1789785128.709433,14,0.7,refresh,
,84.20209271600015,84.20213091899996,1789785128.7295783,14,0.7,refresh,
,84.22223604999999,84.22227332800003,1789785128.7497215,14,0.7,refresh,
,84.24238282900023,84.24242553300019,1789785128.7698684,14,0.7,refresh,
,84.26253451599996,84.26256753400003,1789785128.7900198,14,0.7,refresh,
,84.28267416500012,84.28270622000036,1789785128.8101597,14,0.7,refresh,
,84.30282561000013,84.30286407300036,1789785128.830311,14,0.7,refresh,
,84.32296359300017,84.32301883400032,1789785128.8504488,14,0.7,refresh,
,84.34312637200037,84.34317211300004,1789785128.8706117,14,0.7,refresh,
,84.36327355799995,84.36330565100025,1789785128.890759,14,0.7,refresh,
,84.38340443000016,84.38343670800032,1789785128.9108896,14,0.7,refresh,
,84.40354624600013,84.40359406100015,1789785128.9310315,14,0.7,refresh,
,84.42369513600033,84.42373043199996,1789785128.9511805,14,0.7,refresh,
,84.44383037800026,84.44385652600022,1789785128.9713156,14,0.7,refresh,
,84.46396547200038,84.46401632400011,1789785128.9914508,14,0.7,refresh,
,84.48412802800021,84.48416956500023,1789785129.0116134,14,0.7,refresh,
,84.50426591800033,84.50429406700005,1789785129.0317514,14,0.7,refresh,
,84.52439829000014,84.52443229000028,1789785129.0518837,14,0.7,refresh,
,84.5445290130001,84.54455649500005,1789785129.0720143,14,0.7,refresh,
,84.56465284800015,84.56468220000033,1789785129.0921383,14,0.7,refresh,
,84.58478927500028,84.58483207100016,1789785129.1122746,14,0.7,refresh,
,84.60498820200019,84.60507822099999,1789785129.1324737,14,0.7,refresh,
,84.62519946300017,84.62525748100006,1789785129.1526847,14,0.7,refresh,
,84.64536879700017,84.64540479700008,1789785129.1728542,14,0.7,refresh,
,84.66550542799996,84.66553983500035,1789785129.1929908,14,0.7,refresh,
,84.68564576200015,84.68567641100026,1789785129.2131312,14,0.7,refresh,
,84.70577485600006,84.70581157800007,1789785129.2332604,14,0.7,refresh,
,84.72593511700006,84.72599202400033,1789785129.2534206,14,0.7,refresh,
,84.7460954510002,84.74613224700033,1789785129.2735808,14,0.7,refresh,
,84.7662401560001,84.76627197100015,1789785129.2937255,14,0.7,refresh,
,84.7863775830001,84.78641662000018,1789785129.3138633,14,0.7,refresh,
,84.80652125100005,84.80655912100019,1789785129.3340068,14,0.7,refresh,
,84.82666710400008,84.82670006700027,1789785129.3541524,14,0.7,refresh,
,84.84681129,84.84684129000016,1789785129.3742967,14,0.7,refresh,
,84.86694480999995,84.8669931620002,1789785129.3944302,14,0.7,refresh,
,84.88709710700005,84.88712836700006,1789785129.4145825,14,0.7,refresh,
,84.90724266400002,84.90728314600028,1789785129.4347281,14,0.7,refresh,
,84.92738099899998,84.92741031300011,1789785129.4548664,14,0.7,refresh,
,84.94750783300015,84.9475350370003,1789785129.4749932,14,0.7,refresh,
,84.96762983400004,84.9676570380002,1789785129.4951153,14,0.7,refresh,
,84.98775609400036,84.98778074300026,1789785129.5152414,14,0.7,refresh,
,85.00787629900015,85.00790220700037,1789785129.5353615,14,0.7,refresh,
,85.02799817100004,85.02802459700024,1789785129.5554836,14,0.7,refresh,
,85.04812596800002,85.04815704200018,1789785129.5756114,14,0.7,refresh,
,85.06825378400026,85.06828111799996,1789785129.5957391,14,0.7,refresh,
,85.08838026700005,85.08840502600015,1789785129.6158657,14,0.7,refresh,
,85.10850013800018,85.10852612000008,1789785129.6359856,14,0.7,refresh,
,85.12862886200037,85.12866886200027,1789785129.6561143,14,0.7,refresh,
,85.14878062200023,85.14882051099994,1789785129.676266,14,0.7,refresh,
,85.16892293800038,85.1689562900001,1789785129.6964083,14,0.7,refresh,
,85.18905634700013,85.18908164300001,1789785129.7165418,14,0.7,refresh,
,85.20920068100031,85.20927910700038,1789785129.7366862,14,0.7,refresh,
,85.22939242300026,85.22943747900035,1789785129.756878,14,0.7,refresh,
,85.24953879500026,85.24957394300009,1789785129.7770243,14,0.7,refresh,
,85.26970518500002,85.26976538899999,1789785129.7971907,14,0.7,refresh,
,85.28987483400033,85.28990329700036,1789785129.8173602,14,0.7,refresh,
,85.31000011300011,85.31002668700012,1789785129.8374856,14,0.7,refresh,
,85.33012922500029,85.33015591000003,1789785129.8576145,14,0.7,refresh,
,85.35025422600029,85.35031011499996,1789785129.8777397,14,0.7,refresh,
,85.37040978300001,85.37043809800025,1789785129.897895,14,0.7,refresh,
,85.3905437100002,85.39059048800027,1789785129.918029,14,0.7,refresh,
,85.41073113700031,85.41077117400027,1789785129.9382164,14,0.7,refresh,
,85.43088262000038,85.43091378700001,1789785129.958368,14,0.7,refresh,
,85.45101254700012,85.45104206600035,1789785129.9784977,14,0.7,refresh,
,85.47117001100014,85.47125047400004,1789785129.9986556,14,0.7,refresh,
,85.49137930899997,85.49141010500034,1789785130.0188646,14,0.7,refresh,
,85.51150701400002,85.51153612500002,1789785130.0389924,14,0.7,refresh,
,85.5316392740001,85.53166668099993,1789785130.0591247,14,0.7,refresh,
,85.55176216400014,85.55178820100036,1789785130.0792477,14,0.7,refresh,
,85.57188483200025,85.57191220200002,1789785130.0993702,14,0.7,refresh,
,85.59202616600032,85.59206733300016,1789785130.1195116,14,0.7,refresh,
,85.6121697970002,85.61219818600011,1789785130.139655,14,0.7,refresh,
,85.6322973350002,85.6323228350002,1789785130.1597826,14,0.7,refresh,
,85.65242842900034,85.65247441100018,1789785130.1799138,14,0.7,refresh,
,85.67259218900017,85.67265274500005,1789785130.2000778,14,0.7,refresh,
,85.69275106100031,85.69281363500022,1789785130.2202363,14,0.7,refresh,
,85.71292469200034,85.7129642660002,1789785130.24041,14,0.7,refresh,
,85.73306684099998,85.73312115600038,1789785130.2605522,14,0.7,refresh,
,85.7532268240002,85.75326754600019,1789785130.2807121,14,0.7,refresh,
,85.7733743990002,85.77341562100037,1789785130.30086,14,0.7,refresh,
,85.79352573400001,85.79356223400009,1789785130.3210113,14,0.7,refresh,
,85.81370703100038,85.813819642,1789785130.3411927,14,0.7,refresh,
,85.83394710700031,85.83399447700003,1789785130.3614326,14,0.7,refresh,
,85.85410290400023,85.85414427400019,1789785130.3815885,14,0.7,refresh,
,85.87425036800005,85.87428938700032,1789785130.401736,14,0.7,refresh,
,85.89439927700005,85.89444298100034,1789785130.4218848,14,0.7,refresh,
,85.91454764800028,85.91458677800028,1789785130.442033,14,0.7,refresh,
,85.93469203800032,85.93473866800014,1789785130.4621775,14,0.7,refresh,
,85.95485255800031,85.95489081699998,1789785130.482338,14,0.7,refresh,
,85.97499537400017,85.97503372600022,1789785130.502481,14,0.7,refresh,
,85.99514132000013,85.99517826400006,1789785130.5226269,14,0.7,refresh,
,86.01528298700032,86.01532080200013,1789785130.5427685,14,0.7,refresh,
,86.03542741499996,86.0354666180001,1789785130.5629127,14,0.7,refresh,
,86.05557145300008,86.05561017500031,1789785130.583057,14,0.7,refresh,
,86.07571430600001,86.07576480600028,1789785130.6031997,14,0.7,refresh,
,86.0958798810002,86.09591549200013,1789785130.6233654,14,0.7,refresh,
,86.11602219700035,86.11605730800011,1789785130.6435077,14,0.7,refresh,
,86.13616160600031,86.136199476,1789785130.663647,14,0.7,refresh,
,86.15630890300008,86.15635299600035,1789785130.6837945,14,0.7,refresh,
,86.1764624780003,86.17650494100008,1789785130.703948,14,0.7,refresh,
,86.19661394200011,86.19664896099994,1789785130.7240994,14,0.7,refresh,
,86.216753703,86.21679001800021,1789785130.744239,14,0.7,refresh,
,86.23689479700033,86.2369322970003,1789785130.7643802,14,0.7,refresh,
,86.25703744600014,86.25707731600005,1789785130.784523,14,0.7,refresh,
,86.27719176200026,86.27723013200011,1789785130.804677,14,0.7,refresh,
,86.29732981899997,86.29735778200029,1789785130.824815,14,0.7,refresh,
,86.3174546160003,86.31748294900035,1789785130.84494,14,0.7,refresh,
,86.337625914,86.33768487700036,1789785130.8651118,14,0.7,refresh,
,86.35780573000011,86.35784289599997,1789785130.885291,14,0.7,refresh,
,86.37793812000018,86.37797013800036,1789785130.9054236,14,0.7,refresh,
,86.3980685280003,86.39810347299999,1789785130.925554,14,0.7,refresh,
,86.41820023300033,86.41824688099996,1789785130.9456854,14,0.7,refresh,
,86.43834321600025,86.4383797710002,1789785130.9658287,14,0.7,refresh,
,86.45848482800011,86.45851840200021,1789785130.9859703,14,0.7,refresh,
,86.47861725500024,86.47866073700015,1789785131.0061026,14,0.7,refresh,
,86.49873344100024,86.49877671900003,1789785131.0262187,14,0.7,refresh,
,86.51889621999999,86.51892655400025,1789785131.0463815,14,0.7,refresh,
,86.53902307299995,86.53905955500022,1789785131.0665085,14,0.7,refresh,
,86.55915737100031,86.55918898200025,1789785131.0866427,14,0.7,refresh,
,86.57928676100028,86.579321187,1789785131.1067722,14,0.7,refresh,
,86.59942792900029,86.59946133600033,1789785131.1269133,14,0.7,refresh,
,86.61956846700014,86.61960050400012,1789785131.1470537,14,0.7,refresh,
,86.63969907900037,86.63974011600021,1789785131.1671844,14,0.7,refresh,
,86.65983861700033,86.6598721360001,1789785131.1873238,14,0.7,refresh,
,86.67997848899995,86.6800110260001,1789785131.207464,14,0.7,refresh,
,86.7001091940001,86.70014173100026,1789785131.2275946,14,0.7,refresh,
,86.72024958400016,86.72032441700003,1789785131.247735,14,0.7,refresh,
,86.74045504800006,86.74049515900015,1789785131.2679403,14,0.7,refresh,
,86.76059799300037,86.7606297530001,1789785131.2880836,14,0.7,refresh,
,86.78072725400034,86.78075449500011,1789785131.3082128,14,0.7,refresh,
,86.80085014400038,86.80088018100014,1789785131.3283355,14,0.7,refresh,
,86.82097621900039,86.82100299700005,1789785131.3484616,14,0.7,refresh,
,86.84109870200018,86.84112749800033,1789785131.3685842,14,0.7,refresh,
,86.86122699900034,86.86125118400014,1789785131.3887124,14,0.7,refresh,
,86.88134516700029,86.88137187100028,1789785131.4088304,14,0.7,refresh,
,86.90148313100008,86.90153102000022,1789785131.4289687,14,0.7,refresh,
,86.92163902100037,86.92167161399993,1789785131.4491243,14,0.7,refresh,
,86.9417672630002,86.94179739300034,1789785131.4692526,14,0.7,refresh,
,86.96189633800032,86.96192200500036,1789785131.4893816,14,0.7,refresh,
,86.98201798700029,86.98204795000038,1789785131.5095036,14,0.7,refresh,
,87.00214430300002,87.002171266,1789785131.5296297,14,0.7,refresh,
,87.02226536000035,87.02230736000001,1789785131.5497508,14,0.7,refresh,
,87.04240271300023,87.04243982400021,1789785131.569888,14,0.7,refresh,
,87.06254910300004,87.06257828800017,1789785131.5900345,14,0.7,refresh,
,87.08268275199998,87.08271195600037,1789785131.610168,14,0.7,refresh,
,87.10281705000034,87.10284423500025,1789785131.6303024,14,0.7,refresh,
,87.12293903199998,87.12296469900002,1789785131.6504242,14,0.7,refresh,
,87.14305912600003,87.1430848670002,1789785131.6705444,14,0.7,refresh,
,87.16318949800007,87.16323112700002,1789785131.690675,14,0.7,refresh,
,87.1833327950003,87.183366277,1789785131.7108183,14,0.7,refresh,
,87.20346322200021,87.20349075900003,1789785131.7309487,14,0.7,refresh,
,87.22359107500006,87.2236270200001,1789785131.7510767,14,0.7,refresh,
,87.24373298399996,87.24376433600037,1789785131.7712185,14,0.7,refresh,
,87.26387144800037,87.26391259599995,1789785131.791357,14,0.7,refresh,
,87.28401067100003,87.28403902300033,1789785131.8114963,14,0.7,refresh,
,87.30413506100012,87.30416187600031,1789785131.8316205,14,0.7,refresh,
,87.32425752500012,87.32428367400007,1789785131.851743,14,0.7,refresh,
,87.34441400800006,87.34445534099996,1789785131.8718994,14,0.7,refresh,
,87.36455599100009,87.36459126800037,1789785131.8920414,14,0.7,refresh,
,87.38468830700003,87.38471658400022,1789785131.9121735,14,0.7,refresh,
,87.40483740000036,87.40487969700007,1789785131.9323227,14,0.7,refresh,
,87.42498338300038,87.42501453100022,1789785131.9524686,14,0.7,refresh,
,87.44512101400005,87.44515018100037,1789785131.9726064,14,0.7,refresh,
,87.46524560800026,87.46527221900033,1789785131.9927309,14,0.7,refresh,
,87.48537155300028,87.48541557199997,1789785132.0128572,14,0.7,refresh,
,87.50551477600038,87.50554242500039,1789785132.0330002,14,0.7,refresh,
,87.52564718500025,87.52567775900025,1789785132.0531325,14,0.7,refresh,
,87.54577490800011,87.54580229700014,1789785132.0732603,14,0.7,refresh,
,87.56589946500026,87.56592798400015,1789785132.0933847,14,0.7,refresh,
,87.58603113300023,87.58607580000034,1789785132.1135166,14,0.7,refresh,
,87.60617550400002,87.60620541200024,1789785132.133661,14,0.7,refresh,
,87.62630974600006,87.6263589690002,1789785132.153795,14,0.7,refresh,
,87.64647656200032,87.6465128220002,1789785132.1739619,14,0.7,refresh,
,87.66661298899999,87.66664661899995,1789785132.1940985,14,0.7,refresh,
,87.68674306499997,87.68677152800001,1789785132.2142284,14,0.7,refresh,
,87.70686834300022,87.70689508400028,1789785132.2343538,14,0.7,refresh,
,87.72702010400008,87.7270956780003,1789785132.2545056,14,0.7,refresh,
,87.74721871600013,87.74727238300011,1789785132.2747042,14,0.7,refresh,
,87.76737299500019,87.76740458800032,1789785132.2948585,14,0.7,refresh,
,87.78750662600032,87.78753395900003,1789785132.314992,14,0.7,refresh,
,87.80763227500029,87.80765770100015,1789785132.3351176,14,0.7,refresh,
,87.82775486900027,87.82777979499997,1789785132.35524,14,0.7,refresh,
,87.84787679600004,87.8479052040002,1789785132.3753622,14,0.7,refresh,
,87.86800018600024,87.86802561200011,1789785132.3954854,14,0.7,refresh,
,87.8881216320001,87.88814698400029,1789785132.415607,14,0.7,refresh,
,87.90825198500033,87.90829341100016,1789785132.4357374,14,0.7,refresh,
,87.9284037450002,87.92843522700014,1789785132.4558892,14,0.7,refresh,
,87.94853459800015,87.94855932000019,1789785132.4760199,14,0.7,refresh,
,87.96865498800025,87.96868098799996,1789785132.4961402,14,0.7,refresh,
,87.98877758200024,87.98880410000038,1789785132.516263,14,0.7,refresh,
,88.0089027680001,88.00892791600018,1789785132.5363882,14,0.7,refresh,
,88.02902458400013,88.02905184300016,1789785132.55651,14,0.7,refresh,
,88.0491519000002,88.04917777000037,1789785132.5766373,14,0.7,refresh,
,88.06927392000034,88.06930075300033,1789785132.5967593,14,0.7,refresh,
,88.08939979100023,88.08942403200035,1789785132.6168852,14,0.7,refresh,
,88.10951925500012,88.10954532899996,1789785132.6370046,14,0.7,refresh,
,88.1296400340002,88.12966651600027,1789785132.6571255,14,0.7,refresh,
,88.14976470200008,88.14978931300038,1789785132.6772501,14,0.7,refresh,
,88.16988640700038,88.16991968499997,1789785132.697372,14,0.7,refresh,
,88.19002276000037,88.1900528340002,1789785132.717508,14,0.7,refresh,
,88.21019663100014,88.21026078000023,1789785132.7376819,14,0.7,refresh,
,88.23037522499999,88.23042163300033,1789785132.7578607,14,0.7,refresh,
,88.25052176300005,88.2505535600003,1789785132.778007,14,0.7,refresh,
,88.2706670980001,88.27073402400038,1789785132.7981524,14,0.7,refresh,
,88.29085141400037,88.29088182100031,1789785132.818337,14,0.7,refresh,
,88.31098713700021,88.31101737800009,1789785132.8384724,14,0.7,refresh,
,88.331122564,88.33115000900034,1789785132.8586078,14,0.7,refresh,
,88.35124902799998,88.35129280599995,1789785132.8787344,14,0.7,refresh,
,88.37139162200037,88.37142747400003,1789785132.898877,14,0.7,refresh,
,88.39154380900027,88.39157453100006,1789785132.9190292,14,0.7,refresh,
,88.41168440199999,88.41174336500035,1789785132.93917,14,0.7,refresh,
,88.43184542200015,88.43187418100024,1789785132.9593308,14,0.7,refresh,
,88.45197270100016,88.4520004420001,1789785132.979458,14,0.7,refresh,
,88.47209660900035,88.4721239610003,1789785132.999582,14,0.7,refresh,
,88.4922719440001,88.49233337000032,1789785133.0197575,14,0.7,refresh,
,88.51243777900027,88.5124714640001,1789785133.0399232,14,0.7,refresh,
,88.5325754280002,88.53260326100008,1789785133.060061,14,0.7,refresh,
,88.55270002199995,88.55273798500002,1789785133.0801854,14,0.7,refresh,
,88.57283817100006,88.57286581900007,1789785133.1003237,14,0.7,refresh,
,88.59297887599996,88.59302222800034,1789785133.1204643,14,0.7,refresh,
,88.61312476600006,88.61315587700028,1789785133.14061,14,0.7,refresh,
,88.63325641500023,88.63328374799994,1789785133.1607418,14,0.7,refresh,
,88.65339886100037,88.65345326800025,1789785133.1808841,14,0.7,refresh,
,88.67356910300032,88.67360486200005,1789785133.2010546,14,0.7,refresh,
,88.69370656699994,88.69374503000017,1789785133.221192,14,0.7,refresh,
,88.71384521600021,88.7138711980001,1789785133.2413306,14,0.7,refresh,
,88.73399519900022,88.73407092100024,1789785133.2614808,14,0.7,refresh,
,88.75418766300027,88.75423447799994,1789785133.2816732,14,0.7,refresh,
,88.77433562700026,88.77436788600016,1789785133.3018212,14,0.7,refresh,
,88.79447401700008,88.79450175800002,1789785133.3219595,14,0.7,refresh,
,88.81461983300005,88.81468712900005,1789785133.3421054,14,0.7,refresh,
,88.83482103799997,88.83486177900022,1789785133.3623066,14,0.7,refresh,
,88.85496979800018,88.85500229900026,1789785133.3824553,14,0.7,refresh,
,88.87510059600027,88.87512766999998,1789785133.4025857,14,0.7,refresh,
,88.89522368999997,88.89524963400027,1789785133.422709,14,0.7,refresh,
,88.91536389400017,88.91540667200024,1789785133.4428494,14,0.7,refresh,
,88.93550835900032,88.9355424700002,1789785133.4629936,14,0.7,refresh,
,88.95564298900035,88.95567304500037,1789785133.4831283,14,0.7,refresh,
,88.97577210200006,88.97580137900013,1789785133.5032575,14,0.7,refresh,
,88.99590221400013,88.995927381,1789785133.5233877,14,0.7,refresh,
,89.01602215900039,89.01604795599997,1789785133.5435073,14,0.7,refresh,
,89.03615882700024,89.03621354999996,1789785133.5636444,14,0.7,refresh,
,89.05632117999994,89.0563521250001,1789785133.5838065,14,0.7,refresh,
,89.07645016300012,89.0764775890002,1789785133.6039355,14,0.7,refresh,
,89.09657584900015,89.09660057200017,1789785133.624061,14,0.7,refresh,
,89.11674962799998,89.116845388,1789785133.6442354,14,0.7,refresh,
,89.13698731500017,89.13705920400025,1789785133.6644726,14,0.7,refresh,
,89.15718689000005,89.15725822400009,1789785133.6846726,14,0.7,refresh,
,89.17736711399994,89.17742168800032,1789785133.7048526,14,0.7,refresh,
,89.19750172600016,89.19755020699995,1789785133.724987,14,0.7,refresh,
,89.21757380100007,89.21761739400017,1789785133.7450593,14,0.7,refresh,
,89.23771500600014,89.23776756100006,1789785133.7652004,14,0.7,refresh,
,89.25787484000011,89.25790815500022,1789785133.78536,14,0.7,refresh,
,89.27800567500026,89.27803919300004,1789785133.8054912,14,0.7,refresh,
,89.29814450899994,89.29817634300025,1789785133.82563,14,0.7,refresh,
,89.31828280700029,89.31833649200007,1789785133.8457682,14,0.7,refresh,
,89.33843740100019,89.33847103000016,1789785133.865923,14,0.7,refresh,
,89.35857664200012,89.3586110870001,1789785133.8860621,14,0.7,refresh,
,89.37871073600036,89.37875277300009,1789785133.906196,14,0.7,refresh,
,89.39886084800037,89.39889510800003,1789785133.9263463,14,0.7,refresh,
,89.418991387,89.41904242400005,1789785133.9464767,14,0.7,refresh,
,89.43914312800007,89.43917957300027,1789785133.9666286,14,0.7,refresh,
,89.45927901899995,89.45931163000023,1789785133.9867644,14,0.7,refresh,
,89.4794175940001,89.47945074200015,1789785134.006903,14,0.7,refresh,
,89.49955789100022,89.49960744700002,1789785134.0270433,14,0.7,refresh,
,89.5197326890002,89.51977144800003,1789785134.047218,14,0.7,refresh,
,89.53987611599996,89.53990820800027,1789785134.0673616,14,0.7,refresh,
,89.56000748700035,89.56004026500023,1789785134.087493,14,0.7,refresh,
,89.58014034000007,89.58017311799995,1789785134.1076257,14,0.7,refresh,
,89.6002835080003,89.60032234200025,1789785134.1277688,14,0.7,refresh,
,89.62042763900035,89.62047710200022,1789785134.147913,14,0.7,refresh,
,89.64058325099995,89.64061727000035,1789785134.1680686,14,0.7,refresh,
,89.66072680800016,89.66076595599998,1789785134.1882122,14,0.7,refresh,
,89.68088054999998,89.6809131240002,1789785134.2083662,14,0.7,refresh,
,89.70101162500032,89.70105273600029,1789785134.2284973,14,0.7,refresh,
,89.72115142300026,89.72118446000013,1789785134.248637,14,0.7,refresh,
,89.74128999799996,89.74134162700011,1789785134.2687755,14,0.7,refresh,
,89.76146072100028,89.7614976660002,1789785134.2889462,14,0.7,refresh,
,89.78159451900001,89.7816262780002,1789785134.30908,14,0.7,refresh,
,89.801736205,89.80177061200038,1789785134.3292217,14,0.7,refresh,
,89.82186813199996,89.82189681700038,1789785134.3493536,14,0.7,refresh,
,89.84199272600017,89.84202046700011,1789785134.3694782,14,0.7,refresh,
,89.86212470800001,89.86216509700034,1789785134.3896103,14,0.7,refresh,
,89.88227426499998,89.88230300600026,1789785134.4097598,14,0.7,refresh,
,89.90240158100005,89.90242958099998,1789785134.429887,14,0.7,refresh,
,89.9225249340002,89.92255215600017,1789785134.4500103,14,0.7,refresh,
,89.94265528699998,89.94269586100017,1789785134.4701407,14,0.7,refresh,
,89.96280334400035,89.96283321400006,1789785134.4902887,14,0.7,refresh,
,89.98293173399998,89.98295771500034,1789785134.5104172,14,0.7,refresh,
90.0,90.00007185899995,90.00010145200031,1789785134.5275574,15,0.75,step,0.07185899994510692
,90.02030095300006,90.02056289800021,1789785134.5477862,15,0.75,refresh,
,90.04074114000014,90.04079501000024,1789785134.5682266,15,0.75,refresh,
,90.06090358500023,90.06095691900009,1789785134.5883892,15,0.75,refresh,
,90.08105995699998,90.08109306799997,1789785134.6085453,15,0.75,refresh,
,90.10120506900012,90.10124271700033,1789785134.6286905,15,0.75,refresh,
,90.12134223700014,90.12137455200036,1789785134.6488276,15,0.75,refresh,
,90.141473701,90.14150684900005,1789785134.6689591,15,0.75,refresh,
,90.16161673900024,90.16164801700006,1789785134.6891022,15,0.75,refresh,
,90.18174775900025,90.18178003699995,1789785134.709233,15,0.75,refresh,
,90.20189127899994,90.20192961200019,1789785134.7293768,15,0.75,refresh,
,90.22203752099995,90.22206965000032,1789785134.749523,15,0.75,refresh,
,90.24216768800034,90.24220137400016,1789785134.769653,15,0.75,refresh,
,90.26230254100028,90.2623332080002,1789785134.789788,15,0.75,refresh,
,90.28244098699997,90.28247528300017,1789785134.8099265,15,0.75,refresh,
,90.30258119200016,90.30261943300002,1789785134.8300667,15,0.75,refresh,
,90.32272639700022,90.3227579710001,1789785134.8502119,15,0.75,refresh,
,90.34285728700024,90.3428886390002,1789785134.8703427,15,0.75,refresh,
,90.36298878800017,90.36303486199995,1789785134.8904743,15,0.75,refresh,
,90.383134789,90.38316910399999,1789785134.9106202,15,0.75,refresh,
,90.40327856800013,90.40332056800025,1789785134.930764,15,0.75,refresh,
,90.42343773600032,90.42347081000025,1789785134.9509232,15,0.75,refresh,
,90.44356927400031,90.44359853300011,1789785134.9710546,15,0.75,refresh,
,90.46370175700031,90.46375018300023,1789785134.991187,15,0.75,refresh,
,90.48385864700003,90.48389533199997,1789785135.0113442,15,0.75,refresh,
,90.50399866600037,90.50403972200002,1789785135.0314841,15,0.75,refresh,
,90.524138279,90.52416859300001,1789785135.0516236,15,0.75,refresh,
,90.54427331700026,90.54430181700036,1789785135.0717585,15,0.75,refresh,
,90.56439931800014,90.56442731800007,1789785135.0918849,15,0.75,refresh,
,90.5845345040002,90.58458369000027,1789785135.11202,15,0.75,refresh,
,90.60468559800029,90.604715339,1789785135.132171,15,0.75,refresh,
,90.62483291400031,90.62489158100016,1789785135.1523185,15,0.75,refresh,
,90.6449992490002,90.64503409999998,1789785135.1724846,15,0.75,refresh,
,90.66513493499997,90.66517484199994,1789785135.1926203,15,0.75,refresh,
,90.68527662099996,90.68530889900012,1789785135.212762,15,0.75,refresh,
,90.70540749300017,90.70543765900038,1789785135.232893,15,0.75,refresh,
,90.72553408600015,90.72556123499999,1789785135.2530193,15,0.75,refresh,
,90.74566482800037,90.74573267999995,1789785135.2731502,15,0.75,refresh,
,90.76584366299994,90.76588766300029,1789785135.2933292,15,0.75,refresh,
,90.78598575700016,90.7860174970001,1789785135.3134713,15,0.75,refresh,
,90.80611405400032,90.80614529500008,1789785135.3335998,15,0.75,refresh,
,90.82624944400004,90.82627811100019,1789785135.353735,15,0.75,refresh,
,90.84637444500004,90.84640257499996,1789785135.37386,15,0.75,refresh,
,90.86650363200033,90.86654572399993,1789785135.393989,15,0.75,refresh,
,90.88664778100019,90.88668168799995,1789785135.4141333,15,0.75,refresh,
,90.90678165200006,90.90681348600037,1789785135.434267,15,0.75,refresh,
,90.9269120240001,90.92694024599996,1789785135.4543974,15,0.75,refresh,
,90.94704243200022,90.9470824140003,1789785135.4745278,15,0.75,refresh,
,90.96718221100036,90.96721550800021,1789785135.4946675,15,0.75,refresh,
,90.98731691600005,90.98734539800034,1789785135.5148025,15,0.75,refresh,
,91.00744643600001,91.00747291700009,1789785135.5349317,15,0.75,refresh,
,91.02757315899999,91.02760845600005,1789785135.5550587,15,0.75,refresh,
,91.04770938299998,91.04775004900011,1789785135.5751948,15,0.75,refresh,
,91.06785118000016,91.06788812500008,1789785135.5953367,15,0.75,refresh,
,91.08799175500008,91.08801992200006,1789785135.6154773,15,0.75,refresh,
,91.10811773800015,91.10814633100017,1789785135.6356032,15,0.75,refresh,
,91.12824542399994,91.1282714060003,1789785135.6557307,15,0.75,refresh,
,91.14836825900011,91.14839359200005,1789785135.6758535,15,0.75,refresh,
,91.1684908520001,91.16851833400005,1789785135.6959763,15,0.75,refresh,
,91.18861674200025,91.18864203900011,1789785135.7161021,15,0.75,refresh,
,91.20873833600035,91.20876557700012,1789785135.7362237,15,0.75,refresh,
,91.22887481900034,91.2289314110003,1789785135.7563603,15,0.75,refresh,
,91.24904330100026,91.24909183900036,1789785135.7765286,15,0.75,refresh,
,91.26919380300023,91.26923621000014,1789785135.7966793,15,0.75,refresh,
,91.28934600699995,91.2893867480002,1789785135.8168316,15,0.75,refresh,
,91.30948517500019,91.30951543500032,1789785135.8369706,15,0.75,refresh,
,91.32961239900033,91.32964108400029,1789785135.8570976,15,0.75,refresh,
,91.34974725200027,91.34978443700038,1789785135.8772326,15,0.75,refresh,
,91.36988525300012,91.36993025300035,1789785135.8973706,15,0.75,refresh,
,91.39007564300027,91.3901763470003,1789785135.9175613,15,0.75,refresh,
,91.41032886700032,91.41057101500019,1789785135.9378145,15,0.75,refresh,
,91.43347872499999,91.43377957800021,1789785135.9609652,15,0.75,refresh,
,91.45398359699993,91.454157227,1789785135.9814692,15,0.75,refresh,
,91.47438700700013,91.47443987700035,1789785136.0018723,15,0.75,refresh,
,91.49457961899998,91.49466545199994,1789785136.0220652,15,0.75,refresh,
,91.51479834200018,91.51482954600033,1789785136.0422838,15,0.75,refresh,
,91.53492819500025,91.53495989900011,1789785136.0624135,15,0.75,refresh,
,91.55505910400007,91.55508654799996,1789785136.0825443,15,0.75,refresh,
,91.57519553100019,91.57523282700004,1789785136.1026812,15,0.75,refresh,
,91.59534895800016,91.59539269900006,1789785136.1228344,15,0.75,refresh,
,91.61550214399995,91.6155345520001,1789785136.1429875,15,0.75,refresh,
,91.63563303499996,91.63566034900032,1789785136.1631184,15,0.75,refresh,
,91.65575740600025,91.65578720200028,1789785136.1832428,15,0.75,refresh,
,91.67588403700029,91.67591085200002,1789785136.2033694,15,0.75,refresh,
,91.69601379699998,91.69604031600011,1789785136.2234993,15,0.75,refresh,
,91.71613553900033,91.71616300200003,1789785136.2436209,15,0.75,refresh,
,91.7362750960001,91.73632880000014,1789785136.2637606,15,0.75,refresh,
,91.75645552300011,91.75653180100016,1789785136.283941,15,0.75,refresh,
,91.77665074600009,91.77669717200024,1789785136.3041363,15,0.75,refresh,
,91.79681287700032,91.79684250700029,1789785136.3242981,15,0.75,refresh,
,91.81700211900034,91.81712676799998,1789785136.3444877,15,0.75,refresh,
,91.83726245400021,91.83730956499994,1789785136.3647478,15,0.75,refresh,
,91.85743186300033,91.85747102899995,1789785136.3849173,15,0.75,refresh,
,91.87755279000021,91.87758456700021,1789785136.4050384,15,0.75,refresh,
,91.89768010600028,91.89770962400007,1789785136.4251657,15,0.75,refresh,
,91.91781699600006,91.91784429200015,1789785136.4453022,15,0.75,refresh,
,91.93793925599994,91.93796540400035,1789785136.4654245,15,0.75,refresh,
,91.95805999799995,91.95808597900032,1789785136.4855454,15,0.75,refresh,
,91.97818031400038,91.97821431400007,1789785136.5056658,15,0.75,refresh,
,91.99831724100022,91.99834783300003,1789785136.5258029,15,0.75,refresh,
,92.01844424199999,92.0184724830001,1789785136.5459297,15,0.75,refresh,
,92.03856733600014,92.03859368800022,1789785136.5660527,15,0.75,refresh,
,92.05868854000028,92.0587152070002,1789785136.586174,15,0.75,refresh,
,92.07882024500032,92.07884989400009,1789785136.6063056,15,0.75,refresh,
,92.09894595000014,92.09897235800008,1789785136.6264312,15,0.75,refresh,
,92.11906787700036,92.11909393300039,1789785136.6465533,15,0.75,refresh,
,92.13918895200004,92.13921524900024,1789785136.6666744,15,0.75,refresh,
,92.1593125280001,92.15934543499998,1789785136.6867979,15,0.75,refresh,
,92.17944264000016,92.17946995500006,1789785136.706928,15,0.75,refresh,
,92.19956532600008,92.19959138200011,1789785136.7270508,15,0.75,refresh,
,92.219685475,92.21971166100002,1789785136.747171,15,0.75,refresh,
,92.23981453200031,92.23984062499994,1789785136.7673,15,0.75,refresh,
,92.25994588499998,92.25999003300012,1789785136.7874315,15,0.75,refresh,
,92.28010357100038,92.28014434900024,1789785136.8075888,15,0.75,refresh,
,92.30024412800003,92.30027544300037,1789785136.8277295,15,0.75,refresh,
,92.32037248100005,92.32040007400019,1789785136.847858,15,0.75,refresh,
,92.34049527900015,92.34052200099995,1789785136.8679805,15,0.75,refresh,
,92.36065574300028,92.36071076100006,1789785136.8881414,15,0.75,refresh,
,92.38082835500018,92.38086013300017,1789785136.9083138,15,0.75,refresh,
,92.40096109700016,92.4009959670002,1789785136.9284465,15,0.75,refresh,
,92.42113017200018,92.42120104300011,1789785136.9486158,15,0.75,refresh,
,92.44130897000014,92.44134939600008,1789785136.9687943,15,0.75,refresh,
,92.46146171200007,92.46150586000022,1789785136.9889472,15,0.75,refresh,
,92.48160671300002,92.48164050900004,1789785137.009092,15,0.75,refresh,
,92.50174243600031,92.50179023300007,1789785137.0292277,15,0.75,refresh,
,92.52189625200026,92.52192995600035,1789785137.0493817,15,0.75,refresh,
,92.54202664200011,92.5420578090002,1789785137.069512,15,0.75,refresh,
,92.56216242100027,92.56219031,1789785137.0896478,15,0.75,refresh,
,92.58229177400017,92.58233075600037,1789785137.1097772,15,0.75,refresh,
,92.60243310900023,92.60247105300004,1789785137.1299186,15,0.75,refresh,
,92.62257118400021,92.62260264700035,1789785137.1500566,15,0.75,refresh,
,92.64269987000034,92.64273757399997,1789785137.1701853,15,0.75,refresh,
,92.66283772299994,92.66287103800005,1789785137.190323,15,0.75,refresh,
,92.68296922400032,92.68299974299998,1789785137.2104545,15,0.75,refresh,
,92.70309796600031,92.70312667000007,1789785137.2305832,15,0.75,refresh,
,92.72322391200032,92.72325167100007,1789785137.2507093,15,0.75,refresh,
,92.74334993100001,92.74339920900002,1789785137.2708354,15,0.75,refresh,
,92.76350965500023,92.76354765500037,1789785137.290995,15,0.75,refresh,
,92.78364569300038,92.78368080400014,1789785137.3111312,15,0.75,refresh,
,92.80377849000024,92.80381089799994,1789785137.331264,15,0.75,refresh,
,92.82390864000035,92.82393732500032,1789785137.351394,15,0.75,refresh,
,92.84404167799994,92.84410158500032,1789785137.3715272,15,0.75,refresh,
,92.86423012400019,92.8642786610003,1789785137.3917155,15,0.75,refresh,
,92.88437079100004,92.8844088840001,1789785137.4118562,15,0.75,refresh,
,92.90450757000008,92.90454021899995,1789785137.4319928,15,0.75,refresh,
,92.92463825699997,92.9246674230003,1789785137.4521236,15,0.75,refresh,
,92.94476494300034,92.94479590600031,1789785137.4722505,15,0.75,refresh,
,92.96490111100002,92.96492974000012,1789785137.4923866,15,0.75,refresh,
,92.98502896400032,92.98506276000035,1789785137.5125144,15,0.75,refresh,
,93.00516052000012,93.00518887199996,1789785137.532646,15,0.75,refresh,
,93.02530578100004,93.02538115100015,1789785137.5527914,15,0.75,refresh,
,93.04548967100027,93.0455334860003,1789785137.5729752,15,0.75,refresh,
,93.06564350600001,93.06568848699999,1789785137.593129,15,0.75,refresh,
,93.08579856200004,93.08582956200007,1789785137.6132839,15,0.75,refresh,
,93.10592830400037,93.10595902600016,1789785137.6334136,15,0.75,refresh,
,93.12605723100023,93.12608523100016,1789785137.6535428,15,0.75,refresh,
,93.14622269500023,93.14631495499998,1789785137.6737082,15,0.75,refresh,
,93.16643099300018,93.16648445600003,1789785137.6939163,15,0.75,refresh,
,93.18658869800038,93.18662658700032,1789785137.7140741,15,0.75,refresh,
,93.20673475500007,93.20677442100032,1789785137.7342203,15,0.75,refresh,
,93.22687423700017,93.22690616299997,1789785137.7543595,15,0.75,refresh,
,93.24700225700008,93.24703140500014,1789785137.7744875,15,0.75,refresh,
,93.26713296200023,93.26717251700029,1789785137.7946184,15,0.75,refresh,
,93.28730579600006,93.28734559300028,1789785137.8147912,15,0.75,refresh,
,93.30745352000031,93.30748522300019,1789785137.8349388,15,0.75,refresh,
,93.32758996500024,93.32762064999997,1789785137.8550754,15,0.75,refresh,
,93.34772831800001,93.34775513300019,1789785137.8752139,15,0.75,refresh,
,93.36787061600035,93.36792670800014,1789785137.8953562,15,0.75,refresh,
,93.38802989500027,93.3880650430001,1789785137.9155154,15,0.75,refresh,
,93.4081684140001,93.40821850700013,1789785137.935654,15,0.75,refresh,
,93.42832987800011,93.42836371200019,1789785137.955815,15,0.75,refresh,
,93.44846239800017,93.4484909910002,1789785137.9759479,15,0.75,refresh,
,93.46859104700025,93.46862512200005,1789785137.9960766,15,0.75,refresh,
,93.48878232600009,93.48885614100027,1789785138.0162678,15,0.75,refresh,
,93.50897258700024,93.50901301300019,1789785138.036458,15,0.75,refresh,
,93.52911840300021,93.52914981000004,1789785138.056604,15,0.75,refresh,
,93.5492542740003,93.54928288600013,1789785138.0767395,15,0.75,refresh,
,93.56939907200012,93.56946499800006,1789785138.0968845,15,0.75,refresh,
,93.58959290700022,93.58963386999994,1789785138.1170783,15,0.75,refresh,
,93.60973146300012,93.60976859300035,1789785138.137217,15,0.75,refresh,
,93.62989661300026,93.62997505700014,1789785138.1573822,15,0.75,refresh,
,93.65008940999996,93.65013218800004,1789785138.1775749,15,0.75,refresh,
,93.67023441100037,93.67027306,1789785138.1977198,15,0.75,refresh,
,93.69038072700005,93.69041498700017,1789785138.2178662,15,0.75,refresh,
,93.71051298800012,93.71054124700004,1789785138.2379982,15,0.75,refresh,
,93.73064621100002,93.73069063699995,1789785138.2581317,15,0.75,refresh,
,93.75081017499997,93.75086332299998,1789785138.2782955,15,0.75,refresh,
,93.77096373200038,93.77100380599995,1789785138.298449,15,0.75,refresh,
,93.79112473300029,93.79116536300035,1789785138.3186102,15,0.75,refresh,
,93.811270401,93.81130375300017,1789785138.3387558,15,0.75,refresh,
,93.83140004999996,93.83142975400006,1789785138.3588853,15,0.75,refresh,
,93.85153170000012,93.85157273699997,1789785138.379017,15,0.75,refresh,
,93.87167351500011,93.87170847900006,1789785138.3991587,15,0.75,refresh,
,93.89182916500022,93.89186264599994,1789785138.4193146,15,0.75,refresh,
,93.9119620360002,93.9119912770002,1789785138.4394476,15,0.75,refresh,
,93.93209009300017,93.93211537100024,1789785138.4595757,15,0.75,refresh,
,93.95220981600005,93.9522371500002,1789785138.479695,15,0.75,refresh,
,93.97233261400015,93.97235866900019,1789785138.499818,15,0.75,refresh,
,93.99245757800009,93.99248270800035,1789785138.519943,15,0.75,refresh,
,94.01257998600022,94.0126051530001,1789785138.5400653,15,0.75,refresh,
,94.03270158000032,94.0327382280002,1789785138.5601869,15,0.75,refresh,
,94.05283652600019,94.05286308099994,1789785138.580322,15,0.75,refresh,
,94.0729600640002,94.07298700800038,1789785138.6004455,15,0.75,refresh,
,94.09308691700016,94.09311260200002,1789785138.6205723,15,0.75,refresh,
,94.11320989900014,94.11323475100016,1789785138.6406953,15,0.75,refresh,
,94.1333310670002,94.13335853000035,1789785138.6608164,15,0.75,refresh,
,94.15345567900022,94.15348221700015,1789785138.680941,15,0.75,refresh,
,94.17357805100028,94.17360540300024,1789785138.7010634,15,0.75,refresh,
,94.19370444100014,94.19373834800035,1789785138.72119,15,0.75,refresh,
,94.21384064600034,94.21388044200012,1789785138.741326,15,0.75,refresh,
,94.23401131400033,94.23409248100006,1789785138.7614968,15,0.75,refresh,
,94.25421859300013,94.25426427799994,1789785138.781704,15,0.75,refresh,
,94.27437594599996,94.27442689000009,1789785138.8018613,15,0.75,refresh,
,94.29453746600029,94.29459424300012,1789785138.822023,15,0.75,refresh,
,94.31470480000007,94.31475337400025,1789785138.8421903,15,0.75,refresh,
,94.33485200500036,94.33488396800021,1789785138.8623374,15,0.75,refresh,
,94.35510754300003,94.35519759900035,1789785138.882593,15,0.75,refresh,
,94.37532319299999,94.37536367400025,1789785138.9028087,15,0.75,refresh,
,94.39547026800028,94.39552513900026,1789785138.9229558,15,0.75,refresh,
,94.41563091700027,94.41567012099995,1789785138.9431162,15,0.75,refresh,
,94.43578293700011,94.43584551100002,1789785138.9632683,15,0.75,refresh,
,94.45594834600024,94.45598860500013,1789785138.9834337,15,0.75,refresh,
,94.47609601400018,94.47613105100027,1789785139.0035815,15,0.75,refresh,
,94.49624688500035,94.49629103300003,1789785139.0237324,15,0.75,refresh,
,94.51642512700028,94.51650379400007,1789785139.0439107,15,0.75,refresh,
,94.53661444299996,94.53665444300032,1789785139.0640998,15,0.75,refresh,
,94.55675296300024,94.55678648100002,1789785139.0842383,15,0.75,refresh,
,94.57690676000038,94.5769545940002,1789785139.1043923,15,0.75,refresh,
,94.59707702100013,94.59712603900016,1789785139.1245625,15,0.75,refresh,
,94.61726224400036,94.61730404100035,1789785139.1447477,15,0.75,refresh,
,94.63747915300019,94.63753091200033,1789785139.1649647,15,0.75,refresh,
,94.65762637600028,94.65766191300008,1789785139.1851118,15,0.75,refresh,
,94.67773365500034,94.67776297,1789785139.205219,15,0.75,refresh,
,94.69785843399995,94.69789791600033,1789785139.225344,15,0.75,refresh,
,94.71799354600034,94.71802332400011,1789785139.2454789,15,0.75,refresh,
,94.73811984400027,94.73814888100014,1789785139.2656052,15,0.75,refresh,
,94.75824671500004,94.75829743800023,1789785139.285732,15,0.75,refresh,
,94.77840549400025,94.77844723500039,1789785139.3058908,15,0.75,refresh,
,94.79854653200027,94.79858973599994,1789785139.326032,15,0.75,refresh,
,94.81869610800004,94.81873707100021,1789785139.3461816,15,0.75,refresh,
,94.83883514600029,94.83888725700035,1789785139.3663206,15,0.75,refresh,
,94.85898970300013,94.85903646199995,1789785139.386475,15,0.75,refresh,
,94.87913953700036,94.8791855190002,1789785139.406625,15,0.75,refresh,
,94.89928366799995,94.89931550100027,1789785139.4267693,15,0.75,refresh,
,94.91942033600026,94.91945331700026,1789785139.4469059,15,0.75,refresh,
,94.93955178100032,94.93958139200004,1789785139.4670372,15,0.75,refresh,
,94.95967833800023,94.95970678200001,1789785139.4871635,15,0.75,refresh,
,94.97981419100006,94.9798413020003,1789785139.5072997,15,0.75,refresh,
,94.99993774800032,94.99996532200021,1789785139.5274231,15,0.75,refresh,
,95.02006163800024,95.02008978599997,1789785139.547547,15,0.75,refresh,
,95.04018371300026,95.04021104599997,1789785139.567669,15,0.75,refresh,
,95.060316436,95.060347955,1789785139.587802,15,0.75,refresh,
,95.08044754799994,95.08048112300003,1789785139.607933,15,0.75,refresh,
,95.1005791980001,95.10060884600034,1789785139.6280644,15,0.75,refresh,
,95.12070582900014,95.12074144000007,1789785139.6481912,15,0.75,refresh,
,95.140837422,95.14086557000019,1789785139.6683228,15,0.75,refresh,
,95.1609640900001,95.16098990499995,1789785139.6884496,15,0.75,refresh,
,95.18108598000026,95.1811144430003,1789785139.7085714,15,0.75,refresh,
,95.20120929600034,95.20123529600005,1789785139.7286947,15,0.75,refresh,
,95.22133098200038,95.22135766800011,1789785139.7488165,15,0.75,refresh,
,95.24145581700031,95.24148083499995,1789785139.7689414,15,0.75,refresh,
,95.26157567000018,95.26160224400019,1789785139.789061,15,0.75,refresh,
,95.28170350400023,95.28174830100033,1789785139.8091888,15,0.75,refresh,
,95.3018551350001,95.30188643100018,1789785139.8293407,15,0.75,refresh,
,95.32198928400021,95.32202271000006,1789785139.849475,15,0.75,refresh,
,95.34212752600024,95.34215793400017,1789785139.8696127,15,0.75,refresh,
,95.36229026800038,95.36233597199998,1789785139.8897755,15,0.75,refresh,
,95.38244030600026,95.38248367699998,1789785139.9099257,15,0.75,refresh,
,95.40258586300024,95.40262238200012,1789785139.9300714,15,0.75,refresh,
,95.42272814200032,95.4227640490003,1789785139.9502137,15,0.75,refresh,
,95.44287825400033,95.44290729100021,1789785139.9703636,15,0.75,refresh,
,95.46300303299995,95.4630324220002,1789785139.9904883,15,0.75,refresh,
,95.48313257100017,95.48317025699998,1789785140.0106182,15,0.75,refresh,
,95.50329135000038,95.50334794300034,1789785140.0307767,15,0.75,refresh,
,95.5234643140002,95.52350768500037,1789785140.0509496,15,0.75,refresh,
,95.54361792700001,95.54365407500018,1789785140.0711036,15,0.75,refresh,
,95.56376194600034,95.56379729800028,1789785140.0912473,15,0.75,refresh,
,95.58391526200012,95.58396120700036,1789785140.1114006,15,0.75,refresh,
,95.60406856000009,95.60410868999998,1789785140.1315541,15,0.75,refresh,
,95.62421306100032,95.62424567200014,1789785140.1516984,15,0.75,refresh,
,95.64434598800017,95.64437863600006,1789785140.1718314,15,0.75,refresh,
,95.66448208200018,95.66451286000029,1789785140.1919675,15,0.75,refresh,
,95.68461711999998,95.68465728699994,1789785140.2121027,15,0.75,refresh,
,95.70476869499998,95.7048080290001,1789785140.2322543,15,0.75,refresh,
,95.72490934500001,95.72494345600035,1789785140.2523947,15,0.75,refresh,
,95.7450517530001,95.74508451300017,1789785140.272537,15,0.75,refresh,
,95.76519223600008,95.76525053200021,1789785140.2926776,15,0.75,refresh,
,95.7853642,95.78540445900035,1789785140.3128498,15,0.75,refresh,
,95.80551775699996,95.80556075699997,1789785140.3330033,15,0.75,refresh,
,95.8256633320002,95.82569629499994,1789785140.3531487,15,0.75,refresh,
,95.84580638900024,95.84584009200034,1789785140.3732917,15,0.75,refresh,
,95.86595085299996,95.86598976000005,1789785140.3934364,15,0.75,refresh,
,95.88609416899999,95.88613259500016,1789785140.4135795,15,0.75,refresh,
,95.9062390590002,95.90627872599998,1789785140.4337244,15,0.75,refresh,
,95.9263800040003,95.92641385600018,1789785140.4538655,15,0.75,refresh,
,95.94651400600014,95.94654658000036,1789785140.4739993,15,0.75,refresh,
,95.96665771000016,95.96669548800037,1789785140.4941432,15,0.75,refresh,
,95.98681432300009,95.98685304500032,1789785140.5142999,15,0.75,refresh,
96.0,96.0000773480001,96.00011462600014,1789785140.5275629,16,0.8,step,0.07734800010439358
,96.02030692300013,96.0205537390002,1789785140.547793,16,0.8,refresh,
,96.04072992500005,96.04076859199995,1789785140.5682154,16,0.8,refresh,
,96.06086935200028,96.06090340800029,1789785140.5883548,16,0.8,refresh,
,96.08100235300026,96.08103609399996,1789785140.6084876,16,0.8,refresh,
,96.10113987300019,96.10117850300003,1789785140.6286254,16,0.8,refresh,
,96.121278781,96.12131067000018,1789785140.6487641,16,0.8,refresh,
,96.14141067100036,96.14144302300019,1789785140.668896,16,0.8,refresh,
,96.16155258000026,96.16159085800018,1789785140.689038,16,0.8,refresh,
,96.18169108100028,96.18173180400026,1789785140.7091765,16,0.8,refresh,
,96.20184426800006,96.2018827490001,1789785140.7293296,16,0.8,refresh,
,96.22198395400028,96.22201663900023,1789785140.7494695,16,0.8,refresh,
,96.24211823300038,96.24214945500034,1789785140.7696035,16,0.8,refresh,
,96.26224916000001,96.26228067800002,1789785140.7897346,16,0.8,refresh,
,96.28238812400014,96.2824375690002,1789785140.8098736,16,0.8,refresh,
,96.30254358799993,96.30258051400006,1789785140.830029,16,0.8,refresh,
,96.32268638599999,96.32272723799997,1789785140.8501716,16,0.8,refresh,
,96.34283518300026,96.34286846100031,1789785140.8703206,16,0.8,refresh,
,96.36296914700006,96.36302274000036,1789785140.8904545,16,0.8,refresh,
,96.38313113000004,96.38317418600036,1789785140.9106166,16,0.8,refresh,
,96.4032818720002,96.40332100100022,1789785140.9307673,16,0.8,refresh,
,96.42342263199998,96.42345735400022,1789785140.9509082,16,0.8,refresh,
,96.44356515200025,96.44359859600036,1789785140.9710505,16,0.8,refresh,
,96.46370344900015,96.46374357900004,1789785140.991189,16,0.8,refresh,
,96.483841321,96.48386902500033,1789785141.0113268,16,0.8,refresh,
,96.50397741500001,96.50402265499997,1789785141.031463,16,0.8,refresh,
,96.52412524900001,96.52416506400004,1789785141.0516107,16,0.8,refresh,
,96.54427121300023,96.5443021760002,1789785141.0717566,16,0.8,refresh,
,96.564399288,96.5644264550001,1789785141.0918846,16,0.8,refresh,
,96.58453158600014,96.58457482700032,1789785141.1120172,16,0.8,refresh,
,96.60469197600014,96.60477062400014,1789785141.1321774,16,0.8,refresh,
,96.62488616200017,96.62492318100021,1789785141.1523716,16,0.8,refresh,
,96.64501905199995,96.64504927500002,1789785141.1725047,16,0.8,refresh,
,96.66516577600032,96.66520886800026,1789785141.1926513,16,0.8,refresh,
,96.6853096660002,96.68534022099993,1789785141.212795,16,0.8,refresh,
,96.70543831500026,96.7054667970001,1789785141.2329237,16,0.8,refresh,
,96.72556403800036,96.72559329800015,1789785141.2530494,16,0.8,refresh,
,96.74569187299994,96.74573037300024,1789785141.2731774,16,0.8,refresh,
,96.76583244800031,96.76587820800023,1789785141.2933178,16,0.8,refresh,
,96.78598157900024,96.78602254199996,1789785141.313467,16,0.8,refresh,
,96.80613637600027,96.8061801910003,1789785141.3336217,16,0.8,refresh,
,96.82628130400008,96.82631467400006,1789785141.3537667,16,0.8,refresh,
,96.84642123100002,96.84645386000011,1789785141.3739066,16,0.8,refresh,
,96.86656549100007,96.86660384300012,1789785141.394051,16,0.8,refresh,
,96.8867089370001,96.88675799200018,1789785141.4141943,16,0.8,refresh,
,96.9068719930001,96.90691216000005,1789785141.4343574,16,0.8,refresh,
,96.92701558700037,96.92704658699995,1789785141.4545012,16,0.8,refresh,
,96.9471489030002,96.94717871800003,1789785141.4746342,16,0.8,refresh,
,96.96728077500029,96.96732033000035,1789785141.4947662,16,0.8,refresh,
,96.98742603500023,96.987464757,1789785141.5149114,16,0.8,refresh,
,97.00756842500004,97.00760818400022,1789785141.5350544,16,0.8,refresh,
,97.02770820400019,97.02775107400021,1789785141.5551937,16,0.8,refresh,
,97.04786157600029,97.04790152000032,1789785141.575347,16,0.8,refresh,
,97.0680058920002,97.068044095,1789785141.5954914,16,0.8,refresh,
,97.08815172599998,97.08818896699995,1789785141.6156373,16,0.8,refresh,
,97.10829420900018,97.1083329500002,1789785141.6357796,16,0.8,refresh,
,97.12843591399997,97.12846634000016,1789785141.6559215,16,0.8,refresh,
,97.14857887800008,97.14860898899997,1789785141.6760643,16,0.8,refresh,
,97.16871406400014,97.16876497200019,1789785141.6961994,16,0.8,refresh,
,97.1888789540003,97.18891763900001,1789785141.7163646,16,0.8,refresh,
,97.20903619599994,97.20910788100036,1789785141.7365217,16,0.8,refresh,
,97.22922156799996,97.22926514200026,1789785141.756707,16,0.8,refresh,
,97.24936488399999,97.24939834700035,1789785141.7768502,16,0.8,refresh,
,97.2695118290003,97.269551718,1789785141.7969973,16,0.8,refresh,
,97.28966853400016,97.28971162700009,1789785141.817154,16,0.8,refresh,
,97.30983160899996,97.3098679980003,1789785141.8373172,16,0.8,refresh,
,97.32996887000036,97.33000299900004,1789785141.8574543,16,0.8,refresh,
,97.3501164080003,97.35016009300034,1789785141.8776019,16,0.8,refresh,
,97.3702675200002,97.37031487200011,1789785141.897753,16,0.8,refresh,
,97.39042896599994,97.3904694480002,1789785141.9179144,16,0.8,refresh,
,97.41057806000026,97.41062915200018,1789785141.9380636,16,0.8,refresh,
,97.43073456100001,97.430765135,1789785141.95822,16,0.8,refresh,
,97.45086746900006,97.45090680300018,1789785141.9783528,16,0.8,refresh,
,97.47101310000016,97.47105341500037,1789785141.9984987,16,0.8,refresh,
,97.49116162000018,97.49119897200035,1789785142.018647,16,0.8,refresh,
,97.51130443600005,97.51134314000001,1789785142.03879,16,0.8,refresh,
,97.53149351100001,97.53155688200013,1789785142.058979,16,0.8,refresh,
,97.55167062400005,97.5517072900002,1789785142.079156,16,0.8,refresh,
,97.57182836500033,97.57187608799995,1789785142.0993137,16,0.8,refresh,
,97.59200105200034,97.59204921900027,1789785142.1194866,16,0.8,refresh,
,97.61215231200003,97.61218381200024,1789785142.1396377,16,0.8,refresh,
,97.63228518400001,97.63231312800008,1789785142.1597707,16,0.8,refresh,
,97.65240972200036,97.65243740699998,1789785142.179895,16,0.8,refresh,
,97.67254876000015,97.67259264900031,1789785142.2000344,16,0.8,refresh,
,97.69269700199993,97.69273878000013,1789785142.2201824,16,0.8,refresh,
,97.7128407250002,97.71286696600009,1789785142.2403262,16,0.8,refresh,
,97.73296400400022,97.73299635600006,1789785142.2604496,16,0.8,refresh,
,97.75309365400017,97.75312293100023,1789785142.280579,16,0.8,refresh,
,97.77323595100006,97.77329889600014,1789785142.3007214,16,0.8,refresh,
,97.79342910100013,97.7934993230001,1789785142.3209147,16,0.8,refresh,
,97.8136616390002,97.81380013900025,1789785142.3411474,16,0.8,refresh,
,97.83394099199995,97.83400369600031,1789785142.3614266,16,0.8,refresh,
,97.85410930800026,97.85416201199996,1789785142.381595,16,0.8,refresh,
,97.8742720690002,97.87431408700013,1789785142.4017575,16,0.8,refresh,
,97.89442116200007,97.89446184799999,1789785142.4219067,16,0.8,refresh,
,97.91457105200016,97.91461427500008,1789785142.4420564,16,0.8,refresh,
,97.93473064599993,97.93477096100014,1789785142.4622161,16,0.8,refresh,
,97.95488318400021,97.95492314800003,1789785142.4823687,16,0.8,refresh,
,97.97502933400028,97.97506850100035,1789785142.5025148,16,0.8,refresh,
,97.99518061300023,97.99521987200023,1789785142.522666,16,0.8,refresh,
,98.01532628099994,98.01536520700029,1789785142.5428116,16,0.8,refresh,
,98.03547193000031,98.03551396700004,1789785142.5629573,16,0.8,refresh,
,98.05562067200026,98.05566032000024,1789785142.583106,16,0.8,refresh,
,98.07576608,98.07580484000027,1789785142.6032515,16,0.8,refresh,
,98.09591293300036,98.09594947100004,1789785142.6233983,16,0.8,refresh,
,98.11605208300034,98.11609117500029,1789785142.6435375,16,0.8,refresh,
,98.13619647300038,98.13623630600023,1789785142.6636817,16,0.8,refresh,
,98.15634241800035,98.15638278899996,1789785142.6838279,16,0.8,refresh,
,98.17649510499996,98.17653427100004,1789785142.7039804,16,0.8,refresh,
,98.19664171700015,98.19667758700007,1789785142.7241273,16,0.8,refresh,
,98.21674875500003,98.21678875500038,1789785142.7442343,16,0.8,refresh,
,98.23689531200034,98.23693512700038,1789785142.7643807,16,0.8,refresh,
,98.25704618300006,98.25708292400031,1789785142.7845316,16,0.8,refresh,
,98.27719227700027,98.27723694400038,1789785142.8046777,16,0.8,refresh,
,98.29734346400028,98.29738250100036,1789785142.8248289,16,0.8,refresh,
,98.3174325760001,98.31746681599998,1789785142.844918,16,0.8,refresh,
,98.3375719290002,98.33760441000004,1789785142.8650572,16,0.8,refresh,
,98.35770957800014,98.35776744800023,1789785142.885195,16,0.8,refresh,
,98.37787424600037,98.37790904200028,1789785142.9053595,16,0.8,refresh,
,98.39800809899998,98.39804698800026,1789785142.9254935,16,0.8,refresh,
,98.41814747000035,98.41818965600032,1789785142.945633,16,0.8,refresh,
,98.43828299000006,98.43831880500011,1789785142.9657683,16,0.8,refresh,
,98.45841897300033,98.45845376900024,1789785142.9859045,16,0.8,refresh,
,98.47854882599995,98.47857749200011,1789785143.0060341,16,0.8,refresh,
,98.49867340100036,98.49870377100024,1789785143.0261588,16,0.8,refresh,
,98.51881512399996,98.51885330899995,1789785143.0463006,16,0.8,refresh,
,98.53895371800036,98.53900145900025,1789785143.0664392,16,0.8,refresh,
,98.55910690400015,98.55913762700038,1789785143.0865922,16,0.8,refresh,
,98.5792355540002,98.57926333100022,1789785143.106721,16,0.8,refresh,
,98.59936111000025,98.59939596200002,1789785143.1268466,16,0.8,refresh,
,98.61950640800023,98.6195395740001,1789785143.146992,16,0.8,refresh,
,98.63963659399997,98.63966465000021,1789785143.167122,16,0.8,refresh,
,98.65974254000002,98.65978429899997,1789785143.187228,16,0.8,refresh,
,98.67988580000019,98.67991993000032,1789785143.2073712,16,0.8,refresh,
,98.70001761599997,98.70004537500017,1789785143.227503,16,0.8,refresh,
,98.72014078400025,98.72016746899999,1789785143.2476263,16,0.8,refresh,
,98.74026878500035,98.7402996740002,1789785143.2677543,16,0.8,refresh,
,98.76039776800008,98.76043008200031,1789785143.2878833,16,0.8,refresh,
,98.78054936100034,98.78062080600012,1789785143.308035,16,0.8,refresh,
,98.80073334400004,98.80076536300021,1789785143.3282187,16,0.8,refresh,
,98.82086225300009,98.82089066000026,1789785143.3483477,16,0.8,refresh,
,98.84098680900024,98.84101632800002,1789785143.368472,16,0.8,refresh,
,98.86112060699998,98.86114764400008,1789785143.3886058,16,0.8,refresh,
,98.88124329300035,98.88127049700006,1789785143.4087286,16,0.8,refresh,
,98.90136753500019,98.90139423900018,1789785143.428853,16,0.8,refresh,
,98.92149903600011,98.92153375800035,1789785143.4489844,16,0.8,refresh,
,98.94164151900031,98.94167361100017,1789785143.469127,16,0.8,refresh,
,98.96177883500013,98.96180674200014,1789785143.489264,16,0.8,refresh,
,98.98190633600007,98.98193148400014,1789785143.5093915,16,0.8,refresh,
,99.00202618899993,99.00205289199994,1789785143.5295117,16,0.8,refresh,
,99.02214656000024,99.02218604200016,1789785143.549632,16,0.8,refresh,
,99.04227189500034,99.04230143200039,1789785143.5697572,16,0.8,refresh,
,99.06240100700006,99.06242545100031,1789785143.5898862,16,0.8,refresh,
,99.08251726700018,99.08255480400021,1789785143.6100028,16,0.8,refresh,
,99.10265432400001,99.1026830830001,1789785143.6301396,16,0.8,refresh,
,99.12277980700037,99.12281177000023,1789785143.650265,16,0.8,refresh,
,99.14290964100019,99.14293784500023,1789785143.6703951,16,0.8,refresh,
,99.16303782700015,99.16306745700012,1789785143.6905231,16,0.8,refresh,
,99.18316242100036,99.18319014300005,1789785143.7106478,16,0.8,refresh,
,99.20328608900036,99.20331310700021,1789785143.7307715,16,0.8,refresh,
,99.22342070100012,99.22345416400003,1789785143.7509062,16,0.8,refresh,
,99.24355205400025,99.24358007299998,1789785143.7710373,16,0.8,refresh,
,99.263675444,99.26370612900018,1789785143.7911608,16,0.8,refresh,
,99.28381531600007,99.28385035300016,1789785143.8113008,16,0.8,refresh,
,99.30394863200036,99.3039765020003,1789785143.831434,16,0.8,refresh,
,99.32407718800005,99.32410881800024,1789785143.8515625,16,0.8,refresh,
,99.34420868899997,99.34423537500015,1789785143.871694,16,0.8,refresh,
,99.36433133900027,99.36435819100006,1789785143.8918166,16,0.8,refresh,
,99.3844659880001,99.38450019200036,1789785143.9119513,16,0.8,refresh,
,99.40460811899993,99.40465711900015,1789785143.9320934,16,0.8,refresh,
,99.42475639800023,99.42479636100006,1789785143.952242,16,0.8,refresh,
,99.44490036200023,99.44493097300028,1789785143.972386,16,0.8,refresh,
,99.46502740000005,99.46505738199994,1789785143.9925127,16,0.8,refresh,
,99.48515692000001,99.48519345700015,1789785144.0126424,16,0.8,refresh,
,99.50529281000036,99.50532434700017,1789785144.0327783,16,0.8,refresh,
,99.52546797800005,99.52556936700012,1789785144.0529532,16,0.8,refresh,
,99.54570279400014,99.54574481200007,1789785144.073188,16,0.8,refresh,
,99.56584022100014,99.56587136899998,1789785144.0933256,16,0.8,refresh,
,99.58597744400004,99.58602064800016,1789785144.1134627,16,0.8,refresh,
,99.60612196400007,99.60615314899997,1789785144.1336074,16,0.8,refresh,
,99.62626772400017,99.6263335020003,1789785144.1537533,16,0.8,refresh,
,99.64644561400019,99.6464788000003,1789785144.1739311,16,0.8,refresh,
,99.666584264,99.6666279860001,1789785144.1940699,16,0.8,refresh,
,99.68673046899994,99.68676506100019,1789785144.214216,16,0.8,refresh,
,99.70686515500029,99.70690311800035,1789785144.2343507,16,0.8,refresh,
,99.72700148900003,99.72703213800014,1789785144.2544868,16,0.8,refresh,
,99.74713130500004,99.74716691699996,1789785144.2746167,16,0.8,refresh,
,99.7672668250002,99.76730019500019,1789785144.2947524,16,0.8,refresh,
,99.78743775200019,99.78748845600012,1789785144.3149233,16,0.8,refresh,
,99.80759651300014,99.80762662400002,1789785144.335082,16,0.8,refresh,
,99.8277431800002,99.82779236600027,1789785144.3552287,16,0.8,refresh,
,99.8478938850003,99.84792625599994,1789785144.375379,16,0.8,refresh,
,99.86802412700035,99.8680538120002,1789785144.3955095,16,0.8,refresh,
,99.88816197999995,99.88819566500024,1789785144.4156475,16,0.8,refresh,
,99.90831968500015,99.90834887000028,1789785144.435805,16,0.8,refresh,
,99.92845809400023,99.92849431600007,1789785144.4559433,16,0.8,refresh,
,99.9485943540003,99.9486255390002,1789785144.47608,16,0.8,refresh,
,99.96873089200017,99.96875980000004,1789785144.4962163,16,0.8,refresh,
,99.98885815300036,99.98888409700021,1789785144.5163436,16,0.8,refresh,
,100.00898030200005,100.00900743200009,1789785144.5364656,16,0.8,refresh,
,100.02910552499998,100.02913267300028,1789785144.5565908,16,0.8,refresh,
,100.04923184100016,100.04925632300001,1789785144.5767174,16,0.8,refresh,
,100.06935134200012,100.06937745300002,1789785144.5968366,16,0.8,refresh,
,100.08947951000027,100.089510195,1789785144.6169648,16,0.8,refresh,
,100.10960875199999,100.10964001100001,1789785144.6370943,16,0.8,refresh,
,100.12974086400027,100.12976719800008,1789785144.6572263,16,0.8,refresh,
,100.14986205100013,100.14989003200026,1789785144.6773474,16,0.8,refresh,
,100.17000049600028,100.17004001500027,1789785144.6974862,16,0.8,refresh,
,100.19013884900005,100.19016757100007,1789785144.7176244,16,0.8,refresh,
,100.21027136900011,100.21032368400029,1789785144.7377567,16,0.8,refresh,
,100.23045116599997,100.23049175899996,1789785144.7579367,16,0.8,refresh,
,100.25058933400032,100.25062168600016,1789785144.7780747,16,0.8,refresh,
,100.2707304280002,100.27076052100028,1789785144.7982159,16,0.8,refresh,
,100.29087048500014,100.29090522500019,1789785144.818356,16,0.8,refresh,
,100.31102576400008,100.31106672700025,1789785144.8385115,16,0.8,refresh,
,100.33117302400024,100.33120409799994,1789785144.8586583,16,0.8,refresh,
,100.35130239499995,100.35133047,1789785144.8787878,16,0.8,refresh,
,100.37143306300004,100.37147141500009,1789785144.8989184,16,0.8,refresh,
,100.39159610200022,100.39164178700003,1789785144.9190817,16,0.8,refresh,
,100.41175234299999,100.41179917700038,1789785144.9392378,16,0.8,refresh,
,100.43190934500035,100.43194451099998,1789785144.959395,16,0.8,refresh,
,100.45204390100025,100.45207266100033,1789785144.9795291,16,0.8,refresh,
,100.47217847699994,100.4722144770003,1789785144.9996638,16,0.8,refresh,
,100.4923155700003,100.49234940400038,1789785145.0198011,16,0.8,refresh,
,100.51247868300015,100.51254973799996,1789785145.0399642,16,0.8,refresh,
,100.53268670200032,100.53274096199993,1789785145.060172,16,0.8,refresh,
,100.5528918150003,100.55296503700038,1789785145.0803773,16,0.8,refresh,
,100.57306635300029,100.57310898300011,1789785145.1005516,16,0.8,refresh,
,100.59322392800004,100.59326705800004,1789785145.1207094,16,0.8,refresh,
,100.61337724400028,100.61340824400031,1789785145.1408627,16,0.8,refresh,
,100.63350963400035,100.6335480050002,1789785145.160995,16,0.8,refresh,
,100.653648987,100.65368007999996,1789785145.1811342,16,0.8,refresh,
,100.67378647000032,100.6738273220003,1789785145.201272,16,0.8,refresh,
,100.69393778600033,100.69397947100015,1789785145.2214234,16,0.8,refresh,
,100.7140879540002,100.71411938000028,1789785145.2415733,16,0.8,refresh,
,100.73422432500001,100.73426199200003,1789785145.26171,16,0.8,refresh,
,100.75436054900001,100.7543884380002,1789785145.281846,16,0.8,refresh,
,100.7745040130003,100.77454510500002,1789785145.3019893,16,0.8,refresh,
,100.79467186600004,100.79476451400024,1789785145.3221574,16,0.8,refresh,
,100.814902867,100.81498236700008,1789785145.3423886,16,0.8,refresh,
,100.8351016280003,100.83515751699997,1789785145.3625872,16,0.8,refresh,
,100.85525955499998,100.855292018,1789785145.3827448,16,0.8,refresh,
,100.875390315,100.87541931500027,1789785145.4028757,16,0.8,refresh,
,100.89554240899997,100.89557827900035,1789785145.423028,16,0.8,refresh,
,100.915686929,100.91574189200037,1789785145.4431725,16,0.8,refresh,
,100.93585363400007,100.93588791100001,1789785145.463339,16,0.8,refresh,
,100.95598580100022,100.95601378300034,1789785145.4834712,16,0.8,refresh,
,100.97611337700027,100.97614221000003,1789785145.503599,16,0.8,refresh,
,100.99624034099998,100.99626602600028,1789785145.5237257,16,0.8,refresh,
,101.0163622680002,101.01638887900026,1789785145.5438476,16,0.8,refresh,
,101.03648874999999,101.03651476899995,1789785145.5639741,16,0.8,refresh,
,101.05662243699999,101.05666728899996,1789785145.5841079,16,0.8,refresh,
,101.07677256800025,101.07680258600021,1789785145.604258,16,0.8,refresh,
,101.09690951300036,101.0969446060003,1789785145.624395,16,0.8,refresh,
,101.11704442200016,101.11707640300028,1789785145.6445298,16,0.8,refresh,
,101.1372168490002,101.13724616400032,1789785145.6647022,16,0.8,refresh,
,101.15736651700036,101.15739468300035,1789785145.684852,16,0.8,refresh,
,101.17749087000038,101.17752353600008,1789785145.704976,16,0.8,refresh,
,101.1976187600003,101.19764777800037,1789785145.725104,16,0.8,refresh,
,101.21773526100014,101.21776237200038,1789785145.7452207,16,0.8,refresh,
,101.23785842899997,101.237889817,1789785145.7653437,16,0.8,refresh,
,101.25798643000007,101.25801367000031,1789785145.7854717,16,0.8,refresh,
,101.27811143100007,101.27814239400004,1789785145.8055968,16,0.8,refresh,
,101.29824322800005,101.29828483900019,1789785145.8257287,16,0.8,refresh,
,101.3183842110002,101.3184152660001,1789785145.8458695,16,0.8,refresh,
,101.33851363800022,101.33854124900017,1789785145.8659992,16,0.8,refresh,
,101.35863745400002,101.35867095399999,1789785145.8861227,16,0.8,refresh,
,101.37877969600004,101.37882999200019,1789785145.906265,16,0.8,refresh,
,101.39892929000007,101.3989590670003,1789785145.9264145,16,0.8,refresh,
,101.41909234600007,101.41914451299999,1789785145.9465775,16,0.8,refresh,
,101.43924453299996,101.43928147700035,1789785145.9667299,16,0.8,refresh,
,101.45938842300029,101.45942153400028,1789785145.9868739,16,0.8,refresh,
,101.47952664600007,101.47955975700006,1789785146.0070121,16,0.8,refresh,
,101.49966562899999,101.49969646199997,1789785146.027151,16,0.8,refresh,
,101.51980255600029,101.519838445,1789785146.0472882,16,0.8,refresh,
,101.53994037200027,101.53996874200038,1789785146.0674257,16,0.8,refresh,
,101.56006631700029,101.560113688,1789785146.0875518,16,0.8,refresh,
,101.58022881800025,101.58026180000024,1789785146.1077144,16,0.8,refresh,
,101.60036111600039,101.60039526400033,1789785146.1278465,16,0.8,refresh,
,101.62049358000013,101.620521413,1789785146.147979,16,0.8,refresh,
,101.6406165440003,101.64064348900001,1789785146.1681018,16,0.8,refresh,
,101.66075837900007,101.66081184200038,1789785146.1882439,16,0.8,refresh,
,101.68093462100023,101.68097834300033,1789785146.20842,16,0.8,refresh,
,101.70108045500001,101.70111151100036,1789785146.2285657,16,0.8,refresh,
,101.72121082700005,101.72124186400015,1789785146.2486963,16,0.8,refresh,
,101.7413431240002,101.7413703090001,1789785146.2688284,16,0.8,refresh,
,101.76146642100002,101.7614945700002,1789785146.2889519,16,0.8,refresh,
,101.78159177399993,101.78161923700009,1789785146.3090773,16,0.8,refresh,
,101.801726831,101.80178185000022,1789785146.3292127,16,0.8,refresh,
,101.82189194300008,101.82193038800006,1789785146.3493774,16,0.8,refresh,
,101.84202738900012,101.84206066700017,1789785146.3695128,16,0.8,refresh,
,101.86216553800023,101.86219503800021,1789785146.389651,16,0.8,refresh,
,101.88230500200007,101.88235104000023,1789785146.4097905,16,0.8,refresh,
,101.90245102200015,101.90248335600018,1789785146.4299364,16,0.8,refresh,
,101.92258941199998,101.92261839399998,1789785146.450075,16,0.8,refresh,
,101.94271367300007,101.94274863600003,1789785146.470199,16,0.8,refresh,
,101.96284537700012,101.96287348900023,1789785146.490331,16,0.8,refresh,
,101.98297174900017,101.98300465600005,1789785146.510457,16,0.8,refresh,
102.0,102.00007378100008,102.00010750399997,1789785146.5275593,17,0.85,step,0.07378100008281763
,102.02030989400009,102.02055637600006,1789785146.5477953,17,0.85,refresh,
,102.04073067300033,102.04079082099997,1789785146.568216,17,0.85,refresh,
,102.06090939700016,102.06095904500035,1789785146.5883946,17,0.85,refresh,
,102.08106136100014,102.08109556499994,1789785146.6085467,17,0.85,refresh,
,102.10120278800014,102.10123145500029,1789785146.6286883,17,0.85,refresh,
,102.12132786300026,102.1213549930003,1789785146.6488132,17,0.85,refresh,
,102.14145188300017,102.14147817899993,1789785146.6689372,17,0.85,refresh,
,102.16158406900013,102.16162738399998,1789785146.6890695,17,0.85,refresh,
,102.18172894100007,102.18175781100035,1789785146.7092144,17,0.85,refresh,
,102.20185579400004,102.20188210800006,1789785146.7293413,17,0.85,refresh,
,102.22197925800037,102.22200564700006,1789785146.7494645,17,0.85,refresh,
,102.24210379600026,102.24213764800015,1789785146.7695892,17,0.85,refresh,
,102.26224629700027,102.26227705600013,1789785146.7897315,17,0.85,refresh,
,102.28237529800026,102.28240392800035,1789785146.8098607,17,0.85,refresh,
,102.30250222500035,102.30252950300019,1789785146.8299875,17,0.85,refresh,
,102.32262868900034,102.32266094900024,1789785146.8501143,17,0.85,refresh,
,102.34275830200022,102.34278785700008,1789785146.8702435,17,0.85,refresh,
,102.36288522900031,102.36291306200019,1789785146.8903706,17,0.85,refresh,
,102.38300843300021,102.38303521100033,1789785146.9104936,17,0.85,refresh,
,102.40316599000016,102.40321358300025,1789785146.9306514,17,0.85,refresh,
,102.42331704700018,102.42335460200002,1789785146.9508023,17,0.85,refresh,
,102.44346295500009,102.44349991800027,1789785146.9709485,17,0.85,refresh,
,102.463604605,102.46363482700008,1789785146.9910898,17,0.85,refresh,
,102.483739754,102.48376884700019,1789785147.011225,17,0.85,refresh,
,102.50386658900015,102.50389329200016,1789785147.031352,17,0.85,refresh,
,102.52399933000015,102.52403525599993,1789785147.0514846,17,0.85,refresh,
,102.54413427600002,102.54416251700013,1789785147.0716195,17,0.85,refresh,
,102.56429399900026,102.56434174000015,1789785147.0917795,17,0.85,refresh,
,102.58445207500017,102.58448629700024,1789785147.1119375,17,0.85,refresh,
,102.60458579800024,102.60462178000034,1789785147.1320713,17,0.85,refresh,
,102.62473909500022,102.62479405900012,1789785147.1522245,17,0.85,refresh,
,102.64490559700016,102.64494072600019,1789785147.172391,17,0.85,refresh,
,102.66504920900024,102.66509161600015,1789785147.1925344,17,0.85,refresh,
,102.68519313600018,102.68522795100034,1789785147.2126787,17,0.85,refresh,
,102.70532813700038,102.70535539699995,1789785147.2328136,17,0.85,refresh,
,102.72545349000029,102.725484435,1789785147.252939,17,0.85,refresh,
,102.74558360200035,102.74561889899996,1789785147.2730691,17,0.85,refresh,
,102.76573582600031,102.76577177000036,1789785147.2932215,17,0.85,refresh,
,102.78587301200014,102.78590310500022,1789785147.3133583,17,0.85,refresh,
,102.80603232800013,102.80611312500014,1789785147.333518,17,0.85,refresh,
,102.82622751500003,102.8262603850003,1789785147.3537128,17,0.85,refresh,
,102.84635914499995,102.84639121999999,1789785147.3738444,17,0.85,refresh,
,102.86648875800029,102.86651809100022,1789785147.3939743,17,0.85,refresh,
,102.886618,102.88665309199996,1789785147.4141033,17,0.85,refresh,
,102.9067535930003,102.90678176000029,1789785147.434239,17,0.85,refresh,
,102.92688287200008,102.92691909400037,1789785147.4543684,17,0.85,refresh,
,102.94702761400004,102.94705770700011,1789785147.4745128,17,0.85,refresh,
,102.96716009700003,102.96718820800015,1789785147.4946456,17,0.85,refresh,
,102.98728837600038,102.98731391299998,1789785147.5147738,17,0.85,refresh,
,103.00741176600013,103.00743684000008,1789785147.534897,17,0.85,refresh,
,103.027534156,103.0275619150002,1789785147.5550196,17,0.85,refresh,
,103.04765984200003,103.04768578600033,1789785147.5751452,17,0.85,refresh,
,103.06778262100033,103.0678098430003,1789785147.595268,17,0.85,refresh,
,103.08791126999995,103.08793901100034,1789785147.6153965,17,0.85,refresh,
,103.10803652999994,103.10806295600014,1789785147.635522,17,0.85,refresh,
,103.12816066100004,103.12818506900021,1789785147.6556458,17,0.85,refresh,
,103.1482830330001,103.14830742200002,1789785147.6757684,17,0.85,refresh,
,103.16840931200022,103.16845260800028,1789785147.6958947,17,0.85,refresh,
,103.18855585000028,103.188584257,1789785147.7160413,17,0.85,refresh,
,103.20868066599996,103.20871061000025,1789785147.7361662,17,0.85,refresh,
,103.22882170399998,103.22887033400002,1789785147.7563071,17,0.85,refresh,
,103.24898383500022,103.24902216800001,1789785147.7764692,17,0.85,refresh,
,103.26914385500004,103.26919166900007,1789785147.7966292,17,0.85,refresh,
,103.28929648500025,103.28933035599994,1789785147.8167818,17,0.85,refresh,
,103.30943774600019,103.309465542,1789785147.8369231,17,0.85,refresh,
,103.32956650599999,103.32960013599995,1789785147.8570518,17,0.85,refresh,
,103.34969780400024,103.34973258100035,1789785147.8771832,17,0.85,refresh,
,103.36983610100015,103.36986543400008,1789785147.8973215,17,0.85,refresh,
,103.38996436100024,103.389991861,1789785147.91745,17,0.85,refresh,
,103.41009580700029,103.41014651100022,1789785147.9375813,17,0.85,refresh,
,103.4302510120001,103.4302921970002,1789785147.9577365,17,0.85,refresh,
,103.45039808699994,103.45044847600002,1789785147.9778836,17,0.85,refresh,
,103.47055212500027,103.47058362500002,1789785147.9980376,17,0.85,refresh,
,103.49069286700023,103.49073855300003,1789785148.0181782,17,0.85,refresh,
,103.51084733100015,103.5108759980003,1789785148.0383327,17,0.85,refresh,
,103.53098249899995,103.5310174440001,1789785148.058468,17,0.85,refresh,
,103.55111587100009,103.55114463000018,1789785148.0786011,17,0.85,refresh,
,103.57128411300027,103.5713516310002,1789785148.0987697,17,0.85,refresh,
,103.59146566900017,103.59151372500037,1789785148.118951,17,0.85,refresh,
,103.61162220799997,103.61165104100019,1789785148.1391075,17,0.85,refresh,
,103.63175457900024,103.63178157900029,1789785148.15924,17,0.85,refresh,
,103.65187750600035,103.65190415400002,1789785148.1793628,17,0.85,refresh,
,103.67202108100037,103.67206347000001,1789785148.1995068,17,0.85,refresh,
,103.69216599000038,103.6921956010001,1789785148.2196512,17,0.85,refresh,
,103.71229667600028,103.71232249100012,1789785148.239782,17,0.85,refresh,
,103.73242488100004,103.73246419600036,1789785148.2599103,17,0.85,refresh,
,103.7525711420003,103.75261266000007,1789785148.2800565,17,0.85,refresh,
,103.77272895800024,103.77276758700009,1789785148.3002145,17,0.85,refresh,
,103.79287777400032,103.79290660700008,1789785148.3203633,17,0.85,refresh,
,103.81302786700007,103.81310068200037,1789785148.3405132,17,0.85,refresh,
,103.83322194300035,103.83328562800034,1789785148.3607075,17,0.85,refresh,
,103.8533993330002,103.85343323999996,1789785148.3808846,17,0.85,refresh,
,103.8735324270001,103.87356005600031,1789785148.401018,17,0.85,refresh,
,103.89366515000029,103.89369442800034,1789785148.4211504,17,0.85,refresh,
,103.9138107990002,103.91385620700021,1789785148.4412963,17,0.85,refresh,
,103.93395618900013,103.93398756000033,1789785148.4614415,17,0.85,refresh,
,103.95408609800006,103.95411337600035,1789785148.4815717,17,0.85,refresh,
,103.9742101920001,103.97423737700001,1789785148.5016954,17,0.85,refresh,
,103.99434195200001,103.99436830400009,1789785148.5218272,17,0.85,refresh,
,104.01446417500028,104.01449002700019,1789785148.5419495,17,0.85,refresh,
,104.03458654700034,104.03461306500003,1789785148.5620718,17,0.85,refresh,
,104.05470843700004,104.05474338100021,1789785148.5821939,17,0.85,refresh,
,104.07484175300033,104.07486786400023,1789785148.602327,17,0.85,refresh,
,104.09496736500023,104.09499404999997,1789785148.6224527,17,0.85,refresh,
,104.11509473600017,104.11511947700001,1789785148.6425803,17,0.85,refresh,
,104.13521479300016,104.13524212700031,1789785148.6627,17,0.85,refresh,
,104.15533922000031,104.1553654610002,1789785148.6828246,17,0.85,refresh,
,104.1754746470001,104.17551433200015,1789785148.70296,17,0.85,refresh,
,104.19561426000018,104.19564620400024,1789785148.7230997,17,0.85,refresh,
,104.215746631,104.21577238999998,1789785148.743232,17,0.85,refresh,
,104.23587618800002,104.23591742899998,1789785148.7633617,17,0.85,refresh,
,104.25601967000011,104.25605811500009,1789785148.7835052,17,0.85,refresh,
,104.27616363400011,104.27619309700003,1789785148.803649,17,0.85,refresh,
,104.29630898699997,104.29635350600029,1789785148.8237944,17,0.85,refresh,
,104.3164560260002,104.31648669200013,1789785148.8439415,17,0.85,refresh,
,104.33659217500008,104.33663660100001,1789785148.8640778,17,0.85,refresh,
,104.35673923200011,104.35677130600016,1789785148.8842247,17,0.85,refresh,
,104.37687719600035,104.37690610300024,1789785148.9043624,17,0.85,refresh,
,104.39702966000004,104.39710803000025,1789785148.9245152,17,0.85,refresh,
,104.41737299500028,104.4174473840003,1789785148.9448586,17,0.85,refresh,
,104.43756308900038,104.43761157000017,1789785148.9650486,17,0.85,refresh,
,104.45770855299997,104.45775268300031,1789785148.985194,17,0.85,refresh,
,104.477853332,104.47788877600033,1789785149.0053387,17,0.85,refresh,
,104.49798609200025,104.49802138900031,1789785149.0254714,17,0.85,refresh,
,104.51812116700012,104.51816042700011,1789785149.0456066,17,0.85,refresh,
,104.53825724300032,104.53828487200008,1789785149.0657425,17,0.85,refresh,
,104.55838029899996,104.55840628100032,1789785149.0858657,17,0.85,refresh,
,104.57850472600012,104.57855493000034,1789785149.1059902,17,0.85,refresh,
,104.59865633900017,104.59868995000033,1789785149.1261418,17,0.85,refresh,
,104.61879682100016,104.61882548800031,1789785149.1462822,17,0.85,refresh,
,104.63892400800023,104.63896504500008,1789785149.1664095,17,0.85,refresh,
,104.65907234199994,104.65910434200032,1789785149.1865578,17,0.85,refresh,
,104.67920525099998,104.6792384170003,1789785149.2066905,17,0.85,refresh,
,104.69933778900031,104.6993811780003,1789785149.226823,17,0.85,refresh,
,104.71947984500002,104.71951056800026,1789785149.2469652,17,0.85,refresh,
,104.73961731000009,104.73964849499998,1789785149.2671027,17,0.85,refresh,
,104.75974560700024,104.75977584800012,1789785149.287231,17,0.85,refresh,
,104.77987742300002,104.77991036699996,1789785149.3073628,17,0.85,refresh,
,104.80000705400016,104.80003720200011,1789785149.3274922,17,0.85,refresh,
,104.82013737000034,104.82018272200003,1789785149.3476226,17,0.85,refresh,
,104.84030672300014,104.84033570400015,1789785149.3677921,17,0.85,refresh,
,104.86043037200034,104.86045748300012,1789785149.3879158,17,0.85,refresh,
,104.88055365100035,104.88058028100022,1789785149.4080389,17,0.85,refresh,
,104.90067604100022,104.9007095410002,1789785149.4281616,17,0.85,refresh,
,104.92082185700019,104.92085493100012,1789785149.4483073,17,0.85,refresh,
,104.94096033999995,104.94098969100014,1789785149.4684458,17,0.85,refresh,
,104.9610950260003,104.9611222110002,1789785149.4885805,17,0.85,refresh,
,104.98121821200039,104.98124432300028,1789785149.5087035,17,0.85,refresh,
,105.001340454,105.00136638000004,1789785149.5288258,17,0.85,refresh,
,105.02146777000007,105.02151090000007,1789785149.5489533,17,0.85,refresh,
,105.04161264200002,105.04165538200004,1789785149.569098,17,0.85,refresh,
,105.0617714580003,105.06180264300019,1789785149.589257,17,0.85,refresh,
,105.08189931100014,105.08192623600007,1789785149.6093848,17,0.85,refresh,
,105.1020238860001,105.10205729300014,1789785149.6295094,17,0.85,refresh,
,105.12215603499999,105.12218342400001,1789785149.6496415,17,0.85,refresh,
,105.14227940699993,105.14230549900003,1789785149.6697648,17,0.85,refresh,
,105.1624075740001,105.16243385200005,1789785149.6898928,17,0.85,refresh,
,105.18253250099997,105.18256533500016,1789785149.7100177,17,0.85,refresh,
,105.20266333600011,105.20269031700036,1789785149.7301486,17,0.85,refresh,
,105.22279372599996,105.22282052200035,1789785149.7502792,17,0.85,refresh,
,105.24292522700034,105.24295848600013,1789785149.7704108,17,0.85,refresh,
,105.26305722799998,105.26308704300027,1789785149.7905426,17,0.85,refresh,
,105.28318298900012,105.28320958099994,1789785149.8106682,17,0.85,refresh,
,105.30330697099998,105.30334061900021,1789785149.8307924,17,0.85,refresh,
,105.3234467870002,105.32347658300023,1789785149.8509321,17,0.85,refresh,
,105.34357908500033,105.34361099200032,1789785149.8710647,17,0.85,refresh,
,105.36370893799995,105.3637446040002,1789785149.8911943,17,0.85,refresh,
,105.38384117900023,105.38387069800001,1789785149.9113264,17,0.85,refresh,
,105.4039691060002,105.40399584700026,1789785149.9314544,17,0.85,refresh,
,105.42413105200012,105.42418414500025,1789785149.9516165,17,0.85,refresh,
,105.44428960899995,105.44432838700004,1789785149.971775,17,0.85,refresh,
,105.46443675800037,105.46446812900012,1789785149.9919221,17,0.85,refresh,
,105.48456550000037,105.48459903699995,1789785150.0120509,17,0.85,refresh,
,105.50470427900018,105.50474777900035,1789785150.0321896,17,0.85,refresh,
,105.52486459500005,105.524898484,1789785150.05235,17,0.85,refresh,
,105.54500354100037,105.54503120700019,1789785150.072489,17,0.85,refresh,
,105.56514678200028,105.56522582000025,1789785150.0926323,17,0.85,refresh,
,105.58534726500011,105.58539556200003,1789785150.1128328,17,0.85,refresh,
,105.60549596999999,105.60552800699998,1789785150.1329813,17,0.85,refresh,
,105.62564298999996,105.62571089700032,1789785150.1531284,17,0.85,refresh,
,105.64583167599994,105.6458667500001,1789785150.1733172,17,0.85,refresh,
,105.66597452900032,105.66601797400017,1789785150.19346,17,0.85,refresh,
,105.68612540100003,105.6861645490003,1789785150.2136106,17,0.85,refresh,
,105.70626440200022,105.70629792,1789785150.2337499,17,0.85,refresh,
,105.72640345900027,105.72643392200007,1789785150.2538888,17,0.85,refresh,
,105.74653418200023,105.74657457100011,1789785150.2740195,17,0.85,refresh,
,105.76668303500037,105.76673725699993,1789785150.2941685,17,0.85,refresh,
,105.78685701800032,105.78690079600028,1789785150.3143425,17,0.85,refresh,
,105.80700437099995,105.80703853700015,1789785150.3344898,17,0.85,refresh,
,105.82714542700023,105.82721276100028,1789785150.3546312,17,0.85,refresh,
,105.84732122500009,105.84737442899996,1789785150.3748066,17,0.85,refresh,
,105.86748172600028,105.86756368900024,1789785150.3949673,17,0.85,refresh,
,105.88767867200022,105.88773200500009,1789785150.4151642,17,0.85,refresh,
,105.90784537700029,105.9078852470002,1789785150.4353309,17,0.85,refresh,
,105.9279916190003,105.92802650800013,1789785150.455477,17,0.85,refresh,
,105.94813908300011,105.94817754600035,1789785150.4756246,17,0.85,refresh,
,105.96828262100007,105.96832125100036,1789785150.495768,17,0.85,refresh,
,105.98843334399999,105.98847184400029,1789785150.5159187,17,0.85,refresh,
,106.00857679,106.0086148270002,1789785150.5360622,17,0.85,refresh,
,106.02871551299995,106.0287581990001,1789785150.556201,17,0.85,refresh,
,106.04885810700034,106.048891422,1789785150.5763435,17,0.85,refresh,
,106.06899701600014,106.06903649700007,1789785150.5964825,17,0.85,refresh,
,106.08914459100015,106.08917973899997,1789785150.61663,17,0.85,refresh,
,106.1092843880001,106.10932262899996,1789785150.6367698,17,0.85,refresh,
,106.12942607500008,106.12945585300031,1789785150.6569116,17,0.85,refresh,
,106.14955866800028,106.14959639100016,1789785150.6770442,17,0.85,refresh,
,106.16970155900026,106.16975024400017,1789785150.6971872,17,0.85,refresh,
,106.18986628200037,106.18990228200028,1789785150.7173517,17,0.85,refresh,
,106.21000919000016,106.21004424600005,1789785150.7374945,17,0.85,refresh,
,106.23017291400038,106.23025139600031,1789785150.7576587,17,0.85,refresh,
,106.25036621100026,106.25042452600019,1789785150.7778516,17,0.85,refresh,
,106.27053593500023,106.27058423100016,1789785150.7980213,17,0.85,refresh,
,106.29069182500007,106.29074839900022,1789785150.8181772,17,0.85,refresh,
,106.31086160400037,106.31089914099994,1789785150.838347,17,0.85,refresh,
,106.33099856800027,106.33103195700005,1789785150.858484,17,0.85,refresh,
,106.35113895800032,106.35118031000002,1789785150.8786244,17,0.85,refresh,
,106.371290348,106.37132936700027,1789785150.8987758,17,0.85,refresh,
,106.39143631200022,106.39147936800009,1789785150.9189217,17,0.85,refresh,
,106.41159644300024,106.41163251700027,1789785150.939082,17,0.85,refresh,
,106.43173705500021,106.43179103700004,1789785150.9592226,17,0.85,refresh,
,106.4519053160002,106.45195885300018,1789785150.9793906,17,0.85,refresh,
,106.47206739100011,106.47211013200013,1789785150.9995527,17,0.85,refresh,
,106.49221731800026,106.49226407800006,1789785151.0197027,17,0.85,refresh,
,106.51238207899996,106.51242117100037,1789785151.0398676,17,0.85,refresh,
,106.53252920900013,106.53256411700022,1789785151.0600145,17,0.85,refresh,
,106.55266795100033,106.55270710000013,1789785151.0801532,17,0.85,refresh,
,106.57284382300031,106.57292223100012,1789785151.1003294,17,0.85,refresh,
,106.59304552799995,106.593110454,1789785151.1205308,17,0.85,refresh,
,106.61322740000014,106.61327241800018,1789785151.140713,17,0.85,refresh,
,106.63337747500009,106.63341825299995,1789785151.160863,17,0.85,refresh,
,106.65352401300015,106.65356388300006,1789785151.1810093,17,0.85,refresh,
,106.67367162500022,106.67370757000026,1789785151.201157,17,0.85,refresh,
,106.69382870100026,106.69386542300026,1789785151.221314,17,0.85,refresh,
,106.71397275700019,106.71400846100005,1789785151.2414582,17,0.85,refresh,
,106.7341125920002,106.73415131399997,1789785151.2615979,17,0.85,refresh,
,106.75425577800024,106.75429411100004,1789785151.2817414,17,0.85,refresh,
,106.77440177900007,106.77443637200031,1789785151.3018873,17,0.85,refresh,
,106.79454500300017,106.79458128000033,1789785151.3220305,17,0.85,refresh,
,106.81468807800002,106.81473572599998,1789785151.3421733,17,0.85,refresh,
,106.83487178300038,106.83495309800037,1789785151.3623571,17,0.85,refresh,
,106.85506658000031,106.85512021000022,1789785151.3825521,17,0.85,refresh,
,106.87523848900037,106.87528956300002,1789785151.4027238,17,0.85,refresh,
,106.89539923100028,106.89544541600026,1789785151.4228847,17,0.85,refresh,
,106.91555404700011,106.91559962100018,1789785151.4430394,17,0.85,refresh,
,106.93570504800027,106.93575914100029,1789785151.4631906,17,0.85,refresh,
,106.95587379000017,106.955913883,1789785151.4833593,17,0.85,refresh,
,106.97601945800034,106.97605781000038,1789785151.503505,17,0.85,refresh,
,106.99616912600004,106.9962067370002,1789785151.5236547,17,0.85,refresh,
,107.01631236799994,107.01635027500015,1789785151.5437977,17,0.85,refresh,
,107.03645364700014,107.03649175800001,1789785151.563939,17,0.85,refresh,
,107.05659735100016,107.05663564800034,1789785151.5840826,17,0.85,refresh,
,107.07675251900037,107.07678942700022,1789785151.604238,17,0.85,refresh,
,107.09691116900012,107.096977187,1789785151.6243966,17,0.85,refresh,
,107.11711024400029,107.11716809600011,1789785151.6445956,17,0.85,refresh,
,107.13730463399997,107.13733804200001,1789785151.66479,17,0.85,refresh,
,107.15743589400017,107.15746741300018,1789785151.6849213,17,0.85,refresh,
,107.17756348800003,107.17759537700022,1789785151.7050488,17,0.85,refresh,
,107.19769158200006,107.19773369300037,1789785151.725177,17,0.85,refresh,
,107.21783084200024,107.21786299099995,1789785151.7453163,17,0.85,refresh,
,107.23796069500031,107.23799212099993,1789785151.7654462,17,0.85,refresh,
,107.25808923300019,107.25812173400027,1789785151.7855747,17,0.85,refresh,
,107.27821975300003,107.27825062400007,1789785151.8057053,17,0.85,refresh,
,107.29834831000016,107.29838214300025,1789785151.8258338,17,0.85,refresh,
,107.31847994100008,107.31851208900025,1789785151.8459654,17,0.85,refresh,
,107.33861394199994,107.33864860800031,1789785151.8660994,17,0.85,refresh,
,107.3587483690003,107.35878155399996,1789785151.8862338,17,0.85,refresh,
,107.37888127700035,107.37891396300029,1789785151.9063668,17,0.85,refresh,
,107.39901377900014,107.39904927900034,1789785151.9264991,17,0.85,refresh,
,107.41915033500027,107.419201058,1789785151.9466357,17,0.85,refresh,
,107.43930331800038,107.43934252200006,1789785151.9667885,17,0.85,refresh,
,107.45944774500003,107.45948754100027,1789785151.9869332,17,0.85,refresh,
,107.47958896800037,107.47962511700007,1789785152.0070744,17,0.85,refresh,
,107.49973554400003,107.49977830300031,1789785152.027221,17,0.85,refresh,
,107.51987680399998,107.51991306300033,1789785152.0473623,17,0.85,refresh,
,107.54001425000024,107.54004767600009,1789785152.0674999,17,0.85,refresh,
,107.56014923200019,107.56017958400025,1789785152.0876348,17,0.85,refresh,
,107.58027990000028,107.58033351099994,1789785152.1077654,17,0.85,refresh,
,107.60043964200031,107.6004931790003,1789785152.1279252,17,0.85,refresh,
,107.62059532800004,107.62063477300035,1789785152.1480806,17,0.85,refresh,
,107.64073475500027,107.64076990400008,1789785152.16822,17,0.85,refresh,
,107.66086884900005,107.66090209000004,1789785152.1883543,17,0.85,refresh,
,107.68100327599996,107.68103862800035,1789785152.2084887,17,0.85,refresh,
,107.70114262900006,107.7011817030002,1789785152.228628,17,0.85,refresh,
,107.72128426000017,107.72131427900013,1789785152.2487698,17,0.85,refresh,
,107.74141435399997,107.74144703900038,1789785152.2689,17,0.85,refresh,
,107.76154737300021,107.76157998500003,1789785152.2890327,17,0.85,refresh,
,107.78167767100012,107.78170939300026,1789785152.309163,17,0.85,refresh,
,107.80182194999998,107.80185944999994,1789785152.3293076,17,0.85,refresh,
,107.82197824700006,107.82205180300025,1789785152.3494637,17,0.85,refresh,
,107.84215660000018,107.84219965600005,1789785152.369642,17,0.85,refresh,
,107.86229615699995,107.86233525000034,1789785152.3897815,17,0.85,refresh,
,107.88243606600008,107.88247291800008,1789785152.4099216,17,0.85,refresh,
,107.90257780699994,107.90261941900008,1789785152.4300632,17,0.85,refresh,
,107.92272788300033,107.92276340100034,1789785152.4502134,17,0.85,refresh,
,107.94287343900032,107.94290425400004,1789785152.4703588,17,0.85,refresh,
,107.96300351500031,107.96303642200019,1789785152.4904888,17,0.85,refresh,
,107.98313925699995,107.98317757099994,1789785152.510625,17,0.85,refresh,
108.0,108.00007786300012,108.00011501100016,1789785152.5275633,18,0.9,step,0.07786300011503045
,108.02038051199997,108.02080679100027,1789785152.5478666,18,0.9,refresh,
,108.04105120000031,108.0410872550001,1789785152.5685365,18,0.9,refresh,
,108.06118116400012,108.06122609000022,1789785152.5886667,18,0.9,refresh,
,108.08132629500005,108.08136201700017,1789785152.6088119,18,0.9,refresh,
,108.10146590700015,108.10150807400032,1789785152.6289513,18,0.9,refresh,
,108.12160981500028,108.12164320400007,1789785152.649095,18,0.9,refresh,
,108.14174098300009,108.14177420500027,1789785152.6692264,18,0.9,refresh,
,108.16187390999994,108.16190772500022,1789785152.6893594,18,0.9,refresh,
,108.18200696700023,108.18203967099998,1789785152.7094924,18,0.9,refresh,
,108.20214283800033,108.20218100500006,1789785152.7296283,18,0.9,refresh,
,108.22228135800015,108.22231421000015,1789785152.7497666,18,0.9,refresh,
,108.24241397000014,108.24244700700001,1789785152.7698994,18,0.9,refresh,
,108.26254752700015,108.2625821380002,1789785152.7900329,18,0.9,refresh,
,108.28268051000032,108.28274523200025,1789785152.8101661,18,0.9,refresh,
,108.302859678,108.30289377000008,1789785152.8303452,18,0.9,refresh,
,108.32299925300003,108.32302964200017,1789785152.8504848,18,0.9,refresh,
,108.34317818,108.34323801300025,1789785152.8706636,18,0.9,refresh,
,108.3633439780001,108.36337834799997,1789785152.8908293,18,0.9,refresh,
,108.38347509000005,108.3835026820002,1789785152.9109604,18,0.9,refresh,
,108.40360059100021,108.40363549800031,1789785152.931086,18,0.9,refresh,
,108.42376018499999,108.42381098100032,1789785152.9512458,18,0.9,refresh,
,108.44391263000034,108.443944612,1789785152.971398,18,0.9,refresh,
,108.46405053900025,108.46408398300036,1789785152.991536,18,0.9,refresh,
,108.484180466,108.48421041000029,1789785153.0116658,18,0.9,refresh,
,108.50433126300004,108.50436765200038,1789785153.0318167,18,0.9,refresh,
,108.52447948700001,108.52452506100008,1789785153.051965,18,0.9,refresh,
,108.5446335810002,108.54466276600033,1789785153.072119,18,0.9,refresh,
,108.56475998900032,108.56478682200031,1789785153.0922453,18,0.9,refresh,
,108.58488336100027,108.58492978699996,1789785153.1123688,18,0.9,refresh,
,108.60505162100026,108.60513582500016,1789785153.1325371,18,0.9,refresh,
,108.62525602999995,108.62529432600013,1789785153.1527414,18,0.9,refresh,
,108.6453919380001,108.64542219800023,1789785153.1728773,18,0.9,refresh,
,108.66551882800013,108.66554869900028,1789785153.1930044,18,0.9,refresh,
,108.6856467370003,108.68567375500015,1789785153.2131321,18,0.9,refresh,
,108.70577029300011,108.70580318200018,1789785153.2332556,18,0.9,refresh,
,108.72590059100003,108.72592792400019,1789785153.253386,18,0.9,refresh,
,108.74602468500007,108.74605809200011,1789785153.2735102,18,0.9,refresh,
,108.76616731500008,108.76620174100026,1789785153.2936528,18,0.9,refresh,
,108.7863030200001,108.78633257599995,1789785153.3137884,18,0.9,refresh,
,108.80642931800003,108.80645596600016,1789785153.3339145,18,0.9,refresh,
,108.82656213400014,108.82660943000019,1789785153.3540475,18,0.9,refresh,
,108.84671370900014,108.84675980200018,1789785153.3741992,18,0.9,refresh,
,108.86688489500011,108.86695484000029,1789785153.3943703,18,0.9,refresh,
,108.8870808040001,108.88710947100026,1789785153.414566,18,0.9,refresh,
,108.90722521299995,108.9072704160003,1789785153.4347107,18,0.9,refresh,
,108.92741473200022,108.92747293599996,1789785153.4549005,18,0.9,refresh,
,108.94757323300018,108.94762154800037,1789785153.4750588,18,0.9,refresh,
,108.96774127200024,108.96778823500017,1789785153.4952266,18,0.9,refresh,
,108.98790819900023,108.98794525400035,1789785153.5153935,18,0.9,refresh,
,109.00804962600023,109.00808984800005,1789785153.535535,18,0.9,refresh,
,109.02819127500015,109.02822492300038,1789785153.5556767,18,0.9,refresh,
,109.04833342500024,109.04836653600023,1789785153.5758188,18,0.9,refresh,
,109.06847044400001,109.06850916700023,1789785153.595956,18,0.9,refresh,
,109.08862292699996,109.08866029699993,1789785153.6161082,18,0.9,refresh,
,109.10877307600003,109.10881113200003,1789785153.6362586,18,0.9,refresh,
,109.12891592899996,109.12894861400036,1789785153.6564014,18,0.9,refresh,
,109.14904935599998,109.14908083800037,1789785153.676535,18,0.9,refresh,
,109.16918774600026,109.16922867200037,1789785153.6966734,18,0.9,refresh,
,109.18933739600016,109.18937250700037,1789785153.7168229,18,0.9,refresh,
,109.20949573000007,109.20958539699996,1789785153.7369812,18,0.9,refresh,
,109.22969984300016,109.22975906500005,1789785153.7571852,18,0.9,refresh,
,109.2498670660002,109.24991510300015,1789785153.7773523,18,0.9,refresh,
,109.27002121500027,109.27006303000007,1789785153.7975068,18,0.9,refresh,
,109.29017830900011,109.290218439,1789785153.8176637,18,0.9,refresh,
,109.3103311990003,109.31037114400033,1789785153.8378165,18,0.9,refresh,
,109.33047729300006,109.33051118200001,1789785153.8579628,18,0.9,refresh,
,109.35061709000001,109.35065866500008,1789785153.8781025,18,0.9,refresh,
,109.37076486900014,109.37080344300011,1789785153.8982503,18,0.9,refresh,
,109.39090944500003,109.39095101900011,1789785153.9183948,18,0.9,refresh,
,109.41106126100021,109.41109688999995,1789785153.9385467,18,0.9,refresh,
,109.43123202100014,109.43128453999998,1789785153.9587176,18,0.9,refresh,
,109.45139917000006,109.45144883700004,1789785153.9788847,18,0.9,refresh,
,109.47155437500032,109.47160124600032,1789785153.99904,18,0.9,refresh,
,109.49171639500037,109.49176989500029,1789785154.0192018,18,0.9,refresh,
,109.51189987800035,109.51193961800027,1789785154.0393853,18,0.9,refresh,
,109.53204239700017,109.53207812000028,1789785154.0595276,18,0.9,refresh,
,109.55218463900019,109.55222865800033,1789785154.07967,18,0.9,refresh,
,109.57234025200023,109.57238514100027,1789785154.0998256,18,0.9,refresh,
,109.59251254900028,109.5925908080003,1789785154.119998,18,0.9,refresh,
,109.61273884699995,109.61278773599997,1789785154.1402242,18,0.9,refresh,
,109.63289951500019,109.63295590400003,1789785154.1603851,18,0.9,refresh,
,109.65306599700034,109.65311281200002,1789785154.1805515,18,0.9,refresh,
,109.67322255399995,109.67327096100007,1789785154.2007082,18,0.9,refresh,
,109.69337942500033,109.6934338330002,1789785154.2208648,18,0.9,refresh,
,109.7135560380002,109.71360150100008,1789785154.2410414,18,0.9,refresh,
,109.73370911300026,109.73376492800026,1789785154.2611945,18,0.9,refresh,
,109.75387859600005,109.75391839200029,1789785154.281364,18,0.9,refresh,
,109.77402337500007,109.77406293000013,1789785154.301509,18,0.9,refresh,
,109.7941718940001,109.79420730200036,1789785154.3216574,18,0.9,refresh,
,109.81433350700036,109.81441035900025,1789785154.341819,18,0.9,refresh,
,109.83454971200035,109.83463376700001,1789785154.3620353,18,0.9,refresh,
,109.85476493500028,109.85483210200027,1789785154.3822505,18,0.9,refresh,
,109.87494419600034,109.87499714000023,1789785154.4024296,18,0.9,refresh,
,109.89511086400034,109.89515360400037,1789785154.4225965,18,0.9,refresh,
,109.91526077200024,109.91530612400038,1789785154.4427462,18,0.9,refresh,
,109.9354181990002,109.93545906999998,1789785154.4629035,18,0.9,refresh,
,109.95556346000012,109.95560227500027,1789785154.483049,18,0.9,refresh,
,109.97570873900031,109.97576059100038,1789785154.503194,18,0.9,refresh,
,109.99588144400013,109.99591979500019,1789785154.523367,18,0.9,refresh,
,110.01602753700035,110.0160665190001,1789785154.543513,18,0.9,refresh,
,110.03617487200017,110.03621009400013,1789785154.5636604,18,0.9,refresh,
,110.056314466,110.05635266900026,1789785154.5837998,18,0.9,refresh,
,110.0764591520001,110.07649413300032,1789785154.6039448,18,0.9,refresh,
,110.09659874600038,110.09663713500004,1789785154.6240842,18,0.9,refresh,
,110.11674809900023,110.1167873950003,1789785154.6442335,18,0.9,refresh,
,110.13691782200021,110.13695641499999,1789785154.6644032,18,0.9,refresh,
,110.15706152700022,110.15710245300033,1789785154.6845472,18,0.9,refresh,
,110.17714134300013,110.17720584300014,1789785154.704627,18,0.9,refresh,
,110.1972505660001,110.19728328800011,1789785154.724736,18,0.9,refresh,
,110.21737990100019,110.21741084500036,1789785154.7448652,18,0.9,refresh,
,110.23750623500018,110.23753793900005,1789785154.7649918,18,0.9,refresh,
,110.25763462500026,110.25766705100023,1789785154.78512,18,0.9,refresh,
,110.27773536700033,110.27776673700009,1789785154.8052208,18,0.9,refresh,
,110.29786516400009,110.29789786800029,1789785154.8253508,18,0.9,refresh,
,110.31799696200005,110.31802985100012,1789785154.8454826,18,0.9,refresh,
,110.33813237000004,110.33817150000004,1789785154.865618,18,0.9,refresh,
,110.358272983,110.35830592699995,1789785154.8857584,18,0.9,refresh,
,110.37840283600008,110.37843524300024,1789785154.9058883,18,0.9,refresh,
,110.39853328100025,110.39856830000008,1789785154.9260185,18,0.9,refresh,
,110.41866941200033,110.41873248599995,1789785154.946155,18,0.9,refresh,
,110.43883491299994,110.43887991300016,1789785154.9663203,18,0.9,refresh,
,110.4589806920003,110.45902585900012,1789785154.986466,18,0.9,refresh,
,110.47912850800003,110.47916495300024,1789785155.006614,18,0.9,refresh,
,110.49925586100017,110.49931000900006,1789785155.0267413,18,0.9,refresh,
,110.51941610300037,110.51945212200008,1789785155.0469015,18,0.9,refresh,
,110.53955308600007,110.53958460400008,1789785155.0670385,18,0.9,refresh,
,110.55969555000001,110.55973747600001,1789785155.087181,18,0.9,refresh,
,110.57984195800009,110.5798809580001,1789785155.1073275,18,0.9,refresh,
,110.59998162600004,110.60003534800035,1789785155.127467,18,0.9,refresh,
,110.62014468300004,110.62017464600012,1789785155.14763,18,0.9,refresh,
,110.64027057300018,110.6402973510003,1789785155.167756,18,0.9,refresh,
,110.66040083300004,110.66042779600002,1789785155.1878862,18,0.9,refresh,
,110.68052640800033,110.68055944600019,1789785155.2080119,18,0.9,refresh,
,110.70065741000008,110.70069039100008,1789785155.2281427,18,0.9,refresh,
,110.72080830000004,110.72084535500017,1789785155.2482936,18,0.9,refresh,
,110.7409555600002,110.74098544900016,1789785155.2684412,18,0.9,refresh,
,110.76109550599995,110.76114087600035,1789785155.288581,18,0.9,refresh,
,110.78124224800013,110.78127117400027,1789785155.3087275,18,0.9,refresh,
,110.80137526700037,110.8014042120003,1789785155.3288608,18,0.9,refresh,
,110.82150008300005,110.82152673100018,1789785155.3489857,18,0.9,refresh,
,110.84162236200018,110.84165891800012,1789785155.3691077,18,0.9,refresh,
,110.86175764100017,110.86179236299995,1789785155.3892431,18,0.9,refresh,
,110.88189438300014,110.88193299400018,1789785155.40938,18,0.9,refresh,
,110.90204006900012,110.90208269899995,1789785155.4295256,18,0.9,refresh,
,110.9222173850003,110.922254608,1789785155.449703,18,0.9,refresh,
,110.94235329399999,110.94238433100008,1789785155.4698386,18,0.9,refresh,
,110.96248127600029,110.96250868400011,1789785155.4899666,18,0.9,refresh,
,110.9826036290001,110.98263037000015,1789785155.510089,18,0.9,refresh,
,111.00273163100019,111.00275800100007,1789785155.530217,18,0.9,refresh,
,111.02285329799997,111.02289509499997,1789785155.5503385,18,0.9,refresh,
,111.04300737400035,111.043043614,1789785155.5704927,18,0.9,refresh,
,111.06314100400004,111.06316911600015,1789785155.5906262,18,0.9,refresh,
,111.08326472800036,111.08329415400021,1789785155.6107502,18,0.9,refresh,
,111.10340135900015,111.1034434510002,1789785155.6308868,18,0.9,refresh,
,111.12355137800023,111.123579952,1789785155.6510367,18,0.9,refresh,
,111.1436756940002,111.14370187900022,1789785155.6711612,18,0.9,refresh,
,111.16381162100015,111.16383808399996,1789785155.691297,18,0.9,refresh,
,111.18393345599998,111.18396149299997,1789785155.7114189,18,0.9,refresh,
,111.20405747500035,111.20408340099993,1789785155.7315428,18,0.9,refresh,
,111.22417901300014,111.22420475400031,1789785155.7516644,18,0.9,refresh,
,111.24430205199997,111.24432647799995,1789785155.7717874,18,0.9,refresh,
,111.2644231270001,111.26445725700023,1789785155.7919085,18,0.9,refresh,
,111.28456475800022,111.28459507200023,1789785155.81205,18,0.9,refresh,
,111.30470083299997,111.30475570299996,1789785155.8321865,18,0.9,refresh,
,111.3248638340001,111.32489277900004,1789785155.8523493,18,0.9,refresh,
,111.34499168699995,111.34501946499995,1789785155.8724773,18,0.9,refresh,
,111.36511872500023,111.36515268800031,1789785155.892604,18,0.9,refresh,
,111.38525261500035,111.38528500400025,1789785155.912738,18,0.9,refresh,
,111.40538824600026,111.40542256100025,1789785155.9328737,18,0.9,refresh,
,111.42552015499996,111.42554863600026,1789785155.9530056,18,0.9,refresh,
,111.44564769299996,111.44569054500016,1789785155.973133,18,0.9,refresh,
,111.4658076200003,111.46584304600037,1789785155.993293,18,0.9,refresh,
,111.48594947300035,111.48598015800007,1789785156.013435,18,0.9,refresh,
,111.50608891799993,111.50613110400036,1789785156.0335743,18,0.9,refresh,
,111.52623177100031,111.52626027099996,1789785156.0537171,18,0.9,refresh,
,111.54635681000036,111.54638327300017,1789785156.0738423,18,0.9,refresh,
,111.56647931099997,111.56650823700011,1789785156.0939646,18,0.9,refresh,
,111.58660829300015,111.58664281200026,1789785156.1140938,18,0.9,refresh,
,111.60674307199997,111.6067926830001,1789785156.1342285,18,0.9,refresh,
,111.6268987960002,111.62695264800004,1789785156.1543841,18,0.9,refresh,
,111.64706372299997,111.64709833400002,1789785156.1745493,18,0.9,refresh,
,111.66720289100022,111.66723192800009,1789785156.1946883,18,0.9,refresh,
,111.68733476200032,111.68736378100039,1789785156.2148201,18,0.9,refresh,
,111.70747167100035,111.70751346700035,1789785156.234957,18,0.9,refresh,
,111.72762109800033,111.7276491900002,1789785156.2551064,18,0.9,refresh,
,111.74774685800003,111.74777913600019,1789785156.2752323,18,0.9,refresh,
,111.76787780400036,111.76790748900021,1789785156.2953634,18,0.9,refresh,
,111.78801365700019,111.78804550900031,1789785156.315499,18,0.9,refresh,
,111.80814993600006,111.80817889900027,1789785156.3356354,18,0.9,refresh,
,111.82827854800007,111.82830362200002,1789785156.355764,18,0.9,refresh,
,111.84843203100036,111.84851223400028,1789785156.3759177,18,0.9,refresh,
,111.86866468000017,111.8687294020001,1789785156.3961504,18,0.9,refresh,
,111.88884677400029,111.88889297800006,1789785156.4163322,18,0.9,refresh,
,111.90900484900021,111.90904862700017,1789785156.4364903,18,0.9,refresh,
,111.92915764700001,111.92918923900015,1789785156.456643,18,0.9,refresh,
,111.94928579600037,111.94931375900023,1789785156.476771,18,0.9,refresh,
,111.96941050100031,111.96943739000017,1789785156.496896,18,0.9,refresh,
,111.98954152000033,111.98956807600007,1789785156.517027,18,0.9,refresh,
,112.00968304000025,112.00974842899996,1789785156.5371685,18,0.9,refresh,
,112.02986268900031,112.02989867099996,1789785156.557348,18,0.9,refresh,
,112.05000339400021,112.05004215400004,1789785156.577489,18,0.9,refresh,
,112.070147507,112.07018482100011,1789785156.5976331,18,0.9,refresh,
,112.09029493400021,112.09033137799997,1789785156.6177804,18,0.9,refresh,
,112.11043771300001,112.11047608300032,1789785156.637923,18,0.9,refresh,
,112.13057602900017,112.13060934300029,1789785156.6580613,18,0.9,refresh,
,112.1507138070001,112.1507611410002,1789785156.6781993,18,0.9,refresh,
,112.17087319800021,112.17091099400022,1789785156.6983585,18,0.9,refresh,
,112.19101316200022,112.19105158799994,1789785156.7184985,18,0.9,refresh,
,112.21117466300029,112.21126103300003,1789785156.73866,18,0.9,refresh,
,112.23139738600003,112.23144238600025,1789785156.7588828,18,0.9,refresh,
,112.2515462020001,112.25159351699995,1789785156.7790315,18,0.9,refresh,
,112.27170005500011,112.27175529600026,1789785156.7991855,18,0.9,refresh,
,112.29186829700029,112.2919085200001,1789785156.8193536,18,0.9,refresh,
,112.31201539099993,112.31205541000008,1789785156.839501,18,0.9,refresh,
,112.33215881800015,112.33219035499997,1789785156.8596442,18,0.9,refresh,
,112.35229469000024,112.35233339300021,1789785156.87978,18,0.9,refresh,
,112.37243922800008,112.37248119100013,1789785156.8999248,18,0.9,refresh,
,112.39258730300025,112.39262958100016,1789785156.9200728,18,0.9,refresh,
,112.41274489700027,112.41278384099996,1789785156.9402304,18,0.9,refresh,
,112.43289012000014,112.432934509,1789785156.9603755,18,0.9,refresh,
,112.45304662100034,112.45309997300001,1789785156.9805322,18,0.9,refresh,
,112.47321538200003,112.47326152999995,1789785157.000701,18,0.9,refresh,
,112.49337121600001,112.49341530900028,1789785157.0208566,18,0.9,refresh,
,112.51352212500024,112.51356477300033,1789785157.0410075,18,0.9,refresh,
,112.533670626,112.53371458900028,1789785157.061156,18,0.9,refresh,
,112.553832479,112.55387088700036,1789785157.081318,18,0.9,refresh,
,112.57397844300021,112.57402238800023,1789785157.1014638,18,0.9,refresh,
,112.59413611100035,112.59418531500023,1789785157.1216216,18,0.9,refresh,
,112.61432137200018,112.61439776099996,1789785157.1418068,18,0.9,refresh,
,112.63451292900027,112.63459698400038,1789785157.1619983,18,0.9,refresh,
,112.65471591100004,112.65477044800036,1789785157.1822014,18,0.9,refresh,
,112.67488422700035,112.674926616,1789785157.2023697,18,0.9,refresh,
,112.6950359880002,112.69507498800021,1789785157.2225215,18,0.9,refresh,
,112.71518230400034,112.71522293299995,1789785157.2426677,18,0.9,refresh,
,112.73532828600037,112.7353676570001,1789785157.2628138,18,0.9,refresh,
,112.75547275000008,112.75551008399998,1789785157.2829583,18,0.9,refresh,
,112.77561645500009,112.775654992,1789785157.303102,18,0.9,refresh,
,112.79576227100006,112.79579671600004,1789785157.323248,18,0.9,refresh,
,112.81591901299998,112.81599366199998,1789785157.3434045,18,0.9,refresh,
,112.83611032900035,112.83617236600003,1789785157.3635957,18,0.9,refresh,
,112.8563191080002,112.85641157200007,1789785157.3838046,18,0.9,refresh,
,112.87654735000024,112.87660751700014,1789785157.4040327,18,0.9,refresh,
,112.89673203700022,112.89679366700011,1789785157.4242177,18,0.9,refresh,
,112.91693809400022,112.91701050100028,1789785157.4444234,18,0.9,refresh,
,112.93709561300011,112.9371475580001,1789785157.464581,18,0.9,refresh,
,112.95718613300005,112.95722242900001,1789785157.4846716,18,0.9,refresh,
,112.9773207080002,112.9773556340001,1789785157.504806,18,0.9,refresh,
,112.99745422800015,112.99748657999999,1789785157.5249395,18,0.9,refresh,
,113.01758365500018,113.01761604400008,1789785157.545069,18,0.9,refresh,
,113.03771176700002,113.03775154499999,1789785157.565197,18,0.9,refresh,
,113.05784913900015,113.05788154600032,1789785157.5853345,18,0.9,refresh,
,113.07797928800028,113.07801234399994,1789785157.605465,18,0.9,refresh,
,113.09810999299998,113.09814208500029,1789785157.6255953,18,0.9,refresh,
,113.11824405000016,113.11827456800029,1789785157.6457295,18,0.9,refresh,
,113.13837134699997,113.13840340300021,1789785157.6658568,18,0.9,refresh,
,113.15850153300016,113.1585330150001,1789785157.6859868,18,0.9,refresh,
,113.17863234900005,113.17866581199996,1789785157.7061176,18,0.9,refresh,
,113.19876440600001,113.19879703600009,1789785157.7262497,18,0.9,refresh,
,113.21889590699993,113.21892762900006,1789785157.7463813,18,0.9,refresh,
,113.23902605600006,113.23905729700027,1789785157.7665114,18,0.9,refresh,
,113.25915968700019,113.259191095,1789785157.786645,18,0.9,refresh,
,113.27929272500023,113.2793251510002,1789785157.8067782,18,0.9,refresh,
,113.29942668900003,113.2994646520001,1789785157.8269122,18,0.9,refresh,
,113.31956820899995,113.31959857900029,1789785157.8470535,18,0.9,refresh,
,113.33969808100028,113.33973772900026,1789785157.8671834,18,0.9,refresh,
,113.35984559999997,113.35988284099994,1789785157.887331,18,0.9,refresh,
,113.37998391600013,113.38001649000034,1789785157.9074693,18,0.9,refresh,
,113.40011912099999,113.4001588430001,1789785157.9276044,18,0.9,refresh,
,113.42025901100033,113.42029912199996,1789785157.9477446,18,0.9,refresh,
,113.44039925300012,113.4404511050002,1789785157.9678848,18,0.9,refresh,
,113.46056919900002,113.46061014299994,1789785157.9880545,18,0.9,refresh,
,113.48071092200007,113.48076901500008,1789785158.0081966,18,0.9,refresh,
,113.5008814050002,113.50092488600012,1789785158.0283668,18,0.9,refresh,
,113.5210229610002,113.52105755399998,1789785158.0485084,18,0.9,refresh,
,113.54116046300032,113.54119420300003,1789785158.068646,18,0.9,refresh,
,113.56129503800003,113.56132887100011,1789785158.0887806,18,0.9,refresh,
,113.58143183500033,113.58146366900019,1789785158.1089172,18,0.9,refresh,
,113.60156700300013,113.60161076200029,1789785158.1290524,18,0.9,refresh,
,113.62171243000012,113.62177768900028,1789785158.1491978,18,0.9,refresh,
,113.64188861699995,113.64194474600026,1789785158.1693742,18,0.9,refresh,
,113.66204839500006,113.66209008100031,1789785158.1895337,18,0.9,refresh,
,113.68219195200027,113.68222911900011,1789785158.2096772,18,0.9,refresh,
,113.7023340830001,113.70237697200037,1789785158.2298195,18,0.9,refresh,
,113.72248526900012,113.7225195660003,1789785158.2499707,18,0.9,refresh,
,113.74262630800013,113.74265877100015,1789785158.2701118,18,0.9,refresh,
,113.76275951200023,113.7627921610001,1789785158.2902448,18,0.9,refresh,
,113.7828944390003,113.78293194000025,1789785158.3103797,18,0.9,refresh,
,113.80303640400007,113.80307434800034,1789785158.3305218,18,0.9,refresh,
,113.82317568300004,113.82320712699993,1789785158.350661,18,0.9,refresh,
,113.84331022100014,113.8433412950003,1789785158.3707955,18,0.9,refresh,
,113.86344633299996,113.86350596300008,1789785158.3909316,18,0.9,refresh,
,113.88361018600017,113.88365614900022,1789785158.4110956,18,0.9,refresh,
,113.90375502000006,113.90378616900034,1789785158.4312406,18,0.9,refresh,
,113.92389341100034,113.92393720700011,1789785158.451379,18,0.9,refresh,
,113.94404628200027,113.94407565200027,1789785158.4715319,18,0.9,refresh,
,113.964172857,113.96419952400038,1789785158.4916582,18,0.9,refresh,
,113.98429735800028,113.98432397000033,1789785158.5117826,18,0.9,refresh,
114.0,114.00007070300035,114.00009622200014,1789785158.5275562,19,0.95,step,0.07070300034683896
,114.02028670400023,114.02053896400002,1789785158.5477726,19,0.95,refresh,
,114.04073628000015,114.04078437299995,1789785158.5682218,19,0.95,refresh,
,114.06088043,114.06092685600015,1789785158.5883658,19,0.95,refresh,
,114.08102820800013,114.08105891200012,1789785158.6085136,19,0.95,refresh,
,114.10116430200014,114.10119144999999,1789785158.6286497,19,0.95,refresh,
,114.12128861800011,114.12132082200014,1789785158.6487741,19,0.95,refresh,
,114.14141971200024,114.14144691599995,1789785158.6689053,19,0.95,refresh,
,114.16154288000007,114.16156945400007,1789785158.6890283,19,0.95,refresh,
,114.18166719600003,114.18170089900013,1789785158.7091525,19,0.95,refresh,
,114.20181712300018,114.20184638199999,1789785158.7293026,19,0.95,refresh,
,114.22194484600004,114.22197258699998,1789785158.7494302,19,0.95,refresh,
,114.24207345800005,114.24211099500008,1789785158.7695587,19,0.95,refresh,
,114.26221271900022,114.26224525600037,1789785158.7896981,19,0.95,refresh,
,114.28235036800015,114.28237957200008,1789785158.8098357,19,0.95,refresh,
,114.30247860999998,114.30250566500035,1789785158.829964,19,0.95,refresh,
,114.32260685200026,114.32263705600008,1789785158.8500922,19,0.95,refresh,
,114.34273385300003,114.342761075,1789785158.8702192,19,0.95,refresh,
,114.36286009500009,114.36288437300027,1789785158.8903456,19,0.95,refresh,
,114.3829949660003,114.38304989200014,1789785158.9104805,19,0.95,refresh,
,114.4031528190003,114.40318694899997,1789785158.930638,19,0.95,refresh,
,114.42329633899999,114.42333941300012,1789785158.9507816,19,0.95,refresh,
,114.44344667300038,114.44347604400036,1789785158.970932,19,0.95,refresh,
,114.46357410100018,114.46361993400023,1789785158.9910595,19,0.95,refresh,
,114.48372919400026,114.48376917600035,1789785159.0112145,19,0.95,refresh,
,114.50386927,114.50389699200014,1789785159.0313547,19,0.95,refresh,
,114.52399949300025,114.52403240000012,1789785159.0514848,19,0.95,refresh,
,114.54413077200024,114.54415799400022,1789785159.0716162,19,0.95,refresh,
,114.56425556900012,114.56427955100025,1789785159.0917408,19,0.95,refresh,
,114.5843744040003,114.58440062599993,1789785159.1118598,19,0.95,refresh,
,114.60452881200035,114.60459877500034,1789785159.1320145,19,0.95,refresh,
,114.62475649900034,114.62484907299995,1789785159.1522422,19,0.95,refresh,
,114.64496222200023,114.64504270399993,1789785159.1724477,19,0.95,refresh,
,114.6651592420003,114.66520133500035,1789785159.1926446,19,0.95,refresh,
,114.6853076880002,114.68535137300023,1789785159.212793,19,0.95,refresh,
,114.70546726300017,114.70551459600028,1789785159.2329526,19,0.95,refresh,
,114.72561782000002,114.72565337500009,1789785159.253103,19,0.95,refresh,
,114.74575322800001,114.74578830200016,1789785159.2732384,19,0.95,refresh,
,114.76589387800004,114.76593302600031,1789785159.2933793,19,0.95,refresh,
,114.78603937900016,114.78607865699996,1789785159.3135247,19,0.95,refresh,
,114.80618313900004,114.80622065800026,1789785159.3336687,19,0.95,refresh,
,114.82632110300028,114.82635278800035,1789785159.3538065,19,0.95,refresh,
,114.84645221500023,114.84648384499997,1789785159.3739376,19,0.95,refresh,
,114.86659043899999,114.8666425690003,1789785159.3940759,19,0.95,refresh,
,114.88675045900027,114.88679762500033,1789785159.4142358,19,0.95,refresh,
,114.90690397800017,114.90694570100004,1789785159.4343896,19,0.95,refresh,
,114.92705618300033,114.92709194200006,1789785159.4545417,19,0.95,refresh,
,114.9472039440002,114.9472406660002,1789785159.4746892,19,0.95,refresh,
,114.96734426000012,114.96738481500006,1789785159.49483,19,0.95,refresh,
,114.9874980200002,114.98753855700033,1789785159.5149834,19,0.95,refresh,
,115.00764624300018,115.00768494700014,1789785159.5351317,19,0.95,refresh,
,115.0277852260001,115.02781809600037,1789785159.5552707,19,0.95,refresh,
,115.04792098600001,115.04795100499996,1789785159.5754063,19,0.95,refresh,
,115.06805387600025,115.06809158000033,1789785159.5955396,19,0.95,refresh,
,115.08819671100036,115.08823628500022,1789785159.6156821,19,0.95,refresh,
,115.10834191599997,115.10837591600011,1789785159.6358275,19,0.95,refresh,
,115.12847871300028,115.12851010200029,1789785159.6559641,19,0.95,refresh,
,115.14860747400007,115.14863975100025,1789785159.6760929,19,0.95,refresh,
,115.16874408600006,115.16878206699994,1789785159.6962297,19,0.95,refresh,
,115.18888842000024,115.18892584600007,1789785159.7163737,19,0.95,refresh,
,115.20903429200007,115.20907018100024,1789785159.7365196,19,0.95,refresh,
,115.22917494100011,115.22922427499998,1789785159.7566607,19,0.95,refresh,
,115.24933146100011,115.24938003500029,1789785159.7768168,19,0.95,refresh,
,115.2694852210002,115.26952714700019,1789785159.7969708,19,0.95,refresh,
,115.28963029700026,115.28967181500002,1789785159.8171155,19,0.95,refresh,
,115.30978629800029,115.30982624200033,1789785159.8372717,19,0.95,refresh,
,115.3299271320002,115.32996029900005,1789785159.8574126,19,0.95,refresh,
,115.35006411500035,115.35010559600005,1789785159.8775496,19,0.95,refresh,
,115.37021115300013,115.37024894900014,1789785159.8976967,19,0.95,refresh,
,115.39036730199996,115.39041034000002,1789785159.9178526,19,0.95,refresh,
,115.41051878500002,115.41055711800027,1789785159.9380043,19,0.95,refresh,
,115.43066384200029,115.43070441600003,1789785159.9581494,19,0.95,refresh,
,115.45082112099999,115.45086039900025,1789785159.9783065,19,0.95,refresh,
,115.4709642140001,115.47101628900009,1789785159.9984496,19,0.95,refresh,
,115.491116401,115.4911575860001,1789785160.018602,19,0.95,refresh,
,115.51125479100028,115.51128629100003,1789785160.0387402,19,0.95,refresh,
,115.53139094000016,115.53144016200031,1789785160.0588765,19,0.95,refresh,
,115.55154725600005,115.55158821900022,1789785160.079033,19,0.95,refresh,
,115.57169757200018,115.57175292400007,1789785160.099183,19,0.95,refresh,
,115.59186585099997,115.59191101800025,1789785160.1193514,19,0.95,refresh,
,115.6120545560002,115.61212996400036,1789785160.13954,19,0.95,refresh,
,115.63225259399997,115.63230537200025,1789785160.159738,19,0.95,refresh,
,115.6524147250002,115.65246944800037,1789785160.1799002,19,0.95,refresh,
,115.67257618900021,115.67261480100024,1789785160.2000618,19,0.95,refresh,
,115.69272635700008,115.69275819099994,1789785160.2202117,19,0.95,refresh,
,115.71285780300013,115.71289372900037,1789785160.2403433,19,0.95,refresh,
,115.73299830400038,115.73303708200001,1789785160.2604837,19,0.95,refresh,
,115.75313791600001,115.75316956400002,1789785160.2806234,19,0.95,refresh,
,115.77327808400014,115.77332141700026,1789785160.3007636,19,0.95,refresh,
,115.79342603000032,115.79345419600031,1789785160.3209114,19,0.95,refresh,
,115.81355297500022,115.81357904900005,1789785160.3410382,19,0.95,refresh,
,115.83368393900037,115.83374097600017,1789785160.3611693,19,0.95,refresh,
,115.85385586600023,115.85390188500014,1789785160.3813412,19,0.95,refresh,
,115.87401462700018,115.87407659000019,1789785160.4015,19,0.95,refresh,
,115.89419362800027,115.89423944300006,1789785160.421679,19,0.95,refresh,
,115.91434561100004,115.9143899630003,1789785160.441831,19,0.95,refresh,
,115.93449811200026,115.93454329700035,1789785160.4619834,19,0.95,refresh,
,115.95466063200001,115.9547027980002,1789785160.4821463,19,0.95,refresh,
,115.97481898500018,115.97486091100018,1789785160.5023046,19,0.95,refresh,
,115.99497483799996,115.99501317100021,1789785160.5224605,19,0.95,refresh,
,116.01511863500036,116.01515702400002,1789785160.542604,19,0.95,refresh,
,116.03526280300002,116.03530426600037,1789785160.5627482,19,0.95,refresh,
,116.05540924900015,116.05544736000002,1789785160.5828946,19,0.95,refresh,
,116.07555239800013,116.07559006500014,1789785160.6030378,19,0.95,refresh,
,116.09569362100001,116.09574165799995,1789785160.623179,19,0.95,refresh,
,116.11585523400026,116.11589428900015,1789785160.6433408,19,0.95,refresh,
,116.13600130900022,116.13603979000027,1789785160.6634867,19,0.95,refresh,
,116.15614369900004,116.1561819210001,1789785160.6836293,19,0.95,refresh,
,116.17629016299998,116.1763257370003,1789785160.7037754,19,0.95,refresh,
,116.19643477499994,116.19647071999998,1789785160.72392,19,0.95,refresh,
,116.21657701699996,116.2166153510002,1789785160.7440624,19,0.95,refresh,
,116.23672898099994,116.23676892599997,1789785160.7642145,19,0.95,refresh,
,116.25697942700026,116.25704211200036,1789785160.7844648,19,0.95,refresh,
,116.277126984,116.27715772500005,1789785160.8046124,19,0.95,refresh,
,116.29725165200034,116.29728259600006,1789785160.824737,19,0.95,refresh,
,116.31737857899998,116.31740980099994,1789785160.844864,19,0.95,refresh,
,116.33750541300014,116.33753622800032,1789785160.8649907,19,0.95,refresh,
,116.35763413700033,116.35766648800018,1789785160.8851194,19,0.95,refresh,
,116.37774282300006,116.37778732300012,1789785160.9052284,19,0.95,refresh,
,116.39788878700028,116.39792369400038,1789785160.9253743,19,0.95,refresh,
,116.418027918,116.41807982499995,1789785160.9455135,19,0.95,refresh,
,116.43818116000011,116.43821475200002,1789785160.9656665,19,0.95,refresh,
,116.45831247600017,116.45836714200004,1789785160.985798,19,0.95,refresh,
,116.47847362500033,116.4785218840002,1789785161.0059588,19,0.95,refresh,
,116.49862244099995,116.49866014500003,1789785161.0261078,19,0.95,refresh,
,116.51875916400013,116.51879509000037,1789785161.0462446,19,0.95,refresh,
,116.53889498000035,116.53893098000026,1789785161.0663803,19,0.95,refresh,
,116.55903277800007,116.55906442600008,1789785161.0865183,19,0.95,refresh,
,116.57916335300024,116.57919733400013,1789785161.106649,19,0.95,refresh,
,116.59929941000019,116.5993397430002,1789785161.1267848,19,0.95,refresh,
,116.6194399850001,116.61949694800023,1789785161.1469252,19,0.95,refresh,
,116.63960039300036,116.63964478200023,1789785161.167086,19,0.95,refresh,
,116.65974850600014,116.65979115400023,1789785161.1872342,19,0.95,refresh,
,116.67989248799995,116.67993237700011,1789785161.207378,19,0.95,refresh,
,116.70003713799997,116.70007949000001,1789785161.2275226,19,0.95,refresh,
,116.72018113900003,116.72021565700015,1789785161.2476664,19,0.95,refresh,
,116.74031623300016,116.74035030699997,1789785161.2678015,19,0.95,refresh,
,116.76044860399998,116.7604854000001,1789785161.287934,19,0.95,refresh,
,116.78059480900038,116.78062890199999,1789785161.3080802,19,0.95,refresh,
,116.80073803200003,116.80077668100012,1789785161.3282235,19,0.95,refresh,
,116.82087612600026,116.82090744100014,1789785161.3483615,19,0.95,refresh,
,116.84100681200016,116.8410403490002,1789785161.3684924,19,0.95,refresh,
,116.861181665,116.861238684,1789785161.388667,19,0.95,refresh,
,116.88135196300027,116.88140457400004,1789785161.4088373,19,0.95,refresh,
,116.90151157500031,116.90155844600031,1789785161.428997,19,0.95,refresh,
,116.92166220600029,116.92170063200001,1789785161.4491477,19,0.95,refresh,
,116.94181015200002,116.94184465200033,1789785161.4692955,19,0.95,refresh,
,116.961946894,116.9619890050003,1789785161.4894323,19,0.95,refresh,
,116.98209008000003,116.98212411700024,1789785161.5095754,19,0.95,refresh,
,117.00223010000036,117.00226878500007,1789785161.5297155,19,0.95,refresh,
,117.02237715599995,117.02244863800024,1789785161.5498626,19,0.95,refresh,
,117.04255741700035,117.04259382400005,1789785161.5700428,19,0.95,refresh,
,117.06269069600012,117.06273391800005,1789785161.590176,19,0.95,refresh,
,117.08283923399995,117.08288019700012,1789785161.6103246,19,0.95,refresh,
,117.10299332800014,117.10303234599996,1789785161.6304789,19,0.95,refresh,
,117.12313421800036,117.12316736599996,1789785161.6506197,19,0.95,refresh,
,117.14326810800003,117.14330225599997,1789785161.6707535,19,0.95,refresh,
,117.16340427600016,117.16343447899999,1789785161.6908898,19,0.95,refresh,
,117.183537592,117.18357672100001,1789785161.711023,19,0.95,refresh,
,117.20368070400036,117.2037276850001,1789785161.7311661,19,0.95,refresh,
,117.22382935300038,117.22386113100038,1789785161.7513146,19,0.95,refresh,
,117.24396270600027,117.24399196500008,1789785161.7714481,19,0.95,refresh,
,117.26409205900018,117.26412411499996,1789785161.7915773,19,0.95,refresh,
,117.28422700500005,117.2842646160002,1789785161.8117125,19,0.95,refresh,
,117.30437002400004,117.30440732100033,1789785161.8318553,19,0.95,refresh,
,117.32450889600022,117.324538544,1789785161.8519943,19,0.95,refresh,
,117.34463667499995,117.34467023000025,1789785161.872122,19,0.95,refresh,
,117.36477339800012,117.36480488000007,1789785161.892259,19,0.95,refresh,
,117.38491347300032,117.38495897300027,1789785161.9123988,19,0.95,refresh,
,117.40506640000012,117.4051066410002,1789785161.9325519,19,0.95,refresh,
,117.42520710500003,117.42524173500033,1789785161.9526925,19,0.95,refresh,
,117.44534453200004,117.44537821800031,1789785161.97283,19,0.95,refresh,
,117.46547783000005,117.46552334800026,1789785161.9929633,19,0.95,refresh,
,117.48562892400014,117.4856740160003,1789785162.0131145,19,0.95,refresh,
,117.50578203600026,117.505828629,1789785162.0332675,19,0.95,refresh,
,117.52593344500019,117.52596653700039,1789785162.0534186,19,0.95,refresh,
,117.54607079800007,117.54610502000014,1789785162.0735562,19,0.95,refresh,
,117.5662143730001,117.56625235399997,1789785162.0937,19,0.95,refresh,
,117.5863567260003,117.58639755900003,1789785162.1138422,19,0.95,refresh,
,117.60650674499993,117.60654998600012,1789785162.1339922,19,0.95,refresh,
,117.62666258000036,117.62674030200014,1789785162.154148,19,0.95,refresh,
,117.6468576000002,117.64691615500033,1789785162.1743429,19,0.95,refresh,
,117.66702660100009,117.66707671200038,1789785162.1945121,19,0.95,refresh,
,117.68719204700028,117.68724028700035,1789785162.2146776,19,0.95,refresh,
,117.70734775100027,117.70739180700002,1789785162.2348332,19,0.95,refresh,
,117.72749201200031,117.72752769700037,1789785162.2549775,19,0.95,refresh,
,117.74764529100003,117.74767890200019,1789785162.2751305,19,0.95,refresh,
,117.76778034800009,117.76781751399994,1789785162.2952657,19,0.95,refresh,
,117.78792546000022,117.78796236700009,1789785162.3154109,19,0.95,refresh,
,117.80806777600037,117.80810605400029,1789785162.3355532,19,0.95,refresh,
,117.82820760999994,117.8282379440002,1789785162.355693,19,0.95,refresh,
,117.84834037100018,117.8483709080001,1789785162.3758256,19,0.95,refresh,
,117.86848989000009,117.86856115,1789785162.3959754,19,0.95,refresh,
,117.88869098400028,117.88874153999996,1789785162.4161763,19,0.95,refresh,
,117.90885193000031,117.90889637400005,1789785162.4363375,19,0.95,refresh,
,117.92899783800021,117.92903802399996,1789785162.4564834,19,0.95,refresh,
,117.94914867300031,117.94918848800035,1789785162.476634,19,0.95,refresh,
,117.96941604500034,117.96961815600025,1789785162.4969034,19,0.95,refresh,
,117.98979784300036,117.98992530600026,1789785162.5172834,19,0.95,refresh,
,118.01181418100032,118.01193945900013,1789785162.5392997,19,0.95,refresh,
,118.032107515,118.03224983100017,1789785162.5595932,19,0.95,refresh,
,118.0524484980001,118.05256186900033,1789785162.579934,19,0.95,refresh,
,118.0727761850003,118.07297694499994,1789785162.600262,19,0.95,refresh,
,118.09313414999997,118.0932045200002,1789785162.6206195,19,0.95,refresh,
,118.11332229900017,118.113386429,1789785162.6408076,19,0.95,refresh,
,118.1335017450001,118.13353972599998,1789785162.6609871,19,0.95,refresh,
,118.15365180100025,118.15368378300036,1789785162.681137,19,0.95,refresh,
,118.17380417300001,118.17384104300027,1789785162.7012897,19,0.95,refresh,
,118.19394874800037,118.19398093400014,1789785162.721434,19,0.95,refresh,
,118.21408637900004,118.2141141940001,1789785162.741572,19,0.95,refresh,
,118.23424521400011,118.23433006599998,1789785162.7617311,19,0.95,refresh,
,118.2544376220003,118.25447239999994,1789785162.781923,19,0.95,refresh,
,118.27457032700022,118.27460193800016,1789785162.8020556,19,0.95,refresh,
,118.29470660600009,118.29474458799996,1789785162.822192,19,0.95,refresh,
,118.31484481100006,118.3148694030001,1789785162.8423302,19,0.95,refresh,
,118.33497116400031,118.33500959000003,1789785162.8624566,19,0.95,refresh,
,118.35511016500004,118.35514001699994,1789785162.8825955,19,0.95,refresh,
,118.37523751800018,118.37526498100033,1789785162.9027228,19,0.95,refresh,
,118.39536838899994,118.39540133400033,1789785162.922854,19,0.95,refresh,
,118.41550981700038,118.415546576,1789785162.9429953,19,0.95,refresh,
,118.43565911400037,118.43569911400027,1789785162.9631445,19,0.95,refresh,
,118.4558297450003,118.45589615200015,1789785162.9833155,19,0.95,refresh,
,118.47601407900038,118.47604787599994,1789785163.0034995,19,0.95,refresh,
,118.496151284,118.49618104399997,1789785163.0236368,19,0.95,refresh,
,118.51627921099998,118.51631291500007,1789785163.0437646,19,0.95,refresh,
,118.53641841600029,118.53645750900023,1789785163.063904,19,0.95,refresh,
,118.5565594730001,118.55659108400005,1789785163.0840447,19,0.95,refresh,
,118.5766896780001,118.57672873299998,1789785163.104175,19,0.95,refresh,
,118.59683442000005,118.59687740100026,1789785163.12432,19,0.95,refresh,
,118.61694853200015,118.61698164300014,1789785163.144434,19,0.95,refresh,
,118.63708031100032,118.6371416070001,1789785163.164566,19,0.95,refresh,
,118.65724844200031,118.65728157100011,1789785163.1847336,19,0.95,refresh,
,118.67738579500019,118.677418665,1789785163.2048712,19,0.95,refresh,
,118.69751770300036,118.69755103700027,1789785163.2250032,19,0.95,refresh,
,118.71764781499996,118.71768111200026,1789785163.2451334,19,0.95,refresh,
,118.7377965390001,118.73782909400006,1789785163.2652822,19,0.95,refresh,
,118.75792492900018,118.75795203999996,1789785163.2854104,19,0.95,refresh,
,118.77804776300036,118.77807739300033,1789785163.3055332,19,0.95,refresh,
,118.79817298700027,118.798199931,1789785163.3256583,19,0.95,refresh,
,118.81829398800028,118.81832013600024,1789785163.3457794,19,0.95,refresh,
,118.8384147300003,118.83846576700034,1789785163.3659003,19,0.95,refresh,
,118.85856228600005,118.85859295299997,1789785163.3860478,19,0.95,refresh,
,118.87869389900015,118.87875586200016,1789785163.4061794,19,0.95,refresh,
,118.89886590000015,118.89890869600003,1789785163.4263513,19,0.95,refresh,
,118.91901199300037,118.91905506800003,1789785163.4464974,19,0.95,refresh,
,118.9391647540001,118.93919695800014,1789785163.46665,19,0.95,refresh,
,118.95930358800024,118.95933495899999,1789785163.4867892,19,0.95,refresh,
,118.97943327500025,118.97946325600014,1789785163.5069187,19,0.95,refresh,
,118.99956996100036,118.99961407199999,1789785163.5270553,19,0.95,refresh,
,119.01971409199996,119.01975138800026,1789785163.5471995,19,0.95,refresh,
,119.0398477230001,119.03987451900002,1789785163.5673332,19,0.95,refresh,
,119.05997292700022,119.05999752000025,1789785163.5874584,19,0.95,refresh,
,119.08009259500022,119.08011870600012,1789785163.6075778,19,0.95,refresh,
,119.1002123190001,119.10023828200019,1789785163.6276977,19,0.95,refresh,
,119.12033761600014,119.12037419000035,1789785163.647823,19,0.95,refresh,
,119.14047306200018,119.14050278400009,1789785163.6679585,19,0.95,refresh,
,119.16060952600037,119.1606421370002,1789785163.688095,19,0.95,refresh,
,119.1807436930003,119.18077430500034,1789785163.708229,19,0.95,refresh,
,119.2008785840003,119.20090673200002,1789785163.728364,19,0.95,refresh,
,119.22100099199997,119.22102938100033,1789785163.7484865,19,0.95,refresh,
,119.24112512300007,119.24115123399997,1789785163.7686105,19,0.95,refresh,
,119.26124834600023,119.26128247600036,1789785163.7887337,19,0.95,refresh,
,119.28138831000024,119.28141644000016,1789785163.8088737,19,0.95,refresh,
,119.30151301500018,119.30154008900035,1789785163.8289983,19,0.95,refresh,
,119.3216413680002,119.32168042400008,1789785163.8491268,19,0.95,refresh,
,119.3417820730001,119.34181086900026,1789785163.8692675,19,0.95,refresh,
,119.36190657399993,119.36193309300006,1789785163.889392,19,0.95,refresh,
,119.38203863100034,119.38208409400022,1789785163.9095242,19,0.95,refresh,
,119.40218757599996,119.40222568800027,1789785163.929673,19,0.95,refresh,
,119.42232826300005,119.422370022,1789785163.9498138,19,0.95,refresh,
,119.44247970800006,119.4425113010002,1789785163.969965,19,0.95,refresh,
,119.46264389500038,119.46268961700025,1789785163.9901292,19,0.95,refresh,
,119.48279841400017,119.48282756300023,1789785164.0102837,19,0.95,refresh,
,119.50292673000013,119.50295987900017,1789785164.030412,19,0.95,refresh,
,119.52306299100019,119.52310243500006,1789785164.0505486,19,0.95,refresh,
,119.54321034400027,119.54324154799997,1789785164.0706956,19,0.95,refresh,
,119.56334008600015,119.56336751200024,1789785164.0908256,19,0.95,refresh,
,119.5834635680003,119.5834907530002,1789785164.1109488,19,0.95,refresh,
,119.60358727300036,119.60362029199996,1789785164.1310728,19,0.95,refresh,
,119.62375421900015,119.62382712600038,1789785164.1512396,19,0.95,refresh,
,119.64394605300004,119.6440017570003,1789785164.1714315,19,0.95,refresh,
,119.66410999900017,119.66414101800001,1789785164.1915956,19,0.95,refresh,
,119.68423992600037,119.68427542600011,1789785164.2117252,19,0.95,refresh,
,119.7043814460003,119.70441979800034,1789785164.2318668,19,0.95,refresh,
,119.72451822500034,119.72455687299998,1789785164.2520037,19,0.95,refresh,
,119.74465604100033,119.74469205900004,1789785164.2721415,19,0.95,refresh,
,119.76480004199993,119.76482828300004,1789785164.2922854,19,0.95,refresh,
,119.78493319100016,119.78496150599995,1789785164.3124185,19,0.95,refresh,
,119.80505761800032,119.80508415500026,1789785164.332543,19,0.95,refresh,
,119.82517930400036,119.8252058600001,1789785164.3526645,19,0.95,refresh,
,119.84530425000003,119.84532839800022,1789785164.3727899,19,0.95,refresh,
,119.86542302900034,119.86544834400001,1789785164.3929086,19,0.95,refresh,
,119.88556434500015,119.88564012300003,1789785164.41305,19,0.95,refresh,
,119.90575380900009,119.90580351300014,1789785164.4332392,19,0.95,refresh,
,119.92590736600005,119.92595129200026,1789785164.453393,19,0.95,refresh,
,119.946052237,119.94608405200006,1789785164.4735374,19,0.95,refresh,
,119.96618377499999,119.96622323800011,1789785164.493669,19,0.95,refresh,
,119.98632262800038,119.98635379500001,1789785164.513808,19,0.95,refresh,
120.0,120.00007211799993,120.00010219200021,1789785164.5275574,20,1.0,step,0.07211799993456225
,120.02034660000027,120.0207615270001,1789785164.5478325,20,1.0,refresh,
,120.04100849099996,120.041050584,1789785164.5684938,20,1.0,refresh,
,120.06114682600037,120.06119310400027,1789785164.5886323,20,1.0,refresh,
,120.08129530900032,120.0813302900001,1789785164.6087809,20,1.0,refresh,
,120.10142869900028,120.10145977299999,1789785164.628914,20,1.0,refresh,
,120.12155770000027,120.12158732900025,1789785164.649043,20,1.0,refresh,
,120.14168499700008,120.14171284900021,1789785164.6691704,20,1.0,refresh,
,120.16182044300012,120.16184577600006,1789785164.6893058,20,1.0,refresh,
,120.18194224000035,120.18198727700019,1789785164.7094276,20,1.0,refresh,
,120.20208483400029,120.20211909299996,1789785164.7295704,20,1.0,refresh,
,120.22221777899995,120.22224889100016,1789785164.7497032,20,1.0,refresh,
,120.2423482070003,120.24237450300006,1789785164.7698338,20,1.0,refresh,
,120.26247311500038,120.26250665199996,1789785164.7899585,20,1.0,refresh,
,120.28260445000024,120.28263291300027,1789785164.8100898,20,1.0,refresh,
,120.30272959900003,120.30275974699998,1789785164.830215,20,1.0,refresh,
,120.32285841500016,120.32288739600017,1789785164.850344,20,1.0,refresh,
,120.34298604600008,120.34301154600007,1789785164.8704717,20,1.0,refresh,
,120.36310675000004,120.36313362100009,1789785164.8905923,20,1.0,refresh,
,120.38322895500005,120.3832558070003,1789785164.9107144,20,1.0,refresh,
,120.4033700670002,120.40341530800015,1789785164.9308558,20,1.0,refresh,
,120.42351734600015,120.42355118000023,1789785164.9510026,20,1.0,refresh,
,120.44365818100005,120.44368777299997,1789785164.9711437,20,1.0,refresh,
,120.46378386700007,120.463812126,1789785164.9912694,20,1.0,refresh,
,120.48391336800023,120.48396499800037,1789785165.0113986,20,1.0,refresh,
,120.50406929500014,120.50411279500031,1789785165.0315547,20,1.0,refresh,
,120.52421272200036,120.52424766700005,1789785165.0516982,20,1.0,refresh,
,120.54434802000014,120.54437626100025,1789785165.0718334,20,1.0,refresh,
,120.56447563200027,120.56450955800028,1789785165.0919611,20,1.0,refresh,
,120.58461081800033,120.58464561500023,1789785165.1120963,20,1.0,refresh,
,120.6047696720002,120.6048491900001,1789785165.1322553,20,1.0,refresh,
,120.62501119100034,120.62516519200017,1789785165.1524968,20,1.0,refresh,
,120.64530748900006,120.64534887800028,1789785165.172793,20,1.0,refresh,
,120.66545252700007,120.66548556399994,1789785165.192938,20,1.0,refresh,
,120.68558341700009,120.68561289900026,1789785165.2130687,20,1.0,refresh,
,120.70571088099996,120.70575080700019,1789785165.2331963,20,1.0,refresh,
,120.72586429000012,120.72591123500024,1789785165.2533495,20,1.0,refresh,
,120.7460123840001,120.74604323600033,1789785165.2734978,20,1.0,refresh,
,120.76614857000004,120.76618973700033,1789785165.293634,20,1.0,refresh,
,120.78629040500027,120.78632251600038,1789785165.3137758,20,1.0,refresh,
,120.80642079500012,120.80644899800018,1789785165.3339062,20,1.0,refresh,
,120.82654531400021,120.82657272200004,1789785165.3540306,20,1.0,refresh,
,120.84667140800002,120.84669705600027,1789785165.3741567,20,1.0,refresh,
,120.86680455700025,120.86682946500014,1789785165.39429,20,1.0,refresh,
,120.88695118800024,120.88700050300031,1789785165.4144366,20,1.0,refresh,
,120.90711122600032,120.90715487500029,1789785165.4345965,20,1.0,refresh,
,120.92726276500025,120.92729989400004,1789785165.4547482,20,1.0,refresh,
,120.94740520999994,120.94743456200013,1789785165.4748905,20,1.0,refresh,
,120.96753104500021,120.96756035900034,1789785165.4950163,20,1.0,refresh,
,120.98765743500007,120.98768752700016,1789785165.515143,20,1.0,refresh,
,121.00779162100025,121.00781919500014,1789785165.5352771,20,1.0,refresh,
,121.0279161960002,121.02794454800005,1789785165.5554016,20,1.0,refresh,
,121.048047494,121.04807490100029,1789785165.575533,20,1.0,refresh,
,121.06817206899996,121.06819977300029,1789785165.5956576,20,1.0,refresh,
,121.08829942200009,121.08832773700033,1789785165.615785,20,1.0,refresh,
,121.108424775,121.10845318200018,1789785165.63591,20,1.0,refresh,
,121.128552313,121.12858160900032,1789785165.6560376,20,1.0,refresh,
,121.14868003600031,121.148705221,1789785165.6761653,20,1.0,refresh,
,121.16881176000015,121.16883863000021,1789785165.6962972,20,1.0,refresh,
,121.18893868700025,121.18896339000003,1789785165.7164242,20,1.0,refresh,
,121.20910065099997,121.20920076200036,1789785165.7365863,20,1.0,refresh,
,121.2293232080001,121.22936889300036,1789785165.7568088,20,1.0,refresh,
,121.2494695790001,121.24950424600001,1789785165.776955,20,1.0,refresh,
,121.26961909900001,121.26965176600015,1789785165.7971046,20,1.0,refresh,
,121.28974906300027,121.28978108199999,1789785165.8172345,20,1.0,refresh,
,121.30988512000022,121.30991302700022,1789785165.8373706,20,1.0,refresh,
,121.33000947300025,121.33003858400025,1789785165.8574948,20,1.0,refresh,
,121.35013593700023,121.35016243700011,1789785165.8776212,20,1.0,refresh,
,121.37025877099995,121.37028597500012,1789785165.8977442,20,1.0,refresh,
,121.39039114300022,121.39042560600001,1789785165.9178767,20,1.0,refresh,
,121.4105336990001,121.41058642200005,1789785165.938019,20,1.0,refresh,
,121.43069657100023,121.43074568200018,1789785165.9581819,20,1.0,refresh,
,121.45084551700029,121.45087666500012,1789785165.9783309,20,1.0,refresh,
,121.47097262900024,121.47100177700031,1789785165.9984581,20,1.0,refresh,
,121.49112349999996,121.49117526000009,1789785166.0186088,20,1.0,refresh,
,121.51129387200035,121.51134563100004,1789785166.0387795,20,1.0,refresh,
,121.5314490400001,121.53148844700036,1789785166.0589345,20,1.0,refresh,
,121.55159061500035,121.55163383700028,1789785166.079076,20,1.0,refresh,
,121.57173389400032,121.57176495000022,1789785166.099219,20,1.0,refresh,
,121.59187217299996,121.5919249880003,1789785166.1193576,20,1.0,refresh,
,121.61202706300037,121.61206093300007,1789785166.1395125,20,1.0,refresh,
,121.63219726800025,121.63228995300005,1789785166.1596828,20,1.0,refresh,
,121.6524036400001,121.65245226900015,1789785166.1798892,20,1.0,refresh,
,121.67256108500032,121.67261278900014,1789785166.2000465,20,1.0,refresh,
,121.69273514199995,121.69276929000034,1789785166.2202203,20,1.0,refresh,
,121.71287471699998,121.71290481000005,1789785166.2403603,20,1.0,refresh,
,121.73301370000036,121.73306544100024,1789785166.2604992,20,1.0,refresh,
,121.75318059000028,121.75322992300016,1789785166.280666,20,1.0,refresh,
,121.77333242400027,121.77336499900002,1789785166.300818,20,1.0,refresh,
,121.79346212900009,121.79349200000024,1789785166.3209474,20,1.0,refresh,
,121.81363020500021,121.81374239000024,1789785166.3411157,20,1.0,refresh,
,121.83386883499998,121.83392418700032,1789785166.3613548,20,1.0,refresh,
,121.85402826300015,121.85406644800014,1789785166.3815138,20,1.0,refresh,
,121.87416393000012,121.87419524500001,1789785166.4016495,20,1.0,refresh,
,121.89435343200012,121.89443206100032,1789785166.4218388,20,1.0,refresh,
,121.91456143300002,121.91462685900024,1789785166.4420469,20,1.0,refresh,
,121.93474484200033,121.93479478600011,1789785166.4622302,20,1.0,refresh,
,121.95490278700026,121.95494234300031,1789785166.4823883,20,1.0,refresh,
,121.97504797400006,121.97508634400037,1789785166.5025334,20,1.0,refresh,
,121.99520015999997,121.99523993799994,1789785166.5226858,20,1.0,refresh,
,122.0153504760001,122.015392883,1789785166.542836,20,1.0,refresh,
,122.03550464399996,122.03554232900024,1789785166.5629902,20,1.0,refresh,
,122.05564866300028,122.05568849700012,1789785166.5831342,20,1.0,refresh,
,122.07580768300022,122.0758453870003,1789785166.6032932,20,1.0,refresh,
,122.09595474000025,122.09599333300002,1789785166.62344,20,1.0,refresh,
,122.11609996300012,122.11613894500033,1789785166.6435854,20,1.0,refresh,
,122.13624987200001,122.13628811300032,1789785166.6637354,20,1.0,refresh,
,122.15639387300007,122.15643139200029,1789785166.6838794,20,1.0,refresh,
,122.17654143000027,122.17658224500019,1789785166.704027,20,1.0,refresh,
,122.1966929680002,122.1967393570003,1789785166.7241783,20,1.0,refresh,
,122.216846025,122.21688124699995,1789785166.7443316,20,1.0,refresh,
,122.23702184100011,122.23705908200009,1789785166.7645073,20,1.0,refresh,
,122.25715556400019,122.25718543400035,1789785166.784641,20,1.0,refresh,
,122.27727982400029,122.27730751000036,1789785166.8047652,20,1.0,refresh,
,122.29740154800038,122.2974286030003,1789785166.8248868,20,1.0,refresh,
,122.31752116000007,122.31754786400006,1789785166.8450067,20,1.0,refresh,
,122.33764234599994,122.33766862400034,1789785166.8651276,20,1.0,refresh,
,122.35773156999994,122.35775827299994,1789785166.885217,20,1.0,refresh,
,122.37785136699995,122.37787831100013,1789785166.9053369,20,1.0,refresh,
,122.39797868300002,122.39802335000013,1789785166.9254642,20,1.0,refresh,
,122.41812318400025,122.41817407300005,1789785166.9456086,20,1.0,refresh,
,122.43827146300009,122.43831361100001,1789785166.965757,20,1.0,refresh,
,122.45840835300032,122.4584404090001,1789785166.985894,20,1.0,refresh,
,122.47853857600012,122.47859087300003,1789785167.0060241,20,1.0,refresh,
,122.49869933700029,122.49874107799997,1789785167.0261848,20,1.0,refresh,
,122.51886052300006,122.51889548600002,1789785167.046346,20,1.0,refresh,
,122.53899309799999,122.53902226500031,1789785167.0664785,20,1.0,refresh,
,122.55912680300025,122.55915497000024,1789785167.0866122,20,1.0,refresh,
,122.57925384100008,122.57928923000009,1789785167.1067393,20,1.0,refresh,
,122.59938899100007,122.59942489800005,1789785167.1268744,20,1.0,refresh,
,122.61952414000007,122.61955447300033,1789785167.1470096,20,1.0,refresh,
,122.6396545120001,122.63970638199999,1789785167.1671398,20,1.0,refresh,
,122.6598289020003,122.65986886500013,1789785167.1873145,20,1.0,refresh,
,122.67997119900019,122.68001284699994,1789785167.2074566,20,1.0,refresh,
,122.70011836699996,122.70015179300026,1789785167.2276037,20,1.0,refresh,
,122.72024914600024,122.72027803500032,1789785167.2477345,20,1.0,refresh,
,122.74038248000033,122.74042653600009,1789785167.2678678,20,1.0,refresh,
,122.76053922200026,122.76057640800036,1789785167.2880247,20,1.0,refresh,
,122.78067463100024,122.78070603800006,1789785167.30816,20,1.0,refresh,
,122.80081148399995,122.80083928000022,1789785167.328297,20,1.0,refresh,
,122.82093611500022,122.82096409600035,1789785167.3484213,20,1.0,refresh,
,122.84106072700024,122.84108785600029,1789785167.368546,20,1.0,refresh,
,122.86118345000023,122.86121228399998,1789785167.388669,20,1.0,refresh,
,122.88133028500033,122.88140160000012,1789785167.4088159,20,1.0,refresh,
,122.90150761900031,122.9015372670001,1789785167.428993,20,1.0,refresh,
,122.92163282399997,122.92167112000016,1789785167.4491181,20,1.0,refresh,
,122.94177828800002,122.94181202900018,1789785167.4692636,20,1.0,refresh,
,122.96191030800037,122.96193760400001,1789785167.4893956,20,1.0,refresh,
,122.98203314200009,122.98205967900003,1789785167.5095186,20,1.0,refresh,
,123.00216034699997,123.00219625499994,1789785167.529646,20,1.0,refresh,
,123.02229177400022,123.022330108,1789785167.5497773,20,1.0,refresh,
,123.04243857200026,123.04247342400004,1789785167.569924,20,1.0,refresh,
,123.06257060999997,123.06259818400031,1789785167.590056,20,1.0,refresh,
,123.08269529600011,123.08273477800003,1789785167.6101806,20,1.0,refresh,
,123.10283364900033,123.10286094499997,1789785167.630319,20,1.0,refresh,
,123.12295761300038,123.12298616900034,1789785167.650443,20,1.0,refresh,
,123.14308424399997,123.14311648500006,1789785167.6705697,20,1.0,refresh,
,123.16322430100035,123.16325500400035,1789785167.6907098,20,1.0,refresh,
,123.18335189400023,123.18338209800004,1789785167.7108374,20,1.0,refresh,
,123.20348069200008,123.20351256200001,1789785167.730966,20,1.0,refresh,
,123.22360987799993,123.22363674899998,1789785167.7510953,20,1.0,refresh,
,123.24373650899997,123.24376417600024,1789785167.771222,20,1.0,refresh,
,123.26387464000027,123.26391902900014,1789785167.79136,20,1.0,refresh,
,123.28402473300002,123.28405512200015,1789785167.8115103,20,1.0,refresh,
,123.3041528460003,123.30418066100037,1789785167.8316383,20,1.0,refresh,
,123.32427749499993,123.32430392100014,1789785167.851763,20,1.0,refresh,
,123.34440138500031,123.34443382900008,1789785167.8718867,20,1.0,refresh,
,123.36453497900038,123.36456309000005,1789785167.8920205,20,1.0,refresh,
,123.38466983200033,123.3847109430003,1789785167.9121554,20,1.0,refresh,
,123.40483200000017,123.4048764070003,1789785167.9323175,20,1.0,refresh,
,123.424976797,123.42501183400009,1789785167.9524624,20,1.0,refresh,
,123.44510902000002,123.44513707600026,1789785167.9725945,20,1.0,refresh,
,123.46523492899996,123.46526057700021,1789785167.9927206,20,1.0,refresh,
,123.48535835600023,123.48540483700026,1789785168.0128438,20,1.0,refresh,
,123.50550454200038,123.50553263500024,1789785168.03299,20,1.0,refresh,
,123.5256285800001,123.52566265500036,1789785168.053114,20,1.0,refresh,
,123.54575967400024,123.5457940260003,1789785168.0732453,20,1.0,refresh,
,123.56590039799994,123.56593184200028,1789785168.0933857,20,1.0,refresh,
,123.58603701000038,123.58607914000004,1789785168.1135228,20,1.0,refresh,
,123.606180752,123.60621643700006,1789785168.133666,20,1.0,refresh,
,123.62632766000024,123.62637823400019,1789785168.153813,20,1.0,refresh,
,123.64647936500023,123.6465336250003,1789785168.1739647,20,1.0,refresh,
,123.66663168100013,123.66666086600026,1789785168.194117,20,1.0,refresh,
,123.68676747900008,123.68680149700003,1789785168.2142527,20,1.0,refresh,
,123.70691527600002,123.70694560900029,1789785168.2344007,20,1.0,refresh,
,123.7270620180002,123.72710461099996,1789785168.2545474,20,1.0,refresh,
,123.74720909300004,123.74724300100024,1789785168.2746944,20,1.0,refresh,
,123.76734311300015,123.76737883500027,1789785168.2948287,20,1.0,refresh,
,123.78748898399999,123.78752698400012,1789785168.3149745,20,1.0,refresh,
,123.80762574500022,123.80765700400025,1789785168.3351111,20,1.0,refresh,
,123.82775713499996,123.82778220900036,1789785168.3552425,20,1.0,refresh,
,123.84787885800006,123.84790754300002,1789785168.375364,20,1.0,refresh,
,123.86800498900038,123.86803113700034,1789785168.3954904,20,1.0,refresh,
,123.88816058300017,123.88824311999997,1789785168.4156463,20,1.0,refresh,
,123.90838802799999,123.90844414000003,1789785168.4358735,20,1.0,refresh,
,123.9285645670002,123.92861630800007,1789785168.45605,20,1.0,refresh,
,123.94873216099995,123.94876399400027,1789785168.4762175,20,1.0,refresh,
,123.96886042100004,123.96888940200006,1789785168.4963458,20,1.0,refresh,
,123.989011441,123.98905792200003,1789785168.516497,20,1.0,refresh,
,124.00916449700026,124.00920736800026,1789785168.53665,20,1.0,refresh,
,124.02932751700018,124.02936573900024,1789785168.556813,20,1.0,refresh,
,124.04946231400027,124.0494933330001,1789785168.5769477,20,1.0,refresh,
,124.06959892700024,124.06962989000021,1789785168.5970845,20,1.0,refresh,
,124.08972831700021,124.08975663199999,1789785168.6172137,20,1.0,refresh,
,124.10985596599994,124.10988141100006,1789785168.6373415,20,1.0,refresh,
,124.1299766520001,124.1300056340001,1789785168.6574621,20,1.0,refresh,
,124.15010178300008,124.15012902400031,1789785168.6775873,20,1.0,refresh,
,124.17022502500004,124.17025159900004,1789785168.6977103,20,1.0,refresh,
,124.190355619,124.19039106300033,1789785168.7178411,20,1.0,refresh,
,124.21053445300004,124.210637657,1789785168.7380202,20,1.0,refresh,
,124.23078571400038,124.23083352899994,1789785168.7582712,20,1.0,refresh,
,124.25093323400006,124.2509703630003,1789785168.7784188,20,1.0,refresh,
,124.27106810500027,124.27110695700003,1789785168.7985537,20,1.0,refresh,
,124.29121423600009,124.29124653200006,1789785168.8186996,20,1.0,refresh,
,124.3113503110003,124.31137945900036,1789785168.8388357,20,1.0,refresh,
,124.33148362700013,124.33152327500011,1789785168.858969,20,1.0,refresh,
,124.35162590600021,124.35165886899995,1789785168.8791115,20,1.0,refresh,
,124.3717598520002,124.37178653699993,1789785168.8992453,20,1.0,refresh,
,124.391883538,124.39191027900006,1789785168.919369,20,1.0,refresh,
,124.41202305800016,124.412068095,1789785168.9395084,20,1.0,refresh,
,124.43217546599999,124.43221922500015,1789785168.959661,20,1.0,refresh,
,124.45232000400028,124.45235004100005,1789785168.9798055,20,1.0,refresh,
,124.47244735699996,124.47247620899998,1789785168.9999328,20,1.0,refresh,
,124.49259515500034,124.49264645100038,1789785169.0200806,20,1.0,refresh,
,124.51275026700023,124.51279311899998,1789785169.0402358,20,1.0,refresh,
,124.53289339799994,124.53293560200018,1789785169.0603788,20,1.0,refresh,
,124.55303454700015,124.55306791800012,1789785169.08052,20,1.0,refresh,
,124.57317606700008,124.57322471500038,1789785169.1006615,20,1.0,refresh,
,124.5933384570003,124.59338910500037,1789785169.120824,20,1.0,refresh,
,124.61349979100032,124.61353232800002,1789785169.140985,20,1.0,refresh,
,124.63364762600031,124.633706867,1789785169.161133,20,1.0,refresh,
,124.65383920100021,124.65390566400038,1789785169.1813247,20,1.0,refresh,
,124.6740309060001,124.67409470300026,1789785169.2015166,20,1.0,refresh,
,124.69422183300003,124.69427012999995,1789785169.2217073,20,1.0,refresh,
,124.7144022790003,124.71443890900036,1789785169.2418878,20,1.0,refresh,
,124.73454139100022,124.73458057700009,1789785169.2620268,20,1.0,refresh,
,124.75468035500035,124.7547147260002,1789785169.2821658,20,1.0,refresh,
,124.77483189400027,124.77487548600038,1789785169.3023174,20,1.0,refresh,
,124.79498769100019,124.79503294999995,1789785169.3224733,20,1.0,refresh,
,124.81517196999994,124.815269618,1789785169.3426576,20,1.0,refresh,
,124.83539282300035,124.83543962000022,1789785169.3628783,20,1.0,refresh,
,124.85554112099999,124.85557560200004,1789785169.3830264,20,1.0,refresh,
,124.87568130700038,124.87571182600004,1789785169.4031668,20,1.0,refresh,
,124.8958407160003,124.89591510500031,1789785169.4233263,20,1.0,refresh,
,124.91604181000002,124.91609743900017,1789785169.4435275,20,1.0,refresh,
,124.93620807000025,124.93626303300016,1789785169.4636936,20,1.0,refresh,
,124.95636709000019,124.9564006820001,1789785169.4838526,20,1.0,refresh,
,124.97651944300014,124.97655146100033,1789785169.504005,20,1.0,refresh,
,124.996672666,124.99671392500022,1789785169.5241582,20,1.0,refresh,
,125.01681933400005,125.01684946400019,1789785169.5443048,20,1.0,refresh,
,125.03691726100033,125.03694516800033,1789785169.5644026,20,1.0,refresh,
,125.05701394700009,125.05704122500038,1789785169.5844994,20,1.0,refresh,
,125.07713409600001,125.07716043000028,1789785169.6046195,20,1.0,refresh,
,125.09725413500018,125.09728007900003,1789785169.6247396,20,1.0,refresh,
,125.11737263600025,125.11739839500024,1789785169.6448581,20,1.0,refresh,
,125.1374928590003,125.13752498900021,1789785169.6649783,20,1.0,refresh,
,125.15762126800018,125.15765174900025,1789785169.6851068,20,1.0,refresh,
,125.17773521300023,125.17776891700032,1789785169.7052207,20,1.0,refresh,
,125.19786604800038,125.19789652899999,1789785169.7253513,20,1.0,refresh,
,125.21799230800025,125.2180217340001,1789785169.7454777,20,1.0,refresh,
,125.23811727200018,125.23814497600006,1789785169.7656026,20,1.0,refresh,
,125.25824092100038,125.25826929200002,1789785169.7857263,20,1.0,refresh,
,125.27836460800017,125.27839164500028,1789785169.8058498,20,1.0,refresh,
,125.29848551600026,125.29851157200028,1789785169.825971,20,1.0,refresh,
,125.318605295,125.31863164700007,1789785169.8460908,20,1.0,refresh,
,125.33872931500036,125.3387612040001,1789785169.8662148,20,1.0,refresh,
,125.35886263100019,125.3588893340002,1789785169.886348,20,1.0,refresh,
,125.3789854470001,125.3790161500001,1789785169.906471,20,1.0,refresh,
,125.3991181880001,125.39915750299997,1789785169.9266038,20,1.0,refresh,
,125.4192626160002,125.41932063400009,1789785169.9467485,20,1.0,refresh,
,125.4394218020002,125.43946732099994,1789785169.966907,20,1.0,refresh,
,125.45956584000032,125.4596004330001,1789785169.9870512,20,1.0,refresh,
,125.47970143400016,125.4797597300003,1789785170.007187,20,1.0,refresh,
,125.49986269400006,125.499900583,1789785170.0273483,20,1.0,refresh,
,125.51999788100011,125.5200355840002,1789785170.0474834,20,1.0,refresh,
,125.54013845600002,125.54017414100008,1789785170.0676239,20,1.0,refresh,
,125.56028429000025,125.56031630899997,1789785170.0877695,20,1.0,refresh,
,125.58041692100005,125.580454551,1789785170.1079023,20,1.0,refresh,
,125.60055497800022,125.60059201500007,1789785170.1280406,20,1.0,refresh,
,125.6206897750003,125.62072494200038,1789785170.148175,20,1.0,refresh,
,125.64082649900001,125.64085373900025,1789785170.1683118,20,1.0,refresh,
,125.66095338900004,125.66100148100031,1789785170.188439,20,1.0,refresh,
,125.68110455700025,125.68114609400027,1789785170.20859,20,1.0,refresh,
,125.70124744700024,125.70128591000002,1789785170.2287328,20,1.0,refresh,
,125.72138435500028,125.72141535500032,1789785170.2488697,20,1.0,refresh,
,125.74151426400022,125.74154952300023,1789785170.2689996,20,1.0,refresh,
,125.76164828300034,125.76168250599994,1789785170.2891338,20,1.0,refresh,
,125.78178063600035,125.78181004399994,1789785170.3092659,20,1.0,refresh,
,125.80191052600003,125.80194576700023,1789785170.329396,20,1.0,refresh,
,125.82204580500002,125.82208093500003,1789785170.3495312,20,1.0,refresh,
,125.84218182500035,125.84220902900006,1789785170.3696673,20,1.0,refresh,
,125.86230565899996,125.862336271,1789785170.389791,20,1.0,refresh,
,125.88243210500013,125.8824603830003,1789785170.4099174,20,1.0,refresh,
,125.90255588400032,125.90260292100038,1789785170.4300413,20,1.0,refresh,
,125.92272860699995,125.92276599600018,1789785170.450214,20,1.0,refresh,
,125.94288403400014,125.94292270100004,1789785170.4703696,20,1.0,refresh,
,125.96302062800032,125.96305109100012,1789785170.490506,20,1.0,refresh,
,125.98314748100029,125.9831763330003,1789785170.510633,20,1.0,refresh,
126.0,126.0000687910001,126.00009734700006,1789785170.527554,21,0.0,step,0.06879100010337424
,126.02035862599996,126.02075053399994,1789785170.5478446,21,0.0,refresh,
,126.04099420200009,126.04107157199996,1789785170.5684798,21,0.0,refresh,
,126.06117799899994,126.06122531400024,1789785170.5886633,21,0.0,refresh,
,126.08132557499994,126.08136014900037,1789785170.608811,21,0.0,refresh,
,126.10146053900007,126.10148850199994,1789785170.6289458,21,0.0,refresh,
,126.12158591000025,126.12161405799998,1789785170.6490715,21,0.0,refresh,
,126.14171256000009,126.14175141100031,1789785170.669198,21,0.0,refresh,
,126.16193257900022,126.16244334000021,1789785170.6894183,21,0.0,refresh,
,126.1847860490002,126.18489586400028,1789785170.7122717,21,0.0,refresh,
,126.20505130900028,126.2051745130002,1789785170.7325368,21,0.0,refresh,
,126.22533681100003,126.22546421800007,1789785170.7528226,21,0.0,refresh,
,126.24562040499995,126.2457482750001,1789785170.773106,21,0.0,refresh,
,126.26884881900014,126.26913833800018,1789785170.7963352,21,0.0,refresh,
,126.28936900600002,126.28944419200025,1789785170.8168545,21,0.0,refresh,
,126.3095675630002,126.3096060820003,1789785170.8370528,21,0.0,refresh,
,126.32970884199995,126.32973882400029,1789785170.8571942,21,0.0,refresh,
,126.34984062100011,126.34987923200015,1789785170.877326,21,0.0,refresh,
,126.36998493700003,126.37002441799996,1789785170.8974705,21,0.0,refresh,
,126.3901380860002,126.39017773400019,1789785170.9176235,21,0.0,refresh,
,126.41029225400007,126.41033388400001,1789785170.9377778,21,0.0,refresh,
,126.43043818100023,126.43047771800002,1789785170.9579237,21,0.0,refresh,
,126.45058299700031,126.45062046000021,1789785170.9780686,21,0.0,refresh,
,126.4707304980002,126.47076779500003,1789785170.998216,21,0.0,refresh,
,126.4908825550001,126.49092133300019,1789785171.018368,21,0.0,refresh,
,126.5110366670001,126.51107635300013,1789785171.038522,21,0.0,refresh,
,126.53117709400021,126.53121253900008,1789785171.0586627,21,0.0,refresh,
,126.5513244660001,126.55136337300019,1789785171.0788097,21,0.0,refresh,
,126.57146763400033,126.57150924500002,1789785171.0989532,21,0.0,refresh,
,126.59162750500036,126.59170361700035,1789785171.119113,21,0.0,refresh,
,126.61182695100024,126.61187102500026,1789785171.1393123,21,0.0,refresh,
,126.63193935900017,126.63199973000019,1789785171.159425,21,0.0,refresh,
,126.65211126800023,126.65216367600033,1789785171.179597,21,0.0,refresh,
,126.67226851000032,126.67230826900004,1789785171.199754,21,0.0,refresh,
,126.69241582600034,126.69245193699999,1789785171.219901,21,0.0,refresh,
,126.71255884600032,126.71259493800017,1789785171.2400444,21,0.0,refresh,
,126.73269964300016,126.73274566200007,1789785171.260185,21,0.0,refresh,
,126.75285764399996,126.75289618100032,1789785171.280343,21,0.0,refresh,
,126.77299979400004,126.77303881200032,1789785171.3004851,21,0.0,refresh,
,126.79314673900035,126.79318297999998,1789785171.3206322,21,0.0,refresh,
,126.81328872200038,126.81332790700026,1789785171.340774,21,0.0,refresh,
,126.83345561200031,126.83353296400037,1789785171.3609412,21,0.0,refresh,
,126.85364979800033,126.85369274300001,1789785171.3811355,21,0.0,refresh,
,126.87380500300014,126.87384441099994,1789785171.4012904,21,0.0,refresh,
,126.89680038000006,126.89692536200027,1789785171.4242861,21,0.0,refresh,
,126.91700295600003,126.9170841590003,1789785171.4444888,21,0.0,refresh,
,126.9371872720003,126.93726514200034,1789785171.4646728,21,0.0,refresh,
,126.95738290300005,126.95746477300008,1789785171.4848683,21,0.0,refresh,
,126.97758149600031,126.97767934800004,1789785171.5050666,21,0.0,refresh,
,126.99791614600008,126.99804918300015,1789785171.5254018,21,0.0,refresh,
,127.01815377699995,127.01823435100005,1789785171.5456393,21,0.0,refresh,
,127.03834374100006,127.03838111200002,1789785171.565829,21,0.0,refresh,
,127.05848683500017,127.05852155699995,1789785171.5859723,21,0.0,refresh,
,127.0786280770003,127.07866202100013,1789785171.6061134,21,0.0,refresh,
,127.09873931900029,127.09877748500003,1789785171.6262248,21,0.0,refresh,
,127.11887904200012,127.11891159800007,1789785171.6463645,21,0.0,refresh,
,127.13901226500002,127.13904619100003,1789785171.6664977,21,0.0,refresh,
,127.15915597000003,127.15918661900014,1789785171.6866415,21,0.0,refresh,
,127.17929199000037,127.17933182300021,1789785171.7067773,21,0.0,refresh,
,127.19943693599998,127.19947550999996,1789785171.7269225,21,0.0,refresh,
,127.21957547400007,127.21963440000036,1789785171.747061,21,0.0,refresh,
,127.23973116000025,127.23976762300026,1789785171.7672167,21,0.0,refresh,
,127.2598650320001,127.25989680900011,1789785171.7873504,21,0.0,refresh,
,127.27999566200015,127.28002971800015,1789785171.807481,21,0.0,refresh,
,127.30014007099999,127.30017899700033,1789785171.8276255,21,0.0,refresh,
,127.32027788699997,127.32030968300023,1789785171.8477633,21,0.0,refresh,
,127.34040774000005,127.34044048100031,1789785171.8678932,21,0.0,refresh,
,127.36053962999995,127.36057324100011,1789785171.888025,21,0.0,refresh,
,127.38067857600026,127.38072737200036,1789785171.908164,21,0.0,refresh,
,127.40084333599998,127.40088135500037,1789785171.9283288,21,0.0,refresh,
,127.42098000400028,127.42101426299996,1789785171.9484653,21,0.0,refresh,
,127.44112043099994,127.44115363500032,1789785171.9686058,21,0.0,refresh,
,127.46126171000014,127.46129150600018,1789785171.9887471,21,0.0,refresh,
,127.48138869200011,127.48142098900007,1789785172.008874,21,0.0,refresh,
,127.50152484199998,127.50156334200028,1789785172.02901,21,0.0,refresh,
,127.52166288000035,127.5216954360003,1789785172.049148,21,0.0,refresh,
,127.54179939999995,127.5418325290002,1789785172.069285,21,0.0,refresh,
,127.5619308270002,127.56196223400002,1789785172.0894163,21,0.0,refresh,
,127.58206462399994,127.58210405,1789785172.10955,21,0.0,refresh,
,127.6022395140003,127.6023308660001,1789785172.1297252,21,0.0,refresh,
,127.62244086700002,127.62247775600008,1789785172.1499264,21,0.0,refresh,
,127.64257920199998,127.64260953500025,1789785172.1700647,21,0.0,refresh,
,127.66270853600008,127.66274870300003,1789785172.190194,21,0.0,refresh,
,127.68285800000012,127.68289722300005,1789785172.2103434,21,0.0,refresh,
,127.703001631,127.70304142800023,1789785172.230487,21,0.0,refresh,
,127.72314263199996,127.7231752810003,1789785172.250628,21,0.0,refresh,
,127.74327035600027,127.74330380000038,1789785172.2707558,21,0.0,refresh,
,127.76341094899999,127.76344409800004,1789785172.2908964,21,0.0,refresh,
,127.7835552280003,127.78360574700037,1789785172.3110409,21,0.0,refresh,
,127.8037168410001,127.80375952600025,1789785172.3312023,21,0.0,refresh,
,127.82389910100028,127.8239702310002,1789785172.3513846,21,0.0,refresh,
,127.84408691700037,127.84415047300035,1789785172.3715725,21,0.0,refresh,
,127.86425828900019,127.86431140000013,1789785172.3917437,21,0.0,refresh,
,127.8844127530001,127.88445114200022,1789785172.4118981,21,0.0,refresh,
,127.9045502910003,127.90458155000033,1789785172.4320357,21,0.0,refresh,
,127.92467962599994,127.92470923700012,1789785172.4521651,21,0.0,refresh,
,127.94481690500015,127.94486059000019,1789785172.4723024,21,0.0,refresh,
,127.96497727600035,127.96503331300028,1789785172.4924629,21,0.0,refresh,
,127.98514120300024,127.98517366600026,1789785172.5126266,21,0.0,refresh,
,128.00527366699998,128.00530531599998,1789785172.532759,21,0.0,refresh,
,128.02540990900025,128.0254453540001,1789785172.5528953,21,0.0,refresh,
,128.04554533600003,128.04557707699996,1789785172.5730307,21,0.0,refresh,
,128.06567587400014,128.065703967,1789785172.593161,21,0.0,refresh,
,128.08580824599994,128.08583587600015,1789785172.6132936,21,0.0,refresh,
,128.10593356200025,128.10596217300008,1789785172.633419,21,0.0,refresh,
,128.12605798899995,128.12608473,1789785172.6535435,21,0.0,refresh,
,128.14619021199996,128.14623352700028,1789785172.6736758,21,0.0,refresh,
,128.16633302800028,128.16636345400002,1789785172.6938183,21,0.0,refresh,
,128.18647158500016,128.18651377000015,1789785172.713957,21,0.0,refresh,
,128.2066177900001,128.20664464200036,1789785172.7341032,21,0.0,refresh,
,128.22675256900038,128.226789198,1789785172.754238,21,0.0,refresh,
,128.24688899600005,128.24691594000024,1789785172.7743745,21,0.0,refresh,
,128.26702460800016,128.26706559000013,1789785172.7945101,21,0.0,refresh,
,128.28716562800037,128.28719835000038,1789785172.8146513,21,0.0,refresh,
,128.30729633300007,128.30732379600022,1789785172.8347816,21,0.0,refresh,
,128.32742179700017,128.32744709300005,1789785172.854907,21,0.0,refresh,
,128.347552446,128.34759477900025,1789785172.875038,21,0.0,refresh,
,128.36770805800006,128.36774513199998,1789785172.8951933,21,0.0,refresh,
,128.3878424110003,128.38786991100005,1789785172.9153278,21,0.0,refresh,
,128.40796978300023,128.40800159800028,1789785172.9354553,21,0.0,refresh,
,128.4281123210003,128.42816817300036,1789785172.9555979,21,0.0,refresh,
,128.44826634100036,128.44829635900032,1789785172.9757516,21,0.0,refresh,
,128.46840156400003,128.46842850800022,1789785172.9958868,21,0.0,refresh,
,128.48852450999993,128.4885507500003,1789785173.01601,21,0.0,refresh,
,128.50865286299995,128.5086792510001,1789785173.0361383,21,0.0,refresh,
,128.52878036400034,128.52881601200033,1789785173.0562658,21,0.0,refresh,
,128.54892445700034,128.54897110599995,1789785173.0764098,21,0.0,refresh,
,128.56907284700037,128.56910236600015,1789785173.0965583,21,0.0,refresh,
,128.589202312,128.58922883000014,1789785173.1166875,21,0.0,refresh,
,128.60934590500028,128.60941588700007,1789785173.1368313,21,0.0,refresh,
,128.6295438320003,128.6295756290001,1789785173.1570292,21,0.0,refresh,
,128.64967174100002,128.64970127800007,1789785173.1771572,21,0.0,refresh,
,128.6698122050002,128.6698393720003,1789785173.1972976,21,0.0,refresh,
,128.6899450400001,128.68998800300005,1789785173.2174306,21,0.0,refresh,
,128.71009605900008,128.7101255040002,1789785173.2375815,21,0.0,refresh,
,128.7302302830003,128.73026944899993,1789785173.2577157,21,0.0,refresh,
,128.7503770430003,128.75041806200034,1789785173.2778623,21,0.0,refresh,
,128.77051685900005,128.77054585900032,1789785173.2980022,21,0.0,refresh,
,128.79065047099994,128.79068378600005,1789785173.3181357,21,0.0,refresh,
,128.81078395400027,128.81081228700032,1789785173.3382695,21,0.0,refresh,
,128.83090677000018,128.8309360850003,1789785173.358392,21,0.0,refresh,
,128.8510383820003,128.85107749300005,1789785173.3785238,21,0.0,refresh,
,128.87119790199995,128.87127371700035,1789785173.3986833,21,0.0,refresh,
,128.89138342200022,128.8914166620002,1789785173.4188688,21,0.0,refresh,
,128.91152234900028,128.9115521640001,1789785173.4390078,21,0.0,refresh,
,128.9316611280001,128.931709554,1789785173.4591467,21,0.0,refresh,
,128.95182888800036,128.9518737960002,1789785173.4793143,21,0.0,refresh,
,128.97198677799997,128.97202526,1789785173.4994721,21,0.0,refresh,
,128.99213726100015,128.9921768160002,1789785173.5196226,21,0.0,refresh,
,129.0122840580002,129.0123153730001,1789785173.5397694,21,0.0,refresh,
,129.03242752200003,129.03248648499994,1789785173.559913,21,0.0,refresh,
,129.05258778300004,129.05261982000002,1789785173.580073,21,0.0,refresh,
,129.07273185800022,129.07276009900033,1789785173.6002173,21,0.0,refresh,
,129.09286363699994,129.09289078500024,1789785173.620349,21,0.0,refresh,
,129.1129874530002,129.1130149710002,1789785173.640473,21,0.0,refresh,
,129.13310908400035,129.1331344360001,1789785173.6605945,21,0.0,refresh,
,129.15324090000013,129.1532826030002,1789785173.6807263,21,0.0,refresh,
,129.17338364200032,129.17341191900005,1789785173.700869,21,0.0,refresh,
,129.19352347600034,129.19356162400027,1789785173.7210088,21,0.0,refresh,
,129.2136644770003,129.21369388500034,1789785173.74115,21,0.0,refresh,
,129.23379677499997,129.23382603400023,1789785173.761282,21,0.0,refresh,
,129.2539218500001,129.25394820200017,1789785173.781407,21,0.0,refresh,
,129.27406036900038,129.27409903600028,1789785173.8015456,21,0.0,refresh,
,129.29420238900002,129.2942312600003,1789785173.8216877,21,0.0,refresh,
,129.31432977900022,129.31435603800037,1789785173.841815,21,0.0,refresh,
,129.33446046500012,129.33450244699998,1789785173.8619459,21,0.0,refresh,
,129.354612911,129.35465415199997,1789785173.8820984,21,0.0,refresh,
,129.37475730100005,129.37478639400024,1789785173.902243,21,0.0,refresh,
,129.39489289500034,129.394936228,1789785173.9223783,21,0.0,refresh,
,129.41503650699997,129.4150654330001,1789785173.9425218,21,0.0,refresh,
,129.43516187900013,129.43518878600025,1789785173.9626472,21,0.0,refresh,
,129.45528480600024,129.45531100900007,1789785173.9827702,21,0.0,refresh,
,129.47540934400013,129.47543458500013,1789785174.0028949,21,0.0,refresh,
,129.49553127100035,129.4955558820002,1789785174.0230167,21,0.0,refresh,
,129.51566053100032,129.51570542000036,1789785174.043146,21,0.0,refresh,
,129.53581508800016,129.53584538400037,1789785174.0633006,21,0.0,refresh,
,129.5559528480003,129.55599657100038,1789785174.0834384,21,0.0,refresh,
,129.57609873800038,129.57612823900035,1789785174.1035843,21,0.0,refresh,
,129.5962441470001,129.5962878690002,1789785174.1237297,21,0.0,refresh,
,129.61642164800014,129.61651207400018,1789785174.143907,21,0.0,refresh,
,129.6366599830003,129.63675353899998,1789785174.1641455,21,0.0,refresh,
,129.65682137300018,129.65685713200037,1789785174.1843066,21,0.0,refresh,
,129.6768883560003,129.67691857800037,1789785174.2043738,21,0.0,refresh,
,129.69701596799996,129.69705959700013,1789785174.2245016,21,0.0,refresh,
,129.71715808,129.71718830200007,1789785174.2446437,21,0.0,refresh,
,129.73735571099996,129.73741130400003,1789785174.2648413,21,0.0,refresh,
,129.75750754499995,129.75754143400036,1789785174.2849927,21,0.0,refresh,
,129.77762951000022,129.77765819500019,1789785174.305115,21,0.0,refresh,
,129.79773214000033,129.79776382499995,1789785174.3252175,21,0.0,refresh,
,129.81786836400033,129.81789854900035,1789785174.3453538,21,0.0,refresh,
,129.83799484600013,129.83802142000013,1789785174.3654802,21,0.0,refresh,
,129.85811823600034,129.85815044000037,1789785174.3856037,21,0.0,refresh,
,129.8782553850001,129.87830564500018,1789785174.4057407,21,0.0,refresh,
,129.89840418300037,129.8984358130001,1789785174.4258895,21,0.0,refresh,
,129.91853148000018,129.91855801700012,1789785174.4460168,21,0.0,refresh,
,129.93867516700038,129.93870314800006,1789785174.4661605,21,0.0,refresh,
,129.95880624200026,129.95883902000014,1789785174.4862916,21,0.0,refresh,
,129.97893611300015,129.97896303900006,1789785174.5064216,21,0.0,refresh,
,129.99906520700006,129.9991048740003,1789785174.5265505,21,0.0,refresh,
,130.01920622700027,130.01923787500027,1789785174.5466917,21,0.0,refresh,
,130.03933463500016,130.03936219100024,1789785174.5668201,21,0.0,refresh,
,130.05946026600031,130.0594850440002,1789785174.5869455,21,0.0,refresh,
,130.07958004500006,130.07960606400002,1789785174.6070654,21,0.0,refresh,
,130.09970049100002,130.09973287900038,1789785174.6271858,21,0.0,refresh,
,130.1198285290002,130.11985560300036,1789785174.6473138,21,0.0,refresh,
,130.13995197400027,130.13997793700037,1789785174.6674373,21,0.0,refresh,
,130.1600748830001,130.16010760500012,1789785174.68756,21,0.0,refresh,
,130.18020438400026,130.18023499500032,1789785174.7076898,21,0.0,refresh,
,130.20033257000023,130.20035995900025,1789785174.727818,21,0.0,refresh,
,130.22047849700039,130.22055268300028,1789785174.747964,21,0.0,refresh,
,130.2409080550001,130.24094698099998,1789785174.7683935,21,0.0,refresh,
,130.261061445,130.26109057400026,1789785174.7885468,21,0.0,refresh,
,130.2811897050001,130.281223298,1789785174.808675,21,0.0,refresh,
,130.3013271320001,130.3013567060002,1789785174.8288126,21,0.0,refresh,
,130.32145296700037,130.32147937400032,1789785174.8489382,21,0.0,refresh,
,130.3415751710004,130.34160520900014,1789785174.8690605,21,0.0,refresh,
,130.36171071000035,130.36175033900008,1789785174.889196,21,0.0,refresh,
,130.38184965500022,130.38187800700007,1789785174.9093351,21,0.0,refresh,
,130.40197995300014,130.40201471199998,1789785174.9294653,21,0.0,refresh,
,130.42212012000027,130.42214989800004,1789785174.9496057,21,0.0,refresh,
,130.44224960300016,130.44227510300016,1789785174.969735,21,0.0,refresh,
,130.46236967799996,130.46239658600007,1789785174.989855,21,0.0,refresh,
,130.48249066100016,130.48251638300007,1789785175.0099761,21,0.0,refresh,
,130.50261108800032,130.50263766200032,1789785175.0300963,21,0.0,refresh,
,130.5227318850002,130.52275695900016,1789785175.0502172,21,0.0,refresh,
,130.54285890500023,130.54288946099996,1789785175.0703442,21,0.0,refresh,
,130.56298786900015,130.56302336900035,1789785175.0904732,21,0.0,refresh,
,130.58312785199996,130.58315729600008,1789785175.1106133,21,0.0,refresh,
,130.60325614900012,130.60328942700016,1789785175.1307416,21,0.0,refresh,
,130.62338807600008,130.62343678000025,1789785175.150874,21,0.0,refresh,
,130.64353681800003,130.6435663000002,1789785175.1710224,21,0.0,refresh,
,130.66367004099993,130.66369750400008,1789785175.1911554,21,0.0,refresh,
,130.6838007460001,130.68383609800003,1789785175.2112863,21,0.0,refresh,
,130.7039456550001,130.70398509899996,1789785175.2314312,21,0.0,refresh,
,130.72408626700008,130.72411698900032,1789785175.2515717,21,0.0,refresh,
,130.74421660200005,130.74424984200004,1789785175.271702,21,0.0,refresh,
,130.7643538430002,130.76439341800005,1789785175.2918391,21,0.0,refresh,
,130.78449399300007,130.78452506700023,1789785175.3119795,21,0.0,refresh,
,130.804622698,130.80465075300026,1789785175.332108,21,0.0,refresh,
,130.82477553200033,130.82485868000003,1789785175.352261,21,0.0,refresh,
,130.84497579300023,130.84500940399994,1789785175.3724613,21,0.0,refresh,
,130.86512697900025,130.86517792400036,1789785175.3926125,21,0.0,refresh,
,130.88528118400018,130.88532548000012,1789785175.4127667,21,0.0,refresh,
,130.90543355499995,130.9054690930002,1789785175.432919,21,0.0,refresh,
,130.92557433399998,130.92560248300015,1789785175.45306,21,0.0,refresh,
,130.94569741000032,130.94573511299996,1789785175.4731827,21,0.0,refresh,
,130.96583198500002,130.96586541100032,1789785175.4933174,21,0.0,refresh,
,130.985963912,130.98599365300015,1789785175.5134492,21,0.0,refresh,
,131.00609789400005,131.0061363760001,1789785175.5335834,21,0.0,refresh,
,131.0262360810002,131.02626819200032,1789785175.5537214,21,0.0,refresh,
,131.046366174,131.0463931930003,1789785175.5738516,21,0.0,refresh,
,131.0664884900002,131.0665172680001,1789785175.5939739,21,0.0,refresh,
,131.08661564000022,131.08664056600037,1789785175.614101,21,0.0,refresh,
,131.10673793700016,131.10676323300004,1789785175.6342235,21,0.0,refresh,
,131.1268606970002,131.126885142,1789785175.654346,21,0.0,refresh,
,131.14698236499999,131.14700679099997,1789785175.6744678,21,0.0,refresh,
,131.16710347800017,131.16713710700014,1789785175.694589,21,0.0,refresh,
,131.1872465710003,131.18727579400002,1789785175.714732,21,0.0,refresh,
,131.20737355400024,131.207401313,1789785175.734859,21,0.0,refresh,
,131.22749909200002,131.22752372200011,1789785175.7549844,21,0.0,refresh,
,131.24762040800033,131.24764431500034,1789785175.7751057,21,0.0,refresh,
,131.26774222400036,131.26777079800013,1789785175.7952278,21,0.0,refresh,
,131.28786955800024,131.28789383599997,1789785175.8153548,21,0.0,refresh,
,131.30798859700008,131.30801420800026,1789785175.835474,21,0.0,refresh,
,131.3281115980003,131.32813519,1789785175.855597,21,0.0,refresh,
,131.3482310620002,131.348255117,1789785175.8757164,21,0.0,refresh,
,131.36835258100018,131.36838622999994,1789785175.895838,21,0.0,refresh,
,131.38849787900017,131.38852832300017,1789785175.9159834,21,0.0,refresh,
,131.40863449100016,131.4086814540001,1789785175.93612,21,0.0,refresh,
,131.42878086300016,131.42881128900035,1789785175.9562662,21,0.0,refresh,
,131.4489082340001,131.44893797500026,1789785175.9763937,21,0.0,refresh,
,131.46903560600003,131.46906484600004,1789785175.996521,21,0.0,refresh,
,131.4891658470001,131.48920358800024,1789785176.0166512,21,0.0,refresh,
,131.50930497800027,131.50933334900037,1789785176.0367904,21,0.0,refresh,
,131.5294328130003,131.52945803500006,1789785176.0569184,21,0.0,refresh,
,131.54956009200032,131.54960192499993,1789785176.0770454,21,0.0,refresh,
,131.56970377800008,131.56974583400006,1789785176.0971892,21,0.0,refresh,
,131.58985535300008,131.58988511300004,1789785176.1173406,21,0.0,refresh,
,131.60998637300008,131.61001766900017,1789785176.1374717,21,0.0,refresh,
,131.63015200400014,131.63019874400015,1789785176.1576374,21,0.0,refresh,
,131.65029857900026,131.65033000500034,1789785176.177784,21,0.0,refresh,
,131.67043715399996,131.6704678760002,1789785176.1979225,21,0.0,refresh,
,131.69056474800027,131.6905939520002,1789785176.21805,21,0.0,refresh,
,131.71069328600015,131.71073047100026,1789785176.2381785,21,0.0,refresh,
,131.73083406500018,131.73086010199995,1789785176.2583196,21,0.0,refresh,
,131.7509644920001,131.75100897400034,1789785176.27845,21,0.0,refresh,
,131.77110930800018,131.77113993800003,1789785176.2985947,21,0.0,refresh,
,131.79124205000016,131.79127893900022,1789785176.3187275,21,0.0,refresh,
,131.81137919900038,131.8114074580003,1789785176.3388646,21,0.0,refresh,
,131.83150569999998,131.83153118200016,1789785176.3589911,21,0.0,refresh,
,131.8516267570003,131.85165309000013,1789785176.3791122,21,0.0,refresh,
,131.8717653880003,131.87182264700004,1789785176.399251,21,0.0,refresh,
,131.89193148200002,131.89197394500025,1789785176.4194171,21,0.0,refresh,
,131.91208783499997,131.91213214900017,1789785176.4395733,21,0.0,refresh,
,131.93223263200025,131.9322633730003,1789785176.459718,21,0.0,refresh,
,131.95235246600032,131.95237992900002,1789785176.4798377,21,0.0,refresh,
,131.9724739860003,131.97251293099998,1789785176.4999592,21,0.0,refresh,
,131.9926247100002,131.9926633760001,1789785176.5201101,21,0.0,refresh,
