t_rx_s,t_host_s,rx_unix_s,host_minus_rx_ms,dt_rx_ms,velocity_rpm,position_rot,raw_hex
0.019451618194580078,0.020438928000203305,1789785044.5469387,0.9865760803222656,,0,0,0000000000000000
0.039228439,0.039260278,1789785044.5667155,0.030040740966796875,19.77682113647461,0,0,0000000000000000
0.059228182,0.059318298,1789785044.5867152,0.088453293,19.99974250793457,0,0,0000000000000000
0.079236031,0.079278613,1789785044.606723,0.041007996,20.007848739624023,0,0,0000000000000000
0.09923315,0.099275281,1789785044.6267202,0.040531158447265625,19.997119903564453,0,0,0000000000000000
0.11926794052124023,0.11930600400000912,1789785044.646755,0.036478043,20.03479004,0,0,0000000000000000
0.13927054405212402,0.13930806000007578,1789785044.6667576,0.036001205,20.00260353088379,0,0,0000000000000000
0.15923571586608887,0.15927163500009556,1789785044.6867228,0.034093857,19.965171813964844,0,0,0000000000000000
0.17923283576965332,0.17926906200000303,1789785044.7067199,0.034332275,19.997119903564453,0,0,0000000000000000
0.199235201,0.19927154500010147,1789785044.7267222,0.034570694,20.002365112304688,0,0,0000000000000000
0.21923065185546875,0.2192670080003154,1789785044.7467177,0.034809112548828125,19.995450973510742,0,0,0000000000000000
0.23926687240600586,0.23930328699998427,1789785044.766754,0.034809112548828125,20.03622055053711,0,0,0000000000000000
0.2592339515686035,0.25927756600003704,1789785044.786721,0.04196167,19.967079162597656,0,0,0000000000000000
0.27922487258911133,0.27926228900014394,1789785044.806712,0.035762786865234375,19.990921020507812,0,0,0000000000000000
0.2992362976074219,0.2992753270000321,1789785044.8267233,0.037431717,20.011425018310547,0,0,0000000000000000
0.3190758228302002,0.31920282800001587,1789785044.8465629,0.12612342834472656,19.83952522277832,0,0,0000000000000000
0.3392629623413086,0.339304421,1789785045,0.039815903,20.18713951,0,0,0000000000000000
0.35922980308532715,0.3592682550001882,1789785044.8867168,0.036716461181640625,19.966840744018555,0,0,0000000000000000
0.37923431396484375,0.37927295999998023,1789785044.9067214,0.03695488,20.00451088,0,0,0000000000000000
0.39919352531433105,0.3992732020001313,1789785044.9266806,0.078201294,19.959211349487305,0,0,0000000000000000
0.4191932678222656,0.41923790600003485,1789785044.9466803,0.042915344,19.99974250793457,0,0,0000000000000000
0.4392228126525879,0.4392620739999984,1789785044.9667099,0.037431717,20.029544830322266,0,0,0000000000000000
0.45921850204467773,0.4592604450003819,1789785044.9867055,0.04029274,19.995689392089844,0,0,0000000000000000
0.4792308807373047,0.4792694460002167,1789785045.006718,0.03695488,20.012378692626953,0,0,0000000000000000
0.49922847747802734,0.49926513200034606,1789785045.0267155,0.035047531,19.997596740722656,0,0,0000000000000000
0.5192170143127441,0.5192574659999991,1789785045.046704,0.038623809814453125,19.988536834716797,0,0,0000000000000000
0.5392203330993652,0.5392586890002349,1789785045.0667074,0.036716461181640625,20.003318786621094,0,0,0000000000000000
0.559218168,0.5592665050003234,1789785045.0867052,0.046730042,19.997835159301758,0,0,0000000000000000
0.5792016983032227,0.5792939320003825,1789785045.1066887,0.09059906,19.983530044555664,0,0,0000000000000000
0.5992116928100586,0.5992456740000307,1789785045.1266987,0.032186508,20.009994506835938,0,0,0000000000000000
0.6192553043365479,0.6192919889999757,1789785045.1467423,0.035047531,20.043611526489258,0,0,0000000000000000
0.6391937732696533,0.6392919350000739,1789785045.1666808,0.096559525,19.93846893310547,0,0,0000000000000000
0.6592557430267334,0.6592961020000985,1789785045.1867428,0.038623809814453125,20.061969757080078,0,0,0000000000000000
0.6792223453521729,0.6792613440002242,1789785045.2067094,0.037431717,19.966602325439453,0,0,0000000000000000
0.6992599964141846,0.6992967710002631,1789785045.226747,0.03528595,20.03765106201172,0,0,0000000000000000
0.7192122936248779,0.7192625679999765,1789785045.2466993,0.04863739,19.95229721069336,0,0,0000000000000000
0.7392196655273438,0.7392564020001373,1789785045.2667067,0.035047531,20.00737190246582,0,0,0000000000000000
0.7592530250549316,0.7592923110000811,1789785045,0.037908554,20.03335952758789,0,0,0000000000000000
0.7792282104492188,0.7792653300002712,1789785045.3067153,0.035524368,19.97518539428711,0,0,0000000000000000
0.799217939,0.7992600900001889,1789785045.326705,0.040531158447265625,19.989728927612305,0,0,0000000000000000
0.8192508220672607,0.8192905539999629,1789785045.3467379,0.038146973,20.032882690429688,0,0,0000000000000000
0.8392071723937988,0.839247333,1789785045.3666942,0.038623809814453125,19.956350326538086,0,0,0000000000000000
0.859245777,0.8592894450002859,1789785045.3867328,0.04196167,20.038604736328125,0,0,0000000000000000
0.8792040348052979,0.879243501,1789785045.406691,0.037908554,19.95825768,0,0,0000000000000000
0.8992447853088379,0.8992816130003121,1789785045.4267318,0.03528595,20.04075050354004,0,0,0000000000000000
0.9192485809326172,0.9192908919999354,1789785045.4467356,0.040769577,20.003795623779297,0,0,0000000000000000
0.9392101764678955,0.9392487630002506,1789785045.4666972,0.03695488,19.96159553527832,0,0,0000000000000000
0.9592061042785645,0.9592435230001684,1789785045.4866931,0.035762786865234375,19.995927810668945,0,0,0000000000000000
0.9792053699493408,0.9793195610000112,1789785045.5066924,0.11277198791503906,19.999265670776367,0,0,0000000000000000
0.9992125034332275,0.9994015990000662,1789785045.5266995,0.1876354217529297,20.00713348388672,0,0,0000000000000000
1.0192008018493652,1.0193022299999939,1789785045.5466878,0.099658966,19.988298416137695,0,0,0000000000000000
1.0392248630523682,1.039328064000074,1789785045.566712,0.10156631469726562,20.02406120300293,0,0,0000000000000000
1.0592191219329834,1.0593094170003496,1789785045.5867062,0.088691711,19.994258880615234,0,0,0000000000000000
1.079211711883545,1.079296677000002,1789785045.6066988,0.083208084,19.992589950561523,0,0,0000000000000000
1.0991911888122559,1.0992877700000463,1789785045.6266782,0.094652176,19.979476928710938,0,0,0000000000000000
1.1191926002502441,1.1192283450000104,1789785045.6466796,0.033855438232421875,20.00141143798828,0,0,0000000000000000
1.139207124710083,1.1392490130001534,1789785045.6666942,0.040531158447265625,20.014524459838867,0,0,0000000000000000
1.1592395305633545,1.1592810140000438,1789785045.6867266,0.039815903,20.032405853271484,0,0,0000000000000000
1.179201602935791,1.179243180999947,1789785045.7066886,0.040054321,19.962072372436523,0,0,0000000000000000
1.1992394924163818,1.199279349000335,1789785045.7267265,0.038385391,20.03788948059082,0,0,0000000000000000
1.219200849533081,1.2192399420000584,1789785045.746688,0.037431717,19.96135711669922,0,0,0000000000000000
1.2391948699951172,1.2392362770001455,1789785045.766682,0.039577484130859375,19.994020462036133,0,0,0000000000000000
1.2592358589172363,1.2592769630000475,1789785045.786723,0.039577484130859375,20.04098892211914,0,0,0000000000000000
1.2792034149169922,1.279273760000251,1789785045.8066905,0.068664551,19.96755599975586,0,0,0000000000000000
1.2992005348205566,1.2992673900002956,1789785045.8266876,0.065088272,19.997119903564453,0,0,0000000000000000
1.3192100524902344,1.3192747620000773,1789785045.846697,0.063180923,20.009517669677734,0,0,0000000000000000
1.339233636856079,1.3393456890003108,1789785045.8667207,0.11038780212402344,20.023584365844727,0,0,0000000000000000
1.3592073917388916,1.3592733929999667,1789785045.8866944,0.064134598,19.97375488,0,0,0000000000000000
1.379237174987793,1.3793010610002057,1789785045.9067242,0.062227249,20.029783248901367,0,0,0000000000000000
1.3992059230804443,1.3992723950000254,1789785045.926693,0.064849854,19.968748092651367,0,0,0000000000000000
1.4192357063293457,1.419298581000021,1789785045.9467227,0.061273575,20.029783248901367,0,0,0000000000000000
1.4391999244689941,1.4392655999999988,1789785045.966687,0.063896179,19.964218139648438,0,0,0000000000000000
1.4592342376708984,1.4592977679999422,1789785045.9867213,0.061988831,20.034313201904297,0,0,0000000000000000
1.479191780090332,1.4792535650003629,1789785046.0066788,0.060081482,19.957542419433594,0,0,0000000000000000
1.4992027282714844,1.4992652330001874,1789785046.0266898,0.061035156,20.010948181152344,0,0,0000000000000000
1.5192337036132812,1.5192957340000248,1789785046.0467207,0.060558319091796875,20.030975341796875,0,0,0000000000000000
1.5391979217529297,1.5392609939999602,1789785046.066685,0.061511993408203125,19.964218139648438,0,0,0000000000000000
1.559237003326416,1.5593022910002219,1789785046.086724,0.063896179,20.039081573486328,0,0,0000000000000000
1.579197883605957,1.5792629210000086,1789785046.106685,0.063419342,19.960880279541016,0,0,0000000000000000
1.5992279052734375,1.599277682,1789785046.126715,0.048160552978515625,20.03002166748047,0,0,0000000000000000
1.619203805923462,1.6192697010001211,1789785046.1466908,0.064134598,19.975900650024414,0,0,0000000000000000
1.6392319202423096,1.639295480000328,1789785046.166719,0.061988831,20.028114318847656,0,0,0000000000000000
1.6591994762420654,1.6592629250003483,1789785046.1866865,0.061988831,19.96755599975586,0,0,0000000000000000
1.679194450378418,1.6792587590002768,1789785046.2066815,0.062465667724609375,19.99497413635254,0,0,0000000000000000
1.6991968154907227,1.6992600190001212,1789785046.2266839,0.061511993408203125,20.002365112304688,0,0,0000000000000000
1.7191905975341797,1.7192526500002714,1789785046.2466776,0.060558319091796875,19.99378204345703,0,0,0000000000000000
1.739231824874878,1.7392963180000152,1789785046.2667189,0.062942505,20.041227340698242,0,0,0000000000000000
1.7591948509216309,1.759257837,1789785046.286682,0.061511993408203125,19.96302604675293,0,0,0000000000000000
1.7791876792907715,1.779249505,1789785046.3066747,0.060081482,19.992828369140625,0,0,0000000000000000
1.7991960048675537,1.7992606540001361,1789785046.326683,0.063180923,20.008325576782227,0,0,0000000000000000
1.8190224170684814,1.819111728,1789785046.3465095,0.087738037,19.826412200927734,0,0,0000000000000000
1.8392255306243896,1.839289452,1789785046.3667126,0.062227249,20.203113555908203,0,0,0000000000000000
1.8591890335083008,1.8592514160000064,1789785046.386676,0.060796738,19.963502883911133,0,0,0000000000000000
1.8791930675506592,1.8792551760002425,1789785046,0.060319901,20.00403404,0,0,0000000000000000
1.8991925716400146,1.8992542690002665,1789785046.4266796,0.060081482,19.99950408935547,0,0,0000000000000000
1.9192249774932861,1.9192868630002522,1789785046.446712,0.060319901,20.032405853271484,0,0,0000000000000000
1.9391849040985107,1.939246345000356,1789785046.466672,0.059843063,19.95992660522461,0,0,0000000000000000
1.9592247009277344,1.9592866610000783,1789785046.4867117,0.060319901,20.039796829223633,0,0,0000000000000000
1.9791827201843262,1.9792441800000233,1789785046.5066698,0.059604644775390625,19.958019256591797,0,0,0000000000000000
1.9991915225982666,1.9992543660000592,1789785046.5266786,0.061035156,20.00880241394043,0,0,0000000000000000
2.0191893577575684,2.0192542380000305,1789785046.5466764,0.062942505,19.997835159301758,0,0,0000000000000000
2.0392210483551025,2.039289978999932,1789785046.566708,0.067234039,20.03169059753418,0,0,0000000000000000
2.059187650680542,2.0592527020003217,1789785046.5866747,0.063419342,19.966602325439453,0,0,0000000000000000
2.0791847705841064,2.0792480370000703,1789785046.6066718,0.061511993408203125,19.997119903564453,0,0,0000000000000000
2.099199056625366,2.0993116120002924,1789785046.626686,0.11086463928222656,20.014286041259766,0,0,0000000000000000
2.1192212104797363,2.1192900380001447,1789785046.6467083,0.066995621,20.022153854370117,0,0,0000000000000000
2.1391825675964355,2.1392470020000474,1789785046.6666696,0.062704086,19.96135711669922,0,0,0000000000000000
2.159224749,2.1592893550000554,1789785046.6867118,0.062942505,20.04218101501465,0,0,0000000000000000
2.1791799068450928,2.1792424850000316,1789785046.706667,0.061035156,19.955158233642578,0,0,0000000000000000
2.1991889476776123,2.199257468000269,1789785046.726676,0.066757202,20.00904083251953,0,0,0000000000000000
2.2191824913024902,2.2192468950001967,1789785046.7466695,0.062704086,19.99354362487793,0,0,0000000000000000
2.239220142364502,2.239283099000204,1789785046.7667072,0.061273575,20.03765106201172,0,0,0000000000000000
2.259187936782837,2.259250100000372,1789785046.786675,0.060319901,19.96779441833496,0,0,0000000000000000
2.2791826725006104,2.279244342000311,1789785046.8066697,0.060081482,19.994735717773438,0,0,0000000000000000
2.299008608,2.299076898000294,1789785046.8264956,0.066757202,19.82593536376953,0,0,0000000000000000
2.3191847801208496,2.3192471400002432,1789785046.8466718,0.060796738,20.176172256469727,0,0,0000000000000000
2.3392181396484375,2.3392795300001126,1789785046.8667052,0.059604644775390625,20.03335952758789,0,0,0000000000000000
2.3592476844787598,2.3593119380002463,1789785046.8867347,0.062704086,20.029544830322266,0,0,0000000000000000
2.379297971725464,2.3793629580000015,1789785046.906785,0.063180923,20.05028725,0,0,0000000000000000
2.3992490768432617,2.3992984770002295,1789785046.926736,0.047922134,19.95110511779785,0,0,0000000000000000
2.419296979904175,2.419359848000113,1789785046.946784,0.061273575,20.047903060913086,0,0,0000000000000000
2.4394357204437256,2.4394985349999843,1789785046.9669228,0.061273575,20.13874053955078,0,0,0000000000000000
2.4592392444610596,2.459301128000334,1789785046.9867263,0.060319901,19.803524017333984,0,0,0000000000000000
2.479227066040039,2.4792789620000804,1789785047.006714,0.059127808,19.987821578979492,0,0,0000000000000000
2.4991884231567383,2.499253148000207,1789785047.0266755,0.062942505,19.96135711669922,0,0,0000000000000000
2.519190788269043,2.519251797000379,1789785047.0466778,0.059366226,20.002365112304688,0,0,0000000000000000
2.5392262935638428,2.539288539000154,1789785047.0667133,0.060796738,20.035505294799805,0,0,0000000000000000
2.5591940879821777,2.559262466000291,1789785047.0866811,0.066757202,19.96779441833496,0,0,0000000000000000
2.5791826248168945,2.5792458740002076,1789785047.1066697,0.061511993408203125,19.988536834716797,0,0,0000000000000000
2.5991885662078857,2.5992534490001162,1789785047.1266756,0.063180923,20.00594139099121,0,0,0000000000000000
2.619185686,2.6192477829999916,1789785047.1466727,0.060319901,19.997119903564453,0,0,0000000000000000
2.6391892433166504,2.639251154000249,1789785047.1666763,0.060319901,20.003557205200195,0,0,0000000000000000
2.659226894378662,2.6592894700002034,1789785047.186714,0.060796738,20.03765106201172,0,0,0000000000000000
2.679180145263672,2.6793171379999876,1789785047.2066672,0.13518333435058594,19.953250885009766,0,0,0000000000000000
2.699164390563965,2.699227990000054,1789785047.2266514,0.061988831,19.98424530029297,0,0,0000000000000000
2.7191858291625977,2.7192494910000278,1789785047.2466729,0.061988831,20.021438598632812,0,0,0000000000000000
2.739182710647583,2.7392464180002207,1789785047.2666698,0.061988831,19.99688148498535,0,0,0000000000000000
2.7591819763183594,2.7592489380003826,1789785047.286669,0.065326691,19.999265670776367,0,0,0000000000000000
2.7791852951049805,2.7792479750000894,1789785047.3066723,0.061035156,20.003318786621094,0,0,0000000000000000
2.799156427383423,2.7992696800001795,1789785047.3266435,0.11157989501953125,19.971132278442383,0,0,0000000000000000
2.819183111190796,2.8192536250003286,1789785047.3466702,0.068902969,20.026683807373047,0,0,0000000000000000
2.839181900024414,2.839249867000035,1789785047.366669,0.066518784,19.998788833618164,0,0,0000000000000000
2.859220266342163,2.859285887000169,1789785047.3867073,0.063896179,20.038366317749023,0,0,0000000000000000
2.879173994064331,2.879235869,1789785047.406661,0.060319901,19.95372772216797,0,0,0000000000000000
2.8991847038269043,2.8992473329999484,1789785047.4266717,0.061035156,20.010709762573242,0,0,0000000000000000
2.9191784858703613,2.9192418150000776,1789785047.4466655,0.061750412,19.99378204345703,0,0,0000000000000000
2.939218282699585,2.939281297999969,1789785047.4667053,0.061273575,20.039796829223633,0,0,0000000000000000
2.9591825008392334,2.959245409000232,1789785047.4866695,0.061273575,19.964218139648438,0,0,0000000000000000
2.9791715145111084,2.979233855000075,1789785047.5066586,0.060796738,19.98901367,0,0,0000000000000000
2.9991791248321533,2.9992405960001634,1789785047.5266662,0.059604644775390625,20.007610321044922,0,0,0000000000000000
3.0191690921783447,3.021874102000311,1789785047.5466561,2.703428268432617,19.989967346191406,0,0,0000000000000000
3.039219379425049,3.039288098,1789785047.5667064,0.066995621,20.05028725,0,0,0000000000000000
3.0591752529144287,3.0592384700003095,1789785047.5866623,0.061511993408203125,19.955873489379883,0,0,0000000000000000
3.0792155265808105,3.0792782850003277,1789785047.6067026,0.061273575,20.040273666381836,0,0,0000000000000000
3.099167585372925,3.0993303790000937,1789785047.6266546,0.16117095947265625,19.952058792114258,0,0,0000000000000000
3.1192140579223633,3.1192823609999323,1789785047.646701,0.066518784,20.046472549438477,0,0,0000000000000000
3.1391732692718506,3.139236510000046,1789785047.6666603,0.061511993408203125,19.959211349487305,0,0,0000000000000000
3.1591835021972656,3.159250252,1789785047.6866705,0.065088272,20.01023292541504,0,0,0000000000000000
3.179178237915039,3.179241159999947,1789785047.7066653,0.061273575,19.994735717773438,0,0,0000000000000000
3.199183225631714,3.199251846000152,1789785047.7266703,0.067234039,20.004987716674805,0,0,0000000000000000
3.219165802001953,3.2192293840003003,1789785047.7466528,0.061988831,19.982576370239258,0,0,0000000000000000
3.2392055988311768,3.2392691439999908,1789785047.7666926,0.061988831,20.039796829223633,0,0,0000000000000000
3.259178638458252,3.2592716819999623,1789785047.7866657,0.091552734,19.973039627075195,0,0,0000000000000000
3.2791690826416016,3.279233702000056,1789785047.8066561,0.062942505,19.99044418334961,0,0,0000000000000000
3.2992115020751953,3.2992736470000636,1789785047.8266985,0.060319901,20.04241943359375,0,0,0000000000000000
3.3191709518432617,3.319232574000125,1789785047.846658,0.059843063,19.959449768066406,0,0,0000000000000000
3.339205026626587,3.3392666670001745,1789785047.866692,0.059843063,20.034074783325195,0,0,0000000000000000
3.3591690063476562,3.3593049650003195,1789785047.886656,0.13446807861328125,19.963979721069336,0,0,0000000000000000
3.3791675567626953,3.379237428000124,1789785047.9066546,0.068187714,19.998550415039062,0,0,0000000000000000
3.3991451263427734,3.3992708740001945,1789785047.9266322,0.1239776611328125,19.977569580078125,0,0,0000000000000000
3.419203281402588,3.4192971710003803,1789785047.9466903,0.092029572,20.058155059814453,0,0,0000000000000000
3.439169406890869,3.4392353940002067,1789785047.9666564,0.064373016,19.96612548828125,0,0,0000000000000000
3.4592068195343018,3.459273191000193,1789785047.9866939,0.064849854,20.037412643432617,0,0,0000000000000000
3.4791758060455322,3.479239174000213,1789785048.0066628,0.061750412,19.96898651123047,0,0,0000000000000000
3.4991724491119385,3.499235174000205,1789785048.0266595,0.061035156,19.99664306640625,0,0,0000000000000000
3.519162654876709,3.5192277119999744,1789785048.0466497,0.063419342,19.990205764770508,0,0,0000000000000000
3.539159059524536,3.539221880000241,1789785048.066646,0.061035156,19.99640464782715,0,0,0000000000000000
3.5591695308685303,3.559232695999981,1789785048.0866566,0.061750412,20.01047134399414,0,0,0000000000000000
3.5791661739349365,3.5792281220001314,1789785048.1066532,0.060319901,19.99664306640625,0,0,0000000000000000
3.5991697311401367,3.5992386600000827,1789785048.1266568,0.067234039,20.003557205200195,0,0,0000000000000000
3.6191518306732178,3.6192155130001993,1789785048.1466389,0.061988831,19.982099533081055,0,0,0000000000000000
3.6392033100128174,3.639265940000314,1789785048.1666903,0.060796738,20.05147933959961,0,0,0000000000000000
3.6591742038726807,3.6592367930002183,1789785048.1866612,0.061035156,19.97089385986328,0,0,0000000000000000
3.6792027950286865,3.6792692570002146,1789785048.2066898,0.064611435,20.02859115600586,0,0,0000000000000000
3.699159860610962,3.6992223320003177,1789785048.226647,0.060796738,19.95706558227539,0,0,0000000000000000
3.7191505432128906,3.719213721,1789785048.2466376,0.061511993408203125,19.99068260192871,0,0,0000000000000000
3.739170789718628,3.739237778000188,1789785048.2666578,0.065326691,20.020246505737305,0,0,0000000000000000
3.759157419204712,3.759219982000104,1789785048.2866445,0.061035156,19.986629486083984,0,0,0000000000000000
3.7791595458984375,3.7792217430001074,1789785048.3066466,0.060558319091796875,20.002126693725586,0,0,0000000000000000
3.799158811569214,3.7992201510000996,1789785048.3266459,0.059843063,19.999265670776367,0,0,0000000000000000
3.8191497325897217,3.819213485000091,1789785048.3466368,0.062227249,19.990921020507812,0,0,0000000000000000
3.839158296585083,3.8392200230000526,1789785048.3666453,0.060081482,20.008563995361328,0,0,0000000000000000
3.8591620922088623,3.859224968000035,1789785048.3866491,0.061035156,20.003795623779297,0,0,0000000000000000
3.879168748855591,3.8792347470002824,1789785048.4066558,0.064373016,20.006656646728516,0,0,0000000000000000
3.8991525173187256,3.899216952000188,1789785048.4266396,0.062704086,19.983768463134766,0,0,0000000000000000
3.919152021408081,3.9192153600001802,1789785048.446639,0.061750412,19.99950408935547,0,0,0000000000000000
3.939159393310547,3.9392215650000253,1789785048.4666464,0.060558319091796875,20.00737190246582,0,0,0000000000000000
3.9591989517211914,3.9592610100003185,1789785048.486686,0.060319901,20.03955841064453,0,0,0000000000000000
3.9791595935821533,3.9792209550000734,1789785048.5066466,0.059843063,19.960641860961914,0,0,0000000000000000
3.9991719722747803,3.9992630670003564,1789785048.526659,0.089406967,20.012378692626953,0,0,0000000000000000
4.019151926040649,4.0193869390000145,1789785048.546639,0.2334117889404297,19.97995376586914,0,0,0000000000000000
4.038982152938843,4.039075828000023,1789785048.5664692,0.092029572,19.83022689819336,0,0,0000000000000000
4.0591957569122314,4.059259273999942,1789785048.5866828,0.061750412,20.213603973388672,0,0,0000000000000000
4.079153060913086,4.079217923000215,1789785049,0.063180923,19.957304000854492,0,0,0000000000000000
4.099154949188232,4.0992977390001215,1789785048.626642,0.141143799,20.001888275146484,0,0,0000000000000000
4.119158983230591,4.119226017000074,1789785048.646646,0.065326691,20.00403404,0,0,0000000000000000
4.139186859130859,4.139251259000048,1789785048.666674,0.062704086,20.027875900268555,0,0,0000000000000000
4.159146308898926,4.159210888999951,1789785048.6866333,0.062942505,19.959449768066406,0,0,0000000000000000
4.179142713546753,4.179205316000207,1789785048.7066298,0.061035156,19.99640464782715,0,0,0000000000000000
4.1991496086120605,4.199212280000211,1789785048.7266366,0.061035156,20.006895065307617,0,0,0000000000000000
4.219140291213989,4.219202948000202,1789785048.7466273,0.061035156,19.99068260192871,0,0,0000000000000000
4.239159345626831,4.239221856000313,1789785048.7666464,0.060796738,20.019054412841797,0,0,0000000000000000
4.259180068969727,4.259241616000054,1789785048.786667,0.059843063,20.020723342895508,0,0,0000000000000000
4.279145956039429,4.279207284000222,1789785048.806633,0.059604644775390625,19.96588706970215,0,0,0000000000000000
4.299139022827148,4.299200933000066,1789785048.826626,0.060319901,19.993066787719727,0,0,0000000000000000
4.319143533706665,4.3192057480000585,1789785048.8466306,0.060558319091796875,20.00451088,0,0,0000000000000000
4.339184284210205,4.3392533790001835,1789785048.8666713,0.067472458,20.04075050354004,0,0,0000000000000000
4.359179496765137,4.359247584000059,1789785048.8866665,0.066518784,19.99521255493164,0,0,0000000000000000
4.379141569137573,4.3792063440000675,1789785048.9066286,0.063180923,19.962072372436523,0,0,0000000000000000
4.399149656295776,4.3992142520000925,1789785048.9266367,0.063180923,20.008087158203125,0,0,0000000000000000
4.4191367626190186,4.419199716000094,1789785048.9466238,0.061273575,19.987106323242188,0,0,0000000000000000
4.439136266708374,4.439198587000192,1789785048.9666233,0.060558319091796875,19.99950408935547,0,0,0000000000000000
4.459145545959473,4.459207384000365,1789785048.9866326,0.060319901,20.009279251098633,0,0,0000000000000000
4.479133844,4.4791961440000705,1789785049.006621,0.060796738,19.988298416137695,0,0,0000000000000000
4.499142169952393,4.499204442000064,1789785049.0266292,0.060558319091796875,20.008325576782227,0,0,0000000000000000
4.519176006317139,4.519236980000187,1789785049.046663,0.059366226,20.033836364746094,0,0,0000000000000000
4.539138078689575,4.539231425000253,1789785049.066625,0.091791153,19.962072372436523,0,0,0000000000000000
4.559143066,4.5592044260001785,1789785049,0.059604644775390625,20.004987716674805,0,0,0000000000000000
4.579136610031128,4.579197667000244,1789785049.1066236,0.059604644775390625,19.99354362487793,0,0,0000000000000000
4.599137544631958,4.599296168000365,1789785049.1266246,0.15687942504882812,20.000934600830078,0,0,0000000000000000
4.619132995605469,4.619198464999954,1789785049,0.063896179,19.995450973510742,0,0,0000000000000000
4.639134645462036,4.639198096,1789785049.1666217,0.061750412,20.001649856567383,0,0,0000000000000000
4.659132480621338,4.659195412000372,1789785049.1866195,0.061273575,19.997835159301758,0,0,0000000000000000
4.679140567779541,4.679204746000323,1789785049.2066276,0.062465667724609375,20.008087158203125,0,0,0000000000000000
4.699138164520264,4.699200895000104,1789785049.2266252,0.061035156,19.997596740722656,0,0,0000000000000000
4.719135761260986,4.719199081,1789785049.2466228,0.061511993408203125,19.997596740722656,0,0,0000000000000000
4.739131927490234,4.739193971000077,1789785049.266619,0.060319901,19.996166229248047,0,0,0000000000000000
4.758961915969849,4.759030934000293,1789785049.286449,0.067472458,19.829988479614258,0,0,0000000000000000
4.7791361808776855,4.779198064999946,1789785049.3066232,0.060081482,20.174264907836914,0,0,0000000000000000
4.799128532409668,4.799191622000308,1789785049.3266156,0.061511993408203125,19.992351531982422,0,0,0000000000000000
4.819133520126343,4.819195474000026,1789785049.3466206,0.060319901,20.004987716674805,0,0,0000000000000000
4.839128255844116,4.839191124000081,1789785049.3666153,0.061273575,19.994735717773438,0,0,0000000000000000
4.859164714813232,4.859333199000048,1789785049.3866518,0.16689300537109375,20.03645896911621,0,0,0000000000000000
4.879161596298218,4.879226662000292,1789785049.4066486,0.063419342,19.99688148498535,0,0,0000000000000000
4.899137258529663,4.899200293000376,1789785049.4266243,0.061511993408203125,19.975662231445312,0,0,0000000000000000
4.9191272258758545,4.919190146000346,1789785049.4466143,0.061273575,19.989967346191406,0,0,0000000000000000
4.939130783081055,4.939193054000043,1789785049.4666178,0.060796738,20.003557205200195,0,0,0000000000000000
4.959128379821777,4.959190036000109,1789785049.4866154,0.060081482,19.997596740722656,0,0,0000000000000000
4.9791343212127686,4.979195592999986,1789785049.5066214,0.059366226,20.00594139099121,0,0,0000000000000000
4.999128103256226,4.999190501000157,1789785049.5266151,0.060796738,19.99378204345703,0,0,0000000000000000
5.019123077392578,5.019186058000287,1789785050,0.061273575,19.99497413635254,0,0,0000000000000000
5.039132595062256,5.0391986700001326,1789785049.5666196,0.064611435,20.009517669677734,0,0,0000000000000000
5.059126615524292,5.059190245000082,1789785049.5866137,0.061988831,19.994020462036133,0,0,0000000000000000
5.079166889190674,5.0792315230000895,1789785049.606654,0.062942505,20.040273666381836,0,0,0000000000000000
5.099128723144531,5.099189969000236,1789785049.6266158,0.059604644775390625,19.961833953857422,0,0,0000000000000000
5.1191253662109375,5.119188062000376,1789785049.6466124,0.061035156,19.99664306640625,0,0,0000000000000000
5.139122247695923,5.139183915000103,1789785049.6666093,0.060081482,19.99688148498535,0,0,0000000000000000
5.159161567687988,5.159225138000238,1789785049.6866486,0.061988831,20.03931999206543,0,0,0000000000000000
5.1791253089904785,5.179188656999941,1789785049.7066123,0.061750412,19.963741302490234,0,0,0000000000000000
5.199144363,5.199189584000123,1789785049.7266314,0.0436306,20.019054412841797,0,0,0000000000000000
5.219262123,5.219299270000192,1789785049.7467492,0.035524368,20.117759704589844,0,0,0000000000000000
5.2393271923065186,5.239366271000108,1789785049.7668142,0.037431717,20.0650692,0,0,0000000000000000
5.259152889251709,5.259190791000037,1789785050,0.036239624,19.82569694519043,0,0,0000000000000000
5.2791266441345215,5.279164254000079,1789785049.8066137,0.036001205,19.97375488,0,0,0000000000000000
5.299119472503662,5.299158328999965,1789785049.8266065,0.037193298,19.992828369140625,0,0,0000000000000000
5.319125652313232,5.319161608000286,1789785049.8466127,0.034332275,20.006179809570312,0,0,0000000000000000
5.3391172885894775,5.339158350000162,1789785049.8666043,0.039339066,19.991636276245117,0,0,0000000000000000
5.359112977981567,5.359144665000258,1789785050,0.029802322387695312,19.995689392089844,0,0,0000000000000000
5.379117488861084,5.379157444000157,1789785049.9066045,0.038385391,20.00451088,0,0,0000000000000000
5.399138689041138,5.399181982,1789785049.9266257,0.041723251,20.02120018005371,0,0,0000000000000000
5.419159889221191,5.419195815999956,1789785049.946647,0.034093857,20.02120018005371,0,0,0000000000000000
5.439122200012207,5.439158169000166,1789785049.9666092,0.034332275,19.962310791015625,0,0,0000000000000000
5.459118604660034,5.4591543740002635,1789785049.9866056,0.033855438232421875,19.99640464782715,0,0,0000000000000000
5.479121446609497,5.479164078,1789785050.0066085,0.041007996,20.00284194946289,0,0,0000000000000000
5.499121427536011,5.499157616000048,1789785050.0266085,0.034570694,19.999980926513672,0,0,0000000000000000
5.519116163253784,5.5191537470000185,1789785050.0466032,0.036001205,19.994735717773438,0,0,0000000000000000
5.539168357849121,5.539214044000346,1789785050.0666554,0.044107437,20.052194595336914,0,0,0000000000000000
5.559097051620483,5.559141397000076,1789785050.086584,0.042676926,19.928693771362305,0,0,0000000000000000
5.579122304916382,5.579162786000325,1789785050.1066093,0.038623809814453125,20.025253295898438,0,0,0000000000000000
5.599123954772949,5.599166990999947,1789785050.126611,0.041484832763671875,20.001649856567383,0,0,0000000000000000
5.619123697280884,5.619165214000077,1789785050.1466107,0.039815903,19.99974250793457,0,0,0000000000000000
5.639162540435791,5.639201308000338,1789785050.1666496,0.037193298,20.038843154907227,0,0,0000000000000000
5.659124374389648,5.6591609750003045,1789785050.1866114,0.034809112548828125,19.961833953857422,0,0,0000000000000000
5.679167985916138,5.679206661,1789785050.206655,0.03695488,20.043611526489258,0,0,0000000000000000
5.699122905731201,5.699166329000036,1789785050,0.04196167,19.954919815063477,0,0,0000000000000000
5.719166278839111,5.7192047930002445,1789785050.2466533,0.03695488,20.043373107910156,0,0,0000000000000000
5.739125967025757,5.7391662380000525,1789785050.266613,0.038623809814453125,19.959688186645508,0,0,0000000000000000
5.759120464324951,5.759157628000139,1789785050.2866075,0.035524368,19.994497299194336,0,0,0000000000000000
5.779115915298462,5.779153647000385,1789785050.306603,0.036239624,19.995450973510742,0,0,0000000000000000
5.799147605895996,5.799235537000186,1789785050.3266346,0.086307526,20.03169059753418,0,0,0000000000000000
5.819114446640015,5.819176056000288,1789785050.3466015,0.059843063,19.966840744018555,0,0,0000000000000000
5.839125871658325,5.839166094,1789785050.366613,0.038385391,20.011425018310547,0,0,0000000000000000
5.859124660491943,5.859167317000356,1789785050.3866117,0.041007996,19.998788833618164,0,0,0000000000000000
5.8790929317474365,5.8791322070001115,1789785050,0.037670135498046875,19.968271255493164,0,0,0000000000000000
5.899160385131836,5.899203671000123,1789785050.4266474,0.041484832763671875,20.067453384399414,0,0,0000000000000000
5.919112205505371,5.919148413,1789785050.4465992,0.034570694,19.951820373535156,0,0,0000000000000000
5.939110279083252,5.939146303000143,1789785050.4665973,0.034332275,19.99807357788086,0,0,0000000000000000
5.959120512008667,5.9591567290003695,1789785050.4866076,0.034570694,20.01023292541504,0,0,0000000000000000
5.979153394699097,5.979188749000059,1789785050.5066404,0.033855438232421875,20.032882690429688,0,0,0000000000000000
5.999122142791748,5.999157416000344,1789785050.5266092,0.03361702,19.968748092651367,0,0,0000000000000000
6.0192437171936035,6.0205601610000485,1789785050.5467308,1.3163089752197266,20.12157440185547,11.428571701049805,0.047619049,6edb3641310c433d
6.039142370223999,6.039172789000077,1789785050.5666294,0.028610229,19.898653030395508,11.428571701049805,0.1428571343421936,6edb36412449123e
6.059105634689331,6.059146512000098,1789785050.5865927,0.039339066,19.96326446533203,40,0.2142856866121292,00002042b56d5b3e
6.0791449546813965,6.079188216000148,1789785050.606632,0.041723251,20.03931999206543,68.57142639160156,0.2857142388820648,922489422349923e
6.099107980728149,6.099180884000361,1789785050.626595,0.071287155,19.96302604675293,68.57142639160156,0.3809523284435272,922489422f0cc33e
6.119070053100586,6.119109866000144,1789785050.646557,0.038146973,19.962072372436523,97.14285278320312,0.452380896,2449c242789ee73e
6.139100790023804,6.139141478000056,1789785050.6665878,0.039100647,20.030736923217773,97.14285278320312,0.5238094329833984,2449c2426018063f
6.1590657234191895,6.159107905000383,1789785050.6865528,0.040531158447265625,19.964933395385742,125.71427917480469,0.6190475225448608,b66dfb42e6791e3f
6.179143429,6.179182313000183,1789785050.7066305,0.037193298,20.07770538330078,154.28570556640625,0.6904760599136353,24491a430ac3303f
6.199064732,6.199103165999986,1789785050.7265518,0.03695488,19.921302795410156,154.28570556640625,0.761904776,24491a43310c433f
6.219071626663208,6.219111834000159,1789785050.7465587,0.038385391,20.006895065307617,188.5714111328125,0.857142985,48923c43b96d5b3f
6.239103317260742,6.239141409,1789785050.7665904,0.036478043,20.03169059753418,217.14283752441406,0.9285717010498047,91245943e0b66d3f
6.259142875671387,6.259182447000057,1789785051,0.037908554,20.03955841064453,217.14283752441406,1.0000003576278687,912459430300803f
6.279102087020874,6.279138096000224,1789785050.8065891,0.034332275,19.959211349487305,234.2856903076172,1.0952385663986206,23496a43c7308c3f
6.2991087436676025,6.299148985000102,1789785050.8265958,0.038385391,20.006656646728516,239.99998474121094,1.1666673421859741,ffff6f435b55953f
6.3191423416137695,6.319179097,1789785050.8466294,0.035047531,20.033597946166992,239.99998474121094,1.261905550956726,ffff6f431f86a13f
6.339141845703125,6.339180265000323,1789785050.866629,0.03695488,19.99950408935547,239.99998474121094,1.333334208,ffff6f43b2aaaa3f
6.359129428863525,6.359172007000325,1789785050.8866165,0.041007996,19.98758316040039,239.99998474121094,1.404762864112854,ffff6f4345cfb33f
6.379096984863281,6.3791325820002385,1789785050.906584,0.033855438232421875,19.96755599975586,239.99998474121094,1.5000008344650269,ffff6f430700c03f
6.399106264,6.399165249000362,1789785050.9265933,0.057220459,20.009279251098633,239.99998474121094,1.5714292526245117,ffff6f439824c93f
6.419139147,6.419176102000165,1789785050.9466262,0.03528595,20.032882690429688,239.99998474121094,1.6428577899932861,ffff6f432a49d23f
6.439100742340088,6.439138992000153,1789785050.9665878,0.036478043,19.96159553527832,239.99998474121094,1.7380956411361694,ffff6f43eb79de3f
6.459136724472046,6.4591726220000965,1789785050.9866238,0.034332275,20.035982131958008,240,1.8095240592956543,000070437c9ee73f
6.479137182235718,6.479173049,1789785051.0066242,0.034093857,20.000457763671875,240,1.8809524774551392,000070430dc3f03f
6.499095439910889,6.4991301610002665,1789785051.0265825,0.033140182,19.95825768,240.00001525878906,1.976190447807312,01007043cff3fc3f
6.519094228744507,6.519129384,1789785051.0465813,0.03361702,19.998788833618164,240.00001525878906,2.047618865966797,01007043300c0340
6.5391082763671875,6.53914457,1789785051.0665953,0.034570694,20.014047622680664,240.00001525878906,2.1428568363189697,0100704391240940
6.5590739250183105,6.559115571000348,1789785051.086561,0.040054321,19.965648651123047,240.00003051757812,2.214285135269165,02007043d9b60d40
6.579136848449707,6.579178775999935,1789785051.106624,0.04029274,20.062923431396484,240.0000457763672,2.2857136726379395,0300704322491240
6.599098443984985,6.599136869000176,1789785051.1265855,0.036716461181640625,19.96159553527832,240.0000457763672,2.3571419715881348,030070436adb1640
6.619134902954102,6.6191733330001625,1789785051.146622,0.03695488,20.03645896911621,240.0000457763672,2.4523799419403076,03007043cbf31c40
6.639093876,6.639129797000351,1789785051.166581,0.034093857,19.958972930908203,240.0000457763672,2.523808240890503,0300704313862140
6.659131288528442,6.659167613000136,1789785051.1866183,0.034570694,20.037412643432617,240.0000457763672,2.619046211242676,03007043749e2740
6.679065465927124,6.679101317000004,1789785051.2065525,0.034093857,19.93417739868164,240.0000457763672,2.690474749,03007043bd302c40
6.6991355419158936,6.699170355000206,1789785051.2266226,0.033140182,20.07007598876953,240.0000457763672,2.7619030475616455,0300704305c33040
6.719095230102539,6.71913056,1789785051.2465823,0.03361702,19.959688186645508,240.00006103515625,2.8571412563323975,0400704367db3640
6.7390992641448975,6.739139950000208,1789785051.2665863,0.038862228,20.00403404,240.0000762939453,2.9285695552825928,05007043af6d3b40
6.759132385253906,6.759170895000352,1789785051.2866194,0.036716461181640625,20.03312110900879,240.0000762939453,2.999998092651367,05007043f8ff3f40
6.779090166091919,6.779128396000033,1789785051.3065772,0.036478043,19.957780838012695,240.0000762939453,3.095235824584961,0500704358184640
6.799055814743042,6.7990917300003275,1789785051.3265429,0.034332275,19.965648651123047,234.28579711914062,3.1666643619537354,2a496a43a1aa4a40
6.819090843200684,6.819126787000187,1789785051.346578,0.034332275,20.03502846,234.28579711914062,3.2380928993225098,2a496a43ea3c4f40
6.839131116867065,6.839168787,1789785051.3666182,0.036001205,20.040273666381836,240.0000762939453,3.3333306312561035,050070434a555540
6.859128237,6.859164770000007,1789785051.3866153,0.034809112548828125,19.997119903564453,240.0000762939453,3.404759168624878,0500704393e75940
6.879070759,6.879112234000331,1789785051.4065578,0.039815903,19.942522048950195,240.0000762939453,3.499997138977051,05007043f4ff5f40
6.899071216583252,6.899113827000292,1789785051.4265583,0.041007996,20.000457763671875,240.0000762939453,3.571425437927246,050070433c926440
6.919131517410278,6.9191708470002595,1789785051.4466186,0.037670135498046875,20.060300827026367,240.0000762939453,3.6428539752960205,0500704385246940
6.939089298248291,6.939128125000025,1789785051.4665763,0.037193298,19.957780838012695,240.0000762939453,3.7380917072296143,05007043e53c6f40
6.959087371826172,6.959128441000303,1789785051.4865744,0.039339066,19.99807357788086,240.00009155273438,3.8095202445983887,060070432ecf7340
6.979127645492554,6.979167146000236,1789785051.5066147,0.037908554,20.040273666381836,240.00009155273438,3.880948543548584,0600704376617840
6.999109268188477,6.999151239000184,1789785051.5265963,0.04029274,19.98162269592285,240.00010681152344,3.976186513900757,07007043d7797e40
7.019079923629761,7.019114907,1789785051.546567,0.033140182,19.97065544128418,240.00010681152344,4.047615051269531,0700704310868140
7.039124250411987,7.039218315000198,1789785051.5666113,0.09226799,20.044326782226562,240.00010681152344,4.119043350219727,0700704334cf8340
7.059084177017212,7.059122353000021,1789785051.5865712,0.036716461181640625,19.95992660522461,240.00010681152344,4.214281082,0700704364db8640
7.079082727432251,7.0791266690002885,1789785051.6065698,0.042438507080078125,19.998550415039062,240.0001220703125,4.285709857940674,0800704389248940
7.0990869998931885,7.099129558000186,1789785051.626574,0.041007996,20.00427246,240.0001220703125,4.357138156890869,08007043ad6d8b40
7.119123220443726,7.119160207000277,1789785051.6466103,0.03528595,20.03622055053711,240.00013732910156,4.452375888824463,09007043dd798e40
7.139121055603027,7.139159930999995,1789785051.666608,0.037193298,19.997835159301758,240.00013732910156,4.523804664611816,0900704302c39040
7.159124374389648,7.159186413000043,1789785051.6866114,0.060558319091796875,20.003318786621094,240.00013732910156,4.619042397,0900704332cf9340
7.179083585739136,7.1791219690003345,1789785051.7065706,0.036716461181640625,19.959211349487305,240.00013732910156,4.6904706954956055,0900704356189640
7.199084758758545,7.199121081000158,1789785051.7265718,0.034570694,20.00117301940918,240.00013732910156,4.761899471282959,090070437b619840
7.219081163406372,7.219117064000329,1789785051.7465682,0.034332275,19.99640464782715,240.00015258789062,4.857137203216553,0a007043ab6d9b40
7.239058256149292,7.239094991000002,1789785051.7665453,0.034809112548828125,19.977092742919922,240.0001678466797,4.928565502166748,0b007043cfb69d40
7.259083509,7.2591201770001135,1789785051.7865705,0.035047531,20.025253295898438,240.0001678466797,4.999993801116943,0b007043f3ff9f40
7.2791218757629395,7.279157289000068,1789785051.806609,0.033855438232421875,20.038366317749023,240.0001678466797,5.095232009887695,0b007043240ca340
7.299120664596558,7.299159178000082,1789785051.8266077,0.036716461181640625,19.998788833618164,240.0001678466797,5.166660308837891,0b0070434855a540
7.319077968597412,7.319114068,1789785051.846565,0.034332275,19.957304000854492,240.0001678466797,5.238088607788086,0b0070436c9ea740
7.339124917984009,7.339163051000014,1789785051.866612,0.036478043,20.04694938659668,240.00018310546875,5.333326816558838,0c0070439daaaa40
7.359122276306152,7.3591589590000694,1789785051.8866093,0.034809112548828125,19.997358322143555,240.0001983642578,5.404755115509033,0d007043c1f3ac40
7.379078149795532,7.379114275,1789785051.9065652,0.034570694,19.955873489379883,240.0001983642578,5.4761834144592285,0d007043e53caf40
7.399084806442261,7.399126831000103,1789785051.9265718,0.04029274,20.006656646728516,240.0001983642578,5.5714216232299805,0d0070431649b240
7.4190895557403564,7.419128888000159,1789785051.9465766,0.037670135498046875,20.004749298095703,240.0001983642578,5.642849922180176,0d0070433a92b440
7.439078092575073,7.439115962999949,1789785051.9665651,0.036001205,19.988536834716797,240.0001983642578,5.738088607788086,0d0070436c9eb740
7.459080696105957,7.459117797,1789785051.9865677,0.035524368,20.00260353088379,240.00021362304688,5.809518337249756,0e00704393e7b940
7.479119539260864,7.4791547419999915,1789785052.0066066,0.03361702,20.038843154907227,240.00021362304688,5.880947589874268,0e007043b930bc40
7.499075174331665,7.499110447000021,1789785052.0265622,0.03361702,19.95563507080078,240.00022888183594,5.976186752319336,0f007043ec3cbf40
7.519117832183838,7.519152707000103,1789785052.0466049,0.033140182,20.04265785217285,240.00022888183594,6.047616481781006,0f0070431386c140
7.539119482040405,7.539154560000043,1789785052.0666065,0.033378601,20.001649856567383,240.00022888183594,6.119045734405518,0f00704339cfc340
7.559118986129761,7.559155320000173,1789785052.086606,0.034570694,19.99950408935547,240.00022888183594,6.214284896850586,0f0070436cdbc640
7.579076528549194,7.579117117000351,1789785052.1065636,0.038862228,19.957542419433594,240.0002441,6.285714626312256,100070439324c940
7.599074840545654,7.599112081000385,1789785052.1265619,0.035524368,19.99831199645996,240.0002441,6.357143878936768,10007043b96dcb40
7.619107723236084,7.619141434000085,1789785052.1465948,0.031948089599609375,20.032882690429688,240.00025939941406,6.452383041381836,11007043ec79ce40
7.639077425003052,7.639114990000053,1789785052.1665645,0.036001205,19.969701766967773,240.00025939941406,6.523812770843506,1100704313c3d040
7.6590752601623535,7.6591111020002245,1789785052.1865623,0.034093857,19.997835159301758,240.00025939941406,6.595242023468018,11007043390cd340
7.679078102111816,7.679116010000143,1789785052.2065651,0.036239624,20.00284194946289,240.00025939941406,6.690481185913086,110070436c18d640
7.699114799499512,7.699151548000373,1789785052.2266018,0.035047531,20.036697387695312,240.00025939941406,6.761910915374756,110070439361d840
7.719120025634766,7.719155808000323,1789785052.246607,0.034093857,20.005226135253906,240.00027465820312,6.833340167999268,12007043b9aada40
7.739077568054199,7.739116087000184,1789785052.2665646,0.03695488,19.957542419433594,240.0002899169922,6.928579330444336,13007043ecb6dd40
7.759070873260498,7.759107218000281,1789785052.286558,0.034570694,19.993305206298828,240.0002899169922,7.000009059906006,130070431300e040
7.779115200042725,7.779154126000321,1789785052.3066022,0.037431717,20.044326782226562,240.0002899169922,7.095248222351074,13007043460ce340
7.799076795578003,7.799112719000277,1789785052.3265638,0.034332275,19.96159553527832,240.0002899169922,7.166677474975586,130070436c55e540
7.819077014923096,7.819112701999984,1789785052.346564,0.034093857,20.000219345092773,240.0002899169922,7.238107204437256,13007043939ee740
7.839075326919556,7.839113740000357,1789785052.3665624,0.036716461181640625,19.99831199645996,240.00030517578125,7.333346366882324,14007043c6aaea40
7.859068870544434,7.859105426000042,1789785052.386556,0.034809112548828125,19.99354362487793,240.0003204345703,7.404775619506836,15007043ecf3ec40
7.8791115283966064,7.879148075000103,1789785052.4065986,0.034809112548828125,20.04265785217285,240.0003204345703,7.476205348968506,15007043133def40
7.899076461791992,7.899115834999975,1789785052.4265635,0.037670135498046875,19.964933395385742,240.0003204345703,7.571444511413574,150070434649f240
7.9190685749053955,7.919108762000178,1789785052.4465556,0.038385391,19.99211311340332,240.0003204345703,7.642873764038086,150070436c92f440
7.9390692710876465,7.939107577999948,1789785052.4665563,0.036716461181640625,20.000696182250977,240.0003204345703,7.7381134033203125,15007043a09ef740
7.959108114242554,7.959148078999988,1789785052.4865952,0.038385391,20.038843154907227,240.00033569335938,7.809542655944824,16007043c6e7f940
7.9791131019592285,7.979159561,1789785052.5066001,0.044822693,20.004987716674805,240.00033569335938,7.880971908569336,16007043ec30fc40
7.999108076095581,7.999147340000036,1789785052.526595,0.037670135498046875,19.99497413635254,240.00035095214844,7.9762115478515625,17007043203dff40
8.019064426,8.019100377000086,1789785052.5465515,0.034332275,19.956350326538086,240.00035095214844,8.047640800476074,1700704323c30041
8.039109230041504,8.039146675000211,1789785052.5665963,0.035762786865234375,20.044803619384766,240.00035095214844,8.119070053100586,17007043b6e70141
8.059048175811768,8.059126676000233,1789785052.5865352,0.076770782,19.938945770263672,240.00035095214844,8.214309692382812,17007043d06d0341
8.079069853,8.079108399000233,1789785052.606557,0.03695488,20.021677017211914,240.0003662109375,8.285738945007324,1800704363920441
8.09910512,8.099141289000272,1789785052.6265922,0.034332275,20.035266876220703,240.0003662109375,8.357168197631836,18007043f6b60541
8.119065761566162,8.119102234000366,1789785052.6465528,0.034809112548828125,19.960641860961914,240.00038146972656,8.452407836914062,19007043103d0741
8.139063358306885,8.139099734999945,1789785052.6665504,0.034809112548828125,19.997596740722656,240.00038146972656,8.523837089538574,19007043a3610841
8.159034967422485,8.159075661000315,1789785052.686522,0.039100647,19.971609115600586,240.00038146972656,8.595266342163086,1900704336860941
8.179062366485596,8.179099773999951,1789785052.7065494,0.035762786865234375,20.02739906311035,240.00038146972656,8.690505981445312,19007043500c0b41
8.199105978012085,8.199142404000213,1789785052.726593,0.034809112548828125,20.043611526489258,240.00038146972656,8.761935234069824,19007043e3300c41
8.219063282,8.219097442,1789785052.7465503,0.032424927,19.957304000854492,240.00039672851562,8.857174873,1a007043fdb60d41
8.239103078842163,8.239139665000039,1789785053,0.034809112548828125,20.039796829223633,240.0004119873047,8.928604125976562,1b00704390db0e41
8.259068012237549,8.259104610000122,1789785052.786555,0.034809112548828125,19.964933395385742,240.0004119873047,9.000033378601074,1b00704323001041
8.279105424880981,8.279141223000352,1789785052.8065925,0.034093857,20.037412643432617,240.0004119873047,9.095273018,1b0070433d861141
8.299061537,8.299097001000064,1789785052.8265486,0.033855438232421875,19.956111907958984,240.0004119873047,9.166702270507812,1b007043d0aa1241
8.319099665,8.319135298,1789785052.8465867,0.033855438232421875,20.038127899169922,240.0004119873047,9.238131523132324,1b00704363cf1341
8.339099645614624,8.339138114,1789785052.8665867,0.036716461181640625,19.999980926513672,240.00042724609375,9.333371162,1c0070437d551541
8.359101534,8.359160393000366,1789785052.8865886,0.057220459,20.001888275146484,240.0004425048828,9.404800415039062,1d007043107a1641
8.379099607467651,8.379135394000059,1789785052.9065866,0.034093857,19.99807357788086,240.0004425048828,9.476229667663574,1d007043a39e1741
8.399101019,8.399140969,1789785052.926588,0.038146973,20.00141143798828,240.0004425048828,9.571469307,1d007043bd241941
8.419063091278076,8.419102747000125,1789785052.9465501,0.038146973,19.962072372436523,240.0004425048828,9.642898559570312,1d00704350491a41
8.439057350158691,8.439095859,1789785052.9665444,0.03695488,19.994258880615234,240.0004425048828,9.738137245178223,1d00704369cf1b41
8.459099054336548,8.459135952999986,1789785052.986586,0.03528595,20.041704177856445,240.00045776367188,9.809567451,1e007043fdf31c41
8.479053974151611,8.479090435000217,1789785053.006541,0.034809112548828125,19.954919815063477,240.00045776367188,9.880996704101562,1e00704390181e41
8.499100447,8.499136380999971,1789785053.0265875,0.034093857,20.046472549438477,240.00047302246094,9.976235389709473,1f007043a99e1f41
8.519132137298584,8.519167344,1789785053.0466192,0.033378601,20.03169059753418,240.00047302246094,10.0476656,1f0070433dc32041
8.539210557937622,8.539245660000233,1789785053.0666976,0.033378601,20.078420639038086,240.00047302246094,10.119094848632812,1f007043d0e72141
8.558993816375732,8.559044420000191,1789785053.0864809,0.048875809,19.78325843811035,240.00047302246094,10.214334487915039,1f007043ea6d2341
8.579170465,8.579209958,1789785053.1066575,0.037908554,20.17664909362793,240.0004883,10.28576374053955,200070437d922441
8.599265336990356,8.599301515000207,1789785053.1267524,0.034332275,20.094871520996094,240.0004883,10.357192993164062,2000704310b72541
8.619148731,8.619184664000386,1789785053.1466358,0.034332275,19.883394241333008,240.00050354003906,10.452432632446289,210070432a3d2741
8.639060974121094,8.639108330999989,1789785053.166548,0.045776367,19.912242889404297,240.00050354003906,10.52386189,21007043bd612841
8.659059524536133,8.659105943000213,1789785053.1865466,0.044584274,19.998550415039062,240.00050354003906,10.595291137695312,2100704350862941
8.679069995880127,8.679112926000016,1789785053.206557,0.041246414,20.01047134399414,240.00050354003906,10.690530776977539,210070436a0c2b41
8.699055910110474,8.699096834000102,1789785053.226543,0.039339066,19.98591423034668,240.00050354003906,10.76196002960205,21007043fd302c41
8.719055652618408,8.719097094000062,1789785053.2465427,0.039815903,19.99974250793457,240.00051879882812,10.857198715209961,2200704316b72d41
8.739022254943848,8.739064225,1789785053.2665093,0.040531158447265625,19.966602325439453,240.0005340576172,10.928628921508789,23007043aadb2e41
8.759092807769775,8.759133281000231,1789785053.2865798,0.038862228,20.070552825927734,240.0005340576172,11.00005817,230070433d003041
8.77905798,8.779097930000262,1789785053.306545,0.038385391,19.965171813964844,240.0005340576172,11.095296859741211,2300704356863141
8.799048185,8.799088209000274,1789785053.3265352,0.038385391,19.990205764770508,240.0005340576172,11.166727066040039,23007043eaaa3241
8.819027662277222,8.819054636000146,1789785053.3465147,0.025272369384765625,19.979476928710938,240.0005340576172,11.23815631866455,230070437dcf3341
8.839093208312988,8.839134951000233,1789785053.3665802,0.040054321,20.06554604,240.00054931640625,11.333395004272461,2400704396553541
8.859087705612183,8.8591296,1789785053.3865747,0.04029274,19.994497299194336,240.0005645751953,11.404823303222656,25007043287a3641
8.879030466079712,8.879072360999999,1789785053.4065175,0.04029274,19.942760467529297,240.0005645751953,11.476250648498535,25007043b99e3741
8.899090051651001,8.899131695000051,1789785053.426577,0.04029274,20.059585571289062,240.0005645751953,11.571487426757812,25007043d0243941
8.919036865234375,8.919078473000354,1789785053.446524,0.040054321,19.946813583374023,240.0005645751953,11.642914772033691,2500704361493a41
8.939027547836304,8.939070197000092,1789785053.4665146,0.041007996,19.99068260192871,240.0005645751953,11.738151550292969,2500704378cf3b41
8.959097385406494,8.959140235000177,1789785053.4865844,0.041007996,20.06983757019043,240.00057983398438,11.809578895568848,2600704309f43c41
8.979046106338501,8.979117254000357,1789785053.5065331,0.069379807,19.948720932006836,240.00057983398438,11.881006240844727,260070439a183e41
8.999054670333862,8.999096773,1789785053.5265417,0.040531158447265625,20.008563995361328,240.00059509277344,11.976243019104004,27007043b19e3f41
9.019045114517212,9.019085385,1789785053.5465322,0.038623809814453125,19.99044418334961,240.00059509277344,12.047670364379883,2700704342c34041
9.039091348648071,9.039180516000215,1789785053.5665784,0.087499619,20.046234130859375,240.00059509277344,12.119097709655762,27007043d3e74141
9.059036254882812,9.059139572000277,1789785053.5865233,0.10180473327636719,19.94490623474121,240.00059509277344,12.214334487915039,27007043ea6d4341
9.079057693481445,9.079100629000095,1789785053.6065447,0.041007996,20.021438598632812,240.0006103515625,12.285761833190918,280070437b924441
9.099009514,9.099053407000156,1789785053.6264966,0.042200089,19.951820373535156,240.0006103515625,12.357189178466797,280070430cb74541
9.119051456451416,9.119091723,1789785053.6465385,0.038623809814453125,20.041942596435547,240.00062561035156,12.452425003051758,29007043223d4741
9.139047145843506,9.139088261000325,1789785053.6665342,0.039339066,19.995689392089844,240.00062561035156,12.523853302001953,29007043b4614841
9.159050226211548,9.159091762000116,1789785053.6865373,0.039815903,20.003080368041992,240.00062561035156,12.595280647277832,2900704345864941
9.179076433181763,9.179165096,1789785053.7065635,0.086784363,20.026206970214844,240.00062561035156,12.690516471862793,290070435b0c4b41
9.199089050292969,9.199130300999968,1789785053.726576,0.039577484130859375,20.012617111206055,240.00062561035156,12.761943817138672,29007043ec304c41
9.219042063,9.219082802,1789785053.746529,0.039100647,19.953012466430664,240.00064086914062,12.85718059539795,2a00704303b74d41
9.239042043685913,9.239082414000222,1789785053.766529,0.038862228,19.999980926513672,240.0006561279297,12.928607940673828,2b00704394db4e41
9.259049415588379,9.259090155000194,1789785053.7865365,0.039100647,20.00737190246582,240.0006561279297,13.000035285949707,2b00704325005041
9.279061079025269,9.279101545,1789785053.806548,0.038862228,20.01166343688965,240.0006561279297,13.095272064208984,2b0070433c865141
9.299045563,9.299085639000168,1789785053.8265326,0.038385391,19.98448371887207,240.0006561279297,13.166699409484863,2b007043cdaa5241
9.319013595581055,9.319052121000368,1789785053.8465006,0.03695488,19.968032836914062,240.0006561279297,13.238126754760742,2b0070435ecf5341
9.339040517807007,9.339082696000332,1789785053.8665276,0.040531158447265625,20.02692222595215,240.00067138671875,13.33336353302002,2c00704375555541
9.359081506729126,9.359122419,1789785053.8865685,0.039339066,20.04098892211914,240.0006866455078,13.404790878295898,2d007043067a5641
9.379043340682983,9.37908355,1789785053.9065304,0.038623809814453125,19.961833953857422,240.0006866455078,13.476218223571777,2d007043979e5741
9.399020671844482,9.39906155,1789785053.9265077,0.039339066,19.977331161499023,240.0006866455078,13.571455001831055,2d007043ae245941
9.419050455093384,9.419112292000136,1789785053.9465375,0.060081482,20.029783248901367,240.0006866455078,13.642882347106934,2d0070433f495a41
9.439042806625366,9.439083775,1789785053.9665298,0.039339066,19.992351531982422,240.0006866455078,13.714309692382812,2d007043d06d5b41
9.459037065505981,9.459077645999969,1789785053.986524,0.038862228,19.994258880615234,240.00070190429688,13.80954647064209,2e007043e7f35c41
9.479013442993164,9.479053758000191,1789785054.0065005,0.038862228,19.976377487182617,240.00070190429688,13.880973815917969,2e00704378185e41
9.499044179916382,9.499084537000272,1789785054.0265312,0.038862228,20.030736923217773,240.00071716308594,13.952401161193848,2f007043093d5f41
9.519049644470215,9.519086815000264,1789785054.0465367,0.035524368,20.005464553833008,240.00071716308594,14.047637939453125,2f00704320c36041
9.539011240005493,9.539052020000327,1789785054.0664983,0.039100647,19.96159553527832,240.00071716308594,14.119065284729004,2f007043b1e76141
9.559008121490479,9.559049354000308,1789785054.0864952,0.039577484130859375,19.99688148498535,240.00071716308594,14.214301109313965,2f007043c76d6341
9.579039335250854,9.579080966,1789785054.1065264,0.040054321,20.031213760375977,240.0007324,14.28572940826416,3000704359926441
9.599059581756592,9.599114930000269,1789785054.1265466,0.053882598876953125,20.020246505737305,240.0007324,14.357156753540039,30007043eab66541
9.619082451,9.619122431,1789785054.1465695,0.038385391,20.022869110107422,240.00074768066406,14.45239258,31007043003d6741
9.639040947,9.639094135,1789785054.166528,0.051498413,19.95849609,240.00074768066406,14.523819923400879,3100704391616841
9.659041404724121,9.659083118000126,1789785054.1865284,0.040054321,20.000457763671875,240.00074768066406,14.595248222351074,3100704323866941
9.679006099700928,9.679045582000072,1789785054.2064931,0.037908554,19.96469497680664,240.00074768066406,14.690484046936035,31007043390c6b41
9.699037551879883,9.699076119999972,1789785054.2265246,0.03695488,20.031452178955078,240.00074768066406,14.761911392211914,31007043ca306c41
9.719002008,9.719037880000087,1789785054.246489,0.034093857,19.96445655822754,234.28646850585938,14.833338737487793,56496a435b556d41
9.738899469,9.739020288,1789785054.2663865,0.11992454528808594,19.89746094,240.00074768066406,14.92857551574707,3100704372db6e41
9.759070634841919,9.759106196000175,1789785054.2865577,0.033855438232421875,20.171165466308594,240.00074768066406,15.00000286102295,3100704303007041
9.779038190841675,9.779075252999974,1789785054.3065252,0.035524368,19.96755599975586,240.00074768066406,15.071430206298828,3100704394247141
9.799075127,9.799111791000087,1789785054.3265622,0.035047531,20.036935806274414,240.00074768066406,15.166666984558105,31007043abaa7241
9.819033623,9.819069236,1789785054.3465207,0.033855438232421875,19.95849609,240.00074768066406,15.238094329833984,310070433ccf7341
9.839070558547974,9.839108885000314,1789785054.3665576,0.036716461181640625,20.036935806274414,234.28646850585938,15.309521675109863,56496a43cdf37441
9.859037160873413,9.859073497000281,1789785054.3865242,0.034809112548828125,19.966602325439453,240.00074768066406,15.40475845336914,31007043e4797641
9.879005908966064,9.879042738999942,1789785054.406493,0.035047531,19.968748092651367,240.00074768066406,15.47618579864502,31007043759e7741
9.899031639099121,9.899067962000117,1789785054.4265187,0.034570694,20.02573013305664,240.00074768066406,15.571422576904297,310070438c247941
9.919071197509766,9.919109759000094,1789785054.4465582,0.036716461181640625,20.03955841064453,240.00074768066406,15.642849922180176,310070431d497a41
9.939068556,9.939148555999964,1789785054.4665556,0.078439713,19.997358322143555,240.00074768066406,15.714277267456055,31007043ae6d7b41
9.959076166152954,9.959144631000072,1789785054.4865632,0.066995621,20.007610321044922,240.00074768066406,15.809514045715332,31007043c5f37c41
9.979037523269653,9.979101688000355,1789785054.5065246,0.062465667724609375,19.96135711669922,240.00074768066406,15.880941390991211,3100704356187e41
9.999074220657349,9.999224633000267,1789785054.5265613,0.148773193,20.036697387695312,240.00076293945312,15.95236873626709,32007043e73c7f41
10.019026279449463,10.01909133800018,1789785054.5465133,0.063419342,19.952058792114258,240.0007781982422,16.047605514526367,330070437f618041
10.039028406143188,10.039095931000247,1789785054.5665154,0.065803528,20.002126693725586,240.0007781982422,16.11903190612793,33007043c7f38041
10.059034824371338,10.059100562000367,1789785054.5865219,0.063896179,20.006418228149414,240.0007781982422,16.190460205078125,3300704310868141
10.07902979850769,10.079177970000273,1789785054.6065168,0.14662742614746094,19.99497413635254,240.0007781982422,16.285696029663086,330070431b498241
10.09903359413147,10.099111082000036,1789785054.6265206,0.076055527,20.003795623779297,240.0007781982422,16.35712432861328,3300704364db8241
10.119032144546509,10.119095713000206,1789785054.6465192,0.061750412,19.998550415039062,240.00079345703125,16.428550720214844,34007043ac6d8341
10.139071702957153,10.13913613900013,1789785054.6665587,0.062704086,20.03955841064453,240.00079345703125,16.523788452148438,34007043b8308441
10.15906810760498,10.159132974000386,1789785054.6865551,0.063180923,19.99640464782715,240.0008087158203,16.59521484,3500704300c38441
10.179062128067017,10.179130975000135,1789785054.7065492,0.067234039,19.994020462036133,240.0008087158203,16.690452575683594,350070430c868541
10.199069499969482,10.199136493999958,1789785054.7265565,0.065326691,20.00737190246582,240.0008087158203,16.761878967285156,3500704354188641
10.219028949737549,10.219091736000337,1789785054.746516,0.061273575,19.959449768066406,240.0008087158203,16.83330726623535,350070439daa8641
10.238998651504517,10.23905366200006,1789785054.7664857,0.053405762,19.969701766967773,240.00082397460938,16.928543090820312,36007043a86d8741
10.25903058052063,10.259093182000015,1789785054.7865176,0.061035156,20.03192901611328,240.00082397460938,16.999971389770508,36007043f1ff8741
10.278849840164185,10.278939312000148,1789785054.8063369,0.087976456,19.819259643554688,240.00083923339844,17.07139778137207,3700704339928841
10.299070358276367,10.299132998999994,1789785054.8265574,0.061035156,20.220518112182617,240.00083923339844,17.16663360595703,3700704344558941
10.319026470184326,10.319088406999981,1789785054.8465135,0.060319901,19.956111907958984,240.00083923339844,17.238061904907227,370070438de78941
10.339065551757812,10.339128723000158,1789785054.8665526,0.061511993408203125,20.039081573486328,240.00083923339844,17.309490203857422,37007043d6798a41
10.359023571014404,10.359086149000177,1789785054.8865106,0.060796738,19.958019256591797,240.0008544921875,17.404726028442383,38007043e13c8b41
10.37885046005249,10.378926854000383,1789785054.9063375,0.074863434,19.826889038085938,240.0008544921875,17.476152420043945,3800704329cf8b41
10.399027347564697,10.399092872999972,1789785054.9265144,0.063896179,20.17688751220703,240.00086975097656,17.54758071899414,3900704372618c41
10.419042348861694,10.419099447999997,1789785054.9465294,0.055551529,20.01500129699707,240.00086975097656,17.64281654,390070437d248d41
10.439058065414429,10.439092338000137,1789785054.966545,0.032663345,20.015716552734375,240.00086975097656,17.714244842529297,39007043c6b68d41
10.458841800689697,10.458880505000252,1789785054.9863288,0.037193298,19.783735275268555,240.00086975097656,17.78567123413086,390070430e498e41
10.479021072387695,10.479058339999938,1789785055.006508,0.035524368,20.179271697998047,240.00086975097656,17.880908966064453,390070431a0c8f41
10.498986721038818,10.499022155000148,1789785055.0264738,0.033855438232421875,19.965648651123047,234.28659057617188,17.952335357666016,5e496a43629e8f41
10.51901912689209,10.519054360000155,1789785055.0465062,0.03361702,20.032405853271484,240.00086975097656,18.04757308959961,390070436e619041
10.539056777954102,10.539093139000215,1789785055.0665438,0.034570694,20.03765106201172,240.00086975097656,18.118999481201172,39007043b6f39041
10.559018611907959,10.559056806000171,1789785055.0865057,0.036716461181640625,19.961833953857422,240.00086975097656,18.190427780151367,39007043ff859141
10.578987121582031,10.579029343999991,1789785055.1064742,0.040531158447265625,19.968509674072266,240.00086975097656,18.285663604736328,390070430a499241
10.599018573760986,10.599055049000071,1789785055.1265056,0.035047531,20.031452178955078,240.00086975097656,18.357091903686523,3900704353db9241
10.619057178497314,10.619092142000227,1789785055.1465442,0.033140182,20.038604736328125,240.00088500976562,18.428518295288086,3a0070439b6d9341
10.639014720916748,10.639051736000056,1789785055.1665018,0.035524368,19.957542419433594,240.00088500976562,18.52375602722168,3a007043a7309441
10.659055709838867,10.659091978000106,1789785055.1865427,0.034570694,20.04098892211914,240.0009002685547,18.595182418823242,3b007043efc29441
10.679023504257202,10.67905883000003,1789785055.2065105,0.03361702,19.96779441833496,240.0009002685547,18.666610717773438,3b00704338559541
10.699012756347656,10.69905281299998,1789785055.2264998,0.038385391,19.98925209,240.0009002685547,18.76184654,3b00704343189641
10.71905517578125,10.719092184000147,1789785055.2465422,0.035524368,20.04241943359375,240.0009002685547,18.833274841308594,3b0070438caa9641
10.739018440246582,10.739058184999976,1789785055.2665055,0.038146973,19.96326446533203,240.0009002685547,18.928510665893555,3b007043976d9741
10.75902271270752,10.759058908000043,1789785055.2865098,0.034570694,20.00427246,240.0009002685547,18.99993896484375,3b007043e0ff9741
10.77901554107666,10.779051446000267,1789785055.3065026,0.034093857,19.992828369140625,240.00091552734375,19.071365356445312,3c00704328929841
10.799016237258911,10.799051780000354,1789785055.3265033,0.033855438232421875,20.000696182250977,240.0009307861328,19.166601181030273,3d00704333559941
10.819053411483765,10.819089800000256,1789785055.3465405,0.034570694,20.037174224853516,240.0009307861328,19.23802947998047,3d0070437ce79941
10.839052677154541,10.839090578000196,1789785055.3665397,0.036239624,19.999265670776367,240.0009307861328,19.309457778930664,3d007043c5799a41
10.85901427268982,10.859049857000173,1789785055.3865013,0.033855438232421875,19.96159553527832,240.00094604492188,19.404693603515625,3e007043d03c9b41
10.87897801399231,10.879013747000045,1789785055.406465,0.034093857,19.963741302490234,240.00094604492188,19.476119995117188,3e00704318cf9b41
10.899056196212769,10.899091433000194,1789785055.4265432,0.03361702,20.078182220458984,240.00096130371094,19.547548294067383,3f00704361619c41
10.919012784957886,10.919076730000143,1789785055.4464998,0.062227249,19.956588745117188,240.00096130371094,19.642784118652344,3f0070436c249d41
10.939051389694214,10.939088990000073,1789785055.4665384,0.036001205,20.038604736328125,240.00096130371094,19.71421241760254,3f007043b5b69d41
10.959051609039307,10.959093843000119,1789785055.4865386,0.040531158447265625,20.000219345092773,240.00096130371094,19.78563881,3f007043fd489e41
10.979010820388794,10.97907012199994,1789785055.5064979,0.057697296142578125,19.959211349487305,240.00096130371094,19.880876541137695,3f007043090c9f41
10.999057054519653,10.999095658999977,1789785055.526544,0.03695488,20.046234130859375,240.00096130371094,19.952302932739258,3f007043519e9f41
11.019051313400269,11.01908834599999,1789785055.5465384,0.035524368,19.994258880615234,240.0009766,20.04754066467285,400070435d61a041
11.03904938697815,11.039085420999982,1789785055.5665364,0.034332275,19.99807357788086,240.0009766,20.118967056274414,40007043a5f3a041
11.058995008468628,11.059084772999995,1789785055.586482,0.088214874,19.945621490478516,240.00099182128906,20.19039535522461,41007043ee85a141
11.079010725021362,11.079048015000353,1789785055.6064978,0.035524368,20.015716552734375,240.00099182128906,20.28563117980957,41007043f948a241
11.099005222320557,11.099044090000007,1789785055.6264923,0.037193298,19.994497299194336,240.00099182128906,20.357059478759766,4100704342dba241
11.11901307106018,11.119051980000222,1789785056,0.037431717,20.007848739624023,240.00100708007812,20.428485870361328,420070438a6da341
11.139046907424927,11.139083091999964,1789785055.666534,0.034570694,20.033836364746094,240.00100708007812,20.523723602294922,420070439630a441
11.158970355987549,11.15900629600037,1789785055.6864574,0.034332275,19.92344856262207,240.0010223388672,20.595149993896484,43007043dec2a441
11.178969144821167,11.179004519000046,1789785055.7064562,0.03361702,19.998788833618164,240.0010223388672,20.66657829284668,430070432755a541
11.198975086212158,11.199019186999976,1789785055.7264621,0.042676926,20.00594139099121,240.0010223388672,20.76181411743164,430070433218a641
11.219043254852295,11.219081651000124,1789785055.7465303,0.036716461181640625,20.06816864013672,240.0010223388672,20.833242416381836,430070437baaa641
11.238827228546143,11.238871744000335,1789785055.7663143,0.042915344,19.783973693847656,240.0010223388672,20.90466881,43007043c33ca741
11.259042024612427,11.259080190000077,1789785055.786529,0.036478043,20.21479606628418,240.0010223388672,20.99990463256836,43007043ceffa741
11.279012441635132,11.27904817200033,1789785055.8064995,0.034093857,19.970417022705078,240.00103759765625,21.071332931518555,440070431792a841
11.299041748046875,11.299078803000157,1789785055.8265288,0.03528595,20.029306411743164,240.0010528564453,21.166568756103516,450070432255a941
11.319052696228027,11.319091989000299,1789785055.8465397,0.037670135498046875,20.010948181152344,240.0010528564453,21.23799705505371,450070436be7a941
11.339112281799316,11.339150471000266,1789785055.8665993,0.036478043,20.059585571289062,240.0010528564453,21.309423446655273,45007043b379aa41
11.359116792678833,11.359152676000122,1789785055.8866038,0.034332275,20.00451088,240.00106811523438,21.404661178588867,46007043bf3cab41
11.379045963287354,11.37908128800018,1789785055.906533,0.03361702,19.929170608520508,240.00106811523438,21.47608757019043,4600704307cfab41
11.39912462234497,11.399164863000351,1789785055.9266117,0.038623809814453125,20.078659057617188,240.00108337402344,21.547515869140625,470070435061ac41
11.419217824935913,11.419254734000333,1789785055.9467049,0.03528595,20.093202590942383,240.00108337402344,21.642751693725586,470070435b24ad41
11.439005374908447,11.439045087000068,1789785055.9664924,0.038146973,19.78754997253418,240.00108337402344,21.71417999267578,47007043a4b6ad41
11.459003448486328,11.459041995000007,1789785055.9864905,0.03695488,19.99807357788086,240.00108337402344,21.785606384277344,47007043ec48ae41
11.47897196,11.479007773000376,1789785056.006459,0.034093857,19.968509674072266,240.00108337402344,21.880844116210938,47007043f80baf41
11.499000310897827,11.499035960000128,1789785056.0264874,0.034093857,20.028352737426758,240.00108337402344,21.95227051,47007043409eaf41
11.518972396850586,11.519009090000054,1789785056.0464594,0.035047531,19.97208595275879,240.0010986328125,22.023698806762695,480070438930b041
11.539039850234985,11.539076036000097,1789785056.066527,0.034332275,20.067453384399414,240.0010986328125,22.118934631347656,4800704394f3b041
11.558960914611816,11.55900525900006,1789785056.086448,0.042676926,19.921064376831055,240.00111389160156,22.19036293029785,49007043dd85b141
11.578970193862915,11.579012018999947,1789785056.1064572,0.040054321,20.009279251098633,240.00111389160156,22.285598754882812,49007043e848b241
11.599005460739136,11.599043057000017,1789785056.1264925,0.036001205,20.035266876220703,240.00111389160156,22.357027053833008,4900704331dbb241
11.618998289108276,11.619036223999956,1789785056.1464853,0.036239624,19.992828369140625,234.28683471679688,22.42845344543457,6e496a43796db341
11.638819694519043,11.638861929000086,1789785056.1663067,0.040531158447265625,19.82140541,234.28683471679688,22.523691177368164,6e496a438530b441
11.65900182723999,11.65903741,1789785056.1864889,0.034093857,20.182132720947266,240.00111389160156,22.595117568969727,49007043cdc2b441
11.678830862045288,11.678879560000041,1789785056.206318,0.04696846,19.82903480529785,240.00111389160156,22.666545867919922,490070431655b541
11.69896411895752,11.698999339000238,1789785056.2264512,0.03361702,20.133256912231445,240.00111389160156,22.761781692504883,490070432118b641
11.719000577926636,11.719035747000362,1789785056.2464876,0.033378601,20.03645896911621,240.00111389160156,22.833209991455078,490070436aaab641
11.738967657089233,11.739007747999949,1789785056.2664547,0.038385391,19.967079162597656,240.00111389160156,22.90463638305664,49007043b23cb741
11.759033441543579,11.75907062000033,1789785056.2865205,0.035524368,20.065784454345703,240.00111389160156,22.99987221,49007043bdffb741
11.778998851776123,11.779036676000032,1789785056.306486,0.036239624,19.965410232543945,240.00112915039062,23.071300506591797,4a0070430692b841
11.799038171768188,11.799074435999955,1789785056.3265252,0.034570694,20.03931999206543,240.0011444091797,23.166536331176758,4b0070431155b941
11.818992853164673,11.819027881000238,1789785056,0.033140182,19.954681396484375,240.0011444091797,23.237964630126953,4b0070435ae7b941
11.839033126831055,11.83907497500013,1789785056.3665202,0.040054321,20.040273666381836,240.0011444091797,23.309391021728516,4b007043a279ba41
11.859034538269043,11.859073031000207,1789785056.3865216,0.03695488,20.00141143798828,240.0011444091797,23.40462875366211,4b007043ae3cbb41
11.878968954086304,11.879006310000022,1789785056.406456,0.035762786865234375,19.934415817260742,240.0011444091797,23.476055145263672,4b007043f6cebb41
11.89899206161499,11.899027441000271,1789785056.426479,0.033855438232421875,20.023107528686523,240.00115966796875,23.547483444213867,4c0070433f61bc41
11.918998003005981,11.919039608000276,1789785056.446485,0.039815903,20.00594139099121,240.00115966796875,23.642719268798828,4c0070434a24bd41
11.939030647277832,11.939069276000282,1789785056.4665177,0.03695488,20.032644271850586,240.0011749267578,23.714147567749023,4d00704393b6bd41
11.958954572677612,11.95899099899998,1789785056.4864416,0.034570694,19.923925399780273,240.0011749267578,23.785573959350586,4d007043db48be41
11.978967428207397,11.979068722000193,1789785056.5064545,0.099658966,20.012855529785156,240.0011749267578,23.88081169128418,4d007043e70bbf41
11.998990058898926,11.99902603800001,1789785056.526477,0.034332275,20.02263069152832,240.0011749267578,23.952238082885742,4d0070432f9ebf41
12.01924180984497,12.020217985000272,1789785056.5467288,0.9763240814208984,20.251750946044922,245.7154541015625,24.09509277,28b77543c0c2c041
12.039002656936646,12.03907904000016,1789785056.5664897,0.074625015,19.760847091674805,245.7154541015625,24.261756896972656,28b775431418c241
12.05908489227295,12.061369748000288,1789785056.586572,2.283334732055664,20.08223533630371,280.00115966796875,24.428421020507812,26008c43686dc341
12.079027891159058,12.07918548600037,1789785056.606515,0.15592575073242188,19.94299889,314.2868652,24.59508514404297,b8249d43bcc2c441
12.099060773849487,12.100960083000246,1789785056.6265478,1.897573471069336,20.032882690429688,314.2868652,24.761749267578125,b8249d431018c641
12.119045972824097,12.119205229000272,1789785056.646533,0.1575946807861328,19.985198974609375,348.57257080078125,24.92841339111328,4a49ae43646dc741
12.139060020446777,12.139268377999997,1789785056.666547,0.2067089080810547,20.014047622680664,348.57257080078125,25.118886947631836,4a49ae437bf3c841
12.159045696258545,12.159227545000249,1789785056.6865327,0.18024444580078125,19.985675811767578,382.8582763671875,25.285551071166992,dc6dbf43cf48ca41
12.179133176803589,12.179697880000276,1789785056.7066202,0.5629062652587891,20.087480545043945,417.14398193359375,25.452213287353516,6e92d043229ecb41
12.19898772239685,12.199101417000293,1789785056.7264748,0.11205673217773438,19.85454559326172,417.14398193359375,25.618877410888672,6e92d04376f3cc41
12.21899938583374,12.219042825000088,1789785056.7464864,0.041723251,20.01166343688965,451.4296875,25.785541534423828,00b7e143ca48ce41
12.238953351974487,12.238991863000138,1789785056.7664404,0.03695488,19.95396614074707,485.7153625488281,25.976015090942383,91dbf243e1cecf41
12.258992910385132,12.259029920000103,1789785057,0.03528595,20.03955841064453,485.7153625488281,26.14267921447754,91dbf2433524d141
12.278955936431885,12.278998235000017,1789785056.806443,0.040769577,19.96302604675293,514.2868041992188,26.309343338012695,5b9200448979d241
12.29902982711792,12.299067181000282,1789785056.8265169,0.035762786865234375,20.073890686035156,514.2868041992188,26.47600746154785,5b920044ddced341
12.31895136833191,12.318987033000212,1789785056.8464384,0.034093857,19.921541213989258,514.2868041992188,26.642671585083008,5b9200443124d541
12.338951826095581,12.338993738000227,1789785056.8664389,0.04029274,20.000457763671875,514.2868041992188,26.809335708618164,5b9200448579d641
12.358957052230835,12.358997017000092,1789785056.886444,0.038385391,20.005226135253906,514.2868041992188,26.999807357788086,5b9200449bffd741
12.378961563110352,12.378998647000117,1789785056.9064486,0.03528595,20.00451088,514.2868041992188,27.166471481323242,5b920044ef54d941
12.398956775665283,12.399006611000004,1789785056.9264438,0.048398972,19.99521255493164,514.2868041992188,27.3331356,5b92004443aada41
12.41899037361145,12.41903035300038,1789785056.9464774,0.038385391,20.033597946166992,514.2868041992188,27.499799728393555,5b92004497ffdb41
12.438989877700806,12.43902676100015,1789785056.966477,0.03528595,19.99950408935547,514.2868041992188,27.66646385192871,5b920044eb54dd41
12.458987712860107,12.459024132000195,1789785056.9864748,0.034809112548828125,19.997835159301758,514.2868041992188,27.856937408447266,5b92004402dbde41
12.47898817062378,12.479030817999956,1789785057.0064752,0.041007996,20.000457763671875,514.2868041992188,28.023601531982422,5b9200445630e041
12.498982667922974,12.499020727000243,1789785057.0264697,0.036239624,19.994497299194336,514.2868041992188,28.190265655517578,5b920044aa85e141
12.51898980140686,12.519027042000289,1789785057.0464768,0.035524368,20.00713348388672,508.5725098,28.356929779052734,4849fe43fedae241
12.538954496383667,12.538991154000087,1789785057.0664415,0.035047531,19.96469497680664,508.5725098,28.523591995239258,4849fe435130e441
12.559012651443481,12.55906582200032,1789785057.0864997,0.051498413,20.058155059814453,514.2868041992188,28.714065551757812,5b92004468b6e541
12.578983068466187,12.579023230000075,1789785057,0.038385391,19.970417022705078,514.2868041992188,28.88072967529297,5b920044bc0be741
12.599019527435303,12.599059213000146,1789785057.1265066,0.038146973,20.03645896911621,514.2868041992188,29.047393798828125,5b9200441061e841
12.619017362594604,12.619053120999979,1789785057.1465044,0.034093857,19.997835159301758,514.2868041992188,29.21405792236328,5b92004464b6e941
12.638953447341919,12.638991973999964,1789785057.1664405,0.036716461181640625,19.936084747314453,514.2868041992188,29.380722045898438,5b920044b80beb41
12.658982038497925,12.659019197000362,1789785057.186469,0.035524368,20.02859115600586,508.5725098,29.571195602416992,4849fe43cf91ec41
12.678977012634277,12.679045087000304,1789785057.206464,0.066518784,19.99497413635254,514.2868041992188,29.73785972595215,5b92004423e7ed41
12.698993921279907,12.699020810000093,1789785057.226481,0.025033950805664062,20.016908645629883,514.2868041992188,29.904521942138672,5b920044763cef41
12.718978881835938,12.719016033000116,1789785057.246466,0.035524368,19.984960556030273,514.2868041992188,30.071186065673828,5b920044ca91f041
12.738988399505615,12.739024793000226,1789785057.2664754,0.034570694,20.009517669677734,514.2868041992188,30.237850189208984,5b9200441ee7f141
12.758944511413574,12.75898320100032,1789785057.2864316,0.03695488,19.956111907958984,514.2868041992188,30.42832374572754,5b920044356df341
12.778938293457031,12.778976961000353,1789785057.3064253,0.03695488,19.99378204345703,514.2868041992188,30.594987869262695,5b92004489c2f441
12.798952579498291,12.799042277000353,1789785057.3264396,0.088214874,20.014286041259766,514.2868041992188,30.76165199279785,5b920044dd17f641
12.819019317626953,12.819085723000171,1789785057.3465064,0.064611435,20.06673812866211,514.2868041992188,30.928316116333008,5b920044316df741
12.838950157165527,12.839008167999964,1789785057.3664372,0.056266785,19.93083953857422,514.2868041992188,31.094980239868164,5b92004485c2f841
12.858996629714966,12.859052112999962,1789785057.3864837,0.053882598876953125,20.046472549438477,514.2868041992188,31.285451889038086,5b9200449b48fa41
12.87894320487976,12.87899828100035,1789785057.4064302,0.053405762,19.946575164794922,514.2868041992188,31.452116012573242,5b920044ef9dfb41
12.89901614189148,12.89907907800034,1789785057.4265032,0.061273575,20.07293701171875,514.2868041992188,31.61878014,5b92004443f3fc41
12.919020891189575,12.919087282999953,1789785057.446508,0.064849854,20.004749298095703,514.2868041992188,31.785444259643555,5b9200449748fe41
12.93898320198059,12.939040913000099,1789785057.4664702,0.056028366,19.962310791015625,514.2868041992188,31.95210838317871,5b920044eb9dff41
12.95898175239563,12.959035988000323,1789785057.4864688,0.052452087,19.998550415039062,514.2868041992188,32.118770599365234,5b9200449f790042
12.978944063186646,12.979000507000364,1789785057.506431,0.054836273193359375,19.962310791015625,514.2868041992188,32.30924606323242,5b920044ab3c0142
12.99898076057434,12.999131638000108,1789785057.5264678,0.14925003051757812,20.036697387695312,514.2868041992188,32.47591018676758,5b92004455e70142
13.018977880477905,13.019045083000037,1789785057.546465,0.065565109,19.997119903564453,514.2868041992188,32.642574310302734,5b920044ff910242
13.038941860198975,13.038997473000109,1789785057.566429,0.054121017,19.963979721069336,514.2868041992188,32.80923843383789,5b920044a93c0342
13.05893874168396,13.058993140999974,1789785057.5864258,0.052928924560546875,19.99688148498535,514.2868041992188,32.97590255737305,5b92004453e70342
13.079033136367798,13.079162012000324,1789785057.6065202,0.1270771026611328,20.09439468383789,514.2868041992188,33.16637420654297,5b9200445eaa0442
13.098936557769775,13.09898079100003,1789785057.6264236,0.042438507080078125,19.90342140197754,514.2868041992188,33.333038330078125,5b92004408550542
13.118975639343262,13.119029236000188,1789785057.6464627,0.051975250244140625,20.039081573486328,514.2868041992188,33.49970245361328,5b920044b2ff0542
13.138949155807495,13.138998792000166,1789785057.6664362,0.047922134,19.97351646,514.2868041992188,33.66636657714844,5b9200445caa0642
13.158937692642212,13.15899146000038,1789785057.6864247,0.051975250244140625,19.988536834716797,514.2868041992188,33.833030700683594,5b92004406550742
13.178937435150146,13.17899109100017,1789785057.7064245,0.051975250244140625,19.99974250793457,508.5725098,34.023502349853516,4849fe4311180842
13.198940753936768,13.198997127999974,1789785057.7264278,0.054597855,20.003318786621094,508.5725098,34.19016647338867,4849fe43bbc20842
13.218972206115723,13.219064315000196,1789785057.7464592,0.09059906,20.031452178955078,514.2868041992188,34.35683059692383,5b920044656d0942
13.238983392715454,13.239065908000157,1789785057.7664704,0.080823898,20.011186599731445,514.2868041992188,34.523494720458984,5b9200440f180a42
13.258932113647461,13.258981594000034,1789785057.7864192,0.047922134,19.948720932006836,514.2868041992188,34.69015884399414,5b920044b9c20a42
13.278947830200195,13.279002668999965,1789785057.8064349,0.053167343,20.015716552734375,514.2868041992188,34.88063049316406,5b920044c4850b42
13.298975229263306,13.29902839200031,1789785057.8264623,0.051498413,20.02739906311035,508.5725098,35.04729461669922,4849fe436e300c42
13.318935632705688,13.318989134000276,1789785057.8464227,0.051736832,19.960403442382812,508.5725098,35.213958740234375,4849fe4318db0c42
13.338939905166626,13.338998801000344,1789785057.866427,0.057220459,20.00427246,514.2868041992188,35.38062286376953,5b920044c2850d42
13.358975410461426,13.35902956200016,1789785057.8864625,0.052452087,20.035505294799805,514.2868041992188,35.54728698730469,5b9200446c300e42
13.378968477249146,13.379030377000163,1789785057.9064555,0.060081482,19.993066787719727,514.2868041992188,35.737762451171875,5b92004478f30e42
13.398936986923218,13.39899354499994,1789785057.926424,0.054836273193359375,19.968509674072266,514.2868041992188,35.90442657470703,5b920044229e0f42
13.418932437896729,13.41898667500027,1789785057.9464195,0.052452087,19.995450973510742,514.2868041992188,36.07109069824219,5b920044cc481042
13.438935995101929,13.438989323999976,1789785057.966423,0.051736832,20.003557205200195,514.2868041992188,36.237754821777344,5b92004476f31042
13.459006071090698,13.459050011000272,1789785057.986493,0.042200089,20.07007598876953,514.2868041992188,36.40441895,5b920044209e1142
13.478938341140747,13.478978585000277,1789785058.0064254,0.038623809814453125,19.932270050048828,514.2868041992188,36.57107925415039,5b920044c9481242
13.499002695083618,13.499039605000235,1789785058.0264897,0.03528595,20.064353942871094,514.2868041992188,36.76155471801758,5b920044d50b1342
13.518961906433105,13.518998365000243,1789785058.046449,0.034809112548828125,19.959211349487305,514.2868041992188,36.928218841552734,5b9200447fb61342
13.53892993927002,13.538966459000221,1789785058.066417,0.035047531,19.968032836914062,514.2868041992188,37.09488296508789,5b92004429611442
13.558964967727661,13.55900444100007,1789785058.086452,0.037908554,20.03502846,514.2868041992188,37.26154708862305,5b920044d30b1542
13.578941822052002,13.578984590000346,1789785058.1064289,0.041007996,19.97685432434082,514.2868041992188,37.42821121,5b9200447db61542
13.598960161209106,13.598999460999948,1789785058.1264472,0.037431717,20.018339157104492,514.2868041992188,37.618682861328125,5b92004488791642
13.619000434875488,13.61903968,1789785058.1464875,0.037670135498046875,20.040273666381836,514.2868041992188,37.78534698486328,5b92004432241742
13.638962507247925,13.638999593000335,1789785058.1664495,0.035524368,19.962072372436523,514.2868041992188,37.95201110839844,5b920044dcce1742
13.658963441848755,13.65900216800037,1789785058.1864505,0.03695488,20.000934600830078,514.2868041992188,38.118675231933594,5b92004486791842
13.678979396820068,13.679051965000326,1789785058.2064664,0.071048737,20.015954971313477,514.2868041992188,38.28533935546875,5b92004430241942
13.699002265930176,13.69906654000033,1789785058.2264893,0.062465667724609375,20.022869110107422,514.2868041992188,38.47581100463867,5b9200443be71942
13.718958139419556,13.719021077999969,1789785058.2464452,0.061273575,19.955873489379883,514.2868041992188,38.64247512817383,5b920044e5911a42
13.73896312713623,13.739029264000237,1789785058.2664502,0.064611435,20.004987716674805,514.2868041992188,38.809139251708984,5b9200448f3c1b42
13.758979320526123,13.759027376000176,1789785058.2864664,0.046491623,20.016193389892578,514.2868041992188,38.97580337524414,5b92004439e71b42
13.77906871,13.779107246999956,1789785058.3065557,0.036716461181640625,20.089387893676758,514.2868041992188,39.1424675,5b920044e3911c42
13.798977375030518,13.799014211000213,1789785058.3264644,0.03528595,19.908666610717773,514.2868041992188,39.33293914794922,5b920044ee541d42
13.81906270980835,13.819098786000268,1789785058.3465497,0.034332275,20.08533477783203,514.2868041992188,39.499603271484375,5b92004498ff1d42
13.838961601257324,13.839001398000164,1789785058.3664486,0.038146973,19.89889144897461,514.2868041992188,39.66626739501953,5b92004442aa1e42
13.85892629623413,13.858964564999951,1789785058.3864133,0.036478043,19.96469497680664,514.2868041992188,39.83293151855469,5b920044ec541f42
13.878965139389038,13.879001252000307,1789785058.4064522,0.034332275,20.038843154907227,514.2868041992188,39.999595642089844,5b92004496ff1f42
13.898961782455444,13.899031381999976,1789785058.4264488,0.067949295,19.99664306640625,514.2868041992188,40.19007110595703,5b920044a2c22042
13.918964862823486,13.919001752999975,1789785058.446452,0.035047531,20.003080368041992,514.2868041992188,40.35673522949219,5b9200444c6d2142
13.938936233520508,13.938979643000039,1789785058.4664233,0.041723251,19.971370697021484,514.2868041992188,40.523399353027344,5b920044f6172242
13.958935260772705,13.958973663000052,1789785058.4864223,0.036716461181640625,19.999027252197266,514.2868041992188,40.69006348,5b920044a0c22242
13.978965044021606,13.979002589000174,1789785058.506452,0.036001205,20.029783248901367,514.2868041992188,40.856727600097656,5b9200444a6d2342
13.998935222625732,13.999000998000156,1789785058.5264223,0.063896179,19.970178604125977,514.2868041992188,41.02338790893555,5b920044f3172442
14.018953084945679,14.018993275999946,1789785058.5464401,0.038385391,20.01786231994629,514.2868041992188,41.213863372802734,5b920044ffda2442
14.038920640945435,14.038957924999977,1789785058.5664077,0.035524368,19.96755599975586,514.2868041992188,41.38052749633789,5b920044a9852542
14.058917999267578,14.058954463000191,1789785058.586405,0.034809112548828125,19.997358322143555,514.2868041992188,41.54719161987305,5b92004453302642
14.07899260520935,14.079214780000257,1789785058.6064796,0.2205371856689453,20.07460594177246,508.5725098,41.71385574,4849fe43fdda2642
14.098963499069214,14.098999631999959,1789785058.6264505,0.034570694,19.97089385986328,508.5725098,41.904327392578125,4849fe43089e2742
14.118964672088623,14.11900159600009,1789785058.6464517,0.03528595,20.00117301940918,514.2868041992188,42.07099151611328,5b920044b2482842
14.13892149925232,14.138959892999992,1789785058.6664085,0.036716461181640625,19.95682716369629,514.2868041992188,42.23765563964844,5b9200445cf32842
14.158922910690308,14.158959190000132,1789785059,0.034570694,20.00141143798828,514.2868041992188,42.404319763183594,5b920044069e2942
14.178919792175293,14.178955321000103,1789785058.7064068,0.033855438232421875,19.99688148498535,514.2868041992188,42.57098388671875,5b920044b0482a42
14.198963165283203,14.19899950700028,1789785058.7264502,0.034809112548828125,20.043373107910156,514.2868041992188,42.76145553588867,5b920044bb0b2b42
14.21897578239441,14.21902815600015,1789785058.7464628,0.050544739,20.012617111206055,514.2868041992188,42.92811965942383,5b92004465b62b42
14.23895812034607,14.238994083000307,1789785058.7664452,0.034093857,19.982337951660156,514.2868041992188,43.094783782958984,5b9200440f612c42
14.258958101272583,14.258996546000162,1789785058.7864451,0.036716461181640625,19.999980926513672,514.2868041992188,43.26144790649414,5b920044b90b2d42
14.278955698013306,14.278992176999964,1789785058.8064427,0.034809112548828125,19.997596740722656,514.2868041992188,43.42811203,5b92004463b62d42
14.298922300338745,14.298960548000196,1789785058.8264093,0.036478043,19.966602325439453,514.2868041992188,43.61858367919922,5b9200446e792e42
14.318922758102417,14.318958568000198,1789785058.8464098,0.034332275,20.000457763671875,514.2868041992188,43.785247802734375,5b92004418242f42
14.338918447494507,14.338954754000042,1789785058.8664055,0.034809112548828125,19.995689392089844,520.0010986328125,43.95191192626953,12000244c2ce2f42
14.358955144882202,14.358991940000124,1789785058.8864422,0.035047531,20.036697387695312,514.2868041992188,44.11857604980469,5b9200446c793042
14.378953695297241,14.378989422000359,1789785058.9064407,0.034093857,19.998550415039062,514.2868041992188,44.285240173339844,5b92004416243142
14.398934841156006,14.39897694199999,1789785058.9264219,0.040531158447265625,19.98114585876465,514.2868041992188,44.47571563720703,5b92004422e73142
14.418917417526245,14.418953739000244,1789785058.9464045,0.034809112548828125,19.982576370239258,514.2868041992188,44.64237976074219,5b920044cc913242
14.43896222114563,14.438998868999988,1789785058.9664493,0.035047531,20.044803619384766,514.2868041992188,44.809043884277344,5b920044763c3342
14.459012508392334,14.459054185000241,1789785058.9864995,0.040054321,20.05028725,514.2868041992188,44.97570801,5b92004420e73342
14.47891616821289,14.478948316000242,1789785059.0064032,0.030279159545898438,19.90365982055664,514.2868041992188,45.142372131347656,5b920044ca913442
14.498918056488037,14.49895627900014,1789785059.026405,0.036716461181640625,20.001888275146484,514.2868041992188,45.33284378051758,5b920044d5543542
14.518949270248413,14.518986928000231,1789785059.0464363,0.036001205,20.031213760375977,514.2868041992188,45.499507904052734,5b9200447fff3542
14.538908004760742,14.53894518900006,1789785059.066395,0.035524368,19.95873451,514.2868041992188,45.66619110107422,5b9200442eaa3642
14.558911561965942,14.558953893000307,1789785059.0863986,0.040531158447265625,20.003557205200195,514.2868041992188,45.8328743,5b920044dd543742
14.578957796096802,14.57900035700004,1789785059.1064448,0.041007996,20.046234130859375,514.2868041992188,45.99955749511719,5b9200448cff3742
14.598912715911865,14.598947562000376,1789785059.1263998,0.033378601,19.954919815063477,514.2868041992188,46.19005203,5b9200449dc23842
14.61894941329956,14.618990100000246,1789785059.1464365,0.039100647,20.036697387695312,514.2868041992188,46.35673522949219,5b9200444c6d3942
14.638920545578003,14.638957545000267,1789785059.1664076,0.035524368,19.971132278442383,514.2868041992188,46.52341842651367,5b920044fb173a42
14.658913612365723,14.65894948999994,1789785059.1864007,0.034093857,19.993066787719727,514.2868041992188,46.690101623535156,5b920044aac23a42
14.678953647613525,14.67898926900034,1789785059.2064407,0.034093857,20.040035247802734,514.2868041992188,46.856781005859375,5b920044586d3b42
14.698955059051514,14.69904743699999,1789785059.226442,0.090837479,20.00141143798828,514.2868041992188,47.047279357910156,5b9200446a303c42
14.71890377998352,14.718953048999992,1789785059.2463908,0.047683716,19.948720932006836,514.2868041992188,47.213958740234375,5b92004418db3c42
14.738950252532959,14.739023938000173,1789785059.2664373,0.072002411,20.046472549438477,514.2868041992188,47.38064193725586,5b920044c7853d42
14.758907079696655,14.758960976000253,1789785059.2863941,0.052213669,19.95682716369629,514.2868041992188,47.547325134277344,5b92004476303e42
14.778913497924805,14.778966847999982,1789785059.3064005,0.051736832,20.006418228149414,514.2868041992188,47.71400833129883,5b92004425db3e42
14.79896068572998,14.799013756000022,1789785059.3264477,0.051259995,20.04718780517578,514.2868041992188,47.904502868652344,5b920044369e3f42
14.818904876708984,14.818957460000092,1789785059.346392,0.050783157,19.944190979003906,514.2868041992188,48.07118606567383,5b920044e5484042
14.838910579681396,14.838962776000244,1789785059.3663976,0.050544739,20.00570297241211,514.2868041992188,48.23786926269531,5b92004494f34042
14.858940839767456,14.859052462000363,1789785059.3864279,0.10991096496582031,20.03026008605957,514.2868041992188,48.40455246,5b920044439e4142
14.878902435302734,14.878973000000315,1789785059.4063895,0.068902969,19.96159553527832,514.2868041992188,48.57123565673828,5b920044f2484242
14.898902654647827,14.898959427000136,1789785059.4263897,0.055074692,20.000219345092773,514.2868041992188,48.76173019,5b920044030c4342
14.918899536132812,14.918953224000234,1789785059.4463866,0.051975250244140625,19.99688148498535,514.2868041992188,48.92841339111328,5b920044b2b64342
14.938925981521606,14.939070873000219,1789785059.466413,0.1430511474609375,20.026445388793945,514.2868041992188,49.095096588134766,5b92004461614442
14.958952903747559,14.95905620800022,1789785059,0.10156631469726562,20.02692222595215,514.2868041992188,49.26177978515625,5b920044100c4542
14.97890305519104,14.978953374999946,1789785060,0.04863739,19.950151443481445,514.2868041992188,49.428462982177734,5b920044bfb64542
14.998939275741577,14.999002394999934,1789785059.5264263,0.061511993408203125,20.03622055053711,514.2868041992188,49.61895751953125,5b920044d0794642
15.018947124481201,15.019212266000068,1789785059.5464342,0.26345252990722656,20.007848739624023,514.2868041992188,49.785640716552734,5b9200447f244742
15.038906812667847,15.038997063000352,1789785059.5663939,0.088691711,19.959688186645508,514.2868041992188,49.95232391357422,5b9200442ecf4742
15.058937549591064,15.059003342000324,1789785059.5864246,0.064134598,20.030736923217773,514.2868041992188,50.11900711,5b920044dd794842
15.078898191452026,15.07895236100012,1789785059.6063852,0.052452087,19.960641860961914,514.2868041992188,50.28569030761719,5b9200448c244942
15.09896708,15.099100509999971,1789785059.626454,0.13184547424316406,20.068883895874023,514.2868041992188,50.47618484,5b9200449de74942
15.118941307067871,15.119026789000145,1789785059.6464283,0.083684921,19.974231719970703,514.2868041992188,50.64286804199219,5b9200444c924a42
15.138904809951782,15.138962179000373,1789785059.6663918,0.055789947509765625,19.963502883911133,514.2868041992188,50.80955123901367,5b920044fb3c4b42
15.158899545669556,15.158951439000248,1789785059.6863866,0.05030632,19.994735717773438,514.2868041992188,50.976234436035156,5b920044aae74b42
15.178938150405884,15.17899344000034,1789785059.7064252,0.05364418,20.038604736328125,514.2868041992188,51.16672897338867,5b920044bbaa4c42
15.198935508728027,15.198989403000269,1789785059.7264225,0.052213669,19.997358322143555,514.2868041992188,51.333412170410156,5b9200446a554d42
15.218975305557251,15.219123405000119,1789785059.7464623,0.14662742614746094,20.039796829223633,514.2868041992188,51.50009536743164,5b92004419004e42
15.238937139511108,15.238993368000138,1789785059.7664242,0.054597855,19.961833953857422,514.2868041992188,51.66677474975586,5b920044c7aa4e42
15.258891344070435,15.258972721000191,1789785059.7863784,0.079631805,19.954204559326172,514.2868041992188,51.833457946777344,5b92004476554f42
15.278933763504028,15.278999389000091,1789785059.8064208,0.063896179,20.04241943359375,514.2868041992188,52.00014114379883,5b92004425005042
15.298936605453491,15.298991667000337,1789785059.8264236,0.053405762,20.00284194946289,514.2868041992188,52.190635681152344,5b92004436c35042
15.318933486938477,15.31898663100037,1789785059.8464205,0.051498413,19.99688148498535,514.2868041992188,52.35731887817383,5b920044e56d5142
15.338934898376465,15.33899143,1789785059.866422,0.054836273193359375,20.00141143798828,514.2868041992188,52.52400207519531,5b92004494185242
15.35893726348877,15.35898818800024,1789785059.8864243,0.049114227294921875,20.002365112304688,514.2868041992188,52.69068527,5b92004443c35242
15.378927946090698,15.378989708000063,1789785059.906415,0.060319901,19.99068260192871,514.2868041992188,52.88117980957031,5b92004454865342
15.398905754089355,15.398968061000232,1789785059.9263928,0.060796738,19.977807998657227,514.2868041992188,53.04786301,5b92004403315442
15.418888092041016,15.418942487000095,1789785059.9463751,0.052690506,19.982337951660156,514.2868041992188,53.21454620361328,5b920044b2db5442
15.43893313407898,15.438989359000061,1789785059.9664202,0.054597855,20.045042037963867,514.2868041992188,53.381229400634766,5b92004461865542
15.458932876586914,15.458986323000317,1789785060,0.051736832,19.99974250793457,514.2868041992188,53.54791259765625,5b92004410315642
15.479013681411743,15.47927021300029,1789785060.0065007,0.2548694610595703,20.08080482,514.2868041992188,53.738407135009766,5b92004421f45642
15.498921394348145,15.498981084000206,1789785060.0264084,0.057935715,19.907712936401367,514.2868041992188,53.90509033203125,5b920044d09e5742
15.51892352104187,15.518987677000041,1789785060.0464106,0.062465667724609375,20.002126693725586,514.2868041992188,54.071773529052734,5b9200447f495842
15.538941621780396,15.53899693700032,1789785060.0664287,0.053882598876953125,20.01810073852539,514.2868041992188,54.23845672607422,5b9200442ef45842
15.558891773223877,15.558946160000232,1789785060.0863788,0.052690506,19.950151443481445,514.2868041992188,54.40513992,5b920044dd9e5942
15.578893184661865,15.578947958000299,1789785060.1063802,0.053167343,20.00141143798828,514.2868041992188,54.59563446044922,5b920044ee615a42
15.598925828933716,15.59897945800003,1789785060.1264129,0.051975250244140625,20.032644271850586,514.2868041992188,54.76231766,5b9200449d0c5b42
15.618942022323608,15.619029219000367,1789785060.146429,0.08559227,20.016193389892578,514.2868041992188,54.92900085449219,5b9200444cb75b42
15.638964414596558,15.639002811999944,1789785060.1664515,0.036716461181640625,20.02239227294922,514.2868041992188,55.09568405151367,5b920044fb615c42
15.658920764923096,15.658957091000048,1789785060.1864078,0.034809112548828125,19.956350326538086,514.2868041992188,55.262367248535156,5b920044aa0c5d42
15.678889513015747,15.678927203000057,1789785060.2063766,0.036001205,19.968748092651367,514.2868041992188,55.42905044555664,5b92004459b75d42
15.698882341384888,15.698920537000049,1789785060.2263694,0.036478043,19.992828369140625,514.2868041992188,55.619544982910156,5b9200446a7a5e42
15.718918800354004,15.71895494499995,1789785060.2464058,0.034570694,20.03645896911621,514.2868041992188,55.78622817993164,5b92004419255f42
15.738937854766846,15.738975243000368,1789785060.266425,0.035762786865234375,20.019054412841797,514.2868041992188,55.95290756225586,5b920044c7cf5f42
15.758935451507568,15.758971521000149,1789785060.2864225,0.034332275,19.997596740722656,514.2868041992188,56.119590759277344,5b920044767a6042
15.778934717178345,15.778971337000257,1789785060.3064218,0.034809112548828125,19.999265670776367,514.2868041992188,56.28627395629883,5b92004425256142
15.798887491226196,15.798923004000244,1789785060.3263745,0.033855438232421875,19.952774047851562,514.2868041992188,56.476768493652344,5b92004436e86142
15.818924903869629,15.818960616000368,1789785060.346412,0.034093857,20.037412643432617,514.2868041992188,56.64345169067383,5b920044e5926242
15.838894367218018,15.838929803000156,1789785060.3663814,0.03361702,19.969463348388672,514.2868041992188,56.81013488769531,5b920044943d6342
15.858882904052734,15.858923248000337,1789785060,0.038862228,19.988536834716797,514.2868041992188,56.97681808,5b92004443e86342
15.878957748413086,15.87899808200018,1789785060.4064448,0.038623809814453125,20.074844360351562,514.2868041992188,57.16731262207031,5b92004454ab6442
15.898919820785522,15.898957842000073,1789785060.4264069,0.036478043,19.962072372436523,514.2868041992188,57.33399582,5b92004403566542
15.918959140777588,15.918995602999985,1789785060.4464462,0.034809112548828125,20.03931999206543,514.2868041992188,57.50067901611328,5b920044b2006642
15.938955068588257,15.938990955000008,1789785060.466442,0.034093857,19.995927810668945,514.2868041992188,57.667362213134766,5b92004461ab6642
15.958916664123535,15.95895171500024,1789785060.4864037,0.033378601,19.96159553527832,514.2868041992188,57.83404541015625,5b92004410566742
15.978955030441284,15.978990661000353,1789785060.506442,0.033855438232421875,20.038366317749023,514.2868041992188,58.024539947509766,5b92004421196842
15.998960494995117,15.998995365000155,1789785060.5264475,0.033140182,20.005464553833008,514.2868041992188,58.19122314453125,5b920044d0c36842
16.018921613693237,16.018984829000146,1789785060.5464087,0.061511993408203125,19.961118698120117,514.2868041992188,58.357906341552734,5b9200447f6e6942
16.038923740386963,16.03895926,1789785060.5664108,0.033855438232421875,20.002126693725586,514.2868041992188,58.52458953857422,5b9200442e196a42
16.058953046798706,16.058992350000153,1789785061,0.037670135498046875,20.029306411743164,514.2868041992188,58.69127274,5b920044ddc36a42
16.078909397125244,16.07894655400014,1789785060.6063964,0.035524368,19.956350326538086,514.2868041992188,58.88176727294922,5b920044ee866b42
16.098900079727173,16.098994574000244,1789785060.6263871,0.092744827,19.99068260192871,514.2868041992188,59.04845047,5b9200449d316c42
16.11891508102417,16.11895159300002,1789785060.6464021,0.034809112548828125,20.01500129699707,514.2868041992188,59.21513366699219,5b9200444cdc6c42
16.13895320892334,16.138991853000334,1789785060.6664402,0.03695488,20.038127899169922,514.2868041992188,59.38181686401367,5b920044fb866d42
16.158915758132935,16.158954428000015,1789785060.6864028,0.037193298,19.962549209594727,514.2868041992188,59.548500061035156,5b920044aa316e42
16.17891288,16.178949929000282,1789785061,0.035524368,19.997119903564453,514.2868041992188,59.73899459838867,5b920044bbf46e42
16.198947191238403,16.198983319000035,1789785060.7264342,0.034332275,20.034313201904297,514.2868041992188,59.905677795410156,5b9200446a9f6f42
16.218918085098267,16.218960227000025,1789785060.7464051,0.040531158447265625,19.97089385986328,514.2868041992188,60.07236099243164,5b920044194a7042
16.238929748535156,16.238971023999966,1789785060.7664168,0.039577484130859375,20.01166343688965,514.2868041992188,60.23904037475586,5b920044c7f47042
16.258882999420166,16.258920062000016,1789785061,0.03528595,19.953250885009766,514.2868041992188,60.405723571777344,5b920044769f7142
16.278912782669067,16.27894835899997,1789785060.8063998,0.033855438232421875,20.029783248901367,514.2868041992188,60.59621810913086,5b92004487627242
16.298951148986816,16.29898897,1789785060.8264382,0.036001205,20.038366317749023,520.0010986328125,60.762901306152344,12000244360d7342
16.318907260894775,16.318946269000207,1789785060.8463943,0.037431717,19.956111907958984,520.0010986328125,60.92958450317383,12000244e5b77342
16.338950395584106,16.338985973000035,1789785060.8664374,0.034093857,20.043134689331055,514.2868041992188,61.09626770019531,5b92004494627442
16.35873055458069,16.358772770000087,1789785060.8862176,0.040531158447265625,19.78015899658203,514.2868041992188,61.2629509,5b920044430d7542
16.37890887260437,16.37894399300012,1789785060.906396,0.03361702,20.17831802368164,514.2868041992188,61.45344543457031,5b92004454d07542
16.398905992507935,16.398944235000272,1789785060.926393,0.036716461181640625,19.997119903564453,514.2868041992188,61.62012863,5b920044037b7642
16.41890573501587,16.418941958000232,1789785060.9463928,0.034570694,19.99974250793457,514.2868041992188,61.78681182861328,5b920044b2257742
16.438902139663696,16.438938829000108,1789785060.9663892,0.034809112548828125,19.99640464782715,520.0010986328125,61.953495025634766,1200024461d07742
16.458946228027344,16.458982645000106,1789785060.9864333,0.034809112548828125,20.04408836364746,514.2868041992188,62.12017822265625,5b920044107b7842
16.478910446166992,16.478948868000316,1789785061.0063975,0.036716461181640625,19.964218139648438,514.2868041992188,62.310672760009766,5b920044213e7942
16.498913049697876,16.498951888000192,1789785061,0.03695488,20.00260353088379,514.2868041992188,62.47735595703125,5b920044d0e87942
16.518906354904175,16.518945239999994,1789785061.0463934,0.037431717,19.993305206298828,514.2868041992188,62.644039154052734,5b9200447f937a42
16.538941144943237,16.538979445000223,1789785061.0664282,0.036478043,20.03479004,514.2868041992188,62.81072235107422,5b9200442e3e7b42
16.55895424,16.558993594000185,1789785061.0864413,0.037908554,20.013093948364258,514.2868041992188,62.97740555,5b920044dde87b42
16.579023122787476,16.579062372999942,1789785061.1065102,0.037431717,20.068883895874023,514.2868041992188,63.16790008544922,5b920044eeab7c42
16.599053621292114,16.599095948000013,1789785061.1265407,0.040531158447265625,20.030498504638672,514.2868041992188,63.33458328,5b9200449d567d42
16.619017601013184,16.61904976400001,1789785061.1465046,0.030517578,19.963979721069336,514.2868041992188,63.50126647949219,5b9200444c017e42
16.63910961151123,16.639145654000004,1789785061.1665967,0.034332275,20.092010498046875,514.2868041992188,63.66794967651367,5b920044fbab7e42
16.65889573097229,16.658931432000372,1789785061.1863828,0.034093857,19.78611946105957,514.2868041992188,63.834632873535156,5b920044aa567f42
16.678975820541382,16.679011303000152,1789785061.2064629,0.033855438232421875,20.080089569091797,514.2868041992188,64.0251236,5b920044dd0c8042
16.698872327804565,16.69898274900015,1789785061.2263594,0.10919570922851562,19.896507263183594,514.2868041992188,64.19181060791016,5b92004435628042
16.71890616416931,16.71902776800016,1789785061.2463932,0.11992454528808594,20.033836364746094,514.2868041992188,64.35848999023438,5b9200448cb78042
16.738877773284912,16.738933547000215,1789785061.2663648,0.054121017,19.971609115600586,514.2868041992188,64.52517700195312,5b920044e40c8142
16.758904218673706,16.75896715900035,1789785061.2863913,0.061273575,20.026445388793945,514.2868041992188,64.69185638427734,5b9200443b628142
16.778913021087646,16.77896849300032,1789785061,0.053882598876953125,20.00880241394043,514.2868041992188,64.88235473632812,5b920044c4c38142
16.798890113830566,16.79893073400035,1789785061.3263772,0.038862228,19.977092742919922,514.2868041992188,65.04903411865234,5b9200441b198242
16.81888771057129,16.81900395799994,1789785061.3463748,0.11467933654785156,19.997596740722656,514.2868041992188,65.21572113,5b920044736e8242
16.83887815475464,16.83895084699998,1789785061.3663652,0.070810318,19.99044418334961,514.2868041992188,65.38240051269531,5b920044cac38242
16.858876705169678,16.85893269999997,1789785061.3863637,0.054359436,19.998550415039062,514.2868041992188,65.54908752441406,5b92004422198342
16.878873109817505,16.87892684899998,1789785061.4063601,0.052213669,19.99640464782715,514.2868041992188,65.73957824707031,5b920044aa7a8342
16.898869514465332,16.89892342400026,1789785061.4263566,0.052213669,19.99640464782715,514.2868041992188,65.90626525878906,5b92004402d08342
16.918911457061768,16.91896448100033,1789785061.4463985,0.051498413,20.041942596435547,514.2868041992188,66.07294464111328,5b92004459258442
16.938868284225464,16.938921056000254,1789785061.4663553,0.051021575927734375,19.95682716369629,514.2868041992188,66.23963165283203,5b920044b17a8442
16.958876132965088,16.958929871000237,1789785061.4863632,0.052213669,20.007848739624023,514.2868041992188,66.43012237548828,5b92004439dc8442
16.978874921798706,16.978927224000017,1789785061.506362,0.050544739,19.998788833618164,514.2868041992188,66.59680938720703,5b92004491318542
16.998871326446533,16.998925577000136,1789785061.5263584,0.052690506,19.99640464782715,514.2868041992188,66.76348876953125,5b920044e8868542
17.018893480300903,17.01900146700018,1789785061.5463805,0.10633468627929688,20.022153854370117,514.2868041992188,66.93017578,5b92004440dc8542
17.038909912109375,17.038970856000105,1789785061.566397,0.059366226,20.01643180847168,514.2868041992188,67.09685516357422,5b92004497318642
17.058882474899292,17.05898054299996,1789785061.5863695,0.096559525,19.972562789916992,514.2868041992188,67.28735352,5b92004420938642
17.078867435455322,17.07892571000002,1789785061.6063545,0.056505203,19.984960556030273,514.2868041992188,67.45403289794922,5b92004477e88642
17.09890365600586,17.099245860000337,1789785061.6263907,0.3409385681152344,20.03622055053711,514.2868041992188,67.62071228027344,5b920044ce3d8742
17.118868350982666,17.11894673000006,1789785061.6463554,0.076532364,19.96469497680664,514.2868041992188,67.78739929199219,5b92004426938742
17.138911247253418,17.138967787000183,1789785061.6663983,0.055074692,20.042896270751953,514.2868041992188,67.95407867,5b9200447de88742
17.158869981765747,17.15892771400013,1789785061.686357,0.056028366,19.95873451,514.2868041992188,68.14457702636719,5b920044064a8842
17.178866386413574,17.17892021,1789785061.7063534,0.052213669,19.99640464782715,514.2868041992188,68.31125641,5b9200445d9f8842
17.19890856742859,17.198961252000117,1789785061.7263956,0.051021575927734375,20.04218101501465,514.2868041992188,68.47794342041016,5b920044b5f48842
17.218934059143066,17.218995234999966,1789785061.746421,0.059604644775390625,20.02549171447754,514.2868041992188,68.64462280273438,5b9200440c4a8942
17.23888611793518,17.239027273000374,1789785061.7663732,0.13947486877441406,19.952058792114258,514.2868041992188,68.81130981445312,5b920044649f8942
17.25893545150757,17.25900242200032,1789785061.7864225,0.065326691,20.049333572387695,514.2868041992188,69.00180053710938,5b920044ec008a42
17.278854370117188,17.278914886000166,1789785061.8063414,0.058889389,19.91891860961914,514.2868041992188,69.16848754882812,5b92004444568a42
17.298897981643677,17.298959331000333,1789785061.826385,0.059843063,20.043611526489258,514.2868041992188,69.33516693115234,5b9200449bab8a42
17.318854570388794,17.318908369000383,1789785061.8463416,0.052213669,19.956588745117188,514.2868041992188,69.50185394,5b920044f3008b42
17.338895082473755,17.338957314000254,1789785061.8663821,0.060558319091796875,20.040512084960938,514.2868041992188,69.66853332519531,5b9200444a568b42
17.35886049,17.35892379699999,1789785061.8863475,0.061750412,19.965410232543945,514.2868041992188,69.85903168,5b920044d3b78b42
17.378889560699463,17.378951464000238,1789785061.9063766,0.060319901,20.029067993164062,514.2868041992188,70.02571105957031,5b9200442a0d8c42
17.398914337158203,17.39897772400036,1789785061.9264014,0.061750412,20.024776458740234,514.2868041992188,70.19239807128906,5b92004482628c42
17.418917655944824,17.419017411000368,1789785061.9464047,0.097990036,20.003318786621094,514.2868041992188,70.35907745361328,5b920044d9b78c42
17.438859939575195,17.438935634000245,1789785061.966347,0.07390976,19.942283630371094,514.2868041992188,70.52576446533203,5b920044310d8d42
17.458929777145386,17.458994561000054,1789785061.9864168,0.062942505,20.06983757019043,514.2868041992188,70.71625518798828,5b920044b96e8d42
17.478947401046753,17.479054710000128,1789785062.0064344,0.10561943054199219,20.017623901367188,514.2868041992188,70.88294219970703,5b92004411c48d42
17.498929262161255,17.498999581000135,1789785062.0264163,0.068664551,19.981861114501953,514.2868041992188,71.04962158203125,5b92004468198e42
17.51890516281128,17.518980082000326,1789785062.0463922,0.073432922,19.975900650024414,514.2868041992188,71.21630859,5b920044c06e8e42
17.53888988494873,17.538948601000357,1789785062.066377,0.057220459,19.984722137451172,514.2868041992188,71.40679931640625,5b92004448d08e42
17.558851718902588,17.55890558300007,1789785062.0863388,0.052213669,19.961833953857422,514.2868041992188,71.57348633,5b920044a0258f42
17.578861951828003,17.57891662100019,1789785062.106349,0.053167343,20.01023292541504,514.2868041992188,71.74016571044922,5b920044f77a8f42
17.598856210708618,17.598912789000224,1789785062.1263433,0.055074692,19.994258880615234,514.2868041992188,71.90684509277344,5b9200444ed08f42
17.618857860565186,17.61892190100025,1789785062.146345,0.062227249,20.001649856567383,514.2868041992188,72.07353210449219,5b920044a6259042
17.63888979,17.63895288,1789785062.1663768,0.061273575,20.03192901611328,514.2868041992188,72.26402282714844,5b9200442e879042
17.65888810157776,17.658950625000216,1789785062.1863751,0.061035156,19.99831199645996,520.0010986328125,72.43070983886719,1200024486dc9042
17.678886890411377,17.67894025500027,1789785062.206374,0.051736832,19.998788833618164,514.2868041992188,72.59738922,5b920044dd319142
17.69885540008545,17.698920682000335,1789785062.2263424,0.063657761,19.968509674072266,514.2868041992188,72.76407623291016,5b92004435879142
17.718931913375854,17.718997443000262,1789785062.246419,0.063896179,20.076513290405273,514.2868041992188,72.93075561523438,5b9200448cdc9142
17.738885164260864,17.738947054000164,1789785062.2663722,0.060319901,19.953250885009766,514.2868041992188,73.12125396728516,5b920044153e9242
17.75892400741577,17.758988055000373,1789785062.286411,0.062465667724609375,20.038843154907227,514.2868041992188,73.28793334960938,5b9200446c939242
17.778886795043945,17.778949853000086,1789785062.3063738,0.061511993408203125,19.962787628173828,520.0010986328125,73.45462036132812,12000244c4e89242
17.798922300338745,17.798984093999934,1789785062.3264093,0.060081482,20.035505294799805,514.2868041992188,73.62129974365234,5b9200441b3e9342
17.81885313987732,17.81890548399997,1789785062.3463402,0.050544739,19.93083953857422,514.2868041992188,73.78798676,5b92004473939342
17.838883638381958,17.838946577000115,1789785062.3663707,0.061273575,20.030498504638672,514.2868041992188,73.97847747802734,5b920044fbf49342
17.85884737968445,17.858910097000262,1789785062.3863344,0.061273575,19.963741302490234,514.2868041992188,74.14516449,5b920044534a9442
17.87889003753662,17.878952413000206,1789785062.406377,0.060796738,20.04265785217285,514.2868041992188,74.31184387207031,5b920044aa9f9442
17.898887872695923,17.898955043000115,1789785062.426375,0.065565109,19.997835159301758,514.2868041992188,74.47853088378906,5b92004402f59442
17.91888427734375,17.918937674000063,1789785062.4463713,0.051736832,19.99640464782715,514.2868041992188,74.64521026611328,5b920044594a9542
17.93884539604187,17.938901934000114,1789785062.4663324,0.055074692,19.961118698120117,514.2868041992188,74.83570861816406,5b920044e2ab9542
17.95888042449951,17.95893384200008,1789785062.4863675,0.051736832,20.03502846,514.2868041992188,75.00238800048828,5b92004439019642
17.97888445854187,17.978949232000105,1789785062.5063715,0.063180923,20.00403404,514.2868041992188,75.16907501220703,5b92004491569642
17.998921394348145,17.998985455000366,1789785062.5264084,0.062465667724609375,20.036935806274414,520.0010986328125,75.33575439453125,12000244e8ab9642
18.018996953964233,18.019481068000005,1789785062.546484,0.48232078552246094,20.075559616088867,520.0010986328125,75.55006408691406,12000244a2199742
18.038897275924683,18.039149550000275,1789785062.5663843,0.2503395080566406,19.90032196044922,520.0010986328125,75.81198883,12000244bd9f9742
18.058847665786743,18.05888842100012,1789785062.5863347,0.039100647,19.950389862060547,554.2868652,76.07392120361328,5c920a44d9259842
18.078892946243286,18.078941773000224,1789785063,0.047206878662109375,20.04528045654297,588.5726318359375,76.35966491699219,a624134426b89842
18.098888158798218,18.098937515000216,1789785062.6263752,0.047922134,19.99521255493164,588.5726318359375,76.62159729003906,a6241344423e9942
18.118884325027466,18.118997572000353,1789785062.6463714,0.11157989501953125,19.996166229248047,628.5726928710938,76.88352203,a7241d445dc49942
18.138874530792236,18.138912017000166,1789785062.6663616,0.035762786865234375,19.990205764770508,628.5726928710938,77.14545440673828,a7241d44794a9a42
18.158855438232422,18.158897962000083,1789785062.6863425,0.040769577,19.980907440185547,657.1441650390625,77.40738677978516,3a49244495d09a42
18.178830862045288,18.178870406999977,1789785062.706318,0.037908554,19.97542381286621,691.4299316,77.66931915283203,84db2c44b1569b42
18.198872089385986,18.198908297000344,1789785062.7263591,0.034570694,20.041227340698242,691.4299316,77.93124389648438,84db2c44ccdc9b42
18.21883273124695,18.218869354000162,1789785062.7463198,0.034809112548828125,19.960641860961914,725.7156982421875,78.19317626953125,ce6d3544e8629c42
18.23886728286743,18.238963651000176,1789785062.7663543,0.094890594,20.03455162,754.2871704101562,78.45510864257812,61923c4404e99c42
18.25886869430542,18.258908300000257,1789785062.7863557,0.038146973,20.00141143798828,754.2871704101562,78.71704102,61923c44206f9d42
18.278873443603516,18.278910818999975,1789785062.8063605,0.035762786865234375,20.004749298095703,788.5728759765625,78.97896575927734,aa2445443bf59d42
18.298831939697266,18.29887435699993,1789785062.826319,0.040769577,19.95849609,788.5728759765625,79.24089813232422,aa244544577b9e42
18.318835496902466,18.31887443200003,1789785062.8463225,0.037193298,20.003557205200195,788.5728759765625,79.50283051,aa24454473019f42
18.33886719,18.338903117999962,1789785062.8663542,0.034332275,20.03169059753418,788.5728759765625,79.76475524902344,aa2445448e879f42
18.358869791030884,18.358913656000368,1789785062.8863568,0.042438507080078125,20.00260353088379,788.5728759765625,80.02668762207031,aa244544aa0da042
18.3788321,18.37887132,1789785062.9063191,0.037670135498046875,19.962310791015625,788.5728759765625,80.28861999511719,aa244544c693a042
18.39885687828064,18.39889899100035,1789785062.926344,0.040531158447265625,20.024776458740234,788.5728759765625,80.55055236816406,aa244544e219a142
18.418829202651978,18.418868454999938,1789785062.9463162,0.037670135498046875,19.97232437133789,788.5728759765625,80.83628845214844,aa2445442eaca142
18.43882966041565,18.438866900999983,1789785062.9663167,0.035524368,20.000457763671875,788.5728759765625,81.09822082519531,aa2445444a32a242
18.458866119384766,18.45890240200015,1789785062.9863532,0.034570694,20.03645896911621,794.2871704101562,81.36015319824219,6192464466b8a242
18.47886848449707,18.478911439000058,1789785063.0063555,0.041484832763671875,20.002365112304688,794.2871704101562,81.62208557128906,61924644823ea342
18.498830795288086,18.498868737000066,1789785063.0263178,0.036001205,19.962310791015625,794.2871704101562,81.88401031,619246449dc4a342
18.518826246261597,18.518866904000333,1789785063.0463133,0.039100647,19.995450973510742,788.5728759765625,82.14594268798828,aa244544b94aa442
18.53883647918701,18.538878535000094,1789785063.0663235,0.04029274,20.01023292541504,788.5728759765625,82.40787506103516,aa244544d5d0a442
18.55887007713318,18.55891285000007,1789785063.086357,0.041007996,20.033597946166992,794.2871704101562,82.66980743408203,61924644f156a542
18.578876733779907,18.578917814000306,1789785063.1063638,0.039577484130859375,20.006656646728516,794.2871704101562,82.93173217773438,619246440cdda542
18.598865747451782,18.598903537000297,1789785063.1263528,0.036239624,19.98901367,794.2871704101562,83.19366455078125,619246442863a642
18.61885952949524,18.618966427000032,1789785063.1463466,0.10514259338378906,19.99378204345703,788.5728759765625,83.45559692382812,aa24454444e9a642
18.638908863067627,18.63894783600017,1789785063.166396,0.037431717,20.049333572387695,788.5728759765625,83.7175293,aa244544606fa742
18.658865928649902,18.658903188000295,1789785063.186353,0.035524368,19.95706558227539,788.5728759765625,83.97945404052734,aa2445447bf5a742
18.678873300552368,18.678909485000077,1789785063.2063603,0.034570694,20.00737190246582,794.2871704101562,84.24138641357422,61924644977ba842
18.698867082595825,18.69890920900025,1789785063.2263541,0.040531158447265625,19.99378204345703,794.2871704101562,84.50331879,61924644b301a942
18.71882176399231,18.718859302000055,1789785063.2463088,0.036001205,19.954681396484375,788.5728759765625,84.76524353027344,aa244544ce87a942
18.738833904266357,18.738869896000324,1789785063.266321,0.034332275,20.01214027404785,788.5728759765625,85.02717590332031,aa244544ea0daa42
18.75882053375244,18.758858229999987,1789785063.2863076,0.036001205,19.986629486083984,788.5728759765625,85.31291961669922,aa24454437a0aa42
18.778862714767456,18.778898433999984,1789785063.3063498,0.034093857,20.04218101501465,788.5728759765625,85.57485199,aa2445445326ab42
18.798826217651367,18.79886208300013,1789785063.3263133,0.034332275,19.963502883911133,788.5728759765625,85.83677673339844,aa2445446eacab42
18.818824768066406,18.81886138100026,1789785063.3463118,0.035047531,19.998550415039062,788.5728759765625,86.09870910644531,aa2445448a32ac42
18.83881950378418,18.838854844000252,1789785063.3663065,0.03361702,19.994735717773438,788.5728759765625,86.36064147949219,aa244544a6b8ac42
18.858861207962036,18.85889612300025,1789785063.3863482,0.033378601,20.041704177856445,788.5728759765625,86.62257385253906,aa244544c23ead42
18.87888193130493,18.878983532000348,1789785063.406369,0.099897385,20.020723342895508,788.5728759765625,86.8844986,aa244544ddc4ad42
18.898823022842407,18.898865643000136,1789785063,0.041007996,19.941091537475586,794.2871704101562,87.14643096923828,61924644f94aae42
18.918821811676025,18.91886140400038,1789785063.4463089,0.037908554,19.998788833618164,794.2871704101562,87.40836334228516,6192464415d1ae42
18.93882108,18.938860830000067,1789785063.466308,0.038146973,19.999265670776367,788.5728759765625,87.67029571533203,aa2445443157af42
18.95885992050171,18.95889679400034,1789785063.486347,0.035047531,20.038843154907227,788.5728759765625,87.93222045898438,aa2445444cddaf42
18.978858470916748,18.978894536000098,1789785063.5063455,0.034570694,19.998550415039062,788.5728759765625,88.19415283203125,aa2445446863b042
18.998818397521973,18.99885518500014,1789785063.5263054,0.03528595,19.95992660522461,788.5728759765625,88.45608520507812,aa24454484e9b042
19.01887035369873,19.01891983400037,1789785063.5463574,0.047683716,20.051956176757812,794.2871704101562,88.71801758,61924644a06fb142
19.038861751556396,19.03890235300014,1789785063.5663488,0.038862228,19.991397857666016,794.2871704101562,88.97994232177734,61924644bbf5b142
19.058817148208618,19.058855780000158,1789785063.5863042,0.03695488,19.95539665222168,788.5728759765625,89.24187469482422,aa244544d77bb242
19.078856468200684,19.078893076999975,1789785063.6063435,0.035047531,20.03931999206543,788.5728759765625,89.50380707,aa244544f301b342
19.098910331726074,19.099033300999963,1789785063.6263974,0.12135505676269531,20.053863525390625,788.5728759765625,89.76573944091797,aa2445440f88b342
19.11881685256958,19.11887337600001,1789785063.646304,0.054836273193359375,19.90652084350586,788.5728759765625,90.02766418457031,aa2445442a0eb442
19.138870000839233,19.13891196900022,1789785063.666357,0.04029274,20.05314826965332,788.5728759765625,90.31340789794922,aa24454477a0b442
19.158833026885986,19.158876266000334,1789785064,0.041484832763671875,19.96302604675293,788.5728759765625,90.57534027,aa2445449326b542
19.178825616836548,19.178863489000378,1789785063.7063127,0.036239624,19.992589950561523,788.5728759765625,90.83727264404297,aa244544afacb542
19.198858499526978,19.198895250000078,1789785063.7263455,0.035047531,20.032882690429688,788.5728759765625,91.09917449951172,aa244544c732b642
19.21888494491577,19.218922936000126,1789785063.746372,0.036239624,20.026445388793945,788.5728759765625,91.36104583740234,aa244544dbb8b642
19.238892078399658,19.238992900000085,1789785063.766379,0.099182129,20.00713348388672,794.2871704101562,91.62291717529297,61924644ef3eb742
19.258858680725098,19.25889482599996,1789785063.7863457,0.034570694,19.966602325439453,794.2871704101562,91.88478851,6192464403c5b742
19.27885150909424,19.278886401000364,1789785063.8063385,0.033378601,19.992828369140625,788.5728759765625,92.14665985107422,aa244544174bb842
19.29882001876831,19.298863698000332,1789785063.826307,0.04196167,19.968509674072266,788.5728759765625,92.40853118896484,aa2445442bd1b842
19.318817853927612,19.318856440000218,1789785063.846305,0.03695488,19.997835159301758,788.5728759765625,92.67040252685547,aa2445443f57b942
19.33885431289673,19.338893052000003,1789785063.8663414,0.037193298,20.03645896911621,788.5728759765625,92.93227386,aa24454453ddb942
19.358861684799194,19.358901794000303,1789785063.8863487,0.038385391,20.00737190246582,794.2871704101562,93.19414520263672,619246446763ba42
19.378854274749756,19.378889424000135,1789785063.9063413,0.033378601,19.992589950561523,794.2871704101562,93.45601654052734,619246447be9ba42
19.398818016052246,19.39885975800007,1789785063.926305,0.040054321,19.963741302490234,788.5728759765625,93.71788787841797,aa2445448f6fbb42
19.41885256767273,19.41888909299996,1789785063.9463396,0.034809112548828125,20.03455162,788.5728759765625,93.97975158691406,aa244544a2f5bb42
19.43885564804077,19.438894834000166,1789785063.9663427,0.037670135498046875,20.003080368041992,788.5728759765625,94.24162292480469,aa244544b67bbc42
19.45885205,19.458889761000137,1789785063.986339,0.036001205,19.99640464782715,794.2871704101562,94.50349426269531,61924644ca01bd42
19.478853464126587,19.47888948400032,1789785064.0063405,0.034332275,20.00141143798828,794.2871704101562,94.78917694091797,619246440f94bd42
19.49881935119629,19.498868115000278,1789785064.0263064,0.04696846,19.96588706970215,788.5728759765625,95.05104064941406,aa244544221abe42
19.518851041793823,19.51889057900007,1789785064.046338,0.037908554,20.03169059753418,788.5728759765625,95.31291198730469,aa24454436a0be42
19.538819789886475,19.53885880200005,1789785064.0663068,0.037431717,19.968748092651367,788.5728759765625,95.57478332519531,aa2445444a26bf42
19.558815002441406,19.55885450599999,1789785064.086302,0.037908554,19.99521255493164,788.5728759765625,95.83665466308594,aa2445445eacbf42
19.578852891921997,19.578892933000134,1789785064,0.038385391,20.03788948059082,794.2871704101562,96.09852600097656,619246447232c042
19.598809242248535,19.59884738,1789785064.1262963,0.036478043,19.956350326538086,794.2871704101562,96.36039733886719,6192464486b8c042
19.61884856,19.61888565700019,1789785064.1463356,0.035524368,20.03931999206543,788.5728759765625,96.62226867675781,aa2445449a3ec142
19.63885474205017,19.63889215800009,1789785064.1663418,0.035762786865234375,20.006179809570312,788.5728759765625,96.88414001464844,aa244544aec4c142
19.658810138702393,19.658846677000383,1789785064.1862972,0.035047531,19.95539665222168,788.5728759765625,97.14601135253906,aa244544c24ac242
19.67885112762451,19.67888986400021,1789785064.2063382,0.03695488,20.04098892211914,788.5728759765625,97.40788269042969,aa244544d6d0c242
19.69881272315979,19.69885351300036,1789785064.2262998,0.039100647,19.96159553527832,788.5728759765625,97.66975402832031,aa244544ea56c342
19.71885037,19.718890551000186,1789785064.2463374,0.038623809814453125,20.03765106201172,788.5728759765625,97.93161774,aa244544fddcc342
19.73885679244995,19.738895144000253,1789785064.2663438,0.036716461181640625,20.006418228149414,788.5728759765625,98.19348907470703,aa2445441163c442
19.758808374404907,19.758844756000144,1789785064.2862954,0.034809112548828125,19.951581954956055,788.5728759765625,98.45536041259766,aa24454425e9c442
19.77880859,19.77884497900004,1789785064.3062956,0.034809112548828125,20.000219345092773,788.5728759765625,98.71723175048828,aa244544396fc542
19.798847198486328,19.798883239000133,1789785064.3263342,0.034332275,20.038604736328125,788.5728759765625,98.97910309,aa2445444df5c542
19.818868160247803,19.81890531399995,1789785064.3463552,0.035524368,20.02096176147461,788.5728759765625,99.26477813720703,aa2445449187c642
19.83885645866394,19.838918425999964,1789785064.3663435,0.060319901,19.988298416137695,788.5728759765625,99.52664947509766,aa244544a50dc742
19.858817100524902,19.85885509400032,1789785064.3863041,0.036239624,19.960641860961914,788.5728759765625,99.78852081298828,aa244544b993c742
19.878804922103882,19.87884114999997,1789785064.406292,0.034570694,19.987821578979492,788.5728759765625,100.0503921508789,aa244544cd19c842
19.89884638786316,19.898882817999947,1789785064.4263334,0.034809112548828125,20.041465759277344,788.5728759765625,100.31226348876953,aa244544e19fc842
19.918802976608276,19.91883907800002,1789785064,0.034570694,19.956588745117188,788.5728759765625,100.57413482666016,aa244544f525c942
19.938817024230957,19.938853394000034,1789785064.466304,0.034809112548828125,20.014047622680664,794.2871704101562,100.83600616455078,6192464409acc942
19.95880651473999,19.958842820999962,1789785064.4862936,0.034570694,19.989490509033203,788.5728759765625,101.0978775024414,aa2445441d32ca42
19.97884702682495,19.97888300700015,1789785064.506334,0.034332275,20.040512084960938,788.5728759765625,101.35974884033203,aa24454431b8ca42
19.99880552,19.998841563000042,1789785064.5262926,0.034570694,19.95849609,788.5728759765625,101.62162017822266,aa244544453ecb42
20.018877029418945,20.018947027000195,1789785064.546364,0.068426132,20.07150650024414,794.2871704101562,101.88349151611328,6192464459c4cb42
20.038807153701782,20.03884576900009,1789785064.5662942,0.03695488,19.930124282836914,794.2871704101562,102.14535522460938,619246446c4acc42
20.058807134628296,20.058844787999988,1789785064.5862942,0.036001205,19.999980926513672,794.2871704101562,102.4072266,6192464480d0cc42
20.078805685043335,20.078843344000234,1789785064.6062927,0.035762786865234375,19.998550415039062,788.5728759765625,102.66909790039062,aa2445449456cd42
20.09885883331299,20.098893994000264,1789785064.6263459,0.033378601,20.05314826965332,788.5728759765625,102.93096923828125,aa244544a8dccd42
20.11880636,20.11884445700025,1789785064.6462934,0.036478043,19.947528839111328,788.5728759765625,103.19284057617188,aa244544bc62ce42
20.138805389404297,20.13884568000003,1789785064.6662924,0.038623809814453125,19.999027252197266,788.5728759765625,103.4547119140625,aa244544d0e8ce42
20.158846139907837,20.15888186700022,1789785064.6863332,0.034093857,20.04075050354004,794.2871704101562,103.74038696289062,61924644147bcf42
20.178885459899902,20.17892464500028,1789785064.7063725,0.037431717,20.03931999206543,788.5728759765625,104.00225830078125,aa2445442801d042
20.198843479156494,20.198880572000235,1789785064.7263305,0.035524368,19.958019256591797,788.5728759765625,104.26412963867188,aa2445443c87d042
20.218835830688477,20.218874572999994,1789785064.7463229,0.037193298,19.992351531982422,788.5728759765625,104.5260009765625,aa244544500dd142
20.238834142684937,20.23887344400009,1789785064.7663212,0.037670135498046875,19.99831199645996,788.5728759765625,104.78787231445312,aa2445446493d142
20.258832931518555,20.258869445000073,1789785065,0.034809112548828125,19.998788833618164,788.5728759765625,105.04974365234375,aa2445447819d242
20.278833389282227,20.27887072400017,1789785064.8063204,0.035524368,20.000457763671875,788.5728759765625,105.31161499023438,aa2445448c9fd242
20.298871278762817,20.29890711400003,1789785064.8263583,0.034332275,20.03788948059082,788.5728759765625,105.5734863,aa244544a025d342
20.318833112716675,20.31886948500005,1789785064.8463202,0.034809112548828125,19.961833953857422,788.5728759765625,105.83535766601562,aa244544b4abd342
20.338831424713135,20.338867227000264,1789785064.8663185,0.034093857,19.99831199645996,788.5728759765625,106.09722137451172,aa244544c731d442
20.358805179595947,20.358847672000138,1789785064.8862922,0.040769577,19.97375488,788.5728759765625,106.35909271240234,aa244544dbb7d442
20.378830671310425,20.378868265000165,1789785064.9063177,0.036001205,20.02549171447754,788.5728759765625,106.62096405029297,aa244544ef3dd542
20.398828506469727,20.398868266000136,1789785064.9263155,0.038146973,19.997835159301758,788.5728759765625,106.8828353881836,aa24454403c4d542
20.418860912322998,20.41890295200028,1789785064.946348,0.04029274,20.032405853271484,788.5728759765625,107.14470672607422,aa244544174ad642
20.438872814178467,20.43891174999999,1789785064.9663599,0.037431717,20.01190185546875,788.5728759765625,107.40657806396484,aa2445442bd0d642
20.45883345603943,20.458870768999986,1789785064.9863205,0.035762786865234375,19.960641860961914,788.5728759765625,107.66844940185547,aa2445443f56d742
20.478869199752808,20.478906714000004,1789785065.0063562,0.035762786865234375,20.035743713378906,788.5728759765625,107.9303207397461,aa24454453dcd742
20.498883962631226,20.498922549000326,1789785065.026371,0.03695488,20.01476287841797,794.2871704101562,108.21599578857422,61924644976ed842
20.51893639564514,20.518969198000377,1789785065.0464234,0.030994415283203125,20.052433013916016,788.5728759765625,108.45406341552734,aa2445447be8d842
20.538936376571655,20.53897351400019,1789785065.0664234,0.035524368,19.999980926513672,788.5728759765625,108.73973846435547,aa244544bf7ad942
20.558886289596558,20.558922588000314,1789785065.0863733,0.034570694,19.949913024902344,788.5728759765625,109.0016098022461,aa244544d300da42
20.578940391540527,20.578978830000324,1789785065.1064274,0.036716461181640625,20.054101943969727,788.5728759765625,109.26348114013672,aa244544e786da42
20.598658084869385,20.598703368000315,1789785065.1261451,0.0436306,19.717693328857422,788.5728759765625,109.52535247802734,aa244544fb0cdb42
20.618871688842773,20.618908054000258,1789785065.1463587,0.034570694,20.213603973388672,794.2871704101562,109.78722381591797,619246440f93db42
20.638840675354004,20.63887542500015,1789785065.1663277,0.033140182,19.96898651123047,794.2871704101562,110.04908752441406,619246442219dc42
20.65880584716797,20.658848185000352,1789785065.186293,0.040769577,19.965171813964844,788.5728759765625,110.31095886230469,aa244544369fdc42
20.67883276939392,20.67886841,1789785065.2063198,0.033855438232421875,20.02692222595215,788.5728759765625,110.57283020019531,aa2445444a25dd42
20.69884682,20.69888878000029,1789785065.2263339,0.040531158447265625,20.014047622680664,788.5728759765625,110.83470153808594,aa2445445eabdd42
20.718803882598877,20.718842040000254,1789785065.246291,0.036716461181640625,19.95706558227539,794.2871704101562,111.09657287597656,619246447231de42
20.73880124092102,20.738838041000236,1789785065.2662883,0.03528595,19.997358322143555,788.5728759765625,111.35844421386719,aa24454486b7de42
20.75878930091858,20.758826005000174,1789785065.2862763,0.035047531,19.988059997558594,788.5728759765625,111.62031555175781,aa2445449a3ddf42
20.77884268760681,20.778879191000215,1789785065.3063297,0.035047531,20.053386688232422,788.5728759765625,111.88218688964844,aa244544aec3df42
20.798804759979248,20.798840895000012,1789785065.3262918,0.034570694,19.962072372436523,788.5728759765625,112.14405822753906,aa244544c249e042
20.818803787231445,20.818840878000174,1789785065.3462908,0.035524368,19.999027252197266,788.5728759765625,112.40592956542969,aa244544d6cfe042
20.83883500099182,20.83887023000034,1789785065.366322,0.03361702,20.031213760375977,794.2871704101562,112.66780090332031,61924644ea55e142
20.85882019996643,20.85885932400015,1789785065.3863072,0.037431717,19.985198974609375,788.5728759765625,112.92967224121094,aa244544fedbe142
20.878790616989136,20.87882675100036,1789785065.4062777,0.034570694,19.970417022705078,788.5728759765625,113.21534729003906,aa244544426ee242
20.89882802963257,20.89887062200023,1789785065.426315,0.041007996,20.037412643432617,788.5728759765625,113.47721862792969,aa24454456f4e242
20.91878867149353,20.91882753000027,1789785065.4462757,0.037193298,19.960641860961914,788.5728759765625,113.73908996582031,aa2445446a7ae342
20.93879246711731,20.93882908700016,1789785065.4662795,0.035047531,20.003795623779297,788.5728759765625,114.00096130371094,aa2445447e00e442
20.95879030227661,20.95882681000012,1789785065.4862773,0.034809112548828125,19.997835159301758,788.5728759765625,114.26282501220703,aa2445449186e442
20.978830337524414,20.97886603300003,1789785065.5063174,0.034093857,20.040035247802734,788.5728759765625,114.52469635009766,aa244544a50ce542
20.998791933059692,20.998830423000072,1789785065.526279,0.036716461181640625,19.96159553527832,788.5728759765625,114.78656768798828,aa244544b992e542
21.01879311,21.018931461000193,1789785065.5462801,0.13685226440429688,20.00117301940918,788.5728759765625,115.0484390258789,aa244544cd18e642
21.038836240768433,21.03887931400004,1789785065.5663233,0.041723251,20.043134689331055,788.5728759765625,115.31031036376953,aa244544e19ee642
21.05878734588623,21.05882657400025,1789785065.5862744,0.037431717,19.95110511779785,794.2871704101562,115.57218170166016,61924644f524e742
21.07882308959961,21.07885977800015,1789785065.6063101,0.035047531,20.035743713378906,788.5728759765625,115.83405303955078,aa24454409abe742
21.098822116851807,21.098904464000043,1789785065.6263092,0.08058548,19.999027252197266,788.5728759765625,116.0959243774414,aa2445441d31e842
21.118836402893066,21.119033762000072,1789785065.6463234,0.19550323486328125,20.014286041259766,788.5728759765625,116.35779571533203,aa24454431b7e842
21.138830423355103,21.138871577000373,1789785065.6663175,0.039577484130859375,19.994020462036133,788.5728759765625,116.61966705322266,aa244544453de942
21.15882658958435,21.158864726000047,1789785065.6863136,0.036478043,19.996166229248047,788.5728759765625,116.88153839111328,aa24454459c3e942
21.178784370422363,21.17882617,1789785065.7062714,0.04029274,19.957780838012695,794.2871704101562,117.14340209960938,619246446c49ea42
21.198820114135742,21.198861858000328,1789785065.7263072,0.040054321,20.035743713378906,794.2871704101562,117.4052734,6192464480cfea42
21.218816995620728,21.21885734000034,1789785065.746304,0.038623809814453125,19.99688148498535,788.5728759765625,117.69095611572266,aa244544c561eb42
21.23878812789917,21.23883628500016,1789785065.7662752,0.046491623,19.971132278442383,788.5728759765625,117.95282745361328,aa244544d9e7eb42
21.258848667144775,21.258888194000065,1789785065.7863357,0.037908554,20.06053924560547,788.5728759765625,118.21469116210938,aa244544ec6dec42
21.278815984725952,21.27885675000016,1789785065.806303,0.039100647,19.967317581176758,794.2871704101562,118.4765625,6192464400f4ec42
21.298774003982544,21.298816418000115,1789785065.826261,0.040769577,19.958019256591797,788.5728759765625,118.73843383789062,aa244544147aed42
21.31881833076477,21.318857455999932,1789785065.8463054,0.037431717,20.044326782226562,788.5728759765625,119.00030517578125,aa2445442800ee42
21.338775634765625,21.338815307999994,1789785065.8662627,0.037908554,19.957304000854492,788.5728759765625,119.26217651367188,aa2445443c86ee42
21.35885214805603,21.358893680000165,1789785065.8863392,0.039815903,20.076513290405273,788.5728759765625,119.5240478515625,aa244544500cef42
21.378775119781494,21.378817440000148,1789785065.9062622,0.040531158447265625,19.922971725463867,788.5728759765625,119.78591918945312,aa2445446492ef42
21.398831129074097,21.39887201500005,1789785065.9263182,0.039339066,20.05600929260254,794.2871704101562,120.04779052734375,619246447818f042
21.41877794265747,21.418816775000323,1789785065.946265,0.037193298,19.946813583374023,794.2871704101562,120.30966186523438,619246448c9ef042
21.43877601623535,21.438877906000016,1789785065.966263,0.10085105895996094,19.99807357788086,788.5728759765625,120.5715332,aa244544a024f142
21.45881748199463,21.458878943999935,1789785065.9863045,0.059843063,20.041465759277344,788.5728759765625,120.83340454101562,aa244544b4aaf142
21.47878122329712,21.478837054999985,1789785066.0062683,0.054121017,19.963741302490234,788.5728759765625,121.09526824951172,aa244544c730f242
21.498813152313232,21.498928853000052,1789785066.0263002,0.11396408081054688,20.03192901611328,788.5728759765625,121.35713958740234,aa244544dbb6f242
21.518771409988403,21.51883142800034,1789785066.0462584,0.058412552,19.95825768,788.5728759765625,121.61901092529297,aa244544ef3cf342
21.538823127746582,21.53887797,1789785066.0663102,0.053167343,20.05171775817871,788.5728759765625,121.8808822631836,aa24454403c3f342
21.558821201324463,21.55887689200017,1789785066.0863082,0.054121017,19.99807357788086,788.5728759765625,122.16655731201172,aa2445444755f442
21.57881736755371,21.578861338000024,1789785066.1063044,0.042438507080078125,19.996166229248047,788.5728759765625,122.42842864990234,aa2445445bdbf442
21.59877920150757,21.598820394000086,1789785066.1262662,0.039577484130859375,19.961833953857422,788.5728759765625,122.69029998779297,aa2445446f61f542
21.618781328201294,21.618821839000248,1789785066.1462684,0.038862228,20.002126693725586,794.2871704101562,122.9521713256836,6192464483e7f542
21.63881278038025,21.63890574800007,1789785066.1662998,0.091791153,20.031452178955078,794.2871704101562,123.21404266357422,61924644976df642
21.658817768096924,21.658869360000153,1789785066.1863048,0.049829483,20.004987716674805,788.5728759765625,123.47591400146484,aa244544abf3f642
21.67882276,21.678878731000168,1789785066.2063098,0.054359436,20.004987716674805,788.5728759765625,123.73778533935547,aa244544bf79f742
21.69881772994995,21.698866936000286,1789785066.2263048,0.047683716,19.99497413635254,788.5728759765625,123.9996566772461,aa244544d3fff742
21.718772411346436,21.71882725100022,1789785066.2462595,0.053167343,19.954681396484375,788.5728759765625,124.26152801513672,aa244544e785f842
21.73883295059204,21.73891925199996,1789785066,0.084638596,20.06053924560547,794.2871704101562,124.52339935302734,61924644fb0bf942
21.758811950683594,21.758871290000116,1789785066.286299,0.057697296142578125,19.979000091552734,794.2871704101562,124.78527069091797,619246440f92f942
21.778775691986084,21.778829828000198,1789785066.3062627,0.052452087,19.963741302490234,788.5728759765625,125.0471420288086,aa2445442318fa42
21.79876732826233,21.79882086600037,1789785066.3262544,0.051975250244140625,19.991636276245117,788.5728759765625,125.30900573730469,aa244544369efa42
21.818812370300293,21.818865515000198,1789785066.3462994,0.051498413,20.045042037963867,788.5728759765625,125.57087707519531,aa2445444a24fb42
21.838634490966797,21.83870564500012,1789785066.3661215,0.069618225,19.822120666503906,788.5728759765625,125.83274841308594,aa2445445eaafb42
21.858782052993774,21.858835905999968,1789785066.386269,0.051975250244140625,20.14756202697754,788.5728759765625,126.09461975097656,aa2445447230fc42
21.87881898880005,21.878873925000335,1789785066.406306,0.053167343,20.036935806274414,788.5728759765625,126.35649108886719,aa24454486b6fc42
21.89880871772766,21.898871000000327,1789785066.4262958,0.060796738,19.989728927612305,788.5728759765625,126.61836242675781,aa2445449a3cfd42
21.91880965232849,21.918866446000266,1789785066.4462967,0.055074692,20.000934600830078,788.5728759765625,126.88023376464844,aa244544aec2fd42
21.93877673149109,21.938833261000127,1789785066.4662638,0.054836273193359375,19.967079162597656,788.5728759765625,127.16590881347656,aa244544f254fe42
21.958773612976074,21.958829355000034,1789785066.4862607,0.054121017,19.99688148498535,794.2871704101562,127.42778015136719,6192464406dbfe42
21.978816032409668,21.97886961500035,1789785066.506303,0.051975250244140625,20.04241943359375,794.2871704101562,127.68965148925781,619246441a61ff42
21.998807907104492,21.998869449000267,1789785066.526295,0.060081482,19.99187469482422,788.5728759765625,127.95152282714844,aa2445442ee7ff42
22.018807649612427,22.018861024000216,1789785066.5462947,0.051736832,19.99974250793457,788.5728759765625,128.21339416503906,aa244544a1360043
22.038768768310547,22.038897099000224,1789785066.5662558,0.12683868408203125,19.961118698120117,788.5728759765625,128.4752655029297,aa244544ab790043
22.058767795562744,22.058815211000365,1789785066.5862548,0.045776367,19.999027252197266,788.5728759765625,128.7371368408203,aa244544b5bc0043
22.078765630722046,22.078821007999977,1789785066.6062527,0.05364418,19.997835159301758,794.2871704101562,128.99900817871094,61924644bfff0043
22.098809003829956,22.09885739800029,1789785066.626296,0.046730042,20.043373107910156,794.2871704101562,129.26087951660156,61924644c9420143
22.118813037872314,22.119121696000093,1789785067,0.3070831298828125,20.00403404,788.5728759765625,129.5227508544922,aa244544d3850143
22.138782262802124,22.138877770000363,1789785066.6662693,0.09393692,19.96922492980957,788.5728759765625,129.7846221923828,aa244544ddc80143
22.158778429031372,22.158868623000217,1789785066.6862655,0.088453293,19.996166229248047,788.5728759765625,130.04649353027344,aa244544e70b0243
22.178765296936035,22.178829031000078,1789785066.7062523,0.062227249,19.986867904663086,794.2871704101562,130.30836486816406,61924644f14e0243
22.198803424835205,22.198866624999937,1789785066.7262905,0.061750412,20.038127899169922,794.2871704101562,130.5702362060547,61924644fb910243
22.218766450881958,22.21881981100023,1789785066.7462535,0.051736832,19.96302604675293,788.5728759765625,130.83209228515625,aa24454404d50243
22.238837003707886,22.238896459999978,1789785066.766324,0.057697296142578125,20.070552825927734,788.5728759765625,131.09396362304688,aa2445440e180343
22.258838653564453,22.258907016000194,1789785066.7863257,0.066518784,20.001649856567383,788.5728759765625,131.3558349609375,aa244544185b0343
22.27879834,22.278854202000275,1789785066.8062854,0.054121017,19.959688186645508,788.5728759765625,131.6415252685547,aa2445443ba40343
22.298808574676514,22.298869426000238,1789785066.8262956,0.059366226,20.01023292541504,794.2871704101562,131.87957763671875,619246442ce10343
22.318804502487183,22.318859927000176,1789785066.8462915,0.05364418,19.995927810668945,794.2871704101562,132.16525268554688,619246444e2a0443
22.338798761367798,22.33886111300035,1789785066.8662858,0.060796738,19.994258880615234,788.5728759765625,132.4271240234375,aa244544586d0443
22.358752489089966,22.35880685400025,1789785066.8862395,0.052690506,19.95372772216797,788.5728759765625,132.68899536132812,aa24454462b00443
22.378761053085327,22.378813707000063,1789785066.906248,0.051021575927734375,20.008563995361328,788.5728759765625,132.95086669921875,aa2445446cf30443
22.398759365081787,22.398825560000205,1789785066.9262464,0.064611435,19.99831199645996,788.5728759765625,133.21273803710938,aa24454476360543
22.418760776519775,22.41881506100026,1789785066.9462478,0.052690506,20.00141143798828,788.5728759765625,133.4746094,aa24454480790543
22.43880057,22.438864099000057,1789785066.9662876,0.061988831,20.039796829223633,788.5728759765625,133.73648071289062,aa2445448abc0543
22.458799123764038,22.458862285000123,1789785066.9862862,0.061511993408203125,19.998550415039062,788.5728759765625,133.99835205078125,aa24454494ff0543
22.478757858276367,22.478811248000056,1789785067.006245,0.051736832,19.95873451,788.5728759765625,134.26022338867188,aa2445449e420643
22.49883198738098,22.49895230500033,1789785067.026319,0.11849403381347656,20.074129104614258,788.5728759765625,134.5220947265625,aa244544a8850643
22.51878809928894,22.518850638999993,1789785067.0462751,0.060796738,19.956111907958984,794.2871704101562,134.78396606445312,61924644b2c80643
22.538789987564087,22.53885414000024,1789785067.066277,0.062465667724609375,20.001888275146484,794.2871704101562,135.04583740234375,61924644bc0b0743
22.558798789978027,22.55886297400002,1789785067.0862858,0.062465667724609375,20.00880241394043,788.5728759765625,135.30770874023438,aa244544c64e0743
22.578791618347168,22.57885358600015,1789785067.1062787,0.060319901,19.992828369140625,788.5728759765625,135.5695801,aa244544d0910743
22.598806381225586,22.59886995800025,1789785067.1262934,0.061750412,20.01476287841797,788.5728759765625,135.83145141601562,aa244544dad40743
22.618753910064697,22.61880892099998,1789785067.146241,0.053405762,19.947528839111328,788.5728759765625,136.09332275390625,aa244544e4170843
22.638755321502686,22.63881005200028,1789785067.1662424,0.052928924560546875,20.00141143798828,788.5728759765625,136.35519409179688,aa244544ee5a0843
22.658788919448853,22.65885322000031,1789785067.186276,0.062704086,20.033597946166992,794.2871704101562,136.6408691,6192464410a40843
22.678609371185303,22.678680239000187,1789785067.2060964,0.069379807,19.820451736450195,788.5728759765625,136.90274047851562,aa2445441ae70843
22.69878840446472,22.698839814000166,1789785067.2262754,0.049829483,20.179033279418945,788.5728759765625,137.16461181640625,aa244544242a0943
22.718785047531128,22.71883903700018,1789785067.246272,0.052452087,19.99664306640625,788.5728759765625,137.42648315429688,aa2445442e6d0943
22.73882771,22.73889044500038,1789785067.2663147,0.061273575,20.04265785217285,788.5728759765625,137.6883544921875,aa24454438b00943
22.758751153945923,22.758804131000034,1789785067.2862382,0.051259995,19.92344856262207,788.5728759765625,137.95022583007812,aa24454442f30943
22.778751373291016,22.778804669000237,1789785067.3062384,0.051736832,20.000219345092773,788.5728759765625,138.21209716796875,aa2445444c360a43
22.798787117004395,22.798840318000202,1789785067.3262742,0.051498413,20.035743713378906,788.5728759765625,138.47396850585938,aa24454456790a43
22.818787813186646,22.81884998600026,1789785067.3462749,0.060558319091796875,20.000696182250977,788.5728759765625,138.7358398,aa24454460bc0a43
22.83879041671753,22.838849376000326,1789785067.3662775,0.057220459,20.00260353088379,788.5728759765625,138.99769592285156,aa24454469ff0a43
22.858783721923828,22.858846469000127,1789785067.3862708,0.061035156,19.993305206298828,794.2871704101562,139.2595672607422,6192464473420b43
22.878751277923584,22.878804655000295,1789785067.4062383,0.051498413,19.96755599975586,794.2871704101562,139.5214385986328,619246447d850b43
22.898757219314575,22.898816915000225,1789785067.4262443,0.057935715,20.00594139099121,788.5728759765625,139.78330993652344,aa24454487c80b43
22.918603897094727,22.918674434999957,1789785067.446091,0.068902969,19.846677780151367,788.5728759765625,140.04518127441406,aa244544910b0c43
22.93874979019165,22.938803731999997,1789785067.4662368,0.052213669,20.145893096923828,788.5728759765625,140.3070526123047,aa2445449b4e0c43
22.958792448043823,22.958844992000195,1789785067.4862795,0.050783157,20.04265785217285,794.2871704101562,140.5689239501953,61924644a5910c43
22.978825569152832,22.978887493000002,1789785067.5063126,0.060319901,20.03312110900879,794.2871704101562,140.85459899902344,61924644c7da0c43
22.998748779296875,22.998802346000048,1789785067.5262358,0.051736832,19.92321014404297,794.2871704101562,141.11647033691406,61924644d11d0d43
23.01882290840149,23.01888555100004,1789785068,0.061035156,20.074129104614258,788.5728759765625,141.3783416748047,aa244544db600d43
23.038806676864624,23.03893564400005,1789785067.5662937,0.12731552124023438,19.983768463134766,788.5728759765625,141.6402130126953,aa244544e5a30d43
23.058788537979126,23.058853015000295,1789785067.5862756,0.062704086,19.981861114501953,788.5728759765625,141.90208435058594,aa244544efe60d43
23.078819751739502,23.078882609000175,1789785067.6063068,0.061273575,20.031213760375977,794.2871704101562,142.16395568847656,61924644f9290e43
23.09878134727478,23.098839406000025,1789785067.6262684,0.056266785,19.96159553527832,794.2871704101562,142.4258270263672,61924644036d0e43
23.11882758140564,23.118935128999965,1789785067.6463146,0.10585784912109375,20.046234130859375,788.5728759765625,142.6876983642578,aa2445440db00e43
23.138752460479736,23.138813500000197,1789785067.6662395,0.059366226,19.92487907409668,788.5728759765625,142.94956970214844,aa24454417f30e43
23.158740997314453,23.15878022300012,1789785067.686228,0.037670135498046875,19.988536834716797,788.5728759765625,143.21144104003906,aa24454421360f43
23.178735733032227,23.178777465000167,1789785067.7062228,0.040054321,19.994735717773438,788.5728759765625,143.4733123779297,aa2445442b790f43
23.19881582260132,23.19885665100037,1789785067.7263029,0.039339066,20.080089569091797,788.5728759765625,143.7351837158203,aa24454435bc0f43
23.21878147125244,23.218821558999934,1789785067.7462685,0.038623809814453125,19.965648651123047,788.5728759765625,143.99705505371094,aa2445443fff0f43
23.238819122314453,23.238858560000153,1789785067.7663062,0.037670135498046875,20.03765106201172,788.5728759765625,144.28273010253906,aa24454461481043
23.258817672729492,23.25886106100006,1789785067.7863047,0.041723251,19.998550415039062,788.5728759765625,144.5446014404297,aa2445446b8b1043
23.278778314590454,23.27881995100006,1789785067.8062654,0.039815903,19.960641860961914,788.5728759765625,144.8064727783203,aa24454475ce1043
23.298593997955322,23.298646969999936,1789785067.826081,0.051498413,19.815683364868164,794.2871704101562,145.06834411621094,619246447f111143
23.318774223327637,23.318813397000213,1789785067.8462613,0.037670135498046875,20.180225372314453,794.2871704101562,145.33021545410156,6192464489541143
23.338813066482544,23.338851972000157,1789785068,0.037193298,20.038843154907227,788.5728759765625,145.5920867919922,aa24454493971143
23.358773231506348,23.358812731999933,1789785067.8862603,0.037908554,19.96016502380371,788.5728759765625,145.8539581298828,aa2445449dda1143
23.37877583503723,23.37881636300017,1789785067.9062629,0.038862228,20.00260353088379,788.5728759765625,146.11582946777344,aa244544a71d1243
23.398868083953857,23.39890662300013,1789785067.9263551,0.03695488,20.092248916625977,794.2871704101562,146.37770080566406,61924644b1601243
23.418884992599487,23.418925754000156,1789785067.946372,0.039339066,20.016908645629883,794.2871704101562,146.6395721435547,61924644bba31243
23.438822269439697,23.438861273000384,1789785067.9663093,0.037193298,19.93727684020996,794.2871704101562,146.90142822265625,61924644c4e61243
23.458924531936646,23.458964052000283,1789785067.9864116,0.037908554,20.102262496948242,788.5728759765625,147.16329956054688,aa244544ce291343
23.47901988,23.47905923799999,1789785068.006507,0.037670135498046875,20.095348358154297,788.5728759765625,147.4251708984375,aa244544d86c1343
23.498594045639038,23.49864129400021,1789785068.026081,0.045537949,19.57416534423828,794.2871704101562,147.68704223632812,61924644e2af1343
23.5187726,23.51885625800014,1789785068.0462596,0.082015991,20.178556442260742,794.2871704101562,147.94891357421875,61924644ecf21343
23.53873300552368,23.53882168500013,1789785068,0.087499619,19.960403442382812,794.2871704101562,148.21078491210938,61924644f6351443
23.55874800682068,23.558801667000353,1789785068.086235,0.051975250244140625,20.01500129699707,788.5728759765625,148.4964599609375,aa244544187f1443
23.578787088394165,23.578841798000212,1789785068.1062741,0.053167343,20.039081573486328,788.5728759765625,148.75833129882812,aa24454422c21443
23.59873628616333,23.59879322500001,1789785068.1262233,0.05531311,19.94919776916504,788.5728759765625,149.02020263671875,aa2445442c051543
23.61875319480896,23.61882613300031,1789785068.1462402,0.071287155,20.016908645629883,794.2871704101562,149.28207397460938,6192464436481543
23.63873815536499,23.63878854099994,1789785068.1662252,0.048875809,19.984960556030273,794.2871704101562,149.5439453,61924644408b1543
23.658733367919922,23.658789485999932,1789785068.1862204,0.054359436,19.99521255493164,788.5728759765625,149.80581665039062,aa2445444ace1543
23.678749084472656,23.678811802000382,1789785068.2062361,0.061273575,20.015716552734375,788.5728759765625,150.06768798828125,aa24454454111643
23.698776245117188,23.698830396000176,1789785068.2262633,0.052452087,20.02716064453125,788.5728759765625,150.32955932617188,aa2445445e541643
23.718772888183594,23.71882224800038,1789785068,0.047683716,19.99664306640625,788.5728759765625,150.5914306640625,aa24454468971643
23.738778352737427,23.738831879000372,1789785068.2662654,0.051975250244140625,20.005464553833008,788.5728759765625,150.85330200195312,aa24454472da1643
23.758809566497803,23.75887347300022,1789785068.2862966,0.062227249,20.031213760375977,788.5728759765625,151.11517333984375,aa2445447c1d1743
23.77877926826477,23.77883249200022,1789785068.3062663,0.051498413,19.969701766967773,788.5728759765625,151.37704467773438,aa24454486601743
23.798771858215332,23.798824826000327,1789785068.326259,0.051259995,19.992589950561523,794.2871704101562,151.638916,6192464490a31743
23.818809032440186,23.818871068000135,1789785068.346296,0.060319901,20.037174224853516,794.2871704101562,151.92459106445312,61924644b2ec1743
23.838765859603882,23.83882856900027,1789785068.366253,0.061035156,19.95682716369629,794.2871704101562,152.18646240234375,61924644bc2f1843
23.858769178390503,23.858835810000073,1789785068.3862562,0.064849854,20.003318786621094,788.5728759765625,152.44833374023438,aa244544c6721843
23.87872886657715,23.878785015000176,1789785068.406216,0.054597855,19.959688186645508,788.5728759765625,152.7102051,aa244544d0b51843
23.89876961708069,23.898823738000374,1789785068.4262567,0.052452087,20.04075050354004,788.5728759765625,152.97207641601562,aa244544daf81843
23.91872811317444,23.91878386899998,1789785068.4462152,0.054121017,19.95849609,788.5728759765625,153.23394775390625,aa244544e43b1943
23.93872857093811,23.938783203000185,1789785068.4662156,0.053167343,20.000457763671875,794.2871704101562,153.49581909179688,61924644ee7e1943
23.958767652511597,23.95883005600035,1789785068.4862547,0.060796738,20.039081573486328,794.2871704101562,153.7576904296875,61924644f8c11943
23.978808403015137,23.97887059,1789785068.5062954,0.060558319091796875,20.04075050354004,794.2871704101562,154.01956176757812,6192464402051a43
23.998769998550415,23.998827946000347,1789785068.526257,0.056505203,19.96159553527832,788.5728759765625,154.28143310546875,aa2445440c481a43
24.01882576942444,24.019392188999973,1789785068.5463128,0.5650520324707031,20.055770874023438,800.0014038085938,154.59091186523438,1700484446971a43
24.038797616958618,24.03893757800006,1789785068.5662847,0.1380443572998047,19.971847534179688,800.0014038085938,154.94801330566406,17004844b1f21a43
24.05876922607422,24.058837190000304,1789785068.5862563,0.066280365,19.971609115600586,828.5728759765625,155.3050994873047,aa244f441b4e1b43
24.078802347183228,24.078867857000205,1789785068.6062894,0.064134598,20.03312110900879,862.8585815429688,155.66220092773438,f3b6574486a91b43
24.09873628616333,24.098795321000125,1789785068.6262233,0.057458878,19.93393898010254,862.8585815429688,156.01930236816406,f3b65744f1041c43
24.11861228942871,24.11881173,1789785068.6460993,0.19884109497070312,19.87600326538086,897.1442871,156.3763885498047,3c4960445b601c43
24.138736248016357,24.138837490000242,1789785068.6662233,0.099658966,20.123958587646484,897.1442871,156.73348999023438,3c496044c6bb1c43
24.15859341621399,24.158698601000197,1789785068.6860805,0.10418891906738281,19.857168197631836,937.1442260742188,157.0667724609375,3b496a4418111d43
24.178735971450806,24.178806843000075,1789785068.706223,0.069141388,20.142555236816406,965.7155762,157.4238739013672,cc6d7144836c1d43
24.19873571395874,24.198790788000224,1789785068.7262228,0.053405762,19.99974250793457,965.7155762,157.78097534179688,cc6d7144eec71d43
24.218764543533325,24.218812382000124,1789785068.7462516,0.046253204345703125,20.02882957458496,1000.0012817382812,158.1380615234375,15007a4458231e43
24.238773107528687,24.23882858700017,1789785068.7662601,0.053882598876953125,20.008563995361328,1040.0013427734375,158.4951629638672,0b008244c37e1e43
24.258744478225708,24.258892106000076,1789785068.7862315,0.14591217041015625,19.971370697021484,1040.0013427734375,158.85226440429688,0b0082442eda1e43
24.27880311012268,24.278865811000287,1789785068.8062901,0.061035156,20.058631896972656,1062.8585205078125,159.2093505859375,79db844498351f43
24.298733949661255,24.29878957100027,1789785068.826221,0.054121017,19.93083953857422,1062.8585205078125,159.5664520263672,79db844403911f43
24.318804264068604,24.318866737999997,1789785068.8462913,0.060796738,20.070314407348633,1062.8585205078125,159.92355346679688,79db84446eec1f43
24.338727235794067,24.338781961000223,1789785068.8662143,0.053167343,19.922971725463867,1068.572754,160.2806396484375,54928544d8472043
24.35876465,24.358816888000092,1789785068.8862517,0.050544739,20.037412643432617,1068.572754,160.6377410888672,5492854443a32043
24.37872624397278,24.378776871000355,1789785068.9062133,0.048875809,19.96159553527832,1068.572754,160.99484252929688,54928544aefe2043
24.398738622665405,24.398800242000107,1789785068.9262257,0.059843063,20.012378692626953,1062.8585205078125,161.3519287109375,79db8444185a2143
24.41871452331543,24.41878302100031,1789785068.9462016,0.066757202,19.975900650024414,1062.8585205078125,161.6852264404297,79db84446baf2143
24.438724040985107,24.438778576999994,1789785068.966211,0.052928924560546875,20.009517669677734,1068.572754,162.04232788085938,54928544d60a2243
24.458723783493042,24.458808800000043,1789785068.9862108,0.08392334,19.99974250793457,1068.572754,162.3994141,5492854440662243
24.478760957717896,24.47880189,1789785069.006248,0.039339066,20.037174224853516,1068.572754,162.7565155029297,54928544abc12243
24.49876618385315,24.498803727999984,1789785069.0262532,0.036001205,20.005226135253906,1062.8585205078125,163.11361694335938,79db8444161d2343
24.518786668777466,24.518823062000138,1789785069.0462737,0.034570694,20.020484924316406,1068.572754,163.4707031,5492854480782343
24.53872252,24.538760822000313,1789785069.0662096,0.036478043,19.93584632873535,1068.572754,163.8278045654297,54928544ebd32343
24.55872368812561,24.558760971000083,1789785069.0862107,0.035762786865234375,20.00117301940918,1068.572754,164.18490600585938,54928544562f2443
24.578727960586548,24.578770120000172,1789785069.106215,0.040531158447265625,20.00427246,1062.8585205078125,164.5419922,79db8444c08a2443
24.59872579574585,24.598764325000047,1789785069.1262128,0.03695488,19.997835159301758,1062.8585205078125,164.8990936279297,79db84442be62443
24.618757486343384,24.61881565900012,1789785069.1462445,0.056505203,20.03169059753418,1068.572754,165.25619506835938,5492854496412543
24.638752698898315,24.63885273400001,1789785069.1662397,0.098705292,19.99521255493164,1068.572754,165.6132813,54928544009d2543
24.658748388290405,24.65881401300021,1789785069.1862354,0.063896179,19.995689392089844,1068.572754,165.9703826904297,549285446bf82543
24.678751707077026,24.67880775399999,1789785069.2062387,0.054597855,20.003318786621094,1062.8585205078125,166.32748413085938,79db8444d6532643
24.698753833770752,24.69879784800014,1789785069.2262409,0.042438507080078125,20.002126693725586,1062.8585205078125,166.6845703,79db844440af2643
24.718708515167236,24.718754015000286,1789785069.2461956,0.043869019,19.954681396484375,1068.572754,167.0178680419922,5492854493042743
24.738710403442383,24.738752923999982,1789785069.2661974,0.040769577,20.001888275146484,1068.572754,167.3749542236328,54928544fd5f2743
24.75871181488037,24.758753462000186,1789785069.2861989,0.039815903,20.00141143798828,1068.572754,167.7320556640625,5492854468bb2743
24.778746128082275,24.77878444399994,1789785069.3062332,0.036478043,20.034313201904297,1062.8585205078125,168.0891571044922,79db8444d3162843
24.798571586608887,24.79861598200023,1789785069.3260586,0.042676926,19.825458526611328,1068.572754,168.4462432861328,549285443d722843
24.818743228912354,24.81877770500023,1789785069.3462303,0.032663345,20.171642303466797,1068.572754,168.8033447265625,54928544a8cd2843
24.838749647140503,24.83878676200038,1789785069.3662367,0.035524368,20.006418228149414,1068.572754,169.1604461669922,5492854413292943
24.858744144439697,24.85878552200029,1789785069.3862312,0.039815903,19.994497299194336,1062.8585205078125,169.5175323486328,79db84447d842943
24.878724336624146,24.87877006000008,1789785069.4062114,0.044345855712890625,19.980192184448242,1062.8585205078125,169.8746337890625,79db8444e8df2943
24.898700952529907,24.898750005000238,1789785069.426188,0.047445297,19.97661590576172,1068.572754,170.2317352294922,54928544533b2a43
24.918705463409424,24.91874989500002,1789785069.4461925,0.042915344,20.00451088,1068.572754,170.5888214111328,54928544bd962a43
24.938700675964355,24.93875717300034,1789785069.4661877,0.054836273193359375,19.99521255493164,1068.572754,170.9459228515625,5492854428f22a43
24.958744287490845,24.958781971000008,1789785069.4862313,0.036001205,20.043611526489258,1062.8585205078125,171.3030242919922,79db8444934d2b43
24.97874164581299,24.978779249000127,1789785069.5062287,0.036001205,19.997358322143555,1062.8585205078125,171.6601104736328,79db8444fda82b43
24.998742818832397,24.998779990999992,1789785069.5262299,0.035524368,20.00117301940918,1068.572754,172.0172119140625,5492854468042c43
25.018735885620117,25.01877415900026,1789785069.546223,0.036478043,19.993066787719727,1068.572754,172.3743133544922,54928544d35f2c43
25.038708448410034,25.038754956000048,1789785069.5661955,0.044822693,19.972562789916992,1068.572754,172.7313995361328,549285443dbb2c43
25.058756113052368,25.058795086000373,1789785069.5862432,0.037193298,20.047664642333984,1062.8585205078125,173.0885009765625,79db8444a8162d43
25.078745365142822,25.078783272000237,1789785069.6062324,0.036239624,19.98925209,1068.572754,173.4217987060547,54928544fb6b2d43
25.098742485046387,25.0988549,1789785069.6262295,0.11086463928222656,19.997119903564453,1068.572754,173.7788848876953,5492854465c72d43
25.11875295639038,25.118793867000022,1789785070,0.039100647,20.01047134399414,1068.572754,174.1359863,54928544d0222e43
25.138745546340942,25.138786164000066,1789785069.6662326,0.038862228,19.992589950561523,1068.572754,174.4930877685547,549285443b7e2e43
25.158713579177856,25.158757350000087,1789785069.6862006,0.042200089,19.968032836914062,1062.8585205078125,174.8501739501953,79db8444a5d92e43
25.178706645965576,25.178755055000238,1789785069.7061937,0.046730042,19.993066787719727,1068.572754,175.2072754,5492854410352f43
25.198699235916138,25.198744628999975,1789785069.7261863,0.0436306,19.992589950561523,1068.572754,175.5643768310547,549285447b902f43
25.21877360343933,25.218809944999975,1789785069.7462606,0.034570694,20.07436752319336,1068.572754,175.9214630126953,54928544e5eb2f43
25.238738298416138,25.238778798000112,1789785069.7662253,0.038623809814453125,19.96469497680664,1062.8585205078125,176.2785645,79db844450473043
25.258737325668335,25.25883928100029,1789785069.7862244,0.10037422180175781,19.999027252197266,1062.8585205078125,176.6356658935547,79db8444bba23043
25.27873659133911,25.278777596000054,1789785069.8062236,0.039339066,19.999265670776367,1068.572754,176.9927520751953,5492854425fe3043
25.298561334609985,25.298602726000354,1789785069.8260484,0.039815903,19.824743270874023,1068.572754,177.3498535,5492854490593143
25.31874442100525,25.318783376000283,1789785069.8462315,0.037193298,20.183086395263672,1068.572754,177.7069549560547,54928544fbb43143
25.338701725006104,25.338746079999964,1789785069.8661888,0.042676926,19.957304000854492,1062.8585205078125,178.0640411376953,79db844465103243
25.358707427978516,25.358750007000253,1789785069.8861945,0.041007996,20.00570297241211,1068.572754,178.4211426,54928544d06b3243
25.37873601913452,25.378772582000238,1789785069.906223,0.034809112548828125,20.02859115600586,1068.572754,178.7782440185547,549285443bc73243
25.398740530014038,25.39879634199997,1789785069.9262276,0.054121017,20.00451088,1068.572754,179.1353302001953,54928544a5223343
25.418778896331787,25.418841936000263,1789785069.946266,0.061273575,20.038366317749023,1068.572754,179.4686279296875,54928544f8773343
25.438743591308594,25.438797770000292,1789785069.9662306,0.052690506,19.96469497680664,1062.8585205078125,179.82571411132812,79db844462d33343
25.458701848983765,25.458760363000238,1789785069.986189,0.056743621826171875,19.95825768,1068.572754,180.1828155517578,54928544cd2e3443
25.47873854637146,25.47879329000034,1789785070.0062256,0.053167343,20.036697387695312,1068.572754,180.5399169921875,54928544388a3443
25.49870204925537,25.498758995000117,1789785070.026189,0.05531311,19.963502883911133,1068.572754,180.89700317382812,54928544a2e53443
25.51873469352722,25.518799773999945,1789785070.0462217,0.063419342,20.032644271850586,1062.8585205078125,181.2541046142578,79db84440d413543
25.538692951202393,25.538748478000343,1789785070,0.053882598876953125,19.95825768,1062.8585205078125,181.6112060546875,79db8444789c3543
25.558709144592285,25.558768627000063,1789785070.0861962,0.057935715,20.016193389892578,1068.572754,181.96829223632812,54928544e2f73543
25.57873511314392,25.57879391,1789785070.1062222,0.057220459,20.025968551635742,1068.572754,182.3253936767578,549285444d533643
25.59869623184204,25.598754998999993,1789785070.1261833,0.057220459,19.961118698120117,1068.572754,182.6824951171875,54928544b8ae3643
25.618699073791504,25.618763944999955,1789785070.146186,0.063419342,20.00284194946289,1062.8585205078125,183.03958129882812,79db8444220a3743
25.63869547843933,25.638758797000264,1789785070.1661825,0.061511993408203125,19.99640464782715,1062.8585205078125,183.3966827392578,79db84448d653743
25.658732891082764,25.65878887200006,1789785070,0.054359436,20.037412643432617,1068.572754,183.7537841796875,54928544f8c03743
25.67872142791748,25.67880848,1789785070.2062085,0.085353851,19.988536834716797,1068.572754,184.08706665039062,549285444a163843
25.698714017868042,25.69878385600032,1789785070.226201,0.068187714,19.992589950561523,1068.572754,184.4441680908203,54928544b5713843
25.718692779541016,25.718753245000244,1789785070.2461798,0.058889389,19.978761672973633,1062.8585205078125,184.8012695,79db844420cd3843
25.738694190979004,25.738750617000278,1789785070.2661812,0.054597855,20.00141143798828,1068.572754,185.15835571289062,549285448a283943
25.758692026138306,25.758759136000208,1789785070.286179,0.065565109,19.997835159301758,1068.572754,185.5154571533203,54928544f5833943
25.778773307800293,25.77883674800023,1789785070.3062603,0.061750412,20.081281661987305,1068.572754,185.8725586,5492854460df3943
25.79868984222412,25.79875126800016,1789785070.326177,0.059843063,19.916534423828125,1062.8585205078125,186.22964477539062,79db8444ca3a3a43
25.81872844696045,25.81879297200021,1789785070.3462155,0.062942505,20.038604736328125,1062.8585205078125,186.5867462158203,79db844435963a43
25.838688135147095,25.838746862000335,1789785070.3661752,0.057220459,19.959688186645508,1068.572754,186.9438477,54928544a0f13a43
25.85872983932495,25.85879386,1789785070.3862169,0.062227249,20.041704177856445,1068.572754,187.30093383789062,549285440a4d3b43
25.878694534301758,25.87876119700013,1789785070.4061816,0.065088272,19.96469497680664,1068.572754,187.6580352783203,5492854475a83b43
25.898691415786743,25.898748142000386,1789785070.4261785,0.055074692,19.99688148498535,1068.572754,188.0151367,54928544e0033c43
25.91869092,25.918756365000263,1789785070.446178,0.063896179,19.99950408935547,1068.572754,188.37222290039062,549285444a5f3c43
25.93872594833374,25.938787533000323,1789785070.466213,0.060081482,20.03502846,1068.572754,188.7293243408203,54928544b5ba3c43
25.958683252334595,25.95874123800013,1789785070.4861703,0.056505203,19.957304000854492,1068.572754,189.0864258,5492854420163d43
25.978723526000977,25.97878618300001,1789785070.5062106,0.061035156,20.040273666381836,1068.572754,189.44351196289062,549285448a713d43
25.99872612953186,25.998780314000214,1789785070.5262132,0.052452087,20.00260353088379,1068.572754,189.8006134033203,54928544f5cc3d43
26.018763542175293,26.018877055000303,1789785070.5462506,0.11181831359863281,20.037412643432617,1068.572754,190.1577148,5492854460283e43
26.038759231567383,26.03882079699997,1789785070.5662463,0.060081482,19.995689392089844,1068.572754,190.49099731445312,54928544b27d3e43
26.05872941017151,26.05879326100012,1789785070.5862164,0.062227249,19.970178604125977,1068.572754,190.8480987548828,549285441dd93e43
26.078727960586548,26.07879098400008,1789785070.606215,0.061273575,19.998550415039062,1068.572754,191.20518493652344,5492854487343f43
26.098687171936035,26.098799837000115,1789785070.6261742,0.11110305786132812,19.959211349487305,1068.572754,191.56228637695312,54928544f28f3f43
26.11872887611389,26.118797671000266,1789785070.646216,0.066995621,20.041704177856445,1068.572754,191.9193878173828,549285445deb3f43
26.138724327087402,26.138785264000035,1789785070.6662114,0.059366226,19.995450973510742,1068.572754,192.27647399902344,54928544c7464043
26.158726453781128,26.158776747000047,1789785070.6862135,0.04863739,20.002126693725586,1062.8585205078125,192.63357543945312,79db844432a24043
26.178764581680298,26.178830322000067,1789785070.7062516,0.064134598,20.038127899169922,1068.572754,192.9906768798828,549285449dfd4043
26.198725938796997,26.198793415000182,1789785070.726213,0.066041946,19.96135711669922,1068.572754,193.34776306152344,5492854407594143
26.21872568130493,26.218818972000008,1789785070.7462127,0.091791153,19.99974250793457,1068.572754,193.70486450195312,5492854472b44143
26.23875904083252,26.238824454000223,1789785070.766246,0.063896179,20.03335952758789,1062.8585205078125,194.0619659423828,79db8444dd0f4243
26.258681774139404,26.258743029000016,1789785070.7861688,0.059604644775390625,19.922733306884766,1062.8585205078125,194.41905212402344,79db8444476b4243
26.278759717941284,26.27886025199996,1789785070.8062468,0.09894371,20.077943801879883,1068.572754,194.77615356445312,54928544b2c64243
26.298704147338867,26.29876356800014,1789785070.8261912,0.057697296142578125,19.944429397583008,1068.572754,195.1332550048828,549285441d224343
26.318713903427124,26.318789865000326,1789785070.846201,0.074386597,20.009756088256836,1068.572754,195.49034118652344,54928544877d4343
26.33875322341919,26.33881644,1789785070.8662403,0.061511993408203125,20.03931999206543,1062.8585205078125,195.84744262695312,79db8444f2d84343
26.358756065368652,26.358822237000368,1789785070.886243,0.064373016,20.00284194946289,1068.572754,196.2045440673828,549285445d344443
26.378833532333374,26.378895257000295,1789785070.9063206,0.060081482,20.07746696472168,1068.572754,196.56163024902344,54928544c78f4443
26.39887809753418,26.398943647000124,1789785070.9263651,0.063896179,20.044565200805664,1068.572754,196.89492797851562,549285441ae54443
26.41878318786621,26.418870684000012,1789785070.9462702,0.085830688,19.90509033203125,1068.572754,197.2520294189453,5492854485404543
26.438833951950073,26.438881445000334,1789785070.966321,0.045776367,20.050764083862305,1062.8585205078125,197.60911560058594,79db8444ef9b4543
26.458677768707275,26.458727908000128,1789785070.9861648,0.04863739,19.84381675720215,1068.572754,197.96621704101562,549285445af74543
26.478713989257812,26.47875513100007,1789785071.006201,0.039577484130859375,20.03622055053711,1068.572754,198.3233184814453,54928544c5524643
26.49867868423462,26.498729058000208,1789785071.0261657,0.04863739,19.96469497680664,1068.572754,198.68040466308594,549285442fae4643
26.51875066757202,26.518937337000352,1789785071.0462377,0.1850128173828125,20.071983337402344,1062.8585205078125,199.03750610351562,79db84449a094743
26.53867793083191,26.538716838000255,1789785071.066165,0.037193298,19.927263259887695,1062.8585205078125,199.3946075439453,79db844405654743
26.558732986450195,26.55877852399999,1789785071,0.044107437,20.055055618286133,1068.572754,199.75169372558594,549285446fc04743
26.57868456840515,26.578737801999978,1789785071.1061716,0.051498413,19.951581954956055,1068.572754,200.10879516601562,54928544da1b4843
26.598721265792847,26.598762563000037,1789785071.1262083,0.039577484130859375,20.036697387695312,1068.572754,200.4658966064453,5492854445774843
26.618683576583862,26.61873017500011,1789785071.1461706,0.045061111,19.962310791015625,1062.8585205078125,200.82298278808594,79db8444afd24843
26.638725519180298,26.63876402699998,1789785071.1662126,0.03695488,20.041942596435547,1062.8585205078125,201.15628051757812,79db844402284943
26.658723831176758,26.65876115800029,1789785071.1862109,0.035524368,19.99831199645996,1068.572754,201.5371856689453,5492854485894943
26.67872405052185,26.67876154800024,1789785071.206211,0.035762786865234375,20.000219345092773,1068.572754,201.87046813964844,54928544d7de4943
26.698715209960938,26.698761067000305,1789785071.2262022,0.044107437,19.991159439086914,1068.572754,202.22756958007812,54928544423a4a43
26.718727350234985,26.71876923500031,1789785071.2462144,0.04029274,20.01214027404785,1062.8585205078125,202.58465576171875,79db8444ac954a43
26.73872447013855,26.73876823599994,1789785071.2662115,0.04196167,19.997119903564453,1068.572754,202.94175720214844,5492854417f14a43
26.758708000183105,26.758753236000302,1789785071.286195,0.0436306,19.983530044555664,1068.572754,203.29885864257812,54928544824c4b43
26.778672695159912,26.77870890400027,1789785071.3061597,0.034332275,19.96469497680664,1068.572754,203.65594482421875,54928544eca74b43
26.79871416091919,26.798756812000192,1789785071.3262012,0.041007996,20.041465759277344,1062.8585205078125,204.01304626464844,79db844457034c43
26.818705320358276,26.81874853499994,1789785071.3461924,0.041484832763671875,19.991159439086914,1062.8585205078125,204.37014770507812,79db8444c25e4c43
26.838672399520874,26.838708777000193,1789785071.3661594,0.034809112548828125,19.967079162597656,1062.8585205078125,204.72723388671875,79db84442cba4c43
26.858670234680176,26.858705184999963,1789785071.3861573,0.033378601,19.997835159301758,1068.572754,205.08433532714844,5492854497154d43
26.878727674484253,26.878764186000353,1789785071.4062147,0.034809112548828125,20.05743980407715,1068.572754,205.44143676757812,5492854402714d43
26.898664951324463,26.89870613200037,1789785071.426152,0.039577484130859375,19.93727684020996,1062.8585205078125,205.77471923828125,79db844454c64d43
26.918726205825806,26.91877561399997,1789785071.4462132,0.047683716,20.061254501342773,1062.8585205078125,206.13182067871094,79db8444bf214e43
26.93870496749878,26.938750689000244,1789785071.466192,0.044107437,19.978761672973633,1062.8585205078125,206.48892211914062,79db84442a7d4e43
26.958707809448242,26.95875396800011,1789785071.4861948,0.044345855712890625,20.00284194946289,1068.572754,206.84600830078125,5492854494d84e43
26.978663444519043,26.978699728000265,1789785071.5061505,0.034809112548828125,19.95563507080078,1068.572754,207.20310974121094,54928544ff334f43
26.998668670654297,26.998707340000237,1789785071.5261557,0.03695488,20.005226135253906,1062.8585205078125,207.56021118164062,79db84446a8f4f43
27.018734216690063,27.018858989000364,1789785071.5462213,0.12326240539550781,20.06554604,1068.572754,207.91729736328125,54928544d4ea4f43
27.038713932037354,27.038761970999985,1789785071.566201,0.046491623,19.97971534729004,1068.572754,208.27439880371094,549285443f465043
27.05866289138794,27.058705120000013,1789785072,0.040769577,19.948959350585938,1068.572754,208.63150024414062,54928544aaa15043
27.078706741333008,27.07875184300019,1789785071.6061938,0.043392181396484375,20.04384994506836,1068.572754,208.98858642578125,5492854414fd5043
27.098548650741577,27.098675733000164,1789785071.6260357,0.12588501,19.841909408569336,1068.572754,209.34568786621094,549285447f585143
27.118674278259277,27.118710382000245,1789785071.6461613,0.034332275,20.125627517700195,1062.8585205078125,209.70278930664062,79db8444eab35143
27.138700008392334,27.13886401300033,1789785071.666187,0.16236305236816406,20.02573013305664,1062.8585205078125,210.05987548828125,79db8444540f5243
27.15865946,27.158697420999943,1789785071.6861465,0.036478043,19.959449768066406,1068.572754,210.41697692871094,54928544bf6a5243
27.178682565689087,27.178733311000087,1789785071.7061696,0.049114227294921875,20.023107528686523,1068.572754,210.77407836914062,549285442ac65243
27.198668956756592,27.198711738000384,1789785071.726156,0.041246414,19.986391067504883,1068.572754,211.13116455078125,5492854494215343
27.21870470046997,27.218750294000074,1789785071.7461917,0.043869019,20.035743713378906,1068.572754,211.48826599121094,54928544ff7c5343
27.238657474517822,27.23869673900026,1789785071.7661445,0.037670135498046875,19.952774047851562,1068.572754,211.82154846191406,5492854451d25343
27.258697748184204,27.25874220300011,1789785071.7861848,0.042915344,20.040273666381836,1068.572754,212.17864990234375,54928544bc2d5443
27.278676986694336,27.278777815000012,1789785071.806164,0.09894371,19.979238510131836,1062.8585205078125,212.53575134277344,79db844427895443
27.298664093017578,27.298699094000312,1789785071.8261511,0.033378601,19.987106323242188,1068.572754,212.89283752441406,5492854491e45443
27.318708181381226,27.31875453900011,1789785071.8461952,0.044822693,20.04408836364746,1068.572754,213.24993896484375,54928544fc3f5543
27.338658809661865,27.338695355000254,1789785071.8661458,0.034809112548828125,19.95062828063965,1068.572754,213.60704040527344,54928544679b5543
27.358665227890015,27.35870593000027,1789785071.8861523,0.039100647,20.006418228149414,1068.572754,213.96412658691406,54928544d1f65543
27.378517150878906,27.37858020800013,1789785071.9060042,0.061750412,19.85192299,1068.572754,214.32122802734375,549285443c525643
27.398670434951782,27.398712654000065,1789785071.9261575,0.040531158447265625,20.153284072875977,1062.8585205078125,214.67832946777344,79db8444a7ad5643
27.418651580810547,27.418693118000192,1789785071.9461386,0.040054321,19.98114585876465,1062.8585205078125,215.03541564941406,79db844411095743
27.43865418434143,27.438691082000332,1789785071.9661412,0.03528595,20.00260353088379,1068.572754,215.39251708984375,549285447c645743
27.458661317825317,27.45869732300025,1789785071.9861484,0.034332275,20.00713348388672,1062.8585205078125,215.74961853027344,79db8444e7bf5743
27.478662490844727,27.47869873200034,1789785072.0061495,0.034570694,20.00117301940918,1062.8585205078125,216.08290100097656,79db844439155843
27.498520851135254,27.49856102900003,1789785072.026008,0.038623809814453125,19.858360290527344,1062.8585205078125,216.44000244140625,79db8444a4705843
27.518688917160034,27.518779214999995,1789785072.046176,0.088691711,20.168066024780273,1068.572754,216.79710388183594,549285440fcc5843
27.538692712783813,27.538731605000066,1789785072.0661798,0.037193298,20.003795623779297,1068.572754,217.15419006347656,5492854479275943
27.558671951293945,27.55871427200009,1789785072.086159,0.040769577,19.979238510131836,1062.8585205078125,217.51129150390625,79db8444e4825943
27.578664541244507,27.578706457999942,1789785072.1061516,0.04029274,19.992589950561523,1062.8585205078125,217.86839294433594,79db84444fde5943
27.59869671,27.59873901500032,1789785072.1261837,0.040531158447265625,20.032167434692383,1062.8585205078125,218.22547912597656,79db8444b9395a43
27.61868381500244,27.618757997000102,1789785072.1461709,0.072479248,19.987106323242188,1068.572754,218.58258056640625,5492854424955a43
27.638696670532227,27.63874170200006,1789785072.1661837,0.043392181396484375,20.012855529785156,1068.572754,218.93968200683594,549285448ff05a43
27.658691883087158,27.658737999000095,1789785072.186179,0.044345855712890625,19.99521255493164,1068.572754,219.29676818847656,54928544f94b5b43
27.678659200668335,27.67869924100023,1789785072.2061462,0.038385391,19.967317581176758,1062.8585205078125,219.65386962890625,79db844464a75b43
27.69865107536316,27.698691001000043,1789785072.226138,0.038146973,19.99187469482422,1062.8585205078125,220.01097106933594,79db8444cf025c43
27.718659162521362,27.718696872000237,1789785072.2461462,0.036001205,20.008087158203125,1068.572754,220.34425354003906,5492854421585c43
27.73866629600525,27.738709409999956,1789785072.2661533,0.041246414,20.00713348388672,1068.572754,220.70135498046875,549285448cb35c43
27.75865411758423,27.758689096000126,1789785072.2861412,0.033378601,19.987821578979492,1068.572754,221.05844116210938,54928544f60e5d43
27.778653860092163,27.77869206000014,1789785072.306141,0.036716461181640625,19.99974250793457,1062.8585205078125,221.41554260253906,79db8444616a5d43
27.79864811897278,27.798684338000385,1789785072.3261352,0.034809112548828125,19.994258880615234,1068.572754,221.77264404296875,54928544ccc55d43
27.818652391433716,27.818687710000177,1789785072.3461394,0.033855438232421875,20.00427246,1068.572754,222.12973022460938,5492854436215e43
27.83866834640503,27.838711488000172,1789785072.3661554,0.041723251,20.015954971313477,1068.572754,222.48683166503906,54928544a17c5e43
27.858728885650635,27.85876663800036,1789785072.386216,0.036001205,20.06053924560547,1062.8585205078125,222.84393310546875,79db84440cd85e43
27.878652095794678,27.87869115700005,1789785072.4061391,0.037431717,19.92321014404297,1062.8585205078125,223.20101928710938,79db844476335f43
27.898648262023926,27.898683713000082,1789785072.4261353,0.033855438232421875,19.996166229248047,1062.8585205078125,223.55812072753906,79db8444e18e5f43
27.918647527694702,27.91868721400033,1789785072.4461346,0.038146973,19.999265670776367,1062.8585205078125,223.91522216796875,79db84444cea5f43
27.938653469085693,27.938691973999994,1789785072.4661405,0.036716461181640625,20.00594139099121,1068.572754,224.27230834960938,54928544b6456043
27.958687782287598,27.958731290000287,1789785072.4861748,0.04196167,20.034313201904297,1062.8585205078125,224.62940979003906,79db844421a16043
27.978512048721313,27.978554883000015,1789785072.505999,0.041246414,19.82426643371582,1062.8585205078125,224.96270751953125,79db844474f66043
27.998650789260864,27.998686903000362,1789785072.5261378,0.034332275,20.13874053955078,1062.8585205078125,225.31979370117188,79db8444de516143
28.018680334091187,28.018715144999987,1789785072.5461674,0.033140182,20.029544830322266,1068.572754,225.67689514160156,5492854449ad6143
28.038684844970703,28.03875422,1789785072.566172,0.067949295,20.00451088,1068.572754,226.03399658203125,54928544b4086243
28.05868148803711,28.058729832000154,1789785072.5861685,0.046730042,19.99664306640625,1062.8585205078125,226.39108276367188,79db84441e646243
28.078688144683838,28.07873283300023,1789785072.6061752,0.043153763,20.006656646728516,1062.8585205078125,226.74818420410156,79db844489bf6243
28.09868359565735,28.09872868499997,1789785072.6261706,0.043392181396484375,19.995450973510742,1062.8585205078125,227.10528564453125,79db8444f41a6343
28.118711233139038,28.118824872000005,1789785072.6461983,0.11205673217773438,20.027637481689453,1068.572754,227.46237182617188,549285445e766343
28.13864803314209,28.138685113000065,1789785072.666135,0.03528595,19.936800003051758,1068.572754,227.81947326660156,54928544c9d16343
28.15868306159973,28.158727484000337,1789785073,0.042676926,20.03502846,1068.572754,228.17657470703125,54928544342d6443
28.178641319274902,28.178680930000155,1789785072.7061284,0.037908554,19.95825768,1062.8585205078125,228.53366088867188,79db84449e886443
28.19868278503418,28.198727394000343,1789785072.7261698,0.043153763,20.041465759277344,1062.8585205078125,228.86695861816406,79db8444f1dd6443
28.218687057495117,28.218737543000316,1789785072.746174,0.04863739,20.00427246,1062.8585205078125,229.2240447998047,79db84445b396543
28.238651752471924,28.238693636000335,1789785072.7661388,0.04029274,19.96469497680664,1068.572754,229.58114624023438,54928544c6946543
28.25872564315796,28.25876704400025,1789785072.7862127,0.039815903,20.073890686035156,1068.572754,229.93824768066406,5492854431f06543
28.278504133224487,28.27858902600019,1789785072.8059912,0.083446503,19.77849006652832,1062.8585205078125,230.2953338623047,79db84449b4b6643
28.29871916770935,28.298757898000076,1789785072.8262062,0.037193298,20.21503448486328,1062.8585205078125,230.65243530273438,79db844406a76643
28.318639039993286,28.31867523200026,1789785072.846126,0.034570694,19.919872283935547,1062.8585205078125,231.00953674316406,79db844471026743
28.338502168655396,28.338544196000385,1789785072.8659892,0.04029274,19.863128662109375,1068.572754,231.3666229248047,54928544db5d6743
28.35867691040039,28.358712771000228,1789785072.886164,0.034332275,20.174741744995117,1062.8585205078125,231.72372436523438,79db844446b96743
28.378679990768433,28.378723957000147,1789785072.906167,0.042200089,20.003080368041992,1062.8585205078125,232.08082580566406,79db8444b1146843
28.39868402481079,28.39873194000029,1789785072.926171,0.046491623,20.00403404,1062.8585205078125,232.4379119873047,79db84441b706843
28.41872787475586,28.41876503,1789785072.946215,0.035524368,20.04384994506836,1062.8585205078125,232.77120971679688,79db84446ec56843
28.438677549362183,28.438713515000018,1789785072.9661646,0.034093857,19.949674606323242,1068.572754,233.12831115722656,54928544d9206943
28.458683252334595,28.458725072000107,1789785072.9861703,0.04029274,20.00570297241211,1068.572754,233.4853973388672,54928544437c6943
28.47868275642395,28.478728073000184,1789785073.0061698,0.0436306,19.99950408935547,1068.572754,233.84249877929688,54928544aed76943
28.498676300048828,28.498711444000037,1789785073.0261633,0.033378601,19.99354362487793,1062.8585205078125,234.19960021972656,79db844419336a43
28.51872420310974,28.518831519000287,1789785073.0462112,0.10585784912109375,20.047903060913086,1068.572754,234.5566864013672,54928544838e6a43
28.53863215446472,28.538670390000334,1789785073.0661192,0.036478043,19.90795135498047,1068.572754,234.91378784179688,54928544eee96a43
28.55863332748413,28.55867261,1789785073.0861204,0.037670135498046875,20.00117301940918,1068.572754,235.27088928222656,5492854459456b43
28.578722953796387,28.57876311400014,1789785073,0.038385391,20.08962631225586,1062.8585205078125,235.6279754638672,79db8444c3a06b43
28.598676204681396,28.598714374000338,1789785073.1261632,0.036478043,19.953250885009766,1062.8585205078125,235.98507690429688,79db84442efc6b43
28.618638277053833,28.61868067100022,1789785073.1461253,0.041007996,19.962072372436523,1062.8585205078125,236.34217834472656,79db844499576c43
28.638723373413086,28.63876135800001,1789785073.1662104,0.036239624,20.08509635925293,1062.8585205078125,236.6992645263672,79db844403b36c43
28.65866994857788,28.658705896000356,1789785073.186157,0.034332275,19.946575164794922,1068.572754,237.05636596679688,549285446e0e6d43
28.67863368988037,28.678669506999995,1789785073.2061207,0.034332275,19.963741302490234,1062.8585205078125,237.3896484,79db8444c0636d43
28.698628664016724,28.698667656999987,1789785073.2261157,0.037193298,19.99497413635254,1062.8585205078125,237.7467498779297,79db84442bbf6d43
28.718671798706055,28.71870856500027,1789785073.2461588,0.035047531,20.043134689331055,1062.8585205078125,238.10385131835938,79db8444961a6e43
28.738638877868652,28.738676103000216,1789785073.266126,0.035524368,19.967079162597656,1062.8585205078125,238.4609375,79db844400766e43
28.75866937637329,28.758705307000128,1789785073.2861564,0.034093857,20.030498504638672,1062.8585205078125,238.8180389404297,79db84446bd16e43
28.778632402420044,28.778667955999936,1789785073.3061194,0.033855438232421875,19.96302604675293,1062.8585205078125,239.17514038085938,79db8444d62c6f43
28.798633337020874,28.798669161000362,1789785073.3261204,0.034093857,20.000934600830078,1062.8585205078125,239.5322266,79db844440886f43
28.818674325942993,28.818714292000095,1789785073.3461614,0.038146973,20.04098892211914,1062.8585205078125,239.8893280029297,79db8444abe36f43
28.838711500167847,28.83875501500006,1789785073.3661985,0.04196167,20.037174224853516,1062.8585205078125,240.24642944335938,79db8444163f7043
28.858667373657227,28.858703942000375,1789785073.3861544,0.034809112548828125,19.955873489379883,1068.572754,240.6035156,54928544809a7043
28.87872028,28.878759128000183,1789785073.4062073,0.037193298,20.05290985107422,1068.572754,240.9368133544922,54928544d3ef7043
28.898707389831543,28.89874842500012,1789785073.4261944,0.039339066,19.987106323242188,1062.8585205078125,241.29391479492188,79db84443e4b7143
28.918667316436768,28.918704611000067,1789785073.4461544,0.035762786865234375,19.95992660522461,1062.8585205078125,241.6510009765625,79db8444a8a67143
28.93867039680481,28.938709353000377,1789785073.4661574,0.037193298,20.003080368041992,1062.8585205078125,242.0081024169922,79db844413027243
28.95866560935974,28.958706965000147,1789785073.4861526,0.039815903,19.99521255493164,1068.572754,242.36520385742188,549285447e5d7243
28.978622913360596,28.978660076000324,1789785074,0.035524368,19.957304000854492,1068.572754,242.7222900390625,54928544e8b87243
28.998621463775635,28.998657540000295,1789785073.5261085,0.034570694,19.998550415039062,1068.572754,243.0793914794922,5492854453147343
29.018706798553467,29.018750597000235,1789785073.5461938,0.04196167,20.08533477783203,1062.8585205078125,243.43649291992188,79db8444be6f7343
29.038487434387207,29.038535172000138,1789785073.5659745,0.046253204345703125,19.780635833740234,1062.8585205078125,243.7935791015625,79db844428cb7343
29.05870557,29.058750562000114,1789785073.5861926,0.043392181396484375,20.21813393,1068.572754,244.1506805419922,5492854493267443
29.078701972961426,29.078744581000137,1789785073.606189,0.041007996,19.99640464782715,1068.572754,244.50778198242188,54928544fe817443
29.09870409965515,29.09874450799998,1789785073.6261911,0.038623809814453125,20.002126693725586,1068.572754,244.8648681640625,5492854468dd7443
29.11879849433899,29.118855157000326,1789785073.6462855,0.055074692,20.09439468383789,1062.8585205078125,245.2219696044922,79db8444d3387543
29.138720750808716,29.138883806000194,1789785073.6662078,0.1614093780517578,19.922256469726562,1062.8585205078125,245.57907104492188,79db84443e947543
29.158865451812744,29.158899695999935,1789785073.6863525,0.032663345,20.14470100402832,1068.572754,245.9123535,5492854490e97543
29.178680419921875,29.17870708600003,1789785073.7061675,0.025033950805664062,19.81496810913086,1068.572754,246.2694549560547,54928544fb447643
29.198648929595947,29.198668733999966,1789785073.726136,0.018119812,19.968509674072266,1068.572754,246.6265411376953,5492854465a07643
29.218631505966187,29.21876956899996,1789785073.7461185,0.13637542724609375,19.982576370239258,1062.8585205078125,246.9836426,79db8444d0fb7643
29.23864221572876,29.238666570000078,1789785073.7661293,0.022649765014648438,20.010709762573242,1068.572754,247.3407440185547,549285443b577743
29.258665800094604,29.25870838500032,1789785073.7861528,0.040769577,20.023584365844727,1068.572754,247.6978302001953,54928544a5b27743
29.278697729110718,29.278814035000323,1789785073.8061848,0.11467933654785156,20.03192901611328,1068.572754,248.0549316,54928544100e7843
29.298623085021973,29.298663257000044,1789785073.8261101,0.038385391,19.925355911254883,1062.8585205078125,248.4120330810547,79db84447b697843
29.318628549575806,29.31866583200008,1789785073.8461156,0.035524368,20.005464553833008,1062.8585205078125,248.7691192626953,79db8444e5c47843
29.338658332824707,29.33869594500038,1789785073.8661454,0.036001205,20.029783248901367,1068.572754,249.1262207,5492854450207943
29.358622550964355,29.358658149000348,1789785073.8861096,0.033855438232421875,19.964218139648438,1068.572754,249.4833221435547,54928544bb7b7943
29.378617763519287,29.37865935400032,1789785073.9061048,0.040054321,19.99521255493164,1068.572754,249.8404083251953,5492854425d77943
29.398635387420654,29.398676892000367,1789785073.9261224,0.039815903,20.017623901367188,1062.8585205078125,250.1975098,79db844490327a43
29.418680906295776,29.418760504000147,1789785073.946168,0.077962875,20.04551887512207,1062.8585205078125,250.5546112060547,79db8444fb8d7a43
29.43863582611084,29.43867904200033,1789785073.9661229,0.041723251,19.954919815063477,1068.572754,250.9116973876953,5492854465e97a43
29.458620071411133,29.45865717200013,1789785073.986107,0.03528595,19.98424530029297,1068.572754,251.2449951171875,54928544b83e7b43
29.47866129875183,29.478699542999948,1789785074.0061483,0.036716461181640625,20.041227340698242,1068.572754,251.6020965576172,54928544239a7b43
29.498618602752686,29.498654266000358,1789785074.0261056,0.034093857,19.957304000854492,1062.8585205078125,251.9591827392578,79db84448df57b43
29.518728256225586,29.518817618999947,1789785074.0462153,0.087738037,20.10965347290039,1068.572754,252.3162841796875,54928544f8507c43
29.53862237930298,29.538660619999973,1789785074.0661094,0.036716461181640625,19.894123077392578,1068.572754,252.6733856201172,5492854463ac7c43
29.558632612228394,29.558674602000337,1789785074.0861197,0.040531158447265625,20.01023292541504,1068.572754,253.0304718017578,54928544cd077d43
29.57862926,29.578670437000255,1789785074.1061163,0.039577484130859375,19.99664306640625,1062.8585205078125,253.3875732421875,79db844438637d43
29.59861969947815,29.59865627099998,1789785074.1261067,0.035047531,19.99044418334961,1062.8585205078125,253.7446746826172,79db8444a3be7d43
29.618645906448364,29.61869023500003,1789785074.146133,0.042438507080078125,20.026206970214844,1068.572754,254.1017608642578,549285440d1a7e43
29.638617515563965,29.638656142999935,1789785074.1661046,0.037193298,19.971609115600586,1068.572754,254.4588623046875,5492854478757e43
29.658612489700317,29.658648218000053,1789785074.1860995,0.034093857,19.99497413635254,1068.572754,254.8159637451172,54928544e3d07e43
29.67869281768799,29.67873577499995,1789785074.2061799,0.041246414,20.08032799,1062.8585205078125,255.1730499267578,79db84444d2c7f43
29.69866108894348,29.698707257000024,1789785074.2261481,0.044584274,19.968271255493164,1062.8585205078125,255.5301513671875,79db8444b8877f43
29.71865725517273,29.71869462800032,1789785074.2461443,0.035762786865234375,19.996166229248047,1068.572754,255.8872528076172,5492854423e37f43
29.73866081237793,29.738703629000156,1789785074.2661479,0.041246414,20.003557205200195,1068.572754,256.2443542480469,54928544471f8043
29.758617639541626,29.758655852000174,1789785074.2861047,0.036478043,19.95682716369629,1068.572754,256.6014404296875,54928544fc4c8043
29.77861762046814,29.778653853000378,1789785074.3061047,0.034570694,19.999980926513672,1068.572754,256.9585266113281,54928544b17a8043
29.79865288734436,29.798689113000364,1789785074,0.034570694,20.035266876220703,1068.572754,257.3156433105469,5492854467a88043
29.81865358352661,29.818688688000293,1789785074.3461406,0.033378601,20.000696182250977,1068.572754,257.6727294921875,549285441cd68043
29.838653326034546,29.838688967000053,1789785074.3661404,0.033855438232421875,19.99974250793457,1068.572754,258.0060119628906,54928544c5008143
29.85861349105835,29.858648412000093,1789785074.3861005,0.033140182,19.96016502380371,1068.572754,258.3631286621094,549285447b2e8143
29.878615856170654,29.878656524000235,1789785074.406103,0.039100647,20.002365112304688,1068.572754,258.7202148,54928544305c8143
29.898613214492798,29.898652784000205,1789785074.4261003,0.037908554,19.997358322143555,1068.572754,259.0773010253906,54928544e5898143
29.918610095977783,29.918646619000356,1789785074.4460971,0.034809112548828125,19.99688148498535,1068.572754,259.4344177246094,549285449bb78143
29.938651084899902,29.938690490000226,1789785074.4661381,0.037908554,20.04098892211914,1068.572754,259.7915039,5492854450e58143
29.95866346359253,29.958705139000358,1789785074.4861505,0.040054321,20.012378692626953,1068.572754,260.1485900878906,5492854405138243
29.978612184524536,29.97865101000025,1789785074.5060992,0.037193298,19.948720932006836,1068.572754,260.5057067871094,54928544bb408243
29.99864935874939,29.99868515900016,1789785074.5261364,0.034332275,20.037174224853516,1068.572754,260.862793,54928544706e8243
30.018657207489014,30.019115661000342,1789785074.5461442,0.45871734619140625,20.007848739624023,1068.572754,261.2674865722656,549285443da28243
30.03864550590515,30.038841438999953,1789785074.5661325,0.19431114196777344,19.988298416137695,1068.572754,261.6960144042969,5492854417d98243
30.058646202087402,30.05868564299999,1789785074.5861332,0.037908554,20.000696182250977,1102.8585205078125,262.1483459472656,79db8944fd128343
30.078649520874023,30.07868842200014,1789785074.6061366,0.037193298,20.003318786621094,1142.8585205078125,262.60064697265625,79db8e44e24c8343
30.098604440689087,30.098642571000255,1789785074.6260915,0.036478043,19.954919815063477,1142.8585205078125,263.0529785,79db8e44c8868343
30.11864924430847,30.118813702000352,1789785074.6461363,0.1628398895263672,20.044803619384766,1171.429931640625,263.48150634765625,c26d9244a2bd8343
30.138622522354126,30.13866433200019,1789785074.6661096,0.040054321,19.973278045654297,1171.429931640625,263.9338073730469,c26d924487f78343
30.158604621887207,30.158647703000042,1789785074.6860917,0.041246414,19.982099533081055,1211.429931640625,264.3861389160156,c26d97446d318443
30.178608655929565,30.17864935200032,1789785074.7060957,0.039100647,20.00403404,1245.7156982421875,264.8384704589844,e7b69b44536b8443
30.198611974716187,30.19865681600004,1789785074.726099,0.043153763,20.003318786621094,1245.7156982421875,265.2907715,e7b69b4438a58443
30.218619108200073,30.218662354000116,1789785074.7461061,0.041723251,20.00713348388672,1274.287109,265.74310302734375,30499f441edf8443
30.238690853118896,30.23873959599996,1789785074.766178,0.04696846,20.071744918823242,1314.287109,266.1716309,3049a444f8158543
30.25868248939514,30.25872459700031,1789785074.7861695,0.040531158447265625,19.991636276245117,1314.287109,266.6239318847656,3049a444dd4f8543
30.278646230697632,30.27877259800016,1789785074.8061333,0.12469291687011719,19.963741302490234,1342.858642578125,267.0762634277344,7adba744c3898543
30.29863977432251,30.298676858000363,1789785074.8261268,0.03528595,19.99354362487793,1348.572998046875,267.5285949707031,5692a844a9c38543
30.31860041618347,30.31863647,1789785074.8460875,0.034332275,19.960641860961914,1348.572998046875,267.98089599609375,5692a8448efd8543
30.338603734970093,30.33863919300029,1789785074.8660908,0.033855438232421875,20.003318786621094,1342.8587646484375,268.4094238,7bdba74468348643
30.35864019393921,30.3586759,1789785074.8861272,0.034093857,20.03645896911621,1342.858642578125,268.86175537109375,7adba7444e6e8643
30.378602027893066,30.37864528700038,1789785074.906089,0.041723251,19.961833953857422,1342.858642578125,269.3140563964844,7adba74433a88643
30.398613691329956,30.398657214000195,1789785074.9261007,0.04196167,20.01166343688965,1342.858642578125,269.7663879394531,7adba74419e28643
30.418601512908936,30.418637863000185,1789785074.9460886,0.034809112548828125,19.987821578979492,1342.858642578125,270.2187194824219,7adba744ff1b8743
30.43859863,30.43863484600024,1789785074.9660857,0.034570694,19.997119903564453,1342.858642578125,270.6472168,7adba744d8528743
30.45859647,30.458632198000032,1789785074.9860835,0.034093857,19.997835159301758,1342.858642578125,271.09954833984375,7adba744be8c8743
30.478602647781372,30.47863892100031,1789785075.0060897,0.034570694,20.006179809570312,1342.858642578125,271.5518798828125,7adba744a4c68743
30.49860405921936,30.498640367000007,1789785075.026091,0.034809112548828125,20.00141143798828,1342.858642578125,272.0041809082031,7adba74489008843
30.51860237121582,30.51863786800004,1789785075.0460894,0.033855438232421875,19.99831199645996,1342.858642578125,272.4327087402344,7adba74463378843
30.538619995117188,30.538663739000185,1789785075.066107,0.042200089,20.017623901367188,1342.858642578125,272.8850402832031,7adba74449718843
30.55860710144043,30.558650166000007,1789785075.0860941,0.041484832763671875,19.987106323242188,1337.1444091796875,273.33734130859375,9f24a7442eab8843
30.57847237586975,30.578546017999997,1789785075.1059594,0.072479248,19.86527442932129,1342.858642578125,273.7896728515625,7adba74414e58843
30.59859824180603,30.598637019000307,1789785075.1260853,0.037193298,20.125865936279297,1342.858642578125,274.24200439453125,7adba744fa1e8943
30.618642330169678,30.618739169000037,1789785075.1461294,0.095367432,20.04408836364746,1342.858642578125,274.6705017089844,7adba744d3558943
30.638598442077637,30.63863734,1789785075.1660855,0.037193298,19.956111907958984,1342.858642578125,275.1228332519531,7adba744b98f8943
30.658597946166992,30.658634948000326,1789785075.186085,0.035524368,19.99950408935547,1337.1444091796875,275.5751647949219,9f24a7449fc98943
30.678460359573364,30.678503060000367,1789785075.2059474,0.041007996,19.86241340637207,1342.858642578125,276.0274658203125,7adba74484038a43
30.69863724708557,30.698679080000147,1789785075.2261243,0.04029274,20.17688751220703,1342.858642578125,276.47979736328125,7adba7446a3d8a43
30.71859836578369,30.718637339999987,1789785075.2460854,0.037431717,19.961118698120117,1342.858642578125,276.9083251953125,7adba74444748a43
30.738599061965942,30.738639877999958,1789785075.266086,0.039100647,20.000696182250977,1337.1444091796875,277.3606262207031,9f24a74429ae8a43
30.75859236717224,30.758638693000194,1789785075.2860794,0.044584274,19.993305206298828,1337.1444091796875,277.8129577636719,9f24a7440fe88a43
30.778594970703125,30.778632324000228,1789785075.306082,0.035524368,20.00260353088379,1342.858642578125,278.2652893066406,7adba744f5218b43
30.798590660095215,30.79862713900002,1789785075.3260777,0.034809112548828125,19.995689392089844,1342.858642578125,278.69378662109375,7adba744ce588b43
30.818594217300415,30.81863004800016,1789785075.3460813,0.034093857,20.003557205200195,1342.858642578125,279.1461181640625,7adba744b4928b43
30.838593244552612,30.838628623000204,1789785075.3660803,0.033855438232421875,19.999027252197266,1337.1444091796875,279.59844970703125,9f24a7449acc8b43
30.858632802963257,30.858668179000233,1789785075.3861198,0.03361702,20.03955841064453,1342.858642578125,280.0507813,7adba74480068c43
30.87863278388977,30.878675495000152,1789785075.4061198,0.041007996,19.999980926513672,1342.858642578125,280.4792785644531,7adba744593d8c43
30.89863419532776,30.89867023700026,1789785075.4261212,0.034332275,20.00141143798828,1342.858642578125,280.9316101074219,7adba7443f778c43
30.91858935,30.918625515000258,1789785075.4460764,0.034332275,19.955158233642578,1342.858642578125,281.3839111328125,7adba74424b18c43
30.938588619232178,30.93862473800027,1789785075.4660757,0.034570694,19.999265670776367,1337.1444091796875,281.83624267578125,9f24a7440aeb8c43
30.958592414855957,30.958634684000117,1789785075.4860795,0.040769577,20.003795623779297,1342.858642578125,282.2885742,7adba744f0248d43
30.978649616241455,30.978691887999958,1789785075.5061367,0.040531158447265625,20.057201385498047,1342.858642578125,282.74090576171875,7adba744d65e8d43
30.998631477355957,30.998668093000106,1789785075.5261185,0.035047531,19.981861114501953,1342.858642578125,283.1694030761719,7adba744af958d43
31.018668174743652,31.018706872000166,1789785075.5461552,0.03695488,20.036697387695312,1342.858642578125,283.6217346191406,7adba74495cf8d43
31.03859305381775,31.038672372000292,1789785076,0.077724457,19.92487907409668,1342.858642578125,284.0740661621094,7adba7447b098e43
31.058453798294067,31.05850985500001,1789785075.5859408,0.054359436,19.86074447631836,1342.858642578125,284.5263672,7adba74460438e43
31.07862615585327,31.07866423,1789785075.6061132,0.036478043,20.17235756,1342.858642578125,284.97869873046875,7adba744467d8e43
31.098626613616943,31.09866244900013,1789785075.6261137,0.034093857,20.000457763671875,1342.858642578125,285.4072266,7adba74420b48e43
31.118641138076782,31.118757043000187,1789785075.6461282,0.114440918,20.014524459838867,1342.858642578125,285.8595275878906,7adba74405ee8e43
31.138583183288574,31.138620099000036,1789785075.6660702,0.035047531,19.942045211791992,1342.858642578125,286.3118591308594,7adba744eb278f43
31.158589124679565,31.158628229999977,1789785075.6860762,0.037431717,20.00594139099121,1342.858642578125,286.7641906738281,7adba744d1618f43
31.178622484207153,31.178659397000047,1789785075.7061095,0.03528595,20.03335952758789,1342.858642578125,287.19268798828125,7adba744aa988f43
31.19858145713806,31.198617083000045,1789785075.7260685,0.034093857,19.958972930908203,1342.858642578125,287.6450195,7adba74490d28f43
31.218623399734497,31.21873646,1789785075.7461104,0.11134147644042969,20.041942596435547,1342.858642578125,288.09735107421875,7adba744760c9043
31.23859429359436,31.238636881000275,1789785075.7660813,0.041007996,19.97089385986328,1342.858642578125,288.5496520996094,7adba7445b469043
31.258625030517578,31.258665827000186,1789785075.786112,0.039100647,20.030736923217773,1342.858642578125,289.0019836425781,7adba74441809043
31.27866768836975,31.27876560599998,1789785075.8061547,0.096321106,20.04265785217285,1342.858642578125,289.4543151855469,7adba74427ba9043
31.29862642288208,31.298666717000287,1789785075.8261135,0.038623809814453125,19.95873451,1342.858642578125,289.8828125,7adba74400f19043
31.31859278678894,31.31866423700012,1789785075.8460798,0.069856644,19.96636390686035,1342.858642578125,290.33514404296875,7adba744e62a9143
31.338635444641113,31.338677663999988,1789785075.8661225,0.040531158447265625,20.04265785217285,1342.858642578125,290.7874755859375,7adba744cc649143
31.358628511428833,31.35866685000019,1789785075.8861156,0.036716461181640625,19.993066787719727,1342.858642578125,291.2397766113281,7adba744b19e9143
31.378586530685425,31.37862548000021,1789785075.9060736,0.037431717,19.958019256591797,1342.858642578125,291.6683044433594,7adba7448bd59143
31.398655891418457,31.39869241,1789785075.926143,0.034809112548828125,20.069360733032227,1342.858642578125,292.1206359863281,7adba744710f9243
31.418581247329712,31.418623648999983,1789785075.9460683,0.040531158447265625,19.925355911254883,1342.858642578125,292.57293701171875,7adba74456499243
31.438583850860596,31.438620426999933,1789785075.966071,0.035047531,20.00260353088379,1342.858642578125,293.0252685546875,7adba7443c839243
31.458590984344482,31.45862631700038,1789785075.986078,0.03361702,20.00713348388672,1342.858642578125,293.47760009765625,7adba74422bd9243
31.47862148284912,31.478657559000112,1789785076.0061085,0.034570694,20.030498504638672,1342.858642578125,293.9060974121094,7adba744fbf39243
31.498579025268555,31.498614819000068,1789785076.026066,0.034093857,19.957542419433594,1342.858642578125,294.3584289550781,7adba744e12d9343
31.518588542938232,31.518629135000083,1789785076.0460756,0.038862228,20.009517669677734,1342.858642578125,294.8107604980469,7adba744c7679343
31.538590908050537,31.538631117000023,1789785076.066078,0.038623809814453125,20.002365112304688,1342.858642578125,295.2630615234375,7adba744aca19343
31.55859112739563,31.558634822000386,1789785076.0860782,0.04196167,20.000219345092773,1342.858642578125,295.71539306640625,7adba74492db9343
31.578579664230347,31.57862089700029,1789785076.1060667,0.039577484130859375,19.988536834716797,1348.572998046875,296.1677246,5692a84478159443
31.598620891571045,31.598657583000204,1789785076.126108,0.035047531,20.041227340698242,1348.572998046875,296.6200256347656,5692a8445d4f9443
31.61862015724182,31.618656361000376,1789785076.1461072,0.034570694,19.999265670776367,1342.8587646484375,297.0485534667969,7bdba74437869443
31.638588905334473,31.638624973000333,1789785076.166076,0.034332275,19.968748092651367,1342.8587646484375,297.5008850097656,7bdba7441dc09443
31.658621311187744,31.65865636300032,1789785076.1861084,0.033378601,20.032405853271484,1342.858642578125,297.95318603515625,7adba74402fa9443
31.67861843109131,31.678654494000057,1789785076.2061055,0.034332275,19.997119903564453,1348.572998046875,298.4055176,5692a844e8339543
31.698612928390503,31.698651643000176,1789785076,0.037193298,19.994497299194336,1348.572998046875,298.85784912109375,5692a844ce6d9543
31.718589305877686,31.718631329000345,1789785076.2460763,0.04029274,19.976377487182617,1342.8587646484375,299.2863464355469,7bdba744a7a49543
31.73862361907959,31.73866249599996,1789785076.2661107,0.037193298,20.034313201904297,1348.572998046875,299.7386779785156,5692a8448dde9543
31.75861406326294,31.758651959999952,1789785076.286101,0.036239624,19.99044418334961,1348.572998046875,300.1910095214844,5692a84473189643
31.778610944747925,31.778647239000293,1789785076.306098,0.034570694,19.99688148498535,1342.8587646484375,300.6433105,7bdba74458529643
31.79857635498047,31.798612406000302,1789785076.3260634,0.034332275,19.965410232543945,1342.858642578125,301.09564208984375,7adba7443e8c9643
31.818652391433716,31.818749630000184,1789785076.3461394,0.09560585,20.07603645324707,1342.858642578125,301.5479736328125,7adba74424c69643
31.83862877,31.838668981999945,1789785076.3661158,0.038385391,19.976377487182617,1342.858642578125,301.9764709472656,7adba744fdfc9643
31.858432292938232,31.858475316000295,1789785076.3859193,0.041484832763671875,19.803524017333984,1342.858642578125,302.4288024902344,7adba744e3369743
31.87843346595764,31.87847566900018,1789785076.4059205,0.040769577,20.00117301940918,1342.858642578125,302.8811340332031,7adba744c9709743
31.89861297607422,31.89864833699994,1789785076,0.033855438232421875,20.17951011657715,1348.572998046875,303.33343505859375,5692a844aeaa9743
31.918583869934082,31.91862352299995,1789785076.446071,0.037908554,19.97089385986328,1348.572998046875,303.7857666015625,5692a84494e49743
31.938616514205933,31.938652987000296,1789785076.4661036,0.034809112548828125,20.032644271850586,1342.8587646484375,304.23809814453125,7bdba7447a1e9843
31.95861053466797,31.958648377000372,1789785076.4860976,0.036239624,19.994020462036133,1348.572998046875,304.6665954589844,5692a84453559843
31.97861075401306,31.97865006300026,1789785076.5060978,0.037670135498046875,20.000219345092773,1348.572998046875,305.1189270019531,5692a844398f9843
31.998612642288208,31.998651360000167,1789785076.5260997,0.037193298,20.001888275146484,1342.8587646484375,305.5712585449219,7bdba7441fc99843
32.01865053,32.018689453000206,1789785076.5461376,0.037431717,20.03788948059082,1342.858642578125,306.0235900878906,7adba74405039943
32.038614988327026,32.03868256500027,1789785076.566102,0.065803528,19.96445655822754,1342.858642578125,306.47589111328125,7adba744ea3c9943
32.058568239212036,32.05860732500014,1789785076.5860553,0.037431717,19.953250885009766,1348.572998046875,306.9044189453125,5692a844c4739943
32.07860851287842,32.07864521500005,1789785076.6060956,0.035047531,20.040273666381836,1342.8587646484375,307.3567199707031,7bdba744a9ad9943
32.09860610961914,32.09864147500002,1789785076.6260931,0.03361702,19.997596740722656,1342.8587646484375,307.8090515136719,7bdba7448fe79943
32.118584871292114,32.118633699000384,1789785076.646072,0.047206878662109375,19.978761672973633,1342.858642578125,308.2613830566406,7adba74475219a43
32.138649702072144,32.138689588000034,1789785076.6661367,0.038146973,20.064830780029297,1342.858642578125,308.7137145996094,7adba7445b5b9a43
32.15842819213867,32.15847990400016,1789785076.6859152,0.050067901611328125,19.77849006652832,1342.858642578125,309.1422119140625,7adba74434929a43
32.17860770225525,32.178644090000034,1789785076.7060947,0.034570694,20.17951011657715,1342.858642578125,309.59454345703125,7adba7441acc9a43
32.198609590530396,32.19864622100022,1789785076.7260966,0.035047531,20.001888275146484,1342.858642578125,310.046875,7adba74400069b43
32.21860743,32.218646185000125,1789785076.7460945,0.037193298,19.997835159301758,1342.858642578125,310.4991760253906,7adba744e53f9b43
32.238643169403076,32.238681093000196,1789785076.7661302,0.036239624,20.035743713378906,1342.858642578125,310.9515075683594,7adba744cb799b43
32.25865197181702,32.258689612000126,1789785076.786139,0.036001205,20.00880241394043,1342.858642578125,311.4038391113281,7adba744b1b39b43
32.27864480018616,32.27868390899994,1789785076.8061318,0.037431717,19.992828369140625,1342.858642578125,311.83233642578125,7adba7448aea9b43
32.298606634140015,32.29864692900037,1789785076.8260937,0.038623809814453125,19.961833953857422,1342.858642578125,312.284668,7adba74470249c43
32.31863784790039,32.31867754099994,1789785076.846125,0.038146973,20.031213760375977,1342.858642578125,312.73699951171875,7adba744565e9c43
32.33860135,32.33864076400005,1789785076.8660884,0.037670135498046875,19.963502883911133,1342.858642578125,313.1893005371094,7adba7443b989c43
32.358603715896606,32.35864104300026,1789785076.8860908,0.035524368,20.002365112304688,1342.858642578125,313.6178283691406,7adba74415cf9c43
32.37864637374878,32.37868578400003,1789785076.9061334,0.037670135498046875,20.04265785217285,1342.858642578125,314.0701599121094,7adba744fb089d43
32.39872598648071,32.398766267000155,1789785076.926213,0.038385391,20.079612731933594,1342.858642578125,314.5224609,7adba744e0429d43
32.418710708618164,32.41875299000003,1789785076.9461977,0.040769577,19.984722137451172,1342.858642578125,314.97479248046875,7adba744c67c9d43
32.43870520591736,32.43875492,1789785076.9661922,0.047922134,19.994497299194336,1342.858642578125,315.4033203,7adba744a0b39d43
32.45873427391052,32.458770844000355,1789785076.9862213,0.034809112548828125,20.029067993164062,1337.1444091796875,315.8556213378906,9f24a74485ed9d43
32.47874903678894,32.478787104000276,1789785077.006236,0.036478043,20.01476287841797,1337.1444091796875,316.3079528808594,9f24a7446b279e43
32.49856638908386,32.49860297500027,1789785077.0260534,0.035047531,19.817352294921875,1342.858642578125,316.7602844238281,7adba74451619e43
32.51856708526611,32.518609735000155,1789785077.0460541,0.041007996,20.000696182250977,1342.858642578125,317.18878173828125,7adba7442a989e43
32.53859329223633,32.538745199000005,1789785077.0660803,0.15020370483398438,20.026206970214844,1342.858642578125,317.6411133,7adba74410d29e43
32.55861473083496,32.558658254999955,1789785077.0861018,0.04196167,20.021438598632812,1337.1444091796875,318.09344482421875,9f24a744f60b9f43
32.578574657440186,32.57861751500013,1789785077.1060617,0.041007996,19.95992660522461,1342.858642578125,318.5457458496094,7adba744db459f43
32.59864091873169,32.598680961000355,1789785077.126128,0.038385391,20.066261291503906,1342.858642578125,318.9980773925781,7adba744c17f9f43
32.61861276626587,32.618650814000375,1789785077.1460998,0.036478043,19.971847534179688,1342.858642578125,319.4266052246094,7adba7449bb69f43
32.63860106468201,32.63863711100021,1789785077.166088,0.034332275,19.988298416137695,1342.858642578125,319.8789063,7adba74480f09f43
32.658596992492676,32.65863507500035,1789785077.186084,0.036478043,19.995927810668945,1337.1444091796875,320.33123779296875,9f24a744662aa043
32.67863607406616,32.67867429800026,1789785077.206123,0.036478043,20.039081573486328,1342.858642578125,320.7835693359375,7adba7444c64a043
32.698607444763184,32.698646854000344,1789785077.2260945,0.037670135498046875,19.971370697021484,1342.858642578125,321.2120666503906,7adba744259ba043
32.718600034713745,32.71864294800025,1789785077.246087,0.041246414,19.992589950561523,1342.858642578125,321.6643981933594,7adba7440bd5a043
32.738605976104736,32.73864570800015,1789785077.266093,0.038146973,20.00594139099121,1337.1444091796875,322.1167297363281,9f24a744f10ea143
32.758554220199585,32.75859009700025,1789785077.2860413,0.034093857,19.948244094848633,1337.1444091796875,322.56903076171875,9f24a744d648a143
32.77860212,32.77863780200005,1789785077.3060892,0.034093857,20.047903060913086,1342.858642578125,323.0213623046875,7adba744bc82a143
32.79859685897827,32.79863254400016,1789785077.326084,0.034093857,19.994735717773438,1342.858642578125,323.44989013671875,7adba74496b9a143
32.81855821609497,32.818593582000176,1789785077.3460453,0.03361702,19.96135711669922,1342.858642578125,323.9021911621094,7adba7447bf3a143
32.83856487,32.83860800900038,1789785077.366052,0.041484832763671875,20.006656646728516,1337.1444091796875,324.3545227050781,9f24a744612da243
32.85858988761902,32.858625787000165,1789785077.386077,0.034093857,20.025014877319336,1342.858642578125,324.8068542480469,7adba7444767a243
32.87859487533569,32.878625658000146,1789785077.406082,0.029087066650390625,20.004987716674805,1342.858642578125,325.2591552734375,7adba7442ca1a243
32.89855432510376,32.89859141900024,1789785077.4260414,0.035524368,19.959449768066406,1342.858642578125,325.68768310546875,7adba74406d8a243
32.918593883514404,32.91863499400006,1789785077.446081,0.039577484130859375,20.03955841064453,1342.858642578125,326.1400146484375,7adba744ec11a343
32.93855595588684,32.93859303099998,1789785077.466043,0.035524368,19.962072372436523,1342.858642578125,326.5923156738281,7adba744d14ba343
32.95841407775879,32.958461551000255,1789785077.485901,0.045776367,19.858121871948242,1342.858642578125,327.0446472167969,7adba744b785a343
32.97859191894531,32.97862801500014,1789785077.506079,0.034332275,20.177841186523438,1342.858642578125,327.4969787597656,7adba7449dbfa343
32.99855065345764,32.998591497000234,1789785077.5260377,0.039339066,19.95873451,1342.858642578125,327.92547607421875,7adba74476f6a343
33.018593072891235,33.01864585000021,1789785078,0.051021575927734375,20.04241943359375,1342.858642578125,328.3778076171875,7adba7445c30a443
33.03855800628662,33.03867101800006,1789785077.566045,0.11134147644042969,19.964933395385742,1342.858642578125,328.83013916015625,7adba744426aa443
33.05855608,33.05859414800034,1789785077.5860431,0.036478043,19.99807357788086,1342.858642578125,329.2824401855469,7adba74427a4a443
33.07858848571777,33.07862563000026,1789785077.6060755,0.035524368,20.032405853271484,1342.858642578125,329.7347717285156,7adba7440ddea443
33.09859585762024,33.09863187200017,1789785077.626083,0.034332275,20.00737190246582,1342.858642578125,330.1871032714844,7adba744f317a543
33.11859726905823,33.11873016900017,1789785077.6460843,0.13136863708496094,20.00141143798828,1342.858642578125,330.6156005859375,7adba744cc4ea543
33.1385932,33.13862983700028,1789785077.6660802,0.035047531,19.995927810668945,1342.858642578125,331.06793212890625,7adba744b288a543
33.15858793258667,33.158764319000056,1789785077.686075,0.17499923706054688,19.994735717773438,1342.858642578125,331.5202637,7adba74498c2a543
33.178548097610474,33.17858664,1789785077.7060351,0.03695488,19.96016502380371,1342.858642578125,331.9725646972656,7adba7447dfca543
33.19854998588562,33.19859124699997,1789785077.726037,0.039577484130859375,20.001888275146484,1342.858642578125,332.4010925292969,7adba7445733a643
33.21859097480774,33.21864321,1789785077.746078,0.050783157,20.04098892211914,1342.858642578125,332.8534240722656,7adba7443d6da643
33.238569498062134,33.238597675000165,1789785077.7660565,0.026464462280273438,19.97852325439453,1342.858642578125,333.30572509765625,7adba74422a7a643
33.25857996940613,33.25861082400024,1789785077.786067,0.029087066650390625,20.01047134399414,1342.858642578125,333.7580566,7adba74408e1a643
33.278547048568726,33.278585380000095,1789785077.806034,0.036716461181640625,19.967079162597656,1342.858642578125,334.18658447265625,7adba744e217a743
33.29858040809631,33.29866578800011,1789785077.8260674,0.083684921,20.03335952758789,1342.858642578125,334.6388854980469,7adba744c751a743
33.31855010986328,33.31859639999993,1789785077.8460371,0.044584274,19.969701766967773,1342.858642578125,335.0912170410156,7adba744ad8ba743
33.33854699134827,33.338585568000326,1789785077.866034,0.03695488,19.99688148498535,1342.858642578125,335.5435485839844,7adba74493c5a743
33.35859441757202,33.358631402000356,1789785077.8860815,0.035047531,20.047426223754883,1342.858642578125,335.9958496,7adba74478ffa743
33.37859487533569,33.378635681000105,1789785077.906082,0.039100647,20.000457763671875,1342.858642578125,336.42437744140625,7adba7445236a843
33.39855909347534,33.398600441000326,1789785077.9260461,0.039815903,19.964218139648438,1342.858642578125,336.876709,7adba7443870a843
33.418585538864136,33.41862334899997,1789785077.9460726,0.036001205,20.026445388793945,1342.858642578125,337.3290100097656,7adba7441daaa843
33.438549757003784,33.43858607200036,1789785077.9660368,0.034809112548828125,19.964218139648438,1337.1444091796875,337.7813415527344,9f24a74403e4a843
33.45854377746582,33.45857979500033,1789785077.9860308,0.034332275,19.994020462036133,1342.858642578125,338.2336730957031,7adba744e91da943
33.47858810424805,33.47862438900029,1789785078.0060751,0.034570694,20.044326782226562,1342.858642578125,338.66217041015625,7adba744c254a943
33.49854541,33.498581408000064,1789785078.0260324,0.034332275,19.957304000854492,1342.858642578125,339.114502,7adba744a88ea943
33.51858735084534,33.51862302000018,1789785078.0460744,0.034093857,20.041942596435547,1342.858642578125,339.56683349609375,7adba7448ec8a943
33.53860164,33.53868624400002,1789785078.0660887,0.082969666,20.014286041259766,1342.858642578125,340.0191345214844,7adba7447302aa43
33.55859136581421,33.55862668899999,1789785078.0860784,0.03361702,19.989728927612305,1342.858642578125,340.4714660644531,7adba744593caa43
33.578569173812866,33.57859380100035,1789785078.1060562,0.022649765014648438,19.977807998657227,1342.858642578125,340.8999938964844,7adba7443373aa43
33.59857487678528,33.59861008000007,1789785078.126062,0.033378601,20.00570297241211,1342.858642578125,341.3522949,7adba74418adaa43
33.618587255477905,33.61862445099996,1789785078.1460743,0.035762786865234375,20.012378692626953,1342.858642578125,341.80462646484375,7adba744fee6aa43
33.63857936859131,33.638613100000384,1789785078.1660664,0.031948089599609375,19.99211311340332,1342.858642578125,342.2569580078125,7adba744e420ab43
33.65853739,33.65857930400034,1789785078.1860244,0.04029274,19.958019256591797,1342.858642578125,342.70928955078125,7adba744ca5aab43
33.67858695983887,33.67862602800005,1789785078.206074,0.037431717,20.049571990966797,1348.572998046875,343.1615905761719,5692a844af94ab43
33.69854259490967,33.69858039900009,1789785078.2260296,0.036239624,19.95563507080078,1348.572998046875,343.5901184082031,5692a84489cbab43
33.71853709220886,33.71857336300036,1789785078.2460241,0.034570694,19.994497299194336,1342.8587646484375,344.04241943359375,7bdba7446e05ac43
33.73859667778015,33.738689679000345,1789785078.2660837,0.091314316,20.059585571289062,1342.858642578125,344.4947509765625,7adba744543fac43
33.75857734680176,33.75861483,1789785078.2860644,0.035762786865234375,19.980669021606445,1342.858642578125,344.94708251953125,7adba7443a79ac43
33.77854323387146,33.778580606000105,1789785078.3060303,0.035762786865234375,19.96588706970215,1342.858642578125,345.3994141,7adba74420b3ac43
33.79857254,33.79860901400025,1789785078.3260596,0.034809112548828125,20.029306411743164,1342.858642578125,345.8279113769531,7adba744f9e9ac43
33.818538188934326,33.81857455199997,1789785078.3460252,0.034809112548828125,19.965648651123047,1342.858642578125,346.2802429199219,7adba744df23ad43
33.83857226371765,33.83860872000014,1789785078.3660593,0.034809112548828125,20.034074783325195,1342.858642578125,346.7325744628906,7adba744c55dad43
33.85854721069336,33.85858847999998,1789785078.3860343,0.039577484130859375,19.974946975708008,1342.858642578125,347.18487548828125,7adba744aa97ad43
33.87854027748108,33.87857646200018,1789785078.4060273,0.034570694,19.993066787719727,1342.858642578125,347.6134033203125,7adba74484cead43
33.89861083030701,33.898646723000184,1789785078.4260979,0.034093857,20.070552825927734,1342.858642578125,348.06573486328125,7adba7446a08ae43
33.91853213310242,33.91856794600017,1789785078.4460192,0.034093857,19.921302795410156,1342.858642578125,348.5180358886719,7adba7444f42ae43
33.938536167144775,33.93857500200011,1789785078.4660232,0.037193298,20.00403404,1337.1444091796875,348.9703674316406,9f24a744357cae43
33.95857286453247,33.95861037300028,1789785078,0.035762786865234375,20.036697387695312,1342.858642578125,349.4226989746094,7adba7441bb6ae43
33.97839426994324,33.97843485600015,1789785078.5058813,0.038862228,19.82140541,1342.858642578125,349.8511962890625,7adba744f4ecae43
33.998570919036865,33.99860707900007,1789785078.526058,0.034570694,20.17664909362793,1342.858642578125,350.30352783203125,7adba744da26af43
34.01860952377319,34.01864535799996,1789785078.5460966,0.034093857,20.038604736328125,1342.858642578125,350.7558594,7adba744c060af43
34.0385263,34.038561395000215,1789785078.5660133,0.033378601,19.916772842407227,1342.858642578125,351.2081604003906,7adba744a59aaf43
34.058533668518066,34.05860256300002,1789785078.5860207,0.067234039,20.00737190246582,1342.858642578125,351.6604919433594,7adba7448bd4af43
34.07852888,34.07856817500033,1789785078.606016,0.037670135498046875,19.99521255493164,1342.858642578125,352.0890197753906,7adba744650bb043
34.098532915115356,34.098569732000215,1789785079,0.03528595,20.00403404,1342.858642578125,352.54132080078125,7adba7444a45b043
34.11853909492493,34.11858058400003,1789785078.6460261,0.039815903,20.006179809570312,1342.858642578125,352.9936523,7adba744307fb043
34.13856363296509,34.138636900000165,1789785078.6660507,0.071525574,20.024538040161133,1342.858642578125,353.44598388671875,7adba74416b9b043
34.15857529640198,34.15874940100002,1789785078.6860623,0.17261505126953125,20.01166343688965,1342.858642578125,353.8982849121094,7adba744fbf2b043
34.17857050895691,34.178609827999935,1789785078.7060575,0.037670135498046875,19.99521255493164,1342.858642578125,354.3268127441406,7adba744d529b143
34.198392152786255,34.19843555100033,1789785078.7258792,0.041723251,19.821643829345703,1342.858642578125,354.7791442871094,7adba744bb63b143
34.218528270721436,34.218565774000126,1789785078.7460153,0.035762786865234375,20.136117935180664,1342.858642578125,355.2314453,7adba744a09db143
34.23857331,34.23860827499993,1789785078.7660604,0.033140182,20.045042037963867,1342.858642578125,355.68377685546875,7adba74486d7b143
34.25857901573181,34.258615442000064,1789785078.786066,0.034570694,20.00570297241211,1342.858642578125,356.1361083984375,7adba7446c11b243
34.27853798866272,34.27858016600021,1789785078.806025,0.040531158447265625,19.958972930908203,1337.1444091796875,356.5646057128906,9f24a7444548b243
34.29856991767883,34.29860907400007,1789785078.826057,0.037670135498046875,20.03192901611328,1342.858642578125,357.0169372558594,7adba7442b82b243
34.318527698516846,34.31856677800033,1789785078.8460147,0.037431717,19.957780838012695,1342.858642578125,357.4692687988281,7adba74411bcb243
34.33853626251221,34.33857913100019,1789785078.8660233,0.041246414,20.008563995361328,1342.858642578125,357.92156982421875,7adba744f6f5b243
34.35853862762451,34.35857489099999,1789785078.8860257,0.034570694,20.002365112304688,1342.858642578125,358.3739013671875,7adba744dc2fb343
34.37856364250183,34.37859981800011,1789785078.9060507,0.034332275,20.025014877319336,1342.858642578125,358.80242919921875,7adba744b666b343
34.39852428436279,34.39856274500016,1789785078.9260113,0.036716461181640625,19.960641860961914,1342.858642578125,359.2547302246094,7adba7449ba0b343
34.418521881103516,34.41855845000009,1789785078.946009,0.035047531,19.997596740722656,1342.858642578125,359.7070617675781,7adba74481dab343
34.438570499420166,34.43860665400007,1789785078.9660575,0.034570694,20.04861831665039,1342.858642578125,360.1593933105469,7adba7446714b443
34.45851945877075,34.45855478500016,1789785078.9860065,0.03361702,19.948959350585938,1342.858642578125,360.6116943359375,7adba7444c4eb443
34.47852420806885,34.47856058200023,1789785079.0060112,0.034809112548828125,20.004749298095703,1342.858642578125,361.04022216796875,7adba7442685b443
34.49852418899536,34.498559712000315,1789785079.0260112,0.033855438232421875,19.999980926513672,1342.858642578125,361.4925537109375,7adba7440cbfb443
34.51860213279724,34.51864082500015,1789785079.0460892,0.03695488,20.077943801879883,1348.572998046875,361.9448547363281,5692a844f1f8b443
34.538623332977295,34.53868804800004,1789785079.0661104,0.063180923,20.02120018005371,1348.572998046875,362.3971862792969,5692a844d732b543
34.55857014656067,34.558606215000054,1789785079.0860572,0.034332275,19.946813583374023,1342.8587646484375,362.8495178222656,7bdba744bd6cb543
34.57856464385986,34.57860346,1789785079.1060517,0.037193298,19.994497299194336,1342.858642578125,363.27801513671875,7adba74496a3b543
34.598560094833374,34.59859834700001,1789785079.1260471,0.036716461181640625,19.995450973510742,1342.858642578125,363.7303466796875,7adba7447cddb543
34.61859917640686,34.61863740300032,1789785079.1460862,0.036478043,20.039081573486328,1342.858642578125,364.1827392578125,7adba7446417b643
34.63853406906128,34.638578237000274,1789785079.166021,0.042438507080078125,19.934892654418945,1342.858642578125,364.6354675292969,7adba7445751b643
34.65856337547302,34.65860227500025,1789785079.1860504,0.037193298,20.029306411743164,1342.858642578125,365.08819580078125,7adba7444a8bb643
34.678558349609375,34.67859457200029,1789785079.2060454,0.034570694,19.99497413635254,1342.858642578125,365.5171203613281,7adba74431c2b643
34.698561906814575,34.69860138800004,1789785079.226049,0.037908554,20.003557205200195,1342.858642578125,365.9698486328125,7adba74424fcb643
34.718557357788086,34.71859518500014,1789785079.2460444,0.036001205,19.995450973510742,1342.858642578125,366.4225769042969,7adba7441736b743
34.738563537597656,34.738602390000324,1789785079.2660506,0.037193298,20.006179809570312,1342.858642578125,366.87530517578125,7adba7440a70b743
34.758559465408325,34.75859602000037,1789785079.2860465,0.035047531,19.995927810668945,1342.858642578125,367.3280334472656,7adba744fda9b743
34.77851486206055,34.77855029900002,1789785079.306002,0.033855438232421875,19.95539665222168,1342.858642578125,367.7569580078125,7adba744e4e0b743
34.798518657684326,34.798553967000316,1789785079.3260057,0.03361702,20.003795623779297,1342.858642578125,368.2096862792969,7adba744d71ab843
34.81855368614197,34.81859243000008,1789785079.3460407,0.03695488,20.03502846,1342.858642578125,368.66241455078125,7adba744ca54b843
34.83853077888489,34.83856882000009,1789785079.3660178,0.036239624,19.977092742919922,1342.858642578125,369.1151428222656,7adba744bd8eb843
34.858556270599365,34.85859211700017,1789785079.3860433,0.034093857,20.02549171447754,1342.858642578125,369.5679016113281,7adba744b1c8b843
34.87855863571167,34.878596544000175,1789785079.4060457,0.036001205,20.002365112304688,1342.858642578125,369.9967956542969,7adba74497ffb843
34.89851379394531,34.89855019300012,1789785079.4260008,0.034570694,19.955158233642578,1342.858642578125,370.44952392578125,7adba7448a39b943
34.91855192184448,34.91858726800001,1789785079.446039,0.03361702,20.038127899169922,1342.858642578125,370.9022521972656,7adba7447d73b943
34.93855810165405,34.938597714000025,1789785079.4660451,0.037908554,20.006179809570312,1342.858642578125,371.3550109863281,7adba74471adb943
34.958516359329224,34.958554233000086,1789785079.4860034,0.036239624,19.95825768,1342.858642578125,371.8077392578125,7adba74464e7b943
34.97851371765137,34.97854973400035,1789785079.5060008,0.034332275,19.997358322143555,1342.858642578125,372.23663330078125,7adba7444a1eba43
34.99855589866638,34.99859221600036,1789785079.526043,0.034809112548828125,20.04218101501465,1342.858642578125,372.6893615722656,7adba7443d58ba43
35.01855254173279,35.01858825399995,1789785079.5460396,0.034093857,19.99664306640625,1342.858642578125,373.1421203613281,7adba7443192ba43
35.03855490684509,35.038590125000155,1789785079.566042,0.033378601,20.002365112304688,1342.858642578125,373.5948486328125,7adba74424ccba43
35.05859303474426,35.05863638600022,1789785080,0.04196167,20.038127899169922,1342.858642578125,374.0475769042969,7adba7441706bb43
35.07854986190796,35.07858825700032,1789785079.606037,0.036716461181640625,19.95682716369629,1342.858642578125,374.4764709472656,7adba744fd3cbb43
35.098546266555786,35.098583036000036,1789785079.6260333,0.03528595,19.99640464782715,1342.858642578125,374.9292297363281,7adba744f176bb43
35.11850619316101,35.11854146199994,1789785079.6459932,0.03361702,19.95992660522461,1342.858642578125,375.3819580078125,7adba744e4b0bb43
35.13855051994324,35.13860927800033,1789785079.6660376,0.05698204,20.044326782226562,1342.858642578125,375.8346862792969,7adba744d7eabb43
35.15858578681946,35.15862213100036,1789785079.6860728,0.034570694,20.035266876220703,1342.858642578125,376.28741455078125,7adba744ca24bc43
35.178548097610474,35.17858537200027,1789785079.7060351,0.035762786865234375,19.962310791015625,1342.858642578125,376.7163391113281,7adba744b15bbc43
35.1985867,35.198623448000035,1789785079.7260737,0.03528595,20.038604736328125,1342.858642578125,377.1690673828125,7adba744a495bc43
35.21858763694763,35.21862620799993,1789785079.7460747,0.036716461181640625,20.000934600830078,1342.858642578125,377.6217956542969,7adba74497cfbc43
35.23859977722168,35.23863575,1789785079.7660868,0.034332275,20.01214027404785,1342.858642578125,378.07452392578125,7adba7448a09bd43
35.258687257766724,35.25873048700032,1789785079.7861743,0.041723251,20.087480545043945,1342.858642578125,378.5272521972656,7adba7447d43bd43
35.27870703,35.27875069200036,1789785079.806194,0.042200089,20.01976967,1342.858642578125,378.9800109863281,7adba744717dbd43
35.29866290092468,35.298702136999964,1789785080,0.037670135498046875,19.955873489379883,1342.858642578125,379.4089050292969,7adba74457b4bd43
35.31880784034729,35.31884512000033,1789785079.8462949,0.035762786865234375,20.144939422607422,1342.858642578125,379.86163330078125,7adba7444aeebd43
35.33851647377014,35.33855639800004,1789785079.8660035,0.038385391,19.708633422851562,1342.858642578125,380.3143615722656,7adba7443d28be43
35.35837793,35.358499658000255,1789785079.885865,0.1201629638671875,19.861459732055664,1342.858642578125,380.7671203613281,7adba7443162be43
35.37855839729309,35.37862999300023,1789785079.9060454,0.069856644,20.180463790893555,1342.858642578125,381.1960144042969,7adba7441799be43
35.39856147766113,35.3986037,1789785079.9260485,0.040531158447265625,20.003080368041992,1342.858642578125,381.64874267578125,7adba7440ad3be43
35.41850543022156,35.41854182800034,1789785079.9459925,0.034809112548828125,19.943952560424805,1342.858642578125,382.1014709472656,7adba744fd0cbf43
35.43850350379944,35.43853940300005,1789785079.9659905,0.034093857,19.99807357788086,1348.572998046875,382.5542297363281,5692a844f146bf43
35.458505630493164,35.45854220000001,1789785079.9859927,0.034809112548828125,20.002126693725586,1342.8587646484375,383.0069580078125,7bdba744e480bf43
35.47851037979126,35.47854658999995,1789785080.0059974,0.034570694,20.004749298095703,1342.8587646484375,383.4596862792969,7bdba744d7babf43
35.49855661392212,35.49859253500017,1789785080.0260437,0.034332275,20.046234130859375,1342.858642578125,383.8885803222656,7adba744bdf1bf43
35.518505811691284,35.51854196,1789785080.0459929,0.034332275,19.94919776916504,1342.858642578125,384.3413391113281,7adba744b12bc043
35.53860020637512,35.538670295999964,1789785080.0660872,0.068426132,20.09439468383789,1342.858642578125,384.7940673828125,7adba744a465c043
35.55851388,35.55855092599995,1789785080.086001,0.035524368,19.913673400878906,1342.858642578125,385.2467956542969,7adba744979fc043
35.57855439186096,35.57859682,1789785080.1060414,0.040769577,20.040512084960938,1342.858642578125,385.69952392578125,7adba7448ad9c043
35.59850454330444,35.59854324300022,1789785080.1259916,0.037193298,19.950151443481445,1342.858642578125,386.1284484863281,7adba7447110c143
35.61854100227356,35.61857704000022,1789785080.146028,0.034332275,20.03645896911621,1342.858642578125,386.5811767578125,7adba744644ac143
35.63855457305908,35.63859302300034,1789785080.1660416,0.03695488,20.01357078552246,1342.858642578125,387.0339050292969,7adba7445784c143
35.658539056777954,35.65857611599995,1789785080.186026,0.035524368,19.98448371887207,1342.858642578125,387.48663330078125,7adba7444abec143
35.67853569984436,35.67857713600006,1789785080.2060227,0.039815903,19.99664306640625,1342.858642578125,387.9393615722656,7adba7443df8c143
35.69849896430969,35.69853622900018,1789785080.225986,0.035524368,19.96326446533203,1342.858642578125,388.3682861328125,7adba744242fc243
35.71850347518921,35.71854163700027,1789785080.2459905,0.036478043,20.00451088,1342.858642578125,388.8210144042969,7adba7441769c243
35.73850417137146,35.738545934000285,1789785080.2659912,0.040054321,20.000696182250977,1342.858642578125,389.27374267578125,7adba7440aa3c243
35.75849771499634,35.75853869499997,1789785080.2859848,0.039339066,19.99354362487793,1342.858642578125,389.7264709472656,7adba744fddcc243
35.77855992,35.778645417999996,1789785080.306047,0.083684921,20.06220817565918,1342.858642578125,390.1792297363281,7adba744f116c343
35.798537254333496,35.79857431,1789785080.3260243,0.03528595,19.977331161499023,1342.858642578125,390.6081237792969,7adba744d74dc343
35.81850218772888,35.81854032699994,1789785080.3459892,0.036478043,19.964933395385742,1342.858642578125,391.06085205078125,7adba744ca87c343
35.83849811553955,35.83853377200012,1789785080.3659852,0.033855438232421875,19.995927810668945,1342.858642578125,391.5135803222656,7adba744bdc1c343
35.858494997024536,35.858530607000375,1789785080.385982,0.033855438232421875,19.99688148498535,1342.858642578125,391.9663391113281,7adba744b1fbc343
35.87856101989746,35.87859681100008,1789785080.406048,0.034093857,20.066022872924805,1342.858642578125,392.4190673828125,7adba744a435c443
35.89850926399231,35.89855090500032,1789785080.4259963,0.039815903,19.948244094848633,1342.858642578125,392.84796142578125,7adba7448a6cc443
35.918501138687134,35.918539535000036,1789785080.4459882,0.036716461181640625,19.99187469482422,1342.858642578125,393.3006896972656,7adba7447da6c443
35.938538789749146,35.938587073000235,1789785080.4660258,0.046730042,20.03765106201172,1342.858642578125,393.7534484863281,7adba74471e0c443
35.958537340164185,35.958575722000205,1789785080.4860244,0.036716461181640625,19.998550415039062,1342.858642578125,394.2061767578125,7adba744641ac543
35.97854423522949,35.97858059300006,1789785080.5060313,0.034570694,20.006895065307617,1342.858642578125,394.6589050292969,7adba7445754c543
35.99849557876587,35.99853139100014,1789785080.5259826,0.034093857,19.951343536376953,1342.858642578125,395.0877990722656,7adba7443d8bc543
36.01887536048889,36.02016491300037,1789785080.5463624,1.2924671173095703,20.37978172302246,1348.5728759765625,395.58819580078125,5592a8444acbc543
36.03853178024292,36.03863113300031,1789785080.5660188,0.097513199,19.65641975402832,1348.5728759765625,396.1124267578125,5592a844640ec643
36.05854392051697,36.05873212,1789785080.586031,0.18668174743652344,20.01214027404785,1377.144287109375,396.66046142578125,9e24ac448a54c643
36.078540325164795,36.07860698700006,1789785080.6060274,0.064849854,19.99640464782715,1417.144287109375,397.1846923828125,9e24b144a497c643
36.09849143028259,36.098546525000074,1789785080.6259785,0.053405762,19.95110511779785,1417.144287109375,397.73272705078125,9e24b144caddc643
36.118531703948975,36.11858565500006,1789785080.6460187,0.052213669,20.040273666381836,1445.7156982421875,398.2569580078125,e7b6b444e420c743
36.13856649398804,36.13872830500031,1789785080.6660535,0.16045570373535156,20.03479004,1445.7156982421875,398.80499267578125,e7b6b4440a67c743
36.15856695175171,36.158630897999956,1789785080.686054,0.062465667724609375,20.000457763671875,1480.001465,399.3530578613281,0c00b94431adc743
36.178494691848755,36.178560695000215,1789785080.7059817,0.064373016,19.9277401,1508.5728759765625,399.87725830078125,5592bc444af0c743
36.19849777,36.198556843999995,1789785080.7259848,0.057458878,20.003080368041992,1508.5728759765625,400.4253234863281,5592bc447136c843
36.21854496002197,36.218609086000015,1789785080.746032,0.062227249,20.04718780517578,1548.572754,400.94952392578125,5492c1448a79c843
36.23853158950806,36.23858632700012,1789785080.7660186,0.053167343,19.986629486083984,1582.858398,401.4975891113281,78dbc544b1bfc843
36.25854516029358,36.258594476000326,1789785080.7860322,0.047683716,20.01357078552246,1582.858398,402.0456237792969,78dbc544d705c943
36.27852964401245,36.27858379200006,1789785080.8060167,0.052452087,19.98448371887207,1605.715576171875,402.5698547363281,e6b6c844f148c943
36.298564195632935,36.29870062700002,1789785080.8260512,0.1347064971923828,20.03455162,1617.1441650390625,403.1178894042969,9d24ca44178fc943
36.318533182144165,36.31858572,1789785080.8460202,0.050783157,19.96898651123047,1617.1441650390625,403.6421203613281,9d24ca4431d2c943
36.33850098,36.33854927600032,1789785080.865988,0.046730042,19.96779441833496,1611.429931640625,404.1901550292969,c26dc9445718ca43
36.358543157577515,36.35862216600026,1789785080.8860302,0.077486038,20.04218101501465,1611.429931640625,404.7381896972656,c26dc9447d5eca43
36.378509759902954,36.378574908000246,1789785080.9059968,0.063419342,19.966602325439453,1611.429931640625,405.2624206542969,c26dc94497a1ca43
36.39854335784912,36.398604259999956,1789785080.9260304,0.059366226,20.033597946166992,1617.144287109375,405.8104553222656,9e24ca44bde7ca43
36.418487787246704,36.41855909500009,1789785080.9459748,0.069618225,19.944429397583008,1617.144287109375,406.3585205078125,9e24ca44e42dcb43
36.43853974342346,36.438593799000046,1789785080.9660268,0.052452087,20.051956176757812,1617.144287109375,406.8827209472656,9e24ca44fd70cb43
36.45850157737732,36.45855576300028,1789785080.9859886,0.052452087,19.961833953857422,1611.429931640625,407.4307861328125,c26dc94424b7cb43
36.47849798202515,36.478550764000374,1789785081.005985,0.051259995,19.99640464782715,1611.429931640625,407.9549865722656,c26dc9443dfacb43
36.49853563308716,36.49858908000033,1789785081.0260227,0.051736832,20.03765106201172,1617.144287109375,408.5030517578125,9e24ca446440cc43
36.51852631568909,36.51857971000027,1789785081.0460134,0.051736832,19.99068260192871,1617.144287109375,409.05108642578125,9e24ca448a86cc43
36.53852343559265,36.53861237800038,1789785081.0660105,0.087499619,19.997119903564453,1617.144287109375,409.5753173828125,9e24ca44a4c9cc43
36.55852818489075,36.558564564000335,1789785081.0860152,0.034809112548828125,20.004749298095703,1617.144287109375,410.12335205078125,9e24ca44ca0fcd43
36.57854461669922,36.57858681,1789785081.1060317,0.04029274,20.01643180847168,1617.144287109375,410.6475830078125,9e24ca44e452cd43
36.598527669906616,36.59856638000019,1789785081.1260147,0.037193298,19.98305320739746,1617.144287109375,411.19561767578125,9e24ca440a99cd43
36.618486642837524,36.61852434399998,1789785081.1459737,0.036001205,19.958972930908203,1617.144287109375,411.7436828613281,9e24ca4431dfcd43
36.63849759101868,36.63853749300006,1789785081.1659846,0.038385391,20.010948181152344,1617.144287109375,412.26788330078125,9e24ca444a22ce43
36.65852689743042,36.65856401300016,1789785081.186014,0.03528595,20.029306411743164,1617.144287109375,412.8159484863281,9e24ca447168ce43
36.67853546142578,36.67857417999994,1789785081.2060225,0.03695488,20.008563995361328,1617.144287109375,413.3639831542969,9e24ca4497aece43
36.69856119155884,36.69859958899997,1789785081.2260482,0.036716461181640625,20.02573013305664,1617.144287109375,413.8882141113281,9e24ca44b1f1ce43
36.71852374076843,36.71856118200003,1789785081.2460108,0.035762786865234375,19.962549209594727,1617.144287109375,414.4362487792969,9e24ca44d737cf43
36.73849177360535,36.73852983100005,1789785081.2659788,0.036478043,19.968032836914062,1617.144287109375,414.9604797363281,9e24ca44f17acf43
36.75852870941162,36.75856470200006,1789785081.2860157,0.034332275,20.036935806274414,1617.144287109375,415.5085144042969,9e24ca4417c1cf43
36.778534173965454,36.77856981400009,1789785081.3060212,0.033855438232421875,20.005464553833008,1617.144287109375,416.0565490722656,9e24ca443d07d043
36.79851818084717,36.79855377800004,1789785081.3260052,0.034093857,19.984006881713867,1611.429931640625,416.5807800292969,c26dc944574ad043
36.81851840019226,36.81855481599996,1789785081.3460054,0.034809112548828125,20.000219345092773,1611.429931640625,417.1288146972656,c26dc9447d90d043
36.838494300842285,36.838529761000245,1789785081.3659813,0.033855438232421875,19.975900650024414,1617.144287109375,417.6768798828125,9e24ca44a4d6d043
36.85848832130432,36.85852326200029,1789785081.3859754,0.033140182,19.994020462036133,1617.144287109375,418.2010803222656,9e24ca44bd19d143
36.878488302230835,36.87852348500019,1789785081.4059753,0.033378601,19.999980926513672,1617.144287109375,418.7491455078125,9e24ca44e45fd143
36.89852285385132,36.89855791200034,1789785081,0.03361702,20.03455162,1617.144287109375,419.29718017578125,9e24ca440aa6d143
36.91848087310791,36.918519135000224,1789785081.445968,0.036478043,19.958019256591797,1617.144287109375,419.8214111328125,9e24ca4424e9d143
36.938483476638794,36.938521933000175,1789785081.4659705,0.036716461181640625,20.00260353088379,1617.144287109375,420.36944580078125,9e24ca444a2fd243
36.958489179611206,36.95852541500017,1789785081.4859762,0.034570694,20.00570297241211,1617.144287109375,420.9175109863281,9e24ca447175d243
36.978524684906006,36.97856047200003,1789785081.5060117,0.034332275,20.035505294799805,1617.144287109375,421.44171142578125,9e24ca448ab8d243
36.99851441383362,36.99854980600003,1789785081.5260015,0.033855438232421875,19.989728927612305,1617.144287109375,421.9897766113281,9e24ca44b1fed243
37.018473863601685,37.01851678799994,1789785081.545961,0.041246414,19.959449768066406,1617.144287109375,422.5378112792969,9e24ca44d744d343
37.03847932815552,37.03851558500037,1789785081.5659664,0.034570694,20.005464553833008,1617.144287109375,423.0620422363281,9e24ca44f187d343
37.058478116989136,37.05855506800026,1789785081.5859652,0.075101852,19.998788833618164,1622.858642578125,423.6100769042969,7adbca4417ced343
37.078479290008545,37.078517420000026,1789785081.6059663,0.036716461181640625,20.00117301940918,1617.144287109375,424.1581115722656,9e24ca443d14d443
37.09855532646179,37.09859140300023,1789785081.6260424,0.034332275,20.07603645324707,1617.144287109375,424.6823425292969,9e24ca445757d443
37.11851358413696,37.118549237000025,1789785081.6460006,0.034093857,19.95825768,1617.144287109375,425.2303771972656,9e24ca447d9dd443
37.13851761817932,37.138630552999985,1789785081.6660047,0.11110305786132812,20.00403404,1617.144287109375,425.7784423828125,9e24ca44a4e3d443
37.158475160598755,37.158511720000206,1789785081.6859622,0.034809112548828125,19.957542419433594,1617.144287109375,426.3026428222656,9e24ca44bd26d543
37.17848038673401,37.17851805400005,1789785081.7059674,0.036001205,20.005226135253906,1617.144287109375,426.8507080078125,9e24ca44e46cd543
37.198524475097656,37.19856007399994,1789785081.7260115,0.033855438232421875,20.04408836364746,1617.144287109375,427.39874267578125,9e24ca440ab3d543
37.218544721603394,37.218581945000096,1789785081.7460318,0.035762786865234375,20.020246505737305,1622.858642578125,427.9229736328125,7adbca4424f6d543
37.238478899002075,37.23851752000019,1789785081.765966,0.03695488,19.93417739868164,1617.144287109375,428.47100830078125,9e24ca444a3cd643
37.25852155685425,37.25856018800005,1789785081.7860086,0.037193298,20.04265785217285,1617.144287109375,429.0190734863281,9e24ca447182d643
37.278507232666016,37.27854372599995,1789785081.8059943,0.034809112548828125,19.985675811767578,1617.144287109375,429.54327392578125,9e24ca448ac5d643
37.29854393005371,37.298624003999976,1789785081.826031,0.078439713,20.036697387695312,1617.144287109375,430.0913391113281,9e24ca44b10bd743
37.31855869293213,37.31859627,1789785081.8460457,0.035762786865234375,20.01476287841797,1617.144287109375,430.61553955078125,9e24ca44ca4ed743
37.338481426239014,37.33851983900013,1789785081.8659685,0.036716461181640625,19.922733306884766,1617.144287109375,431.1636047363281,9e24ca44f194d743
37.35851598,37.35855319200027,1789785081.886003,0.035524368,20.03455162,1622.858642578125,431.7116394042969,7adbca4417dbd743
37.37851881980896,37.37855491500022,1789785081.9060059,0.034570694,20.00284194946289,1622.858642578125,432.2358703613281,7adbca44311ed843
37.39847016334534,37.39851166,1789785081.9259572,0.039815903,19.951343536376953,1617.144287109375,432.7839050292969,9e24ca445764d843
37.41854953765869,37.41858908400036,1789785081.9460366,0.037908554,20.079374313354492,1617.144287109375,433.3319396972656,9e24ca447daad843
37.438515186309814,37.43855215900021,1789785081.9660022,0.03528595,19.965648651123047,1617.144287109375,433.8561706542969,9e24ca4497edd843
37.458468437194824,37.45850667800005,1789785081.9859555,0.036716461181640625,19.953250885009766,1617.144287109375,434.40423583984375,9e24ca44be33d943
37.47854280471802,37.478581030999976,1789785082.0060298,0.036478043,20.07436752319336,1617.144287109375,434.9522705078125,9e24ca44e479d943
37.498470306396484,37.49850618000028,1789785082.0259573,0.034093857,19.927501678466797,1617.144287109375,435.47650146484375,9e24ca44febcd943
37.51850914955139,37.51854557000024,1789785082.0459962,0.034570694,20.038843154907227,1617.144287109375,436.0245361328125,9e24ca442403da43
37.538527727127075,37.53856790400005,1789785082.0660148,0.038623809814453125,20.018577575683594,1617.144287109375,436.57257080078125,9e24ca444a49da43
37.558518409729004,37.558559720000176,1789785082.0860054,0.039815903,19.99068260192871,1617.144287109375,437.0968017578125,9e24ca44648cda43
37.578505754470825,37.578545813000346,1789785082.1059928,0.038623809814453125,19.98734474182129,1617.144287109375,437.64483642578125,9e24ca448ad2da43
37.59846377372742,37.59850124000013,1789785082.1259508,0.035762786865234375,19.958019256591797,1617.144287109375,438.1690673828125,9e24ca44a415db43
37.618464946746826,37.618501814999945,1789785082.145952,0.035047531,20.00117301940918,1617.144287109375,438.71710205078125,9e24ca44ca5bdb43
37.63851857185364,37.63855487,1789785082.1660056,0.034809112548828125,20.053625106811523,1617.144287109375,439.2651672363281,9e24ca44f1a1db43
37.65852189064026,37.65855992800016,1789785082.186009,0.036239624,20.003318786621094,1617.144287109375,439.78936767578125,9e24ca440ae5db43
37.67846107,37.678497169000366,1789785082.205948,0.034332275,19.939184188842773,1617.144287109375,440.3374328613281,9e24ca44312bdc43
37.69846582,37.698502652000116,1789785082.2259529,0.03528595,20.004749298095703,1617.144287109375,440.8854675292969,9e24ca445771dc43
37.71854639053345,37.718582616000276,1789785082.2460334,0.034570694,20.08056641,1617.144287109375,441.43353271484375,9e24ca447eb7dc43
37.73846960067749,37.738507228000344,1789785082.2659566,0.036001205,19.92321014404297,1617.144287109375,441.9577331542969,9e24ca4497fadc43
37.758540868759155,37.75857771000028,1789785082.286028,0.03528595,20.07126808166504,1617.144287109375,442.50579833984375,9e24ca44be40dd43
37.77850365638733,37.77853952600026,1789785082.3059907,0.034332275,19.962787628173828,1622.858642578125,443.0299987792969,7adbca44d783dd43
37.798460483551025,37.79849630400031,1789785082.3259475,0.034093857,19.95682716369629,1617.144287109375,443.57806396484375,9e24ca44fec9dd43
37.81853199005127,37.81856804600011,1789785082.346019,0.034332275,20.07150650024414,1617.144287109375,444.1260986328125,9e24ca442410de43
37.83851194381714,37.83855284300034,1789785082.365999,0.039339066,19.97995376586914,1617.144287109375,444.65032958984375,9e24ca443e53de43
37.85854196548462,37.85857854799997,1789785082.386029,0.034809112548828125,20.03002166748047,1617.144287109375,445.1983642578125,9e24ca446499de43
37.87845969200134,37.87849540100024,1789785082.4059467,0.033855438232421875,19.917726516723633,1617.144287109375,445.74639892578125,9e24ca448adfde43
37.89849853515625,37.89853360500001,1789785082.4259856,0.033378601,20.038843154907227,1617.144287109375,446.2706298828125,9e24ca44a422df43
37.918495178222656,37.91853058800007,1789785082.4459822,0.033855438232421875,19.99664306640625,1617.144287109375,446.81866455078125,9e24ca44ca68df43
37.938467502593994,37.93850797699997,1789785082.4659545,0.038862228,19.97232437133789,1622.858642578125,447.3667297363281,7adbca44f1aedf43
37.958497762680054,37.958534478000274,1789785082.4859848,0.035047531,20.03026008605957,1617.144287109375,447.89093017578125,9e24ca440af2df43
37.97849488258362,37.97853042400038,1789785082.505982,0.033855438232421875,19.997119903564453,1617.144287109375,448.4389953613281,9e24ca443138e043
37.99853467941284,37.99857026,1789785082.5260217,0.033855438232421875,20.039796829223633,1617.144287109375,448.9870300292969,9e24ca44577ee043
38.01849341392517,38.018529128999944,1789785082.5459805,0.034093857,19.95873451,1617.144287109375,449.5112609863281,9e24ca4471c1e043
38.03849673271179,38.03853151900012,1789785082.5659838,0.032901763916015625,20.003318786621094,1617.144287109375,450.0592956542969,9e24ca449707e143
38.05853581428528,38.05857994600001,1789785082.5860229,0.042438507080078125,20.039081573486328,1617.144287109375,450.60736083984375,9e24ca44be4de143
38.07845473,38.078491428000234,1789785082.6059418,0.035047531,19.91891860961914,1622.858642578125,451.1315612792969,7adbca44d790e143
38.09845447540283,38.09848978100035,1789785082.6259415,0.03361702,19.99974250793457,1622.858642578125,451.67962646484375,7adbca44fed6e143
38.11849617958069,38.11853220800003,1789785082.6459832,0.034332275,20.041704177856445,1617.144287109375,452.2276611328125,9e24ca44241de243
38.13846254348755,38.13856146800026,1789785082.6659496,0.097036362,19.96636390686035,1617.144287109375,452.75189208984375,9e24ca443e60e243
38.158451557159424,38.15850708000016,1789785082.6859386,0.053882598876953125,19.98901367,1622.858642578125,453.2999267578125,7adbca4464a6e243
38.17849922180176,38.178593451000324,1789785082.7059863,0.092506409,20.047664642333984,1617.144287109375,453.84796142578125,9e24ca448aece243
38.19853591918945,38.19859910000014,1789785082.726023,0.061750412,20.036697387695312,1617.144287109375,454.3721923828125,9e24ca44a42fe343
38.21849465370178,38.21855721200018,1789785082.7459817,0.061035156,19.95873451,1617.144287109375,454.92022705078125,9e24ca44ca75e343
38.23853397369385,38.23859941699993,1789785082.766021,0.063896179,20.03931999206543,1622.858642578125,455.4682922363281,7adbca44f1bbe343
38.25852942466736,38.258592102999955,1789785082.7860165,0.061035156,19.995450973510742,1622.858642578125,455.99249267578125,7adbca440affe343
38.27853298187256,38.278595641000265,1789785083,0.061035156,20.003557205200195,1617.144287109375,456.5405578613281,9e24ca443145e443
38.29849362373352,38.29855619700038,1789785082.8259807,0.061035156,19.960641860961914,1617.144287109375,457.06475830078125,9e24ca444a88e443
38.31834626197815,38.31846918,1789785082.8458333,0.12159347534179688,19.852638244628906,1617.144287109375,457.6128234863281,9e24ca4471cee443
38.33861470222473,38.33867644,1789785082.8661017,0.060081482,20.26844024658203,1617.144287109375,458.1608581542969,9e24ca449714e543
38.358601093292236,38.35866355200005,1789785082.8860881,0.060796738,19.986391067504883,1617.144287109375,458.6850891113281,9e24ca44b157e543
38.37860584259033,38.37867455300011,1789785082.906093,0.066995621,20.004749298095703,1617.144287109375,459.2331237792969,9e24ca44d79de543
38.39860200881958,38.39866694300008,1789785082.926089,0.063419342,19.996166229248047,1617.144287109375,459.78118896484375,9e24ca44fee3e543
38.418593883514404,38.41875472200036,1789785082.946081,0.1590251922607422,19.99187469482422,1617.144287109375,460.3053894042969,9e24ca441727e643
38.438507318496704,38.43856585200001,1789785082.9659944,0.05698204,19.913434982299805,1617.144287109375,460.85345458984375,9e24ca443e6de643
38.458494663238525,38.45861245,1789785082.9859817,0.11610984802246094,19.98734474182129,1617.144287109375,461.4014892578125,9e24ca4464b3e643
38.47849678993225,38.478550205000374,1789785083.0059838,0.051736832,20.002126693725586,1617.144287109375,461.92572021484375,9e24ca447ef6e643
38.49849820137024,38.498551540000335,1789785083.0259852,0.051736832,20.00141143798828,1617.144287109375,462.4737548828125,9e24ca44a43ce743
38.518452405929565,38.518505929000185,1789785083.0459394,0.051736832,19.954204559326172,1617.144287109375,462.99798583984375,9e24ca44be7fe743
38.538498878479004,38.53855174499995,1789785083.065986,0.051021575927734375,20.046472549438477,1617.144287109375,463.5460205078125,9e24ca44e4c5e743
38.55848932266235,38.55860319000021,1789785083.0859764,0.11205673217773438,19.99044418334961,1617.144287109375,464.09405517578125,9e24ca440a0ce843
38.57846689224243,38.57853745000011,1789785083.105954,0.068902969,19.977569580078125,1617.144287109375,464.6182861328125,9e24ca44244fe843
38.59846067428589,38.598514802999944,1789785083.1259477,0.052452087,19.99378204345703,1617.144287109375,465.16632080078125,9e24ca444a95e843
38.61850023269653,38.61855311900035,1789785083.1459873,0.051259995,20.03955841064453,1617.144287109375,465.7143859863281,9e24ca4471dbe843
38.638500452041626,38.63855482400004,1789785083.1659875,0.052928924560546875,20.000219345092773,1617.144287109375,466.23858642578125,9e24ca448a1ee943
38.658496141433716,38.65855095400002,1789785083.1859832,0.052928924560546875,19.995689392089844,1617.144287109375,466.7866516113281,9e24ca44b164e943
38.67845058441162,38.678504955000335,1789785083.2059376,0.052690506,19.954442977905273,1617.144287109375,467.31085205078125,9e24ca44caa7e943
38.69849419593811,38.698547252000026,1789785083.2259812,0.051498413,20.043611526489258,1617.144287109375,467.8589172363281,9e24ca44f1ede943
38.718461990356445,38.718514957000025,1789785083.245949,0.051259995,19.96779441833496,1617.144287109375,468.4069519042969,9e24ca441734ea43
38.738492488861084,38.73854568000024,1789785083.2659795,0.051498413,20.030498504638672,1617.144287109375,468.9311828613281,9e24ca443177ea43
38.75845456123352,38.758508236000125,1789785083.2859416,0.052213669,19.962072372436523,1617.144287109375,469.4792175292969,9e24ca4457bdea43
38.77850270271301,38.77855607100037,1789785083.3059897,0.051498413,20.048141479492188,1617.144287109375,470.0034484863281,9e24ca447100eb43
38.79845952987671,38.79851296000015,1789785083.3259466,0.051736832,19.95682716369629,1617.144287109375,470.5514831542969,9e24ca449746eb43
38.81845831871033,38.81851036900025,1789785083.3459454,0.05030632,19.998788833618164,1617.144287109375,471.09954833984375,9e24ca44be8ceb43
38.83845376968384,38.838505665999946,1789785083.3659408,0.05030632,19.995450973510742,1611.429931640625,471.6237487792969,c26dc944d7cfeb43
38.85849165916443,38.858545315000356,1789785083.3859787,0.051975250244140625,20.03788948059082,1617.144287109375,472.17181396484375,9e24ca44fe15ec43
38.87835431098938,38.87844196,1789785083.4058414,0.086069107,19.862651824951172,1617.144287109375,472.6960144042969,9e24ca441759ec43
38.898449420928955,38.89850354,1789785083.4259365,0.052452087,20.095109939575195,1611.429931640625,473.24407958984375,c26dc9443e9fec43
38.91844367980957,38.91849548400023,1789785083.4459307,0.05030632,19.994258880615234,1611.429931640625,473.7921142578125,c26dc94464e5ec43
38.93849325180054,38.93855407800038,1789785083.4659803,0.059366226,20.049571990966797,1617.144287109375,474.34014892578125,9e24ca448a2bed43
38.95849037,38.95854472700012,1789785083.4859774,0.052690506,19.997119903564453,1617.144287109375,474.8643798828125,9e24ca44a46eed43
38.978453159332275,38.97850874599999,1789785083.5059402,0.054121017,19.962787628173828,1617.144287109375,475.41241455078125,9e24ca44cab4ed43
38.998449087142944,38.99850228,1789785083.5259361,0.051498413,19.995927810668945,1611.429931640625,475.9366455078125,c26dc944e4f7ed43
39.01846742630005,39.01851322900029,1789785083.5459545,0.044107437,20.018339157104492,1617.144287109375,476.48468017578125,9e24ca440a3eee43
39.038487672805786,39.03854784100031,1789785083.5659747,0.058412552,20.020246505737305,1617.144287109375,477.0327453613281,9e24ca443184ee43
39.058449268341064,39.058587231000274,1789785083.5859363,0.13637542724609375,19.96159553527832,1617.144287109375,477.55694580078125,9e24ca444ac7ee43
39.07844519615173,39.078496028000245,1789785083.6059322,0.049114227294921875,19.995927810668945,1617.144287109375,478.1050109863281,9e24ca44710def43
39.09849715232849,39.09855141800017,1789785083.6259842,0.052452087,20.051956176757812,1617.144287109375,478.6530456542969,9e24ca449753ef43
39.11845684051514,39.11851060400022,1789785083.6459439,0.052213669,19.959688186645508,1617.144287109375,479.1772766113281,9e24ca44b196ef43
39.13847470283508,39.138622809000026,1789785083.6659617,0.14638900756835938,20.01786231994629,1617.144287109375,479.7253112792969,9e24ca44d7dcef43
39.15847396850586,39.15853525400007,1789785083.685961,0.059604644775390625,19.999265670776367,1617.144287109375,480.2495422363281,9e24ca44f11ff043
39.17844080924988,39.178652829000384,1789785083.7059278,0.21028518676757812,19.966840744018555,1611.429931640625,480.7975769042969,c26dc9441766f043
39.19847559928894,39.198530997000034,1789785083.7259626,0.05364418,20.03479004,1611.429931640625,481.34564208984375,c26dc9443eacf043
39.218475341796875,39.21853914600024,1789785083.7459624,0.061988831,19.99974250793457,1617.144287109375,481.8698425292969,9e24ca4457eff043
39.238484621047974,39.23854746200004,1789785083.7659717,0.061273575,20.009279251098633,1617.144287109375,482.41790771484375,9e24ca447e35f143
39.25843834877014,39.25849429600021,1789785083.7859254,0.054597855,19.95372772216797,1617.144287109375,482.9421081542969,9e24ca449778f143
39.27843761444092,39.278492611000274,1789785083.8059247,0.053167343,19.999265670776367,1611.429931640625,483.49017333984375,c26dc944bebef143
39.29847598075867,39.29853118600022,1789785083.825963,0.053405762,20.038366317749023,1617.144287109375,484.0382080078125,9e24ca44e404f243
39.31845784187317,39.31860322400007,1789785083.845945,0.1437664031982422,19.981861114501953,1617.144287109375,484.56243896484375,9e24ca44fe47f243
39.338472843170166,39.33852879899996,1789785084,0.054359436,20.01500129699707,1617.144287109375,485.1104736328125,9e24ca44248ef243
39.35848045349121,39.358534299999974,1789785083.8859675,0.051975250244140625,20.007610321044922,1611.429931640625,485.65850830078125,c26dc9444ad4f243
39.37848615646362,39.378548319999936,1789785083.9059732,0.060558319091796875,20.00570297241211,1611.429931640625,486.1827392578125,c26dc9446417f343
39.39847517,39.398529728000085,1789785083.9259622,0.052928924560546875,19.98901367,1617.144287109375,486.73077392578125,9e24ca448a5df343
39.418452978134155,39.41856145100019,1789785084,0.106811523,19.977807998657227,1617.144287109375,487.2788391113281,9e24ca44b1a3f343
39.43847584724426,39.43854111900009,1789785083.965963,0.063657761,20.022869110107422,1617.144287109375,487.80303955078125,9e24ca44cae6f343
39.458431243896484,39.45848452700011,1789785083.9859183,0.051736832,19.95539665222168,1617.144287109375,488.3511047363281,9e24ca44f12cf443
39.47851371765137,39.47857554600023,1789785084.0060008,0.060319901,20.082473754882812,1617.144287109375,488.8991394042969,9e24ca441773f443
39.49843192100525,39.49848599200004,1789785084.025919,0.052452087,19.918203353881836,1617.144287109375,489.4233703613281,9e24ca4431b6f443
39.518465995788574,39.518518918000154,1789785084.045953,0.051259995,20.034074783325195,1617.144287109375,489.9714050292969,9e24ca4457fcf443
39.538469552993774,39.53853060500023,1789785084.0659566,0.059366226,20.003557205200195,1617.144287109375,490.4956359863281,9e24ca44713ff543
39.55853223800659,39.55864101299994,1789785084.0860193,0.10704994201660156,20.062685012817383,1617.144287109375,491.0436706542969,9e24ca449785f543
39.57844114303589,39.57850634700026,1789785084.1059282,0.063419342,19.908905029296875,1617.144287109375,491.59173583984375,9e24ca44becbf543
39.59843087,39.59848436600032,1789785084.125918,0.051736832,19.989728927612305,1617.144287109375,492.1159362792969,9e24ca44d70ef643
39.618447065353394,39.61853890400016,1789785084.145934,0.090122223,20.016193389892578,1622.858642578125,492.66400146484375,7adbca44fe54f643
39.63842582702637,39.63850701599995,1789785084.1659129,0.079631805,19.978761672973633,1622.858642578125,493.2120361328125,7adbca44249bf643
39.65851116,39.65857731400001,1789785084.1859982,0.064611435,20.08533477783203,1617.144287109375,493.73626708984375,9e24ca443edef643
39.678471088409424,39.67852572200036,1789785084.2059581,0.052928924560546875,19.95992660522461,1617.144287109375,494.2843017578125,9e24ca446424f743
39.698285818099976,39.69838988900028,1789785084.2257729,0.10251998901367188,19.814729690551758,1617.144287109375,494.83233642578125,9e24ca448a6af743
39.71846389770508,39.71851718700009,1789785084.245951,0.051498413,20.17807960510254,1617.144287109375,495.3565673828125,9e24ca44a4adf743
39.738476037979126,39.73854516900019,1789785084.265963,0.067472458,20.01214027404785,1617.144287109375,495.90460205078125,9e24ca44caf3f743
39.75846505,39.75851498500015,1789785084.285952,0.048398972,19.98901367,1617.144287109375,496.4526672363281,9e24ca44f139f843
39.778507471084595,39.778570412000136,1789785084.3059945,0.061511993408203125,20.04241943359375,1617.144287109375,496.97686767578125,9e24ca440a7df843
39.79842257499695,39.798475598000095,1789785084.3259096,0.051259995,19.915103912353516,1617.144287109375,497.5249328613281,9e24ca4431c3f843
39.818461656570435,39.818515006000325,1789785084.3459487,0.051736832,20.039081573486328,1617.144287109375,498.0729675292969,9e24ca445709f943
39.838462352752686,39.838525118000234,1789785084.3659494,0.061273575,20.000696182250977,1617.144287109375,498.5971984863281,9e24ca44714cf943
39.85846710205078,39.85852904500007,1789785084.3859541,0.060319901,20.004749298095703,1617.144287109375,499.1452331542969,9e24ca449792f943
39.87848901748657,39.87854026800005,1789785084.405976,0.049591064,20.021915435791016,1617.144287109375,499.69329833984375,9e24ca44bed8f943
39.898465633392334,39.89852873200016,1789785084.4259527,0.061511993408203125,19.97661590576172,1617.144287109375,500.2174987792969,9e24ca44d71bfa43
39.91842436790466,39.91847741800029,1789785084.4459114,0.051259995,19.95873451,1617.144287109375,500.76556396484375,9e24ca44fe61fa43
39.93843483924866,39.93848628900014,1789785084.4659219,0.049829483,20.01047134399414,1622.858642578125,501.2897644042969,7adbca4417a5fa43
39.95843148231506,39.95848829000033,1789785084.4859185,0.05531311,19.99664306640625,1617.144287109375,501.83782958984375,9e24ca443eebfa43
39.97850227355957,39.978565921000154,1789785084.5059893,0.061988831,20.070791244506836,1617.144287109375,502.3858642578125,9e24ca446431fb43
39.99846649169922,39.998519070000384,1789785084.5259535,0.051021575927734375,19.964218139648438,1617.144287109375,502.91009521484375,9e24ca447e74fb43
40.01849722862244,40.01855901499994,1789785084.5459843,0.060081482,20.030736923217773,1622.858642578125,503.4581298828125,7adbca44a4bafb43
40.038421630859375,40.03847786799997,1789785084.5659087,0.054597855,19.924402236938477,1622.858642578125,504.00616455078125,7adbca44ca00fc43
40.05841779708862,40.05847098000004,1789785084.5859048,0.051498413,19.996166229248047,1617.144287109375,504.5303955078125,9e24ca44e443fc43
40.07846260070801,40.07858242500015,1789785084.6059496,0.11801719665527344,20.044803619384766,1617.144287109375,505.07843017578125,9e24ca440a8afc43
40.098464488983154,40.098529019000125,1789785084.6259515,0.062942505,20.001888275146484,1617.144287109375,505.6264953613281,9e24ca4431d0fc43
40.11828088760376,40.118355112000245,1789785084.645768,0.072717667,19.81639862060547,1617.144287109375,506.15069580078125,9e24ca444a13fd43
40.1384654,40.13852068699998,1789785084.6659524,0.05364418,20.18451690673828,1617.144287109375,506.6987609863281,9e24ca447159fd43
40.158464193344116,40.15862657700018,1789785084.6859512,0.16069412231445312,19.998788833618164,1617.144287109375,507.2467956542969,9e24ca44979ffd43
40.17849826812744,40.17873802200029,1789785084.7059853,0.23794174194335938,20.034074783325195,1617.144287109375,507.7710266113281,9e24ca44b1e2fd43
40.19849729537964,40.198560541999996,1789785084.7259843,0.061511993408203125,19.999027252197266,1617.144287109375,508.3190612792969,9e24ca44d728fe43
40.218449115753174,40.21850909800014,1789785084.7459362,0.058412552,19.951820373535156,1617.144287109375,508.86712646484375,9e24ca44fe6efe43
40.23849892616272,40.23860308,1789785084.765986,0.10251998901367188,20.04981041,1617.144287109375,509.3913269042969,9e24ca4417b2fe43
40.258496046066284,40.258561248000206,1789785084.785983,0.063657761,19.997119903564453,1617.144287109375,509.93939208984375,9e24ca443ef8fe43
40.27849841117859,40.27856073000021,1789785084.8059855,0.060796738,20.002365112304688,1617.144287109375,510.4874267578125,9e24ca44643eff43
40.29841208457947,40.29846473099997,1789785084.8258991,0.051021575927734375,19.913673400878906,1617.144287109375,511.01165771484375,9e24ca447e81ff43
40.318495988845825,40.31856919500024,1789785084.845983,0.071525574,20.083904266357422,1617.144287109375,511.5596923828125,9e24ca44a4c7ff43
40.33845663070679,40.33852038100031,1789785084.8659437,0.061988831,19.960641860961914,1622.858642578125,512.0839233398438,7adbca445f050044
40.358455419540405,40.358519975000036,1789785084.8859425,0.062704086,19.998788833618164,1617.144287109375,512.6319580078125,9e24ca4472280044
40.37842822,40.37848495700018,1789785084.9059153,0.055074692,19.972801208496094,1617.144287109375,513.1799926757812,9e24ca44854b0044
40.3984158,40.39846999500014,1789785084.9259028,0.052452087,19.98758316040039,1617.144287109375,513.7042236328125,9e24ca44126d0044
40.418418407440186,40.41846964,1789785084.9459054,0.049591064,20.00260353088379,1617.144287109375,514.2522583007812,9e24ca4425900044
40.43846344947815,40.43851674,1789785084.9659505,0.051736832,20.045042037963867,1617.144287109375,514.800293,9e24ca4438b30044
40.45841431617737,40.45847003400013,1789785084.9859014,0.053882598876953125,19.95086669921875,1617.144287109375,515.3245239257812,9e24ca44c5d40044
40.478448152542114,40.478510221000306,1789785085.0059352,0.060319901,20.033836364746094,1617.144287109375,515.8725586,9e24ca44d8f70044
40.49849247932434,40.498554166000304,1789785085.0259795,0.060081482,20.044326782226562,1617.144287109375,516.4206543,9e24ca44ec1a0144
40.51842451095581,40.51854757399997,1789785085.0459116,0.12159347534179688,19.932031631469727,1617.144287109375,516.9448242,9e24ca44783c0144
40.538488149642944,40.53853435300016,1789785085.0659752,0.052690506,20.06363868713379,1617.144287109375,517.4929199,9e24ca448c5f0144
40.558488845825195,40.55858907600032,1789785085.085976,0.098466873,20.000696182250977,1617.144287109375,518.0409545898438,9e24ca449f820144
40.57845497131348,40.57855035500006,1789785085.105942,0.093698502,19.96612548828125,1617.144287109375,518.5651855,9e24ca442ca40144
40.59845257,40.59850794800013,1789785085.1259396,0.05364418,19.997596740722656,1617.144287109375,519.1132202148438,9e24ca443fc70144
40.618446350097656,40.61849976400026,1789785085.1459334,0.051736832,19.99378204345703,1617.144287109375,519.6612548828125,9e24ca4452ea0144
40.63845896720886,40.638519246000214,1789785085.165946,0.058650970458984375,20.012617111206055,1617.144287109375,520.1854858398438,9e24ca44df0b0244
40.65844655036926,40.658510062000005,1789785085.1859336,0.061988831,19.98758316040039,1622.858642578125,520.7335205078125,7adbca44f22e0244
40.67844796180725,40.67850993299999,1789785085.205935,0.060319901,20.00141143798828,1617.144287109375,521.2815551757812,9e24ca4405520244
40.698495864868164,40.698561471000176,1789785085.225983,0.064134598,20.047903060913086,1617.144287109375,521.8057861328125,9e24ca4492730244
40.718406677246094,40.71846104600036,1789785085.2458937,0.052690506,19.910812377929688,1622.858642578125,522.3538208007812,7adbca44a5960244
40.73841595649719,40.73847001000013,1789785085.265903,0.052213669,20.009279251098633,1622.858642578125,522.9018555,7adbca44b8b90244
40.75844764709473,40.75850947400022,1789785085.2859347,0.060081482,20.03169059753418,1622.858642578125,523.4499512,7adbca44ccdc0244
40.778446674346924,40.77849953000032,1789785085.3059337,0.051259995,19.999027252197266,1622.858642578125,523.9741211,7adbca4458fe0244
40.79840540885925,40.79845741999998,1789785085.3258924,0.05030632,19.95873451,1622.858642578125,524.5222168,7adbca446c210344
40.81844758987427,40.81851247700024,1789785085.3459346,0.063180923,20.04218101501465,1622.858642578125,525.0702514648438,7adbca447f440344
40.838446855545044,40.83851040300033,1789785085.365934,0.061988831,19.999265670776367,1617.144287109375,525.5944824,9e24ca440c660344
40.858445167541504,40.858507590000045,1789785085.3859322,0.060796738,19.99831199645996,1622.858642578125,526.1425170898438,7adbca441f890344
40.878440856933594,40.87850599800004,1789785085.405928,0.063419342,19.995689392089844,1622.858642578125,526.6905517578125,7adbca4432ac0344
40.89845538139343,40.89850985,1789785085.4259424,0.052928924560546875,20.014524459838867,1617.144287109375,527.2385864257812,9e24ca4445cf0344
40.91844058036804,40.918505759000254,1789785085.4459276,0.063657761,19.985198974609375,1617.144287109375,527.7628173828125,9e24ca44d2f00344
40.93844413757324,40.938507352000215,1789785085.4659312,0.061511993408203125,20.003557205200195,1622.858642578125,528.3108520507812,7adbca44e5130444
40.958484411239624,40.95854953900016,1789785085.4859715,0.063419342,20.040273666381836,1617.144287109375,528.8588867,9e24ca44f8360444
40.97844648361206,40.97851076200004,1789785085.5059335,0.062704086,19.962072372436523,1617.144287109375,529.3831176757812,9e24ca4485580444
40.99848294258118,40.998545392000324,1789785086,0.060796738,20.03645896911621,1622.858642578125,529.9311523,7adbca44987b0444
41.01847791671753,41.018539671000326,1789785085.545965,0.060081482,19.99497413635254,1617.144287109375,530.479248,9e24ca44ac9e0444
41.038477182388306,41.03853893099995,1789785085.5659642,0.060081482,19.999265670776367,1617.144287109375,531.003418,9e24ca4438c00444
41.05847954750061,41.058541246999994,1789785085.5859666,0.060081482,20.002365112304688,1622.858642578125,531.5515137,7adbca444ce30444
41.07844066619873,41.078554191999956,1789785085.6059277,0.11181831359863281,19.961118698120117,1622.858642578125,532.0995483398438,7adbca445f060544
41.09848403930664,41.09854756300001,1789785085.625971,0.061750412,20.043373107910156,1622.858642578125,532.6237793,7adbca44ec270544
41.11843705177307,41.11849960100017,1789785085.645924,0.061035156,19.953012466430664,1622.858642578125,533.1718139648438,7adbca44ff4a0544
41.13848090171814,41.13854641700027,1789785085.665968,0.063896179,20.04384994506836,1622.858642578125,533.7198486328125,7adbca44126e0544
41.15848088264465,41.15856484400001,1789785085.685968,0.082492828,19.999980926513672,1622.858642578125,534.2678833007812,7adbca4425910544
41.17854332923889,41.17874291900034,1789785085.7060304,0.19788742065429688,20.06244659423828,1622.858642578125,534.7921142578125,7adbca44b2b20544
41.19854140281677,41.19860212,1789785085.7260284,0.058889389,19.99807357788086,1622.858642578125,535.3401489257812,7adbca44c5d50544
41.21853017807007,41.21859223499996,1789785085.7460172,0.060558319091796875,19.98877525,1622.858642578125,535.8881836,7adbca44d8f80544
41.23856043815613,41.238614421999955,1789785085.7660475,0.052213669,20.03026008605957,1622.858642578125,536.4124145507812,7adbca44651a0644
41.25865387916565,41.25871694100033,1789785085.786141,0.068426132,20.093441009521484,1622.858642578125,536.9604492,7adbca44783d0644
41.278446197509766,41.27850231,1789785085.8059332,0.054359436,19.79231834411621,1622.858642578125,537.5085449,7adbca448c600644
41.298439502716064,41.29849590499998,1789785085.8259265,0.054597855,19.993305206298828,1617.144287109375,538.0327148,9e24ca4418820644
41.318421363830566,41.31862705499998,1789785085.8459084,0.2040863037109375,19.981861114501953,1617.144287109375,538.5808105,9e24ca442ca50644
41.33843255,41.33849607399998,1789785085.8659196,0.061750412,20.011186599731445,1622.858642578125,539.1288452148438,7adbca443fc80644
41.35840559005737,41.358467334000125,1789785085.8858926,0.060081482,19.973039627075195,1617.144287109375,539.6530762,9e24ca44cce90644
41.37844419,41.37851190900028,1789785085.9059312,0.066041946,20.038604736328125,1617.144287109375,540.2011108398438,9e24ca44df0c0744
41.39845347,41.39852279900015,1789785085.9259405,0.067710876,20.009279251098633,1622.858642578125,540.7491455078125,7adbca44f22f0744
41.418415784835815,41.418498892000116,1789785085.9459028,0.081539154,19.962310791015625,1622.858642578125,541.2733764648438,7adbca447f510744
41.43839478492737,41.438472301000274,1789785085.9658818,0.075817108,19.979000091552734,1617.144287109375,541.8214111328125,9e24ca4492740744
41.458444118499756,41.45850861600002,1789785085.9859312,0.062942505,20.049333572387695,1622.858642578125,542.3694458007812,7adbca44a5970744
41.47844171524048,41.47849463600005,1789785086.0059288,0.051259995,19.997596740722656,1622.858642578125,542.9174805,7adbca44b8ba0744
41.498430490493774,41.49849313699997,1789785086.0259175,0.061035156,19.98877525,1617.144287109375,543.4417114257812,9e24ca4445dc0744
41.51845169067383,41.51853958200036,1789785086.0459387,0.086307526,20.02120018005371,1617.144287109375,543.9897461,9e24ca4458ff0744
41.53840494155884,41.53846365700019,1789785086.065892,0.05698204,19.953250885009766,1617.144287109375,544.5378418,9e24ca446c220844
41.55845379829407,41.55854510200015,1789785086.0859408,0.089645386,20.048856735229492,1622.858642578125,545.0620117,7adbca44f8430844
41.57841205596924,41.57849314000032,1789785086.105899,0.079631805,19.95825768,1617.144287109375,545.6101074,9e24ca440c670844
41.598472356796265,41.59852325200018,1789785086.1259594,0.057935715,20.060300827026367,1617.144287109375,546.1581420898438,9e24ca441f8a0844
41.618428230285645,41.618480938000175,1789785086.1459153,0.051021575927734375,19.955873489379883,1622.858642578125,546.682373,7adbca44acab0844
41.63843655586243,41.63850418000038,1789785086.1659236,0.066041946,20.008325576782227,1622.858642578125,547.2304077148438,7adbca44bfce0844
41.658427000045776,41.65848790300015,1789785086.185914,0.059127808,19.99044418334961,1617.144287109375,547.7784423828125,9e24ca44d2f10844
41.678396701812744,41.67845371900012,1789785086.2058837,0.055551529,19.969701766967773,1622.858642578125,548.3264770507812,7adbca44e5140944
41.69838833808899,41.698441794000246,1789785086.2258754,0.051736832,19.991636276245117,1622.858642578125,548.8507080078125,7adbca4472360944
41.71843218803406,41.71848525800033,1789785086.2459192,0.051498413,20.04384994506836,1617.144287109375,549.3987426757812,9e24ca4485590944
41.73839307,41.73844838800005,1789785086,0.05364418,19.960880279541016,1622.858642578125,549.9467773,7adbca44987c0944
41.75846719741821,41.758529722000276,1789785086.2859542,0.061035156,20.074129104614258,1622.858642578125,550.4710083007812,7adbca44259e0944
41.77846574783325,41.77852777900034,1789785086.3059528,0.060319901,19.998550415039062,1622.858642578125,551.019043,7adbca4438c10944
41.798423528671265,41.79848764999997,1789785086.3259106,0.062465667724609375,19.957780838012695,1622.858642578125,551.5671387,7adbca444ce40944
41.818381786346436,41.81843674300035,1789785086.3458688,0.053167343,19.95825768,1622.858642578125,552.0913086,7adbca44d8050a44
41.83842444419861,41.83848630000011,1789785086.3659115,0.060319901,20.04265785217285,1622.858642578125,552.6394043,7adbca44ec280a44
41.85846424102783,41.85852702300008,1789785086.3859513,0.061035156,20.039796829223633,1622.858642578125,553.1874389648438,7adbca44ff4b0a44
41.87838363647461,41.87843489400029,1789785086.4058707,0.049591064,19.919395446777344,1622.858642578125,553.7116699,7adbca448c6d0a44
41.898391008377075,41.89844593199996,1789785086.425878,0.053167343,20.00737190246582,1622.858642578125,554.2597045898438,7adbca449f900a44
41.91838788986206,41.91844113700017,1789785086.445875,0.051736832,19.99688148498535,1622.858642578125,554.8077392578125,7adbca44b2b30a44
41.93846106529236,41.93852260099993,1789785086.465948,0.059843063,20.07317543029785,1617.144287109375,555.3319702148438,9e24ca443fd50a44
41.95842266082764,41.95848480500035,1789785086.4859097,0.060558319091796875,19.96159553527832,1622.858642578125,555.8800048828125,7adbca4452f80a44
41.97842478752136,41.978475603000334,1789785086.5059118,0.049114227294921875,20.002126693725586,1622.858642578125,556.4280395507812,7adbca44651b0b44
41.99839496612549,41.99845001099993,1789785086.525882,0.053405762,19.970178604125977,1617.144287109375,556.9522705078125,9e24ca44f23c0b44
42.01852202415466,42.019220495000354,1789785086.546009,0.6976127624511719,20.127058029174805,1628.5728759765625,557.5479736328125,5592cb4412630b44
42.03844618797302,42.03857879099996,1789785086.5659332,0.1308917999267578,19.924163818359375,1628.5728759765625,558.1674805,5592cb44b88a0b44
42.05842900276184,42.05850879100035,1789785086.585916,0.078201294,19.98281478881836,1651.429931640625,558.7870483398438,c26dce445fb20b44
42.078420639038086,42.078567422000106,1789785086.6059077,0.14519691467285156,19.991636276245117,1685.7156982421875,559.4065551757812,e7b6d24405da0b44
42.09842014312744,42.098472034000224,1789785086.6259072,0.05030632,19.99950408935547,1685.7156982421875,560.0499267578125,e7b6d24432030c44
42.11846852302551,42.11853090500017,1789785086.6459556,0.060796738,20.04837989807129,1720.001465,560.6694336,0c00d744d82a0c44
42.13843083381653,42.13849192500038,1789785086.6659179,0.059366226,19.962310791015625,1720.001465,561.3128051757812,0c00d74405540c44
42.15845608711243,42.15858392600012,1789785086.6859431,0.12612342834472656,20.025253295898438,1754.2872314453125,561.932373,3149db44ac7b0c44
42.178459882736206,42.17852416699998,1789785086.705947,0.062704086,20.003795623779297,1794.2872314453125,562.5756836,3149e044d8a40c44
42.19845700263977,42.19851972400011,1789785086.725944,0.061035156,19.997119903564453,1794.2872314453125,563.1952514648438,3149e0447fcc0c44
42.21842098236084,42.21847676100015,1789785086.745908,0.054121017,19.963979721069336,1822.858642578125,563.838623,7adbe344acf50c44
42.23839044570923,42.23844418800036,1789785086.7658775,0.051975250244140625,19.969463348388672,1857.144287109375,564.4581298828125,9e24e844521d0d44
42.25841975212097,42.25847515,1789785086.7859068,0.05364418,20.029306411743164,1857.144287109375,565.1015014648438,9e24e8447f460d44
42.27845597267151,42.278518542000256,1789785086.805943,0.061035156,20.03622055053711,1885.7156982421875,565.7210083007812,e7b6eb44256e0d44
42.29837346076965,42.29842658000007,1789785086.8258605,0.051498413,19.91748809814453,1891.4300537109375,566.3405762,c36dec44cc950d44
42.3184495,42.31857734000005,1789785086.8459365,0.12636184692382812,20.07603645324707,1891.4300537109375,566.9838867,c36dec44f8be0d44
42.338460206985474,42.33852491500011,1789785086.8659472,0.063180923,20.010709762573242,1891.4300537109375,567.6272583007812,c36dec4425e80d44
42.35841655731201,42.35846993400037,1789785086.8859036,0.051736832,19.956350326538086,1891.430176,568.2468262,c46dec44cc0f0e44
42.37837505340576,42.3784346,1789785086.905862,0.057935715,19.95849609,1891.430176,568.8663330078125,c46dec4472370e44
42.39845156669617,42.398511103000146,1789785086.9259386,0.057935715,20.076513290405273,1891.4300537109375,569.5097045898438,c36dec449f600e44
42.41838192939758,42.41843514100037,1789785086.945869,0.051498413,19.930362701416016,1891.4300537109375,570.1292114257812,c36dec4445880e44
42.43841361999512,42.43846645600024,1789785086.9659007,0.051021575927734375,20.03169059753418,1885.71582,570.7725830078125,e8b6eb4472b10e44
42.458374977111816,42.45842410500018,1789785086.985862,0.047445297,19.96135711669922,1885.7156982421875,571.3920898,e7b6eb4418d90e44
42.47838568687439,42.47843779100003,1789785087.0058727,0.05030632,20.010709762573242,1885.7156982421875,572.0354614257812,e7b6eb4445020f44
42.49840974807739,42.498467904000336,1789785087.0258968,0.056505203,20.02406120300293,1891.4300537109375,572.6550293,c36dec44ec290f44
42.51839876174927,42.51847731199996,1789785087.0458858,0.077009201,19.98901367,1885.71582,573.2983398,e8b6eb4418530f44
42.53837704658508,42.538435072000084,1789785087.065864,0.056505203,19.97828483581543,1885.71582,573.9179077148438,e8b6eb44bf7a0f44
42.55846977233887,42.55856762900021,1789785087.0859568,0.096321106,20.09272575378418,1891.4300537109375,574.5612793,c36dec44eca30f44
42.578388929367065,42.57845616600025,1789785087.105876,0.065565109,19.919157028198242,1891.4300537109375,575.1807861328125,c36dec4492cb0f44
42.59837532043457,42.598430075000124,1789785087.1258624,0.052928924560546875,19.986391067504883,1891.4300537109375,575.8241577148438,c36dec44bff40f44
42.618398904800415,42.61852263100036,1789785087.145886,0.122070313,20.023584365844727,1891.430176,576.4436645507812,c46dec44651c1044
42.63845610618591,42.63850711400028,1789785087.1659431,0.049352646,20.057201385498047,1891.430176,577.0870361328125,c46dec4492451044
42.65845227241516,42.65851796600009,1789785087.1859393,0.064134598,19.996166229248047,1891.4300537109375,577.706543,c36dec44386d1044
42.67836880683899,42.67842322600018,1789785087.2058558,0.052690506,19.916534423828125,1891.4300537109375,578.3499145507812,c36dec4465961044
42.69844913482666,42.698510505000286,1789785087.2259362,0.059604644775390625,20.08032799,1891.4300537109375,578.9694824,c36dec440cbe1044
42.71836853027344,42.71842052400007,1789785087.2458556,0.05030632,19.919395446777344,1897.1444091796875,579.612793,9f24ed4438e71044
42.73838186264038,42.73843686,1789785087.265869,0.053405762,20.01333236694336,1891.430176,580.2323608398438,c46dec44df0e1144
42.758445739746094,42.75850880400003,1789785087.2859328,0.061511993408203125,20.06387710571289,1891.430176,580.8757324,c46dec440c381144
42.77840876579285,42.77846221200025,1789785087.3058958,0.051736832,19.96302604675293,1897.1444091796875,581.4952392578125,9f24ed44b25f1144
42.79823541641235,42.79830277,1789785087.3257225,0.065803528,19.826650619506836,1891.430176,582.1386108398438,c46dec44df881144
42.81836700439453,42.81842184400011,1789785087.345854,0.053167343,20.131587982177734,1891.430176,582.7581176757812,c46dec4485b01144
42.83836913108826,42.83842176999997,1789785087.3658562,0.051021575927734375,20.002126693725586,1891.4300537109375,583.4014892578125,c36dec44b2d91144
42.85844326019287,42.85850521600014,1789785087.3859303,0.060319901,20.074129104614258,1891.430176,584.0209961,c46dec4458011244
42.878405809402466,42.87845297600006,1789785087.4058928,0.045537949,19.962549209594727,1891.430176,584.6643676757812,c46dec44852a1244
42.898406744003296,42.89846088400009,1789785087.4258938,0.052690506,20.000934600830078,1891.4300537109375,585.2839355,c36dec442c521244
42.91836190223694,42.91841542200018,1789785087.445849,0.051975250244140625,19.955158233642578,1891.4300537109375,585.9272461,c36dec44587b1244
42.93844556808472,42.93850670100028,1789785087.4659326,0.059604644775390625,20.08366584777832,1897.1444091796875,586.5468139648438,9f24ed44ffa21244
42.958362102508545,42.958416480000324,1789785087.4858491,0.052690506,19.916534423828125,1891.430176,587.1663208007812,c46dec44a5ca1244
42.978363275527954,42.97841577700001,1789785087.5058503,0.050783157,20.00117301940918,1891.430176,587.8096923828125,c46dec44d2f31244
42.99836015701294,42.99841244400022,1789785087.5258472,0.050544739,19.99688148498535,1891.4300537109375,588.4291992,c36dec44781b1344
43.018439531326294,43.01850083399995,1789785087.5459266,0.059843063,20.079374313354492,1891.430176,589.0725708007812,c46dec44a5441344
43.03840351104736,43.03845627999999,1789785087.5658906,0.051259995,19.963979721069336,1891.430176,589.6921387,c46dec444c6c1344
43.05835795402527,43.058410817000095,1789785087.585845,0.051259995,19.954442977905273,1891.4300537109375,590.3354492,c36dec4478951344
43.07840109,43.07851315200014,1789785087.6058881,0.11038780212402344,20.043134689331055,1891.4300537109375,590.9550170898438,c36dec441fbd1344
43.09839940071106,43.098453226999936,1789785087.6258864,0.052213669,19.99831199645996,1891.4300537109375,591.5983887,c36dec444ce61344
43.118403911590576,43.11845772800007,1789785087.645891,0.051975250244140625,20.00451088,1891.430176,592.2178955078125,c46dec44f20d1444
43.13839864730835,43.13845454300008,1789785087.6658857,0.054359436,19.994735717773438,1891.430176,592.8612670898438,c46dec441f371444
43.15843152999878,43.158568692000244,1789785087.6859186,0.13566017150878906,20.032882690429688,1891.4300537109375,593.4807739257812,c36dec44c55e1444
43.17835569381714,43.178417063000325,1789785087.7058427,0.059604644775390625,19.924163818359375,1885.71582,594.1241455078125,e8b6eb44f2871444
43.19836187362671,43.19842765700014,1789785087.725849,0.064134598,20.006179809570312,1885.71582,594.7436523,e8b6eb4498af1444
43.21838736534119,43.218513565000194,1789785087.7458744,0.12445449829101562,20.02549171447754,1891.4300537109375,595.3870239257812,c36dec44c5d81444
43.23843955993652,43.238506400000006,1789785087.7659266,0.065326691,20.052194595336914,1891.4300537109375,596.0065918,c36dec446c001544
43.258402824401855,43.258466752000004,1789785087.7858899,0.062227249,19.96326446533203,1891.4300537109375,596.6499023,c36dec4498291544
43.27839922904968,43.27846464200002,1789785087.8058863,0.063657761,19.99640464782715,1891.430176,597.2694702148438,c46dec443f511544
43.29835748672485,43.298411328000384,1789785087.8258445,0.052213669,19.95825768,1891.4300537109375,597.9128418,c36dec446c7a1544
43.31842231750488,43.31855286600012,1789785087.8459094,0.1289844512939453,20.064830780029297,1891.4300537109375,598.5561523,c36dec4498a31544
43.33839440345764,43.33845540400034,1789785087.8658814,0.059366226,19.97208595275879,1897.1444091796875,599.1757202148438,9f24ed443fcb1544
43.35844039916992,43.35850273799997,1789785087.8859274,0.060558319091796875,20.045995712280273,1891.430176,599.7952270507812,c46dec44e5f21544
43.37822222709656,43.37833055400006,1789785087.9057093,0.10704994201660156,19.781827926635742,1891.430176,600.4385986328125,c46dec44121c1644
43.3983953,43.39845840700036,1789785087.9258823,0.061511993408203125,20.173072814941406,1897.1444091796875,601.0819702148438,9f24ed443f451644
43.418397188186646,43.41846170400004,1789785087.9458842,0.062942505,20.001888275146484,1897.1444091796875,601.7014770507812,9f24ed44e56c1644
43.43839931488037,43.43846185300026,1789785087.9658864,0.060796738,20.002126693725586,1897.1444091796875,602.3448486328125,9f24ed4412961644
43.45839071273804,43.45844424300003,1789785087.9858778,0.051975250244140625,19.991397857666016,1897.144531,602.9643555,a024ed44b8bd1644
43.47835874557495,43.47841872500021,1789785088.0058458,0.058412552,19.968032836914062,1897.144531,603.6077270507812,a024ed44e5e61644
43.49843740463257,43.49850202200014,1789785088.0259244,0.062942505,20.078659057617188,1897.1444091796875,604.2272949,9f24ed448c0e1744
43.518415451049805,43.51849430100037,1789785088.0459025,0.07724762,19.978046417236328,1891.430176,604.8706055,c46dec44b8371744
43.53839588165283,43.53846096899997,1789785088.065883,0.063419342,19.980430603027344,1891.430176,605.4901733398438,c46dec445f5f1744
43.558369398117065,43.55842302500014,1789785088.0858564,0.051975250244140625,19.97351646,1897.1444091796875,606.1335449,9f24ed448c881744
43.57841372489929,43.57850274800012,1789785088.1059008,0.0872612,20.044326782226562,1891.430176,606.7530517578125,c46dec4432b01744
43.59843206,43.59849613799997,1789785088.125919,0.062227249,20.018339157104492,1891.430176,607.3964233398438,c46dec445fd91744
43.61842942237854,43.618492102000346,1789785088.1459165,0.061035156,19.997358322143555,1897.1444091796875,608.0159301757812,9f24ed4405011844
43.63835167884827,43.63840788000016,1789785088.1658387,0.054597855,19.922256469726562,1897.1444091796875,608.6593017578125,9f24ed44322a1844
43.658390283584595,43.65845466,1789785088.1858773,0.062704086,20.038604736328125,1891.430176,609.2788086,c46dec44d8511844
43.67840909957886,43.67852206800035,1789785088.2058961,0.11134147644042969,20.018815994262695,1897.1444091796875,609.9221801757812,9f24ed44057b1844
43.698410987854004,43.698454439000216,1789785088.225898,0.041723251,20.001888275146484,1897.1444091796875,610.541748,9f24ed44aca21844
43.718390703201294,43.71845488400004,1789785088.2458777,0.062465667724609375,19.97971534729004,1891.430176,611.1850586,c46dec44d8cb1844
43.738396644592285,43.73846305200004,1789785088.2658837,0.064849854,20.00594139099121,1891.4300537109375,611.8046264648438,c36dec447ff31844
43.75839114189148,43.75845684900014,1789785088.2858782,0.064134598,19.994497299194336,1891.4300537109375,612.447998,c36dec44ac1c1944
43.77843117713928,43.77849685000001,1789785088.3059182,0.063896179,20.040035247802734,1897.1444091796875,613.0675048828125,9f24ed4452441944
43.79835295677185,43.79841083200017,1789785088,0.056266785,19.92177963256836,1891.430176,613.7108764648438,c46dec447f6d1944
43.81839036941528,43.81855949999999,1789785088.3458774,0.16760826110839844,20.037412643432617,1891.430176,614.3303833007812,c46dec4425951944
43.83842945098877,43.838493925999956,1789785088.3659165,0.062942505,20.039081573486328,1897.1444091796875,614.9737548828125,9f24ed4452be1944
43.85842466,43.858487890000106,1789785088.3859117,0.061511993408203125,19.99521255493164,1891.430176,615.5932617,c46dec44f8e51944
43.878347396850586,43.87840642800029,1789785088.4058344,0.057458878,19.922733306884766,1891.430176,616.2366333007812,c46dec44250f1a44
43.89834666252136,43.898400373000186,1789785088.4258337,0.051975250244140625,19.999265670776367,1897.1444091796875,616.8562012,9f24ed44cc361a44
43.91838479042053,43.918448171000364,1789785088.4458718,0.061750412,20.038127899169922,1897.1444091796875,617.4995117,9f24ed44f85f1a44
43.93834590911865,43.93839561599998,1789785088.465833,0.048160552978515625,19.961118698120117,1891.430176,618.1190795898438,c46dec449f871a44
43.95842195,43.95848454299994,1789785088.485909,0.061035156,20.07603645324707,1891.4300537109375,618.7624512,c36dec44ccb01a44
43.97838735580444,43.97844006200012,1789785088.5058744,0.051021575927734375,19.965410232543945,1891.4300537109375,619.3819580078125,c36dec4472d81a44
43.998388051986694,43.99845137800003,1789785088.525875,0.061750412,20.000696182250977,1897.1444091796875,620.0253295898438,9f24ed449f011b44
44.01834034919739,44.01839334200031,1789785088.5458274,0.051498413,19.95229721069336,1891.430176,620.6687012,c46dec44cc2a1b44
44.03837966918945,44.038432750000084,1789785088.5658667,0.051498413,20.03931999206543,1891.430176,621.2882080078125,c46dec4472521b44
44.058419704437256,44.058495843999935,1789785088.5859067,0.081777573,20.040035247802734,1897.1444091796875,621.9315795898438,9f24ed449f7b1b44
44.078341484069824,44.07845399300004,1789785088.6058285,0.11086463928222656,19.92177963256836,1891.430176,622.5510864257812,c46dec4445a31b44
44.098384857177734,44.09843843800036,1789785088.625872,0.051975250244140625,20.043373107910156,1891.430176,623.1944580078125,c46dec4472cc1b44
44.11842131614685,44.11848344,1789785088.6459084,0.060558319091796875,20.03645896911621,1897.1444091796875,623.8139648,9f24ed4418f41b44
44.138344049453735,44.13840101400001,1789785088.665831,0.05531311,19.922733306884766,1897.1444091796875,624.4573364257812,9f24ed44451d1c44
44.158387184143066,44.15849631100036,1789785088.6858742,0.10752677917480469,20.043134689331055,1891.430176,625.0769043,c46dec44ec441c44
44.17841935157776,44.17848314499997,1789785088.7059064,0.062227249,20.032167434692383,1891.4300537109375,625.7202148,c36dec44186e1c44
44.19838047027588,44.19844457199997,1789785088.7258675,0.062465667724609375,19.961118698120117,1891.4300537109375,626.3397827148438,c36dec44bf951c44
44.21838092803955,44.218444147000355,1789785088.745868,0.061511993408203125,20.000457763671875,1897.1444091796875,626.9831543,9f24ed44ecbe1c44
44.23833990097046,44.238393648000056,1789785088.765827,0.052213669,19.958972930908203,1891.430176,627.6026611328125,c46dec4492e61c44
44.25838279724121,44.258444297000096,1789785088.7858698,0.059843063,20.042896270751953,1891.430176,628.2460327148438,c46dec44bf0f1d44
44.27838110923767,44.278443742000036,1789785088.8058681,0.061035156,19.99831199645996,1891.4300537109375,628.8655395507812,c36dec4465371d44
44.29841399,44.29847572500012,1789785088.825901,0.060081482,20.032882690429688,1891.430176,629.5089111328125,c46dec4492601d44
44.31834101676941,44.31839424400005,1789785088.845828,0.051498413,19.927024841308594,1891.430176,630.128418,c46dec4438881d44
44.338340044021606,44.33842252300019,1789785088.865827,0.080823898,19.999027252197266,1897.1444091796875,630.7717895507812,9f24ed4465b11d44
44.358378171920776,44.35844139400024,1789785088.8858652,0.061750412,20.038127899169922,1891.430176,631.3913574,c46dec440cd91d44
44.378376483917236,44.37844221000023,1789785088.9058635,0.064134598,19.99831199645996,1891.430176,632.034668,c46dec4438021e44
44.39841628074646,44.398481229000026,1789785088.9259033,0.063180923,20.039796829223633,1891.4300537109375,632.6542358398438,c36dec44df291e44
44.418513774871826,44.41859773000033,1789785088.9460008,0.08225441,20.09749412536621,1891.4300537109375,633.2976074,c36dec440c531e44
44.43837642669678,44.43841391600017,1789785088.9658635,0.035762786865234375,19.862651824951172,1897.1444091796875,633.9171142578125,9f24ed44b27a1e44
44.45842790603638,44.45846529,1789785088.985915,0.035762786865234375,20.05147933959961,1891.430176,634.5604858398438,c46dec44dfa31e44
44.478583335876465,44.47862041799999,1789785089.0060704,0.035524368,20.15542984008789,1891.430176,635.1799926757812,c46dec4485cb1e44
44.49852466583252,44.498561345000326,1789785089.0260117,0.035047531,19.941329956054688,1897.1444091796875,635.8233642578125,9f24ed44b2f41e44
44.518341302871704,44.518381734000286,1789785089.0458283,0.038623809814453125,19.81663703918457,1897.1444091796875,636.4428711,9f24ed44581c1f44
44.538334369659424,44.53838077199998,1789785089.0658214,0.044822693,19.993066787719727,1897.1444091796875,637.0862426757812,9f24ed4485451f44
44.55833864212036,44.55838027300024,1789785089.0858257,0.040054321,20.00427246,1891.430176,637.7058105,c46dec442c6d1f44
44.57837438583374,44.57845147800026,1789785089.1058614,0.07557869,20.035743713378906,1891.430176,638.3491211,c46dec4458961f44
44.59836817,44.598404868000216,1789785089.1258552,0.035047531,19.99378204345703,1891.430176,638.9686889648438,c46dec44ffbd1f44
44.61838936805725,44.61844598000016,1789785089.1458764,0.054836273193359375,20.02120018005371,1891.4300537109375,639.6120605,c36dec442ce71f44
44.63833403587341,44.638379387999976,1789785089.165821,0.043869019,19.94466781616211,1891.4300537109375,640.2315673828125,c36dec44d20e2044
44.65832996368408,44.65836939,1789785089.185817,0.037670135498046875,19.995927810668945,1891.4300537109375,640.8749389648438,c36dec44ff372044
44.67837309837341,44.67841014900023,1789785089.2058601,0.03528595,20.043134689331055,1891.430176,641.4944458007812,c46dec44a55f2044
44.69837451,44.69841307600018,1789785089.2258615,0.03695488,20.00141143798828,1891.430176,642.1378173828125,c46dec44d2882044
44.718369483947754,44.71840636,1789785089.2458565,0.03528595,19.99497413635254,1891.4300537109375,642.7573242,c36dec4478b02044
44.738372564315796,44.738410578000185,1789785089.2658596,0.036239624,20.003080368041992,1891.430176,643.4006958007812,c46dec44a5d92044
44.75840497016907,44.758446560000266,1789785089.285892,0.040054321,20.032405853271484,1891.430176,644.0202637,c46dec444c012144
44.77834510803223,44.77839396800027,1789785089.3058321,0.047445297,19.94013786315918,1891.4300537109375,644.6397705078125,c36dec44f2282144
44.79833102226257,44.798372265000125,1789785089.325818,0.039577484130859375,19.98591423034668,1891.4300537109375,645.2831420898438,c36dec441f522144
44.81833004951477,44.818372340000224,1789785089.345817,0.040769577,19.999027252197266,1891.4300537109375,645.9026489257812,c36dec44c5792144
44.838327407836914,44.83836345200007,1789785089.3658144,0.034332275,19.997358322143555,1891.430176,646.5460205078125,c46dec44f2a22144
44.858360290527344,44.85839586100019,1789785089.3858473,0.034093857,20.032882690429688,1891.4300537109375,647.1655273,c36dec4498ca2144
44.87833070755005,44.87837521400024,1789785089.4058177,0.042915344,19.970417022705078,1891.4300537109375,647.8088989257812,c36dec44c5f32144
44.89832639694214,44.89836307,1789785089.4258134,0.035047531,19.995689392089844,1891.4300537109375,648.4284668,c36dec446c1b2244
44.918328523635864,44.918365586000164,1789785089.4458156,0.03528595,20.002126693725586,1891.4300537109375,649.0717773,c36dec4498442244
44.938361167907715,44.938396364000255,1789785089.4658482,0.033378601,20.032644271850586,1891.430176,649.6913452148438,c46dec443f6c2244
44.95836853981018,44.95841025400023,1789785089.4858556,0.040054321,20.00737190246582,1891.4300537109375,650.3347168,c36dec446c952244
44.97840738296509,44.97844357000031,1789785089.5058944,0.034570694,20.038843154907227,1891.4300537109375,650.9542236328125,c36dec4412bd2244
44.99832367897034,44.998359515000175,1789785089.5258107,0.034332275,19.916296005249023,1885.71582,651.5975952148438,e8b6eb443fe62244
45.018363,45.01840197900037,1789785090,0.037431717,20.03931999206543,1891.4300537109375,652.2171020507812,c36dec44e50d2344
45.03832244873047,45.03837251699997,1789785089.5658095,0.048398972,19.959449768066406,1891.4300537109375,652.8366699,c36dec448c352344
45.058404207229614,45.05844237000019,1789785089.5858912,0.036478043,20.081758499145508,1891.4300537109375,653.4799805,c36dec44b85e2344
45.07832336425781,45.07840901899999,1789785089.6058104,0.08392334,19.919157028198242,1885.71582,654.0995483398438,e8b6eb445f862344
45.098323583602905,45.09836309399998,1789785089.6258106,0.037908554,20.000219345092773,1885.71582,654.7429199,e8b6eb448caf2344
45.118324518203735,45.11836105800012,1789785089.6458116,0.035047531,20.000934600830078,1891.4300537109375,655.3624267578125,c36dec4432d72344
45.13840293884277,45.13844522499994,1789785090,0.040769577,20.078420639038086,1891.4300537109375,656.0057983398438,c36dec445f002444
45.15839076042175,45.15848372600021,1789785089.6858778,0.091314316,19.987821578979492,1891.4300537109375,656.6253051757812,c36dec4405282444
45.17818260192871,45.17823643,1789785089.7056696,0.052213669,19.791841506958008,1891.430176,657.2686767578125,c46dec4432512444
45.19832181930542,45.19844989500007,1789785089.7258089,0.1266002655029297,20.139217376708984,1891.430176,657.8881836,c46dec44d8782444
45.21836256980896,45.218399451000096,1789785089.7458496,0.03528595,20.04075050354004,1891.4300537109375,658.5315551757812,c36dec4405a22444
45.238320112228394,45.238355988999956,1789785089.7658072,0.034332275,19.957542419433594,1891.4300537109375,659.151123,c36dec44acc92444
45.25832438468933,45.25836363799999,1789785089.7858114,0.037670135498046875,20.00427246,1891.4300537109375,659.7944336,c36dec44d8f22444
45.27835488319397,45.27839245400037,1789785089.805842,0.035762786865234375,20.030498504638672,1891.430176,660.4140014648438,c46dec447f1a2544
45.298357009887695,45.29839297300032,1789785089.825844,0.034332275,20.002126693725586,1891.4300537109375,661.057373,c36dec44ac432544
45.31831479072571,45.318350233000274,1789785089.8458018,0.03361702,19.957780838012695,1891.4300537109375,661.6768798828125,c36dec44526b2544
45.33835482597351,45.33847391900008,1789785089.8658419,0.11754035949707031,20.040035247802734,1891.4300537109375,662.2963867,c36dec44f8922544
45.358317136764526,45.358359328000006,1789785089.8858042,0.040531158447265625,19.962310791015625,1891.430176,662.9397583007812,c46dec4425bc2544
45.378315925598145,45.37836006900034,1789785089.905803,0.042438507080078125,19.998788833618164,1891.430176,663.5593262,c46dec44cce32544
45.398313760757446,45.39835171799996,1789785089.9258008,0.036239624,19.997835159301758,1891.4300537109375,664.2026367,c36dec44f80c2644
45.418373584747314,45.41841613,1789785089.9458606,0.041007996,20.059823989868164,1891.4300537109375,664.8222045898438,c36dec449f342644
45.43831157684326,45.438350146000175,1789785089.9657986,0.03695488,19.937992095947266,1885.71582,665.4655762,e8b6eb44cc5d2644
45.45835638046265,45.45839355399994,1789785089.9858434,0.035524368,20.044803619384766,1891.4300537109375,666.0850830078125,c36dec4472852644
45.47831320762634,45.47835146300031,1789785090.0058002,0.036478043,19.95682716369629,1891.4300537109375,666.7284545898438,c36dec449fae2644
45.498356342315674,45.498395297000116,1789785090.0258434,0.037193298,20.043134689331055,1891.4300537109375,667.3479614257812,c36dec4445d62644
45.51836872,45.518410038000184,1789785090.0458558,0.039577484130859375,20.012378692626953,1885.71582,667.9913330078125,e8b6eb4472ff2644
45.538350343704224,45.53838866900014,1789785090.0658374,0.036716461181640625,19.98162269592285,1885.71582,668.6108398,e8b6eb4418272744
45.558318853378296,45.55836237400035,1789785090.085806,0.04196167,19.968509674072266,1891.4300537109375,669.2542114257812,c36dec4445502744
45.57841706,45.57848580100017,1789785090.105904,0.066995621,20.098209381103516,1891.4300537109375,669.8737793,c36dec44ec772744
45.598387002944946,45.598422616000335,1789785090.125874,0.033855438232421875,19.969940185546875,1891.4300537109375,670.5170898,c36dec4418a12744
45.61831259727478,45.61834985800033,1789785090.1457996,0.035524368,19.925594329833984,1891.430176,671.1366577148438,c46dec44bfc82744
45.63830876350403,45.63834391399996,1789785090.1657958,0.03361702,19.996166229248047,1891.430176,671.7800293,c46dec44ecf12744
45.658350467681885,45.65839174800021,1789785090.1858375,0.039815903,20.041704177856445,1891.4300537109375,672.3995361328125,c36dec4492192844
45.67834734916687,45.678386416000194,1789785090.2058344,0.037431717,19.99688148498535,1891.4300537109375,673.0429077148438,c36dec44bf422844
45.69835090637207,45.69838702800007,1789785090.225838,0.034332275,20.003557205200195,1891.4300537109375,673.6624145507812,c36dec44656a2844
45.71834874153137,45.71838508400015,1789785090.2458358,0.034570694,19.997835159301758,1891.430176,674.3057861328125,c46dec4492932844
45.738325357437134,45.73836630799997,1789785090.2658124,0.039339066,19.97661590576172,1891.4300537109375,674.925293,c36dec4438bb2844
45.758315563201904,45.75835736399995,1789785090.2858026,0.04029274,19.990205764770508,1891.4300537109375,675.5686645507812,c36dec4465e42844
45.778393268585205,45.77843549499994,1789785090.3058803,0.040769577,20.07770538330078,1897.1444091796875,676.1882324,9f24ed440c0c2944
45.798317193984985,45.79835648,1789785090.3258042,0.037670135498046875,19.923925399780273,1891.430176,676.831543,c46dec4438352944
45.81830978393555,45.818348199999946,1789785090.3457968,0.036716461181640625,19.992589950561523,1891.430176,677.4511108398438,c46dec44df5c2944
45.83838486671448,45.83842457100036,1789785090.365872,0.038146973,20.075082778930664,1897.1444091796875,678.0944824,9f24ed440c862944
45.85834717750549,45.85838723899997,1789785090.3858342,0.038385391,19.962310791015625,1891.430176,678.7139892578125,c46dec44b2ad2944
45.87834811210632,45.87839724000014,1789785090.4058352,0.047445297,20.000934600830078,1891.430176,679.3573608398438,c46dec44dfd62944
45.898311376571655,45.89834983300034,1789785090.4257984,0.03695488,19.96326446533203,1891.4300537109375,679.9768676757812,c36dec4485fe2944
45.91830587387085,45.9183443,1789785090.445793,0.036716461181640625,19.994497299194336,1891.4300537109375,680.6202392578125,c36dec44b2272a44
45.938387393951416,45.93842839100034,1789785090.4658744,0.039339066,20.081520080566406,1897.1444091796875,681.2397461,9f24ed44584f2a44
45.958211183547974,45.95827326200015,1789785090.4856982,0.060796738,19.823789596557617,1891.430176,681.8593139648438,c46dec44ff762a44
45.978347063064575,45.978387707000365,1789785090.505834,0.039100647,20.135879516601562,1891.430176,682.5026855,c46dec442ca02a44
45.99834632873535,45.998385060000146,1789785090.5258334,0.03695488,19.999265670776367,1891.4300537109375,683.1459961,c36dec4458c92a44
46.01838278770447,46.01842109800009,1789785090.5458698,0.036716461181640625,20.03645896911621,1891.430176,683.7655639648438,c46dec44fff02a44
46.03839159011841,46.03843161700024,1789785090.5658786,0.038623809814453125,20.00880241394043,1891.430176,684.4089355,c46dec442c1a2b44
46.05834508,46.058384822000335,1789785090.585832,0.037908554,19.953489303588867,1891.4300537109375,685.0284423828125,c36dec44d2412b44
46.07838821411133,46.07842726700028,1789785090.6058753,0.037431717,20.043134689331055,1885.71582,685.6718139648438,e8b6eb44ff6a2b44
46.09830427,46.09838906,1789785090.6257913,0.083208084,19.916057586669922,1885.71582,686.2913208007812,e8b6eb44a5922b44
46.118300914764404,46.11833991699996,1789785090.645788,0.037431717,19.99664306640625,1891.4300537109375,686.9346923828125,c36dec44d2bb2b44
46.138344526290894,46.13838482500023,1789785090.6658316,0.038862228,20.043611526489258,1891.4300537109375,687.5541992,c36dec4478e32b44
46.15834379196167,46.15838483,1789785090.6858308,0.039577484130859375,19.999265670776367,1897.1444091796875,688.1975708007812,9f24ed44a50c2c44
46.17834210395813,46.17844342000035,1789785090.7058291,0.099658966,19.99831199645996,1891.430176,688.8171387,c46dec444c342c44
46.19829845428467,46.19833795800014,1789785090.7257855,0.037670135498046875,19.956350326538086,1891.430176,689.4604492,c46dec44785d2c44
46.21834111213684,46.21837971800005,1789785090.7458282,0.03695488,20.04265785217285,1891.4300537109375,690.0800170898438,c36dec441f852c44
46.23833107948303,46.238369478000095,1789785090.765818,0.036716461181640625,19.989967346191406,1897.1444091796875,690.7233887,9f24ed444cae2c44
46.25829887390137,46.258341034000296,1789785090.785786,0.040531158447265625,19.96779441833496,1897.1444091796875,691.3428955078125,9f24ed44f2d52c44
46.27834939956665,46.27838975800023,1789785090.8058364,0.038862228,20.050525665283203,1891.430176,691.9862670898438,c46dec441fff2c44
46.298301696777344,46.29834044400013,1789785090.8257887,0.03695488,19.95229721069336,1897.1444091796875,692.6057739257812,9f24ed44c5262d44
46.318337202072144,46.318375667000055,1789785090.8458242,0.03695488,20.035505294799805,1897.1444091796875,693.2491455078125,9f24ed44f24f2d44
46.33816075325012,46.33824622300017,1789785090.8656478,0.084161758,19.823551177978516,1897.1444091796875,693.8686523,9f24ed4498772d44
46.35816192626953,46.35822622400019,1789785090.885649,0.062942505,20.00117301940918,1891.430176,694.5120239257812,c46dec44c5a02d44
46.3783381,46.378381466000064,1789785090.9058251,0.041723251,20.176172256469727,1891.430176,695.1315918,c46dec446cc82d44
46.398338079452515,46.39837668900009,1789785090.925825,0.03695488,19.999980926513672,1891.430176,695.7749023,c46dec4498f12d44
46.418296813964844,46.41833441200015,1789785090.9457839,0.036001205,19.95873451,1891.430176,696.3944702148438,c46dec443f192e44
46.43829917907715,46.438339541999994,1789785090.9657862,0.038862228,20.002365112304688,1891.4300537109375,697.0378418,c36dec446c422e44
46.45837712287903,46.45841653,1789785090.9858642,0.037670135498046875,20.077943801879883,1897.1444091796875,697.6573486328125,9f24ed44126a2e44
46.4782989,46.478336044000116,1789785091.005786,0.035524368,19.92177963256836,1897.1444091796875,698.3007202148438,9f24ed443f932e44
46.498342752456665,46.49837891600009,1789785091.0258298,0.034332275,20.04384994506836,1891.430176,698.9202270507812,c46dec44e5ba2e44
46.51834750175476,46.51838328700023,1789785091.0458345,0.034332275,20.004749298095703,1897.1444091796875,699.5635986328125,9f24ed4412e42e44
46.538378953933716,46.538421194999955,1789785091.065866,0.040769577,20.031452178955078,1897.1444091796875,700.2069702148438,9f24ed443f0d2f44
46.55834174156189,46.558383529000366,1789785091.0858288,0.040054321,19.962787628173828,1891.430176,700.8264770507812,c46dec44e5342f44
46.57836985588074,46.578452734000166,1789785091.105857,0.081300735,20.028114318847656,1897.1444091796875,701.4698486328125,9f24ed44125e2f44
46.59833002090454,46.598370420000265,1789785091.125817,0.038623809814453125,19.96016502380371,1897.1444091796875,702.0893555,9f24ed44b8852f44
46.61837339401245,46.618445328000234,1789785091.1458604,0.070333481,20.043373107910156,1897.1444091796875,702.7327270507812,9f24ed44e5ae2f44
46.63829255104065,46.638331848000234,1789785091.1657796,0.037431717,19.919157028198242,1897.1444091796875,703.3522949,9f24ed448cd62f44
46.65833545,46.65837396000006,1789785091.1858225,0.03695488,20.042896270751953,1897.144531,703.9956055,a024ed44b8ff2f44
46.678157567977905,46.67822172000024,1789785091.2056446,0.062942505,19.822120666503906,1897.1444091796875,704.6151733398438,9f24ed445f273044
46.69837236404419,46.69841068400001,1789785091.2258594,0.036716461181640625,20.21479606628418,1897.1444091796875,705.2585449,9f24ed448c503044
46.718329668045044,46.71836531400004,1789785091.2458167,0.033855438232421875,19.957304000854492,1897.144531,705.8780517578125,a024ed4432783044
46.73833656311035,46.73837224099998,1789785091.2658236,0.033855438232421875,20.006895065307617,1897.1444091796875,706.5214233398438,9f24ed445fa13044
46.7583282,46.75836598,1789785091.2858152,0.036239624,19.991636276245117,1897.1444091796875,707.1647949,9f24ed448cca3044
46.778326988220215,46.77836511300029,1789785091.305814,0.036239624,19.998788833618164,1891.430176,707.7843017578125,c46dec4432f23044
46.79838204,46.79841994800017,1789785091.325869,0.036239624,20.055055618286133,1897.1444091796875,708.4276733398438,9f24ed445f1b3144
46.818371534347534,46.818406986000355,1789785091.3458586,0.033855438232421875,19.989490509033203,1897.1444091796875,709.0471801757812,9f24ed4405433144
46.838329792022705,46.83836852,1789785091.3658168,0.037193298,19.95825768,1891.430176,709.6905517578125,c46dec44326c3144
46.858325242996216,46.85836395000024,1789785091.3858123,0.03695488,19.995450973510742,1897.1444091796875,710.3100586,9f24ed44d8933144
46.878366470336914,46.87841065500015,1789785091.4058535,0.042438507080078125,20.041227340698242,1897.1444091796875,710.9534301757812,9f24ed4405bd3144
46.89828419685364,46.898320414999944,1789785091.4257712,0.034570694,19.917726516723633,1891.430176,711.572998,c46dec44ace43144
46.918328523635864,46.91836347100025,1789785091.4458156,0.033378601,20.044326782226562,1891.430176,712.2163086,c46dec44d80d3244
46.93828845024109,46.93832419399996,1789785091.4657755,0.034093857,19.95992660522461,1897.1444091796875,712.8358764648438,9f24ed447f353244
46.958322048187256,46.95835978800005,1789785091.485809,0.036239624,20.033597946166992,1891.430176,713.479248,c46dec44ac5e3244
46.97832441329956,46.97836012200014,1789785091.5058115,0.034093857,20.002365112304688,1891.430176,714.1225586,c46dec44d8873244
46.99832296,46.998358068000016,1789785092,0.033378601,19.998550415039062,1897.1444091796875,714.7421264648438,9f24ed447faf3244
47.018327713012695,47.01836327199999,1789785091.5458148,0.033855438232421875,20.004749298095703,1897.1444091796875,715.385498,9f24ed44acd83244
47.03832244873047,47.03836127300019,1789785091.5658095,0.037193298,19.994735717773438,1897.1444091796875,716.0050048828125,9f24ed4452003344
47.05832505226135,47.058363163000195,1789785091.585812,0.036478043,20.00260353088379,1897.144531,716.6483764648438,a024ed447f293344
47.078319787979126,47.078357978999975,1789785091.6058068,0.036716461181640625,19.994735717773438,1897.1444091796875,717.2678833007812,9f24ed4425513344
47.09835982322693,47.098404998000206,1789785091.6258469,0.043392181396484375,20.040035247802734,1897.1444091796875,717.9112548828125,9f24ed44527a3344
47.11836552619934,47.118404832000124,1789785091.6458526,0.037670135498046875,20.00570297241211,1897.144531,718.5546264648438,a024ed447fa33344
47.13831949234009,47.138358555000195,1789785091.6658065,0.037431717,19.95396614074707,1897.144531,719.1741333007812,a024ed4425cb3344
47.15835642814636,47.15839390800011,1789785091.6858435,0.035762786865234375,20.036935806274414,1897.1444091796875,719.8175048828125,9f24ed4452f43344
47.17832398414612,47.178362242000276,1789785091.705811,0.036478043,19.96755599975586,1897.144531,720.4370117,a024ed44f81b3444
47.19831871986389,47.19835352100017,1789785091.7258058,0.033140182,19.994735717773438,1897.144531,721.0803833007812,a024ed4425453444
47.218321084976196,47.21835854000028,1789785091.7458081,0.035762786865234375,20.002365112304688,1897.1444091796875,721.6999512,9f24ed44cc6c3444
47.238319396972656,47.23835546700002,1789785091.7658064,0.034570694,19.99831199645996,1897.144531,722.3432617,a024ed44f8953444
47.258357524871826,47.25839626400011,1789785091.7858446,0.03695488,20.038127899169922,1897.144531,722.9866333007812,a024ed4425bf3444
47.27842712402344,47.27846350600021,1789785091.8059142,0.034809112548828125,20.069599151611328,1897.1444091796875,723.6062012,9f24ed44cce63444
47.298476219177246,47.29851137800006,1789785091.8259633,0.03361702,20.049095153808594,1897.144531,724.2495117,a024ed44f80f3544
47.31829905509949,47.318333804000304,1789785091.845786,0.033140182,19.82283592224121,1897.144531,724.8690795898438,a024ed449f373544
47.33847737312317,47.33851443499998,1789785091.8659644,0.035524368,20.17831802368164,1897.1444091796875,725.5124512,9f24ed44cc603544
47.35831857,47.35835689800024,1789785091.8858056,0.036716461181640625,19.84119415283203,1897.144531,726.1319580078125,a024ed4472883544
47.378294706344604,47.37837656600004,1789785091.9057817,0.080108643,19.976139068603516,1897.144531,726.7753295898438,a024ed449fb13544
47.39836549758911,47.398457104000045,1789785091.9258525,0.089883804,20.070791244506836,1897.1444091796875,727.3948364257812,9f24ed4445d93544
47.41814208030701,47.41821086400023,1789785091.9456291,0.067234039,19.776582717895508,1897.1444091796875,728.0382080078125,9f24ed4472023644
47.43833399,47.438395291000234,1789785091.965821,0.059604644775390625,20.19190788269043,1897.144531,728.6568603515625,a024ed440a2a3644
47.458319902420044,47.458386218000214,1789785091.985807,0.064611435,19.98591423034668,1897.1444091796875,729.2990723,9f24ed4424533644
47.47827911376953,47.47833331100037,1789785092.0057662,0.052452087,19.959211349487305,1897.1444091796875,729.9174805,9f24ed44b87a3644
47.49832224845886,47.49837553399993,1789785092.0258093,0.051498413,20.043134689331055,1897.144531,730.5596313476562,a024ed44d1a33644
47.518322706222534,47.51837546100023,1789785092.0458097,0.051021575927734375,20.000457763671875,1897.1444091796875,731.1780395507812,9f24ed4465cb3644
47.53829216957092,47.538352295000095,1789785092.0657792,0.058650970458984375,19.969463348388672,1897.1444091796875,731.8202514648438,9f24ed447ff43644
47.558298110961914,47.55836165,1789785092.0857852,0.061988831,20.00594139099121,1891.430176,732.4386596679688,c46dec44131c3744
47.57836055755615,47.578497334000076,1789785092.1058476,0.13518333435058594,20.06244659423828,1897.1444091796875,733.0808105,9f24ed442c453744
47.59831357002258,47.59837479800035,1789785092.1258006,0.059604644775390625,19.953012466430664,1897.1444091796875,733.6992188,9f24ed44c06c3744
47.61827754974365,47.61832759500021,1789785092.1457646,0.048398972,19.963979721069336,1891.430176,734.3414306640625,c46dec44da953744
47.63832998275757,47.63838596699998,1789785092.165817,0.054359436,20.052433013916016,1891.430176,734.9835815429688,c46dec44f3be3744
47.65831446647644,47.6583761,1789785092.1858015,0.059843063,19.98448371887207,1897.1444091796875,735.6019897460938,9f24ed4487e63744
47.678287982940674,47.67834100500022,1789785092.205775,0.051259995,19.97351646,1891.430176,736.2442016601562,c46dec44a10f3844
47.69827365875244,47.698326525000084,1789785092.2257607,0.051259995,19.985675811767578,1891.430176,736.8626098632812,c46dec4435373844
47.718271255493164,47.71832787700032,1789785092.2457583,0.054836273193359375,19.997596740722656,1897.1444091796875,737.5048217773438,9f24ed444f603844
47.73832631111145,47.73837699000023,1789785092.2658134,0.049114227294921875,20.055055618286133,1891.430176,738.1231689453125,c46dec44e2873844
47.75835466384888,47.758416324000336,1789785092.2858417,0.059843063,20.028352737426758,1891.430176,738.7653809,c46dec44fcb03844
47.77831196784973,47.7783742,1789785092.305799,0.060558319091796875,19.957304000854492,1897.1444091796875,739.3837891,9f24ed4490d83844
47.79835033416748,47.79841264000015,1789785092.3258374,0.060558319091796875,20.038366317749023,1897.1444091796875,740.0260009765625,9f24ed44aa013944
47.818286180496216,47.81833090000009,1789785092.3457732,0.043153763,19.93584632873535,1897.1444091796875,740.6443481445312,9f24ed443d293944
47.83828139305115,47.83832084599999,1789785092.3657684,0.037908554,19.99521255493164,1891.430176,741.2865600585938,c46dec4457523944
47.858349323272705,47.858385273000295,1789785092.3858364,0.034332275,20.067930221557617,1897.1444091796875,741.9049682617188,9f24ed44eb793944
47.87827205657959,47.878310070000225,1789785092.405759,0.036478043,19.922733306884766,1897.1444091796875,742.5471801757812,9f24ed4405a33944
47.89831256866455,47.89835236700037,1789785092.4257996,0.038146973,20.040512084960938,1891.430176,743.1655273,c46dec4498ca3944
47.91830587387085,47.918344812000214,1789785092.445793,0.037193298,19.993305206298828,1891.430176,743.8077392578125,c46dec44b2f33944
47.938310623168945,47.938349202000154,1789785092.4657977,0.036716461181640625,20.004749298095703,1897.1444091796875,744.4499512,9f24ed44cc1c3a44
47.95834708213806,47.95838818500033,1789785092.4858341,0.039577484130859375,20.03645896911621,1891.430176,745.0683594,c46dec4460443a44
47.97830939292908,47.978345148000244,1789785092.5057964,0.033855438232421875,19.962310791015625,1891.430176,745.7105102539062,c46dec44796d3a44
47.998305320739746,47.99834150100014,1789785092.5257924,0.034570694,19.995927810668945,1897.1444091796875,746.3289184570312,9f24ed440d953a44
48.01840591430664,48.01905724400012,1789785092.545893,0.6501674652099609,20.10059356689453,1897.144531,746.994873,a024ed44acbf3a44
48.03826403617859,48.03828594700008,1789785092.565751,0.020265579223632812,19.858121871948242,1897.144531,747.7084350585938,a024ed4457ed3a44
48.05827307701111,48.05831378200037,1789785093,0.039100647,20.00904083251953,1931.4302978515625,748.4219970703125,c56df144021b3b44
48.07834744,48.078384153000115,1789785092.6058345,0.035047531,20.07436752319336,1965.7159423828125,749.135498,e9b6f544ac483b44
48.09830999,48.09838028,1789785092.625797,0.068664551,19.962549209594727,1965.7159423828125,749.8728637695312,e9b6f544dd773b44
48.11834406852722,48.118383414000164,1789785092.645831,0.037670135498046875,20.034074783325195,1994.287353515625,750.5863647460938,3249f94487a53b44
48.13830351829529,48.13834639600009,1789785092.6657906,0.041007996,19.959449768066406,1994.287353515625,751.2999267578125,3249f94432d33b44
48.158347368240356,48.15838904500015,1789785092.6858344,0.040054321,20.04384994506836,2034.2872314453125,752.0372314453125,3149fe4462023c44
48.17833638191223,48.17842852800004,1789785092.7058234,0.09059906,19.98901367,2062.858642578125,752.7507934570312,bded00450d303c44
48.19825792312622,48.19829560300013,1789785092.725745,0.036001205,19.921541213989258,2062.858642578125,753.4643555,bded0045b85d3c44
48.218268394470215,48.21831058500038,1789785092.7457554,0.040769577,20.01047134399414,2097.144531,754.1778564453125,50120345628b3c44
48.23829793930054,48.23833391900007,1789785092.765785,0.034332275,20.029544830322266,2131.430176,754.9152221679688,e236054593ba3c44
48.25830292701721,48.25834343900033,1789785093,0.038862228,20.004987716674805,2131.430176,755.6287231445312,e23605453de83c44
48.278337240219116,48.27837292100003,1789785092.8058243,0.034093857,20.034313201904297,2160.001708984375,756.3422852,07000745e8153d44
48.29834508895874,48.298381366000285,1789785092.8258321,0.034570694,20.007848739624023,2160.001708984375,757.0795898,0700074518453d44
48.318305015563965,48.31833983000024,1789785092.845792,0.033140182,19.95992660522461,2160.001708984375,757.7931518554688,07000745c3723d44
48.33829665184021,48.338379350000196,1789785092.8657837,0.081062317,19.991636276245117,2160.001708984375,758.5067138671875,070007456ea03d44
48.358341693878174,48.35840898000015,1789785092.8858287,0.065565109,20.045042037963867,2165.71582,759.2202148,745b074518ce3d44
48.37830328941345,48.37835757400035,1789785092.9057903,0.052690506,19.96159553527832,2165.71582,759.9575805664062,745b074549fd3d44
48.39830470085144,48.398369556000034,1789785092.9257917,0.063180923,20.00141143798828,2160.001708984375,760.6711426,07000745f42a3e44
48.41834330558777,48.418407261000084,1789785092.9458303,0.062227249,20.038604736328125,2160.001708984375,761.3846435546875,070007459e583e44
48.438265800476074,48.43831881699998,1789785092.9657528,0.051498413,19.922494888305664,2160.001708984375,762.0982055664062,0700074549863e44
48.45826292037964,48.45831626200015,1789785093,0.051736832,19.997119903564453,2165.71582,762.8355102539062,745b074579b53e44
48.47833871841431,48.47840076300008,1789785093.0058258,0.060558319091796875,20.07579803466797,2165.71582,763.5490723,745b074524e33e44
48.498339891433716,48.498402505000286,1789785093.025827,0.061035156,20.00117301940918,2160.001708984375,764.2626342773438,07000745cf103f44
48.518293142318726,48.51843278,1789785093.0457802,0.1380443572998047,19.953250885009766,2160.001708984375,764.9761352539062,07000745793e3f44
48.53827238082886,48.538338246999956,1789785093.0657594,0.064373016,19.979238510131836,2160.001708984375,765.7135009765625,07000745aa6d3f44
48.55831265449524,48.558385673999965,1789785093.0857997,0.071525574,20.040273666381836,2160.001708984375,766.427002,07000745549b3f44
48.57831645011902,48.578394175000085,1789785093.1058035,0.076055527,20.003795623779297,2165.71582,767.1405639648438,745b0745ffc83f44
48.59826445579529,48.59836062100021,1789785093.1257515,0.094413757,19.94800567626953,2165.71582,767.8541259765625,745b0745aaf63f44
48.61829710006714,48.61835616,1789785093.1457841,0.057220459,20.032644271850586,2160.001708984375,768.567627,0700074554244044
48.63830280303955,48.63836630800006,1789785093.1657898,0.061750412,20.00570297241211,2160.001708984375,769.3049926757812,0700074585534044
48.65829157829285,48.65835454900025,1789785093.1857786,0.061273575,19.98877525,2160.001708984375,770.0184936523438,070007452f814044
48.67833590507507,48.67839971700005,1789785093.205823,0.062227249,20.044326782226562,2160.001708984375,770.7320556640625,07000745daae4044
48.69833493232727,48.698396681000304,1789785093.225822,0.060081482,19.999027252197266,2160.001708984375,771.4693603515625,070007450ade4044
48.71830105781555,48.71836547800012,1789785093.245788,0.062704086,19.96612548828125,2160.001708984375,772.1829223632812,07000745b50b4144
48.73833703994751,48.738400016000014,1789785093.265824,0.061273575,20.035982131958008,2160.001708984375,772.8964844,0700074560394144
48.758294343948364,48.75835731300003,1789785093.2857814,0.061273575,19.957304000854492,2160.001708984375,773.6099853515625,070007450a674144
48.77829647064209,48.778358758000195,1789785093.3057835,0.060796738,20.002126693725586,2160.001708984375,774.3473510742188,070007453b964144
48.79833436012268,48.79839566700002,1789785093.3258214,0.059604644775390625,20.03788948059082,2165.71582,775.0608520507812,745b0745e5c34144
48.81829118728638,48.818352556000264,1789785093.3457782,0.059604644775390625,19.95682716369629,2165.71582,775.7744141,745b074590f14144
48.83826041221619,48.83831611300002,1789785093.3657475,0.054121017,19.96922492980957,2160.001708984375,776.4879760742188,070007453b1f4244
48.858333587646484,48.85839570600001,1789785093.3858206,0.060558319091796875,20.07317543029785,2160.001708984375,777.2252807617188,070007456b4e4244
48.87833499908447,48.87839846600036,1789785093.405822,0.061750412,20.00141143798828,2160.001708984375,777.9388427734375,07000745167c4244
48.89829373,48.89835648600001,1789785093.4257808,0.061035156,19.95873451,2165.71582,778.6523438,745b0745c0a94244
48.918330669403076,48.91839295,1789785093.4458177,0.060558319091796875,20.036935806274414,2165.71582,779.3897094726562,745b0745f1d84244
48.9382906,48.938353301999996,1789785093.4657776,0.061035156,19.95992660522461,2165.71582,780.1032104492188,745b07459b064344
48.958250999450684,48.958303933000025,1789785093.485738,0.051259995,19.960403442382812,2160.001708984375,780.8167724609375,0700074546344344
48.97832966,48.97839392,1789785093.5058167,0.062704086,20.078659057617188,2160.001708984375,781.5540771484375,0700074576634344
48.99828863143921,48.99834134,1789785093.5257757,0.051259995,19.958972930908203,2165.71582,782.2676391601562,745b074521914344
49.01829290390015,49.018355749999955,1789785094,0.061273575,20.00427246,2165.71582,782.9812012,745b0745ccbe4344
49.03829002380371,49.038342935999935,1789785093.565777,0.051259995,19.997119903564453,2165.71582,783.6947021484375,745b074576ec4344
49.05833172798157,49.058393252000315,1789785093.5858188,0.059843063,20.041704177856445,2160.001708984375,784.4320678710938,07000745a71b4444
49.07828998565674,49.078352309000365,1789785093.605777,0.060558319091796875,19.95825768,2165.71582,785.1455688476562,745b074551494444
49.09832787513733,49.098440550000305,1789785093.625815,0.11086463928222656,20.03788948059082,2165.71582,785.8591309,745b0745fc764444
49.11824822425842,49.118301884000175,1789785093.6457353,0.051975250244140625,19.92034912109375,2165.71582,786.5964355,745b07452ca64444
49.13826084136963,49.13831125600018,1789785093.665748,0.04863739,20.012617111206055,2165.71582,787.3099975585938,745b0745d7d34444
49.15828490257263,49.15834818300027,1789785093.685772,0.061750412,20.02406120300293,2160.001708984375,788.0235595703125,0700074582014544
49.17832708358765,49.178453721000096,1789785093.7058141,0.1251697540283203,20.04218101501465,2165.71582,788.7608642578125,745b0745b2304544
49.19828701019287,49.1983568,1789785093.725774,0.068187714,19.95992660522461,2165.71582,789.4744262695312,745b07455d5e4544
49.21828293800354,49.21833114800029,1789785094,0.046491623,19.995927810668945,2165.71582,790.1879272460938,745b0745078c4544
49.23833894729614,49.238404575000004,1789785093.765826,0.064134598,20.05600929260254,2160.001708984375,790.925293,0700074538bb4544
49.25825548171997,49.25830939100024,1789785093.7857425,0.052213669,19.916534423828125,2160.001708984375,791.6387939453125,07000745e2e84544
49.278324127197266,49.27838728100005,1789785093.8058112,0.061511993408203125,20.068645477294922,2165.71582,792.3523559570312,745b07458d164644
49.29824638366699,49.298299152000254,1789785093.8257334,0.051259995,19.922256469726562,2165.71582,793.065918,745b074538444644
49.318281412124634,49.31833524500007,1789785093.8457685,0.052213669,20.03502846,2165.71582,793.8032227,745b074568734644
49.33827829360962,49.33841056100027,1789785093.8657653,0.13065338134765625,19.99688148498535,2160.001708984375,794.5167846679688,0700074513a14644
49.35833930969238,49.358406043000286,1789785093.8858263,0.065088272,20.061016082763672,2165.71582,795.2540893554688,745b074543d04644
49.378106355667114,49.37818330300024,1789785093.9055934,0.082969666,19.767045974731445,2165.71582,795.9676513671875,745b0745eefd4644
49.39831996,49.39838210100015,1789785093.925807,0.060558319091796875,20.213603973388672,2165.71582,796.6811523,745b0745982b4744
49.41829299926758,49.41834645300014,1789785094,0.051975250244140625,19.973039627075195,2165.71582,797.4185180664062,745b0745c95a4744
49.43828225135803,49.43834421400015,1789785093.9657693,0.060319901,19.98925209,2165.71582,798.1320801,745b074574884744
49.45828557014465,49.45833762200027,1789785093.9857726,0.05030632,20.003318786621094,2165.71582,798.8455810546875,745b07451eb64744
49.478280782699585,49.47834278900018,1789785094.0057678,0.060319901,19.99521255493164,2165.71582,799.5829467773438,745b07454fe54744
49.49831819534302,49.49837969800001,1789785094.0258052,0.060081482,20.037412643432617,2171.429931640625,800.2964477539062,e1b60745f9124844
49.5182991,49.51836810600025,1789785094.0457861,0.067234039,19.980907440185547,2165.71582,801.0100098,745b0745a4404844
49.53810119628906,49.53817780999998,1789785094.0655882,0.075101852,19.802093505859375,2165.71582,801.7473145,745b0745d46f4844
49.55824851989746,49.558301996999944,1789785094.0857356,0.051736832,20.147323608398438,2171.429931640625,802.4608764648438,e1b607457f9d4844
49.578285932540894,49.57833621999998,1789785094.105773,0.04863739,20.037412643432617,2171.429931640625,803.1981811523438,e1b60745afcc4844
49.59823918,49.59830297999997,1789785094.1257262,0.062227249,19.953250885009766,2171.429931640625,803.9117431640625,e1b607455afa4844
49.618282079696655,49.61835409200012,1789785094.1457691,0.070571899,20.042896270751953,2171.429931640625,804.6253051757812,e1b6074505284944
49.63832879066467,49.63839351900015,1789785094.1658158,0.063180923,20.046710968017578,2171.429931640625,805.3626098632812,e1b6074535574944
49.65827775001526,49.65834120499994,1789785094.1857648,0.061750412,19.948959350585938,2171.429931640625,806.0761719,e1b60745e0844944
49.67829656600952,49.67833892800036,1789785094.2057836,0.040769577,20.018815994262695,2165.71582,806.7896728515625,745b07458ab24944
49.69825625419617,49.69829850299993,1789785094.2257433,0.040531158447265625,19.959688186645508,2165.71582,807.5270385742188,745b0745bbe14944
49.71825909614563,49.71830374499996,1789785094.2457461,0.043153763,20.00284194946289,2171.429931640625,808.2405395507812,e1b60745650f4a44
49.73827886581421,49.73834548600007,1789785094.265766,0.065088272,20.01976967,2165.71582,808.9541016,745b0745103d4a44
49.75831699371338,49.758380321000004,1789785094.285804,0.061750412,20.038127899169922,2165.71582,809.6914063,745b0745406c4a44
49.778311014175415,49.77837263600031,1789785094.305798,0.060081482,19.994020462036133,2171.429931640625,810.4049682617188,e1b60745eb994a44
49.79823589324951,49.798289118999946,1789785094.325723,0.051736832,19.92487907409668,2165.71582,811.1185302734375,745b074596c74a44
49.818270683288574,49.81833499000004,1789785094.3457577,0.062704086,20.03479004,2165.71582,811.8558349609375,745b0745c6f64a44
49.838271617889404,49.838335454000116,1789785094.3657587,0.062227249,20.000934600830078,2171.429931640625,812.5693969726562,e1b6074571244b44
49.85831379890442,49.85837860300035,1789785094.3858008,0.063180923,20.04218101501465,2165.71582,813.3067016601562,745b0745a1534b44
49.87827444076538,49.87833932600006,1789785094.4057615,0.063180923,19.960641860961914,2165.71582,814.0202637,745b07454c814b44
49.898311614990234,49.89837380800009,1789785094.4257987,0.060319901,20.037174224853516,2165.71582,814.7337646484375,745b0745f6ae4b44
49.918275117874146,49.91832834600018,1789785094.4457622,0.051498413,19.963502883911133,2165.71582,815.4711303710938,745b074527de4b44
49.938271045684814,49.93833279199998,1789785094.465758,0.060081482,19.995927810668945,2171.429931640625,816.1846313476562,e1b60745d10b4c44
49.95826959609985,49.95833114400011,1789785094.4857566,0.059843063,19.998550415039062,2165.71582,816.8981934,745b07457c394c44
49.97827339172363,49.97833483000022,1789785094.5057604,0.059843063,20.003795623779297,2165.71582,817.635498,745b0745ac684c44
49.99827003479004,49.998322998000276,1789785094.525757,0.051259995,19.99664306640625,2171.429931640625,818.3490600585938,e1b6074557964c44
50.01831508,50.018377795000106,1789785094.545802,0.061035156,20.045042037963867,2165.71582,819.0626220703125,745b074502c44c44
50.03826642036438,50.03831987000012,1789785094.5657535,0.051736832,19.951343536376953,2165.71582,819.7999267578125,745b074532f34c44
50.058311462402344,50.05837205600028,1789785094.5857985,0.059127808,20.045042037963867,2171.429931640625,820.5134887695312,e1b60745dd204d44
50.07827067375183,50.078332261000014,1789785094.6057577,0.059843063,19.959211349487305,2165.71582,821.2269897460938,745b0745874e4d44
50.09831190109253,50.098424354000144,1789785094.625799,0.11086463928222656,20.041227340698242,2165.71582,821.9643555,745b0745b87d4d44
50.118265867233276,50.118319965999945,1789785094.645753,0.052452087,19.95396614074707,2165.71582,822.6778564453125,745b074562ab4d44
50.13827848434448,50.13833131900037,1789785094.6657655,0.051259995,20.012617111206055,2165.71582,823.4152221679688,745b074593da4d44
50.15830755233765,50.158369282999956,1789785094.6857946,0.060081482,20.029067993164062,2171.429931640625,824.1287231445312,e1b607453d084e44
50.17831110954285,50.178397227999994,1789785094.7057981,0.084400177,20.003557205200195,2165.71582,824.8422852,745b0745e8354e44
50.198267221450806,50.19833541400021,1789785094.7257543,0.066518784,19.956111907958984,2165.71582,825.5796508789062,745b074519654e44
50.21830392,50.218369434000124,1789785094.745791,0.063657761,20.036697387695312,2171.429931640625,826.2931518554688,e1b60745c3924e44
50.2383132,50.23837836100029,1789785094.7658002,0.063419342,20.009279251098633,2165.71582,827.0067138671875,745b07456ec04e44
50.25826382637024,50.25832593500036,1789785094.7857509,0.060319901,19.95062828063965,2165.71582,827.7440185546875,745b07459eef4e44
50.27830219268799,50.278364807000344,1789785094.8057892,0.060796738,20.038366317749023,2171.429931640625,828.4575805664062,e1b60745491d4f44
50.298264026641846,50.29832610400035,1789785094.825751,0.060319901,19.961833953857422,2165.71582,829.1711426,745b0745f44a4f44
50.31826663017273,50.31832806800003,1789785094.8457537,0.059843063,20.00260353088379,2165.71582,829.9084473,745b0745247a4f44
50.338263273239136,50.33832579099999,1789785094.8657503,0.060796738,19.99664306640625,2165.71582,830.6220092773438,745b0745cfa74f44
50.35831165313721,50.35835829200005,1789785094.8857987,0.045061111,20.04837989807129,2171.429931640625,831.3355102539062,e1b6074579d54f44
50.37830305099487,50.37836655199999,1789785095,0.061750412,19.991397857666016,2171.429931640625,832.0728759765625,e1b60745aa045044
50.39830518,50.39837053400015,1789785094.9257922,0.063896179,20.002126693725586,2165.71582,832.786377,745b074554325044
50.418370962142944,50.41843586899995,1789785094.945858,0.063180923,20.065784454345703,2165.71582,833.4999389648438,745b0745ff5f5044
50.438331842422485,50.43842381400009,1789785094.965819,0.090360641,19.960880279541016,2171.429931640625,834.2372436523438,e1b607452f8f5044
50.45834708213806,50.45840061100034,1789785094.9858341,0.051736832,20.015239715576172,2165.71582,834.9508056640625,745b0745dabc5044
50.478474855422974,50.47853698300014,1789785095.005962,0.060558319091796875,20.12777328491211,2165.71582,835.6643676757812,745b074585ea5044
50.49828910827637,50.49833387200033,1789785095.0257761,0.042915344,19.814252853393555,2171.429931640625,836.4016723632812,e1b60745b5195144
50.51822471618652,50.51827866900021,1789785095.0457118,0.052452087,19.93560791015625,2165.71582,837.1152344,745b074560475144
50.53822326660156,50.538307763000375,1789785095.0657103,0.082731247,19.998550415039062,2165.71582,837.8287353515625,745b07450a755144
50.558265686035156,50.55831830100033,1789785095.0857527,0.051021575927734375,20.04241943359375,2165.71582,838.5661010742188,745b07453ba45144
50.57823729515076,50.578288708999935,1789785095.1057243,0.049829483,19.971609115600586,2171.429931640625,839.2796020507812,e1b60745e5d15144
50.598265409469604,50.59838315,1789785095.1257524,0.11610984802246094,20.028114318847656,2171.429931640625,839.9931641,e1b6074590ff5144
50.618229150772095,50.61827632200038,1789785095.1457162,0.045537949,19.963741302490234,2165.71582,840.7304688,745b0745c02e5244
50.63825607299805,50.63831504500013,1789785095.165743,0.057220459,20.02692222595215,2165.71582,841.4440307617188,745b07456b5c5244
50.658260345458984,50.65831447200026,1789785095.1857474,0.052452087,20.00427246,2165.71582,842.1575927734375,745b0745168a5244
50.678220987319946,50.67827413900022,1789785095.205708,0.051498413,19.960641860961914,2165.71582,842.8948974609375,745b074546b95244
50.69823384284973,50.69828701100005,1789785095.225721,0.051498413,20.012855529785156,2165.71582,843.6084594726562,745b0745f1e65244
50.71827149391174,50.71833354900036,1789785095.2457585,0.060319901,20.03765106201172,2165.71582,844.3219604492188,745b07459b145344
50.738264322280884,50.738318660999994,1789785095.2657514,0.052690506,19.992828369140625,2165.71582,845.0593262,745b0745cc435344
50.75829815864563,50.75836329100002,1789785095.2857852,0.063419342,20.033836364746094,2165.71582,845.7728271484375,745b074576715344
50.77829551696777,50.778356366000025,1789785095.3057826,0.059127808,19.997358322143555,2165.71582,846.4863891601562,745b0745219f5344
50.798226833343506,50.798280071000136,1789785095.3257139,0.051498413,19.931316375732422,2165.71582,847.2236938476562,745b074551ce5344
50.81829905509949,50.81836183099995,1789785095.345786,0.061273575,20.072221755981445,2165.71582,847.9372559,745b0745fcfb5344
50.83822441101074,50.83827746099996,1789785095.3657115,0.051259995,19.925355911254883,2165.71582,848.6508178710938,745b0745a7295444
50.85825181007385,50.858304907000274,1789785095.3857388,0.051259995,20.02739906311035,2165.71582,849.3881225585938,745b0745d7585444
50.87826704978943,50.87833313,1789785095.405754,0.064611435,20.015239715576172,2165.71582,850.1016845703125,745b074582865444
50.898221492767334,50.89827748200014,1789785095.4257085,0.054359436,19.954442977905273,2171.429931640625,850.8151855,e1b607452cb45444
50.918251752853394,50.91830626,1789785095.4457388,0.052928924560546875,20.03026008605957,2171.429931640625,851.5525512695312,e1b607455de35444
50.938260555267334,50.93832215100019,1789785095.4657476,0.060081482,20.00880241394043,2165.71582,852.2660522460938,745b074507115544
50.95825004577637,50.95831100400028,1789785095.485737,0.059366226,19.989490509033203,2165.71582,852.9796142578125,745b0745b23e5544
50.97826361656189,50.978315468000346,1789785095.5057507,0.050067901611328125,20.01357078552246,2165.71582,853.7169189453125,745b0745e26d5544
50.99821115,50.99826330199994,1789785095.5256982,0.050544739,19.947528839111328,2165.71582,854.4304809570312,745b07458d9b5544
51.018287897109985,51.01838200700013,1789785095.545775,0.09226799,20.076751708984375,2165.71582,855.144043,745b074538c95544
51.03827524185181,51.038332767000156,1789785095.5657623,0.056028366,19.98734474182129,2165.71582,855.8813477,745b074568f85544
51.05821251869202,51.058273360000385,1789785095.5856996,0.059127808,19.93727684020996,2165.71582,856.5949096679688,745b074513265644
51.07829046,51.07835319,1789785095.6057775,0.061035156,20.077943801879883,2165.71582,857.3084106445312,745b0745bd535644
51.09825134277344,51.098370547000286,1789785095.6257384,0.11754035949707031,19.960880279541016,2165.71582,858.0457763671875,745b0745ee825644
51.11821126937866,51.11826586300003,1789785095.6456983,0.052928924560546875,19.95992660522461,2165.71582,858.7593383789062,745b074599b05644
51.13824963569641,51.13830351200022,1789785095.6657367,0.052213669,20.038366317749023,2165.71582,859.4728393554688,745b074543de5644
51.158215045928955,51.15827071600006,1789785095.685702,0.054121017,19.965410232543945,2165.71582,860.2102051,745b0745740d5744
51.17829155921936,51.17843333,1789785095.7057786,0.14019012451171875,20.076513290405273,2165.71582,860.9237060546875,745b07451e3b5744
51.19820713996887,51.198264348000066,1789785095.7256942,0.055551529,19.91558074951172,2165.71582,861.6372680664062,745b0745c9685744
51.21825098991394,51.218478571000105,1789785095.745738,0.22602081298828125,20.04384994506836,2165.71582,862.3745727539062,745b0745f9975744
51.23825168609619,51.23830581300035,1789785095.7657387,0.052452087,20.000696182250977,2165.71582,863.0881348,745b0745a4c55744
51.25824546813965,51.25830816500002,1789785095.7857325,0.061035156,19.99378204345703,2165.71582,863.8016967773438,745b07454ff35744
51.27825999259949,51.27831807400025,1789785095.805747,0.056505203,20.014524459838867,2165.71582,864.5390014648438,745b07457f225844
51.298248529434204,51.29831349999995,1789785095.8257356,0.063419342,19.988536834716797,2171.429931640625,865.2525634765625,e1b607452a505844
51.318209648132324,51.31826474200034,1789785095.8456967,0.053405762,19.961118698120117,2171.429931640625,865.9660645,e1b60745d47d5844
51.33828544616699,51.338347910000266,1789785095.8657725,0.060796738,20.07579803466797,2165.71582,866.7034301757812,745b074505ad5844
51.358235359191895,51.35834672500005,1789785095.8857224,0.10991096496582031,19.949913024902344,2165.71582,867.4169311523438,745b0745afda5844
51.37807488441467,51.378177207000135,1789785095.905562,0.1010894775390625,19.83952522277832,2165.71582,868.1304931640625,745b07455a085944
51.39826751,51.39836006099995,1789785095.9257545,0.091075897,20.192623138427734,2165.71582,868.8677978515625,745b07458a375944
51.41820931434631,51.41826108000032,1789785095.9456964,0.050067901611328125,19.94180679321289,2165.71582,869.5813598632812,745b074535655944
51.438254833221436,51.438308229000086,1789785095.9657419,0.051736832,20.04551887512207,2165.71582,870.2949219,745b0745e0925944
51.458200216293335,51.458254229999966,1789785095.9856873,0.052213669,19.945383071899414,2171.429931640625,871.0322266,e1b6074510c25944
51.47824311256409,51.478296305000185,1789785096.0057302,0.051498413,20.042896270751953,2171.429931640625,871.7457885742188,e1b60745bbef5944
51.49824500083923,51.49829799100007,1789785096.025732,0.051259995,20.001888275146484,2165.71582,872.4592895507812,745b0745651d5a44
51.51824688911438,51.51830004700014,1789785096.045734,0.051498413,20.001888275146484,2165.71582,873.1966552734375,745b0745964c5a44
51.53820348,51.53825680700038,1789785096.0656905,0.051736832,19.956588745117188,2165.71582,873.9101563,745b0745407a5a44
51.558207750320435,51.55826138200018,1789785096.0856948,0.051975250244140625,20.00427246,2165.71582,874.6237182617188,745b0745eba75a44
51.578267097473145,51.578319013000055,1789785096.1057541,0.050067901611328125,20.05934715270996,2165.71582,875.3610229492188,745b07451bd75a44
51.59822130203247,51.59829795800033,1789785096.1257083,0.074863434,19.954204559326172,2165.71582,876.0745849609375,745b0745c6045b44
51.618263483047485,51.61838995900007,1789785096.1457505,0.12469291687011719,20.04218101501465,2165.71582,876.7881469726562,745b074571325b44
51.63821101,51.63827638600014,1789785096.165698,0.063657761,19.947528839111328,2165.71582,877.5016479492188,745b07451b605b44
51.65824246406555,51.65830527600019,1789785096.1857295,0.061273575,20.031452178955078,2165.71582,878.2390137,745b07454c8f5b44
51.67824959754944,51.67830479500026,1789785096.2057366,0.05364418,20.00713348388672,2165.71582,878.9525146484375,745b0745f6bc5b44
51.69819903373718,51.69825229600019,1789785096.225686,0.051736832,19.94943618774414,2165.71582,879.6660766601562,745b0745a1ea5b44
51.718066453933716,51.71817755600023,1789785096.2455535,0.10943412780761719,19.867420196533203,2160.001708984375,880.3796387,070007454c185c44
51.738250732421875,51.738326445999974,1789785096.2657378,0.074148178,20.18427848815918,2165.71582,881.1169434,745b07457c475c44
51.758235692977905,51.758296521000375,1789785096.2857227,0.059127808,19.984960556030273,2165.71582,881.8305053710938,745b074527755c44
51.77820158004761,51.77825765100033,1789785096.3056886,0.054597855,19.96588706970215,2165.71582,882.5440063476562,745b0745d1a25c44
51.79823828,51.79829315200004,1789785096.3257253,0.053167343,20.036697387695312,2165.71582,883.2813720703125,745b074502d25c44
51.81820225715637,51.81825491200016,1789785096.3456893,0.051021575927734375,19.963979721069336,2165.71582,883.994873,745b0745acff5c44
51.83819317817688,51.838245802000074,1789785096.3656802,0.051021575927734375,19.990921020507812,2165.71582,884.7084350585938,745b0745572d5d44
51.85819673538208,51.85824995100029,1789785096.3856838,0.051736832,20.003557205200195,2165.71582,885.4457397460938,745b0745875c5d44
51.878241300582886,51.87829506300022,1789785096.4057283,0.052213669,20.044565200805664,2165.71582,886.1593017578125,745b0745328a5d44
51.898247718811035,51.898307305000344,1789785096.4257348,0.057935715,20.006418228149414,2165.71582,886.8728637695312,745b0745ddb75d44
51.91819787025452,51.91825288000018,1789785096.445685,0.053405762,19.950151443481445,2165.71582,887.6101684570312,745b07450de75d44
51.93819546699524,51.93824949200007,1789785096.4656825,0.052452087,19.997596740722656,2165.71582,888.3237305,745b0745b8145e44
51.95823526382446,51.95829739999999,1789785096.4857223,0.060558319091796875,20.039796829223633,2165.71582,889.0372314453125,745b074562425e44
51.97823405265808,51.978295790000175,1789785096.505721,0.060081482,19.998788833618164,2165.71582,889.7745971679688,745b074593715e44
51.99822807312012,51.99829090200001,1789785096.525715,0.061273575,19.994020462036133,2165.71582,890.4881591796875,745b07453e9f5e44
52.01827621459961,52.01833918,1789785096.5457633,0.061273575,20.048141479492188,2165.71582,891.2254638671875,745b07456ece5e44
52.03819489479065,52.038248904000284,1789785096.565682,0.052452087,19.91868019104004,2165.71582,891.9390258789062,745b074519fc5e44
52.05819511413574,52.058250386000054,1789785096.5856822,0.05364418,20.000219345092773,2165.71582,892.6525268554688,745b0745c3295f44
52.07822632789612,52.07828814599998,1789785096.6057134,0.060081482,20.031213760375977,2165.71582,893.3660888671875,745b07456e575f44
52.09827375411987,52.09833599900003,1789785096.6257608,0.060558319091796875,20.047426223754883,2165.71582,894.1033935546875,745b07459e865f44
52.11827111244202,52.11838974,1789785096.6457582,0.11706352233886719,19.997358322143555,2165.71582,894.8169555664062,745b074549b45f44
52.13819885253906,52.138253630000236,1789785096.665686,0.053167343,19.9277401,2165.71582,895.5305176,745b0745f4e15f44
52.15823245048523,52.15828529800001,1789785096.6857195,0.051259995,20.033597946166992,2165.71582,896.2678223,745b074524116044
52.17823600769043,52.17829716899996,1789785096.705723,0.059366226,20.003557205200195,2165.71582,896.9813842773438,745b0745cf3e6044
52.19822645187378,52.19834565200017,1789785096.7257135,0.11730194091796875,19.99044418334961,2165.71582,897.6948852539062,745b0745796c6044
52.218225955963135,52.21831319000012,1789785096.745713,0.08559227,19.99950408935547,2171.429931640625,898.4322509765625,e1b60745aa9b6044
52.238232374191284,52.23828982000032,1789785096.7657194,0.055789947509765625,20.006418228149414,2165.71582,899.145752,745b074554c96044
52.25822973251343,52.258293932000015,1789785096.7857168,0.062465667724609375,19.997358322143555,2165.71582,899.8593139648438,745b0745fff66044
52.27826809883118,52.27833119200022,1789785096.8057551,0.061511993408203125,20.038366317749023,2165.71582,900.5966186523438,745b07452f266144
52.29823017120361,52.29829174900033,1789785096.8257172,0.059843063,19.962072372436523,2165.71582,901.3101806640625,745b0745da536144
52.31818914413452,52.318242898000335,1789785096.8456762,0.051975250244140625,19.958972930908203,2165.71582,902.0237426757812,745b074585816144
52.33826494216919,52.338327472999936,1789785096.865752,0.061035156,20.07579803466797,2165.71582,902.7610473632812,745b0745b5b06144
52.35823178291321,52.3583079,1789785096.8857188,0.074386597,19.966840744018555,2165.71582,903.4746094,745b074560de6144
52.37818503379822,52.37824151099994,1789785096.905672,0.054836273193359375,19.953250885009766,2165.71582,904.1881103515625,745b07450a0c6244
52.39823007583618,52.39829228999997,1789785096.925717,0.060558319091796875,20.045042037963867,2165.71582,904.9254760742188,745b07453b3b6244
52.41826343536377,52.41832732800003,1789785096.9457505,0.062227249,20.03335952758789,2165.71582,905.6389770507812,745b0745e5686244
52.43818283081055,52.43823725500033,1789785096.9656699,0.052690506,19.919395446777344,2165.71582,906.3525391,745b074590966244
52.458266496658325,52.45832842300024,1789785096.9857535,0.060319901,20.08366584777832,2165.71582,907.0898438,745b0745c0c56244
52.47822666168213,52.478289959999984,1789785097.0057137,0.061750412,19.96016502380371,2165.71582,907.8034057617188,745b07456bf36244
52.49822115898132,52.49827438700004,1789785097.0257082,0.051498413,19.994497299194336,2165.71582,908.5407104492188,745b07459b226344
52.51818132400513,52.518234592000226,1789785097.0456684,0.051736832,19.96016502380371,2171.429931640625,909.2542724609375,e1b6074546506344
52.538225173950195,52.538286722000066,1789785097.0657122,0.059843063,20.04384994506836,2171.429931640625,909.9678344726562,e1b60745f17d6344
52.558197259902954,52.55825004,1789785097.0856843,0.051021575927734375,19.97208595275879,2165.71582,910.7051391601562,745b074521ad6344
52.57823038101196,52.57828333500038,1789785097.1057174,0.051259995,20.03312110900879,2171.429931640625,911.4187012,e1b60745ccda6344
52.59820795059204,52.598274095000306,1789785097.125695,0.064611435,19.977569580078125,2171.429931640625,912.1322021484375,e1b6074576086444
52.61825704574585,52.61831813300023,1789785097.145744,0.059366226,20.049095153808594,2171.429931640625,912.8695678710938,e1b60745a7376444
52.638224840164185,52.638290060000145,1789785097.1657119,0.063419342,19.96779441833496,2171.429931640625,913.5830688476562,e1b6074551656444
52.65821981430054,52.658273746000305,1789785097.1857069,0.052452087,19.99497413635254,2171.429931640625,914.3204345703125,e1b6074582946444
52.67822217941284,52.67828508100001,1789785097.2057092,0.061273575,20.002365112304688,2171.429931640625,915.0339355,e1b607452cc26444
52.69822025299072,52.69828261800012,1789785097.2257073,0.060558319091796875,19.99807357788086,2171.429931640625,915.7474975585938,e1b60745d7ef6444
52.718260049819946,52.71832617500013,1789785097.245747,0.064373016,20.039796829223633,2165.71582,916.4848022460938,745b0745071f6544
52.73822021484375,52.73827682399997,1789785097.2657073,0.055074692,19.96016502380371,2171.429931640625,917.1983642578125,e1b60745b24c6544
52.75822305679321,52.75827749100017,1789785097,0.052690506,20.00284194946289,2171.429931640625,917.9356689453125,e1b60745e27b6544
52.77825927734375,52.77832088100013,1789785097.3057463,0.060081482,20.03622055053711,2171.429931640625,918.6492309570312,e1b607458da96544
52.79822134971619,52.79827364100038,1789785097.3257084,0.050544739,19.962072372436523,2171.429931640625,919.362793,e1b6074538d76544
52.81826114654541,52.81832106799993,1789785097.3457482,0.058174133,20.039796829223633,2171.429931640625,920.1000977,e1b6074568066644
52.83818078041077,52.83823660600001,1789785097.3656678,0.054359436,19.919633865356445,2165.71582,920.8136596679688,745b074513346644
52.85825777053833,52.858320903000276,1789785097.3857448,0.061511993408203125,20.076990127563477,2171.429931640625,921.5272216796875,e1b60745be616644
52.87822175,52.87828414500018,1789785097.4057088,0.060796738,19.963979721069336,2171.429931640625,922.2645263671875,e1b60745ee906644
52.89821910858154,52.89828318300033,1789785097.4257061,0.062227249,19.997358322143555,2165.71582,922.9780883789062,745b074599be6644
52.918259382247925,52.91832514700036,1789785097.4457464,0.063896179,20.040273666381836,2165.71582,923.6915893554688,745b074543ec6644
52.938175678253174,52.93823079599997,1789785097.4656627,0.053405762,19.916296005249023,2171.429931640625,924.4289551,e1b60745741b6744
52.95821499824524,52.95827731500003,1789785097.485702,0.060558319091796875,20.03931999206543,2171.429931640625,925.1424560546875,e1b607451e496744
52.97826433181763,52.97832711299998,1789785097.5057514,0.061035156,20.049333572387695,2171.429931640625,925.8798217773438,e1b607454f786744
52.998212814331055,52.99827563200006,1789785097.5256999,0.061273575,19.948482513427734,2171.429931640625,926.5933227539062,e1b60745f9a56744
53.0182147,53.018272485000125,1789785097.5457017,0.056266785,20.001888275146484,2165.71582,927.3068848,745b0745a4d36744
53.03817582130432,53.03822667,1789785097.5656629,0.049352646,19.961118698120117,2165.71582,928.0441895,745b0745d4026844
53.05821514129639,53.05827819000024,1789785097.5857022,0.061511993408203125,20.03931999206543,2165.71582,928.7577514648438,745b07457f306844
53.07821464538574,53.078276247000304,1789785097.6057017,0.059843063,19.99950408935547,2171.429931640625,929.4713134765625,e1b607452a5e6844
53.09825277328491,53.098313822000364,1789785097.6257398,0.059366226,20.038127899169922,2171.429931640625,930.2086181640625,e1b607455a8d6844
53.11825394630432,53.11836698900015,1789785097.645741,0.11134147644042969,20.00117301940918,2165.71582,930.9221801757812,745b074505bb6844
53.13821339607239,53.13827786000002,1789785097.6657004,0.062942505,19.959449768066406,2165.71582,931.6356811523438,745b0745afe86844
53.158249378204346,53.15831252800035,1789785097.6857364,0.061511993408203125,20.035982131958008,2171.429931640625,932.3730469,e1b60745e0176944
53.178213596343994,53.17827569500014,1789785097.7057006,0.060319901,19.964218139648438,2165.71582,933.0865478515625,745b07458a456944
53.19825244,53.19831593700019,1789785097.7257395,0.061750412,20.038843154907227,2165.71582,933.8239135742188,745b0745bb746944
53.21824765205383,53.21830864200001,1789785097.7457347,0.059366226,19.99521255493164,2171.429931640625,934.5374145507812,e1b6074565a26944
53.2382071,53.23827068000037,1789785097.7656941,0.061988831,19.959449768066406,2165.71582,935.2509766,745b074510d06944
53.25824952125549,53.25831138400008,1789785097.7857366,0.060319901,20.04241943359375,2165.71582,935.9882813,745b074540ff6944
53.278212785720825,53.27827453300006,1789785097.8056998,0.060081482,19.96326446533203,2171.429931640625,936.7018432617188,e1b60745eb2c6a44
53.29824709892273,53.29830916400033,1789785097.8257341,0.060319901,20.034313201904297,2171.429931640625,937.4391479492188,e1b607451b5c6a44
53.31820869445801,53.31827147900003,1789785097.8456957,0.061273575,19.96159553527832,2171.429931640625,938.1527099609375,e1b60745c6896a44
53.338247537612915,53.338309351000134,1789785097.8657346,0.060319901,20.038843154907227,2171.429931640625,938.8662719726562,e1b6074571b76a44
53.35831857,53.35838698099997,1789785097.8858056,0.066757202,20.071029663085938,2171.429931640625,939.6035766601562,e1b60745a1e66a44
53.378233671188354,53.378316519000236,1789785097.9057207,0.082015991,19.915103912353516,2171.429931640625,940.3171387,e1b607454c146b44
53.398306131362915,53.39834779800003,1789785097.9257932,0.040054321,20.072460174560547,2171.429931640625,941.0544434,e1b607457c436b44
53.41826367378235,53.41832863200034,1789785097.9457507,0.063419342,19.957542419433594,2171.429931640625,941.7680053710938,e1b6074527716b44
53.43817663192749,53.43822102200011,1789785097.9656637,0.042915344,19.91295815,2171.429931640625,942.4815063476562,e1b60745d19e6b44
53.45817685127258,53.45825250400003,1789785097.985664,0.074148178,20.000219345092773,2171.429931640625,943.2188720703125,e1b6074502ce6b44
53.47824478149414,53.47828395000033,1789785098.0057318,0.037431717,20.067930221557617,2171.429931640625,943.932373,e1b60745acfb6b44
53.49821090698242,53.49824794999995,1789785098.025698,0.035524368,19.96612548828125,2171.429931640625,944.6697387695312,e1b60745dd2a6c44
53.518178939819336,53.51822187700009,1789785098.045666,0.041246414,19.968032836914062,2171.429931640625,945.3832397460938,e1b6074587586c44
53.538161277770996,53.53819791500018,1789785098.0656483,0.034809112548828125,19.982337951660156,2171.429931640625,946.0968017578125,e1b6074532866c44
53.55821657180786,53.55825960100037,1789785098.0857036,0.041246414,20.055294036865234,2171.429931640625,946.8341674804688,e1b6074563b56c44
53.578176736831665,53.578218732000096,1789785098.1056638,0.040531158447265625,19.96016502380371,2165.71582,947.5476684570312,745b07450de36c44
53.598185539245605,53.59824758500008,1789785098.1256726,0.060319901,20.00880241394043,2165.71582,948.2612305,745b0745b8106d44
53.61820340156555,53.618243622000136,1789785098.1456904,0.038623809814453125,20.01786231994629,2171.429931640625,948.9985352,e1b60745e83f6d44
53.63821482658386,53.63825597499999,1789785098.1657019,0.039339066,20.011425018310547,2171.429931640625,949.7120971679688,e1b60745936d6d44
53.65821981430054,53.65826316100038,1789785098.1857069,0.041723251,20.004987716674805,2165.71582,950.4256591796875,745b07453e9b6d44
53.67816185951233,53.67819897700019,1789785098.205649,0.03528595,19.942045211791992,2171.429931640625,951.1629638671875,e1b607456eca6d44
53.69823956489563,53.69827662600028,1789785098.2257266,0.035524368,20.07770538330078,2171.429931640625,951.8765258789062,e1b6074519f86d44
53.71816158294678,53.718197144999976,1789785098.2456486,0.033855438232421875,19.92201805114746,2165.71582,952.5900268554688,745b0745c3256e44
53.738208293914795,53.73824396100008,1789785098.2656953,0.033855438232421875,20.046710968017578,2165.71582,953.3273926,745b0745f4546e44
53.75819921,53.75823425800036,1789785098.2856863,0.033378601,19.990921020507812,2165.71582,954.0408935546875,745b07459e826e44
53.77815556526184,53.77819642600025,1789785098.3056426,0.039339066,19.956350326538086,2165.71582,954.7544555664062,745b074549b06e44
53.798200368881226,53.79823966699996,1789785098.3256874,0.037670135498046875,20.044803619384766,2165.71582,955.4917602539062,745b074579df6e44
53.81823754310608,53.818275798000286,1789785098.3457246,0.036716461181640625,20.037174224853516,2165.71582,956.2053223,745b0745240d6f44
53.838157415390015,53.83819504,1789785098.3656445,0.036001205,19.919872283935547,2171.429931640625,956.9188842773438,e1b60745cf3a6f44
53.85819911956787,53.85823765,1789785098.3856862,0.03695488,20.041704177856445,2165.71582,957.6561889648438,745b0745ff696f44
53.878154277801514,53.87819141199998,1789785098.4056413,0.035524368,19.955158233642578,2165.71582,958.3697509765625,745b0745aa976f44
53.89816117286682,53.89819781999995,1789785098.4256482,0.035047531,20.006895065307617,2171.429931640625,959.083252,e1b6074554c56f44
53.91815686225891,53.91819246900013,1789785098.445644,0.033855438232421875,19.995689392089844,2171.429931640625,959.8206176757812,e1b6074585f46f44
53.93820571899414,53.93824663700025,1789785098.4656928,0.039339066,20.048856735229492,2165.71582,960.5341186523438,745b07452f227044
53.95819044113159,53.95822874900023,1789785098.4856775,0.036716461181640625,19.984722137451172,2165.71582,961.2476806640625,745b0745da4f7044
53.978195905685425,53.97824293500025,1789785098.505683,0.045537949,20.005464553833008,2165.71582,961.9849853515625,745b07450a7f7044
53.998021602630615,53.99806999100019,1789785098.5255086,0.046730042,19.82569694519043,2171.429931640625,962.6985473632812,e1b60745b5ac7044
54.01828575134277,54.018604511000376,1789785098.5457728,0.31685829162597656,20.264148712158203,2171.429931640625,963.4596557617188,e1b607456bdd7044
54.038212299346924,54.03826499300021,1789785098.5656993,0.051021575927734375,19.92654800415039,2171.429931640625,964.2445678710938,e1b60745a70f7144
54.05820560455322,54.05824525300022,1789785098.5856926,0.037908554,19.993305206298828,2200.001220703125,965.0532227,0580094568437144
54.07819318771362,54.07822971700034,1789785098.6056802,0.035047531,19.98758316040039,2228.572754,965.8619384765625,2a490b452a777144
54.09819054603577,54.09822618099997,1789785098.6256776,0.034093857,19.997358322143555,2228.572754,966.6705932617188,2a490b45ebaa7144
54.11815619468689,54.11824973700004,1789785098.6456432,0.092029572,19.965648651123047,2262.858398,967.479248,bc6d0d45acde7144
54.13820433616638,54.138243609000256,1789785098.6656914,0.037670135498046875,20.048141479492188,2262.858398,968.2879638671875,bc6d0d456e127244
54.158154010772705,54.158202128000084,1789785098.685641,0.046491623,19.949674606323242,2297.144287109375,969.0966186523438,4f920f452f467244
54.17815423,54.17819496200036,1789785098.7056413,0.039100647,20.000219345092773,2331.429931640625,969.9053344726562,e1b61145f1797244
54.198193311691284,54.19827059299996,1789785098.7256804,0.07557869,20.039081573486328,2331.429931640625,970.7139892578125,e1b61145b2ad7244
54.218194246292114,54.21823085300002,1789785098.7456813,0.035047531,20.000934600830078,2365.715576171875,971.5464477539062,73db1345f9e27244
54.23823308944702,54.238271261000136,1789785098.7657201,0.036478043,20.038843154907227,2394.287109,972.3551635742188,98a41545bb167344
54.258190631866455,54.25822754000001,1789785098.7856777,0.03528595,19.957542419433594,2394.287109,973.1638184,98a415457c4a7344
54.27820372581482,54.27824454100028,1789785098.8056908,0.039339066,20.013093948364258,2428.572998046875,973.9725341796875,2bc917453e7e7344
54.29823136329651,54.298268116000145,1789785098.8257184,0.03528595,20.027637481689453,2434.287353515625,974.7811889648438,99241845ffb17344
54.31819128990173,54.318226987000344,1789785098.8456783,0.034093857,19.95992660522461,2434.287353515625,975.5898438,99241845c0e57344
54.33818984031677,54.33822815500025,1789785098.8656769,0.036716461181640625,19.998550415039062,2434.287353515625,976.3985595703125,9924184582197444
54.35819053649902,54.358248007000384,1789785098.8856776,0.055789947509765625,20.000696182250977,2434.287353515625,977.2072143554688,99241845434d7444
54.37818646430969,54.37822713800006,1789785098.9056735,0.039100647,19.995927810668945,2434.287353515625,978.0159301757812,9924184505817444
54.39815306663513,54.39819336100027,1789785099,0.038623809814453125,19.966602325439453,2434.287353515625,978.8245849609375,99241845c6b47444
54.41814708709717,54.41818376900028,1789785098.9456341,0.035047531,19.994020462036133,2434.287353515625,979.6332397460938,9924184587e87444
54.43816256523132,54.438203437000084,1789785098.9656496,0.039339066,20.015478134155273,2434.287353515625,980.4419555664062,99241845491c7544
54.45815682411194,54.45819777099996,1789785098.9856439,0.039339066,19.994258880615234,2434.287353515625,981.2506103515625,992418450a507544
54.478010416030884,54.478060438000284,1789785099.0054975,0.04863739,19.853591918945312,2434.287353515625,982.0593262,99241845cc837544
54.498191595077515,54.49822853200021,1789785099.0256786,0.03528595,20.18117904663086,2434.287353515625,982.8679809570312,992418458db77544
54.518187522888184,54.51822942200033,1789785099.0456746,0.04029274,19.995927810668945,2428.572998046875,983.7004395,2bc91745d4ec7544
54.538224935531616,54.53826315,1789785099.065712,0.036478043,20.037412643432617,2428.572998046875,984.5091552734375,2bc9174596207644
54.558186531066895,54.55822270099998,1789785099.0856736,0.034570694,19.96159553527832,2434.287353515625,985.3178100585938,9924184557547644
54.57816004753113,54.57820166500005,1789785099.105647,0.040054321,19.97351646,2434.287353515625,986.1265258789062,9924184519887644
54.598148584365845,54.598185833000116,1789785099.1256356,0.035524368,19.988536834716797,2434.287353515625,986.9351806640625,99241845dabb7644
54.61818337440491,54.61831759300003,1789785099.1456704,0.13256072998046875,20.03479004,2434.287353515625,987.7438354492188,992418459bef7644
54.638195514678955,54.638235094000265,1789785099.1656826,0.037908554,20.01214027404785,2434.287353515625,988.5525512695312,992418455d237744
54.65814757347107,54.65819015000034,1789785099.1856346,0.041007996,19.952058792114258,2434.287353515625,989.3612060546875,992418451e577744
54.67801833152771,54.67809468800033,1789785099.2055054,0.074863434,19.870758056640625,2434.287353515625,990.1699219,99241845e08a7744
54.69819521903992,54.69825126,1789785099.2256823,0.054359436,20.17688751220703,2434.287353515625,991.0023803710938,9924184527c07744
54.71818185,54.71822069000018,1789785099.245669,0.037193298,19.986629486083984,2434.287353515625,991.8110352,99241845e8f37744
54.73815393447876,54.738191913000264,1789785099.265641,0.036239624,19.97208595275879,2434.287353515625,992.6197509765625,99241845aa277844
54.75813627243042,54.75817285800031,1789785099.2856233,0.034809112548828125,19.982337951660156,2434.287353515625,993.4284057617188,992418456b5b7844
54.77817916870117,54.778228822000074,1789785099.3056662,0.047922134,20.042896270751953,2440.001708984375,994.2370605,078018452c8f7844
54.79814291000366,54.79818102700028,1789785099,0.036239624,19.963741302490234,2434.287353515625,995.0457763671875,99241845eec27844
54.81817913,54.818215732000226,1789785099.3456662,0.035047531,20.03622055053711,2434.287353515625,995.8544311523438,99241845aff67844
54.838181257247925,54.83821762100024,1789785099.3656683,0.034570694,20.002126693725586,2434.287353515625,996.6631469726562,99241845712a7944
54.858187198638916,54.858223437000106,1789785099.3856742,0.034570694,20.00594139099121,2434.287353515625,997.4718017578125,99241845325e7944
54.87821555137634,54.87825116000022,1789785099.4057026,0.033855438232421875,20.028352737426758,2434.287353515625,998.2805176,99241845f4917944
54.89813972,54.89817523500005,1789785099.4256268,0.033855438232421875,19.924163818359375,2434.287353515625,999.0891723632812,99241845b5c57944
54.91821861,54.91825510600029,1789785099.4457057,0.034809112548828125,20.07889747619629,2434.287353515625,999.8978271484375,9924184576f97944
54.93817949295044,54.93821531100002,1789785099.4656665,0.034093857,19.960880279541016,2434.287353515625,1000.706543,99241845382d7a44
54.95817995071411,54.95821871900034,1789785099.485667,0.037193298,20.000457763671875,2434.287353515625,1001.5151977539062,99241845f9607a44
54.97818088531494,54.97822362800025,1789785099.505668,0.041246414,20.000934600830078,2434.287353515625,1002.3239135742188,99241845bb947a44
54.998178243637085,54.998216314000274,1789785099.5256653,0.036239624,19.997358322143555,2434.287353515625,1003.132568359375,992418457cc87a44
55.01817798614502,55.01821744400013,1789785099.545665,0.037908554,19.99974250793457,2428.572998046875,1003.9412841796875,2bc917453efc7a44
55.03817415237427,55.03821033400027,1789785099.5656612,0.034570694,19.996166229248047,2428.572998046875,1004.7737426757812,2bc9174585317b44
55.05821418762207,55.058249465000245,1789785099.5857012,0.03361702,20.040035247802734,2434.287353515625,1005.5823974609375,9924184546657b44
55.078176736831665,55.07821222500024,1789785099.6056638,0.033855438232421875,19.962549209594727,2434.287353515625,1006.391113,9924184508997b44
55.09817576408386,55.09821092900029,1789785099.6256628,0.033378601,19.999027252197266,2434.287353515625,1007.1997680664062,99241845c9cc7b44
55.11821651,55.11825976399996,1789785099.6457036,0.041484832763671875,20.04075050354004,2434.287353515625,1008.0084228515625,992418458a007c44
55.13818645477295,55.13822876400036,1789785099.6656735,0.040769577,19.969940185546875,2434.287353515625,1008.817138671875,992418454c347c44
55.158175468444824,55.15821222800014,1789785099.6856625,0.035047531,19.98901367,2428.572998046875,1009.6257934570312,2bc917450d687c44
55.17817544937134,55.17821387699996,1789785099.7056625,0.03695488,19.999980926513672,2434.287353515625,1010.4345092773438,99241845cf9b7c44
55.19816804,55.19822043400018,1789785099.725655,0.050544739,19.992589950561523,2434.287353515625,1011.243164,9924184590cf7c44
55.21818494796753,55.21823489799999,1789785099.745672,0.048398972,20.016908645629883,2434.287353515625,1012.0518188476562,9924184551037d44
55.23817706108093,55.23821543500026,1789785099.765664,0.036716461181640625,19.99211311340332,2434.287353515625,1012.8843383789062,9924184599387d44
55.25813174247742,55.25817123300021,1789785099.7856188,0.037908554,19.954681396484375,2434.287353515625,1013.6929931640625,992418455a6c7d44
55.27817082,55.27820743700022,1789785099.8056579,0.035047531,20.039081573486328,2440.001708984375,1014.5016479492188,078018451ba07d44
55.29799533,55.29804955,1789785099.8254824,0.052690506,19.824504852294922,2434.287353515625,1015.3103637695312,99241845ddd37d44
55.318214893341064,55.31825116100026,1789785099.845702,0.034570694,20.21956443786621,2434.287353515625,1016.1190185546875,992418459e077e44
55.33822036,55.338255847000255,1789785099.8657074,0.033855438232421875,20.005464553833008,2434.287353515625,1016.927734,99241845603b7e44
55.35816478729248,55.358215867000126,1789785099.8856518,0.049591064,19.944429397583008,2434.287353515625,1017.7363891601562,99241845216f7e44
55.37816667556763,55.37820347900015,1789785099.9056537,0.035047531,20.001888275146484,2434.287353515625,1018.5451049804688,99241845e3a27e44
55.398170471191406,55.39820949800014,1789785099.9256575,0.037431717,20.003795623779297,2440.001708984375,1019.353759765625,07801845a4d67e44
55.41814136505127,55.418180851000216,1789785099.9456284,0.037908554,19.97089385986328,2440.001708984375,1020.1624145507812,07801845650a7f44
55.43821310997009,55.43825381500028,1789785099.9657001,0.039100647,20.071744918823242,2434.287353515625,1020.994873046875,99241845ac3f7f44
55.45813059806824,55.45816916700005,1789785099.9856176,0.03695488,19.91748809814453,2434.287353515625,1021.8035888671875,992418456e737f44
55.478169441223145,55.47820563100004,1789785100.0056565,0.034332275,20.038843154907227,2434.287353515625,1022.6122436523438,992418452fa77f44
55.49820637702942,55.498242762000245,1789785100.0256934,0.034570694,20.036935806274414,2440.001708984375,1023.4209594726562,07801845f1da7f44
55.51818799972534,55.51827907799998,1789785100.045675,0.089645386,19.98162269592285,2434.287353515625,1024.2296142578125,9924184559078044
55.53817319869995,55.53825454200023,1789785100.0656602,0.079870224,19.985198974609375,2434.287353515625,1025.038330078125,992418453a218044
55.558167457580566,55.55823280200002,1789785100.0856545,0.063657761,19.994258880615234,2434.287353515625,1025.8470458984375,992418451b3b8044
55.578184604644775,55.57824063600037,1789785100.1056716,0.054359436,20.017147064208984,2434.287353515625,1026.6556396484375,99241845fb548044
55.598209857940674,55.59827369200002,1789785100.125697,0.062227249,20.025253295898438,2434.287353515625,1027.4881591796875,992418459f6f8044
55.61820578575134,55.618278230000215,1789785100.1456928,0.070810318,19.995927810668945,2440.001708984375,1028.2967529296875,078018457f898044
55.638176918029785,55.63823054600016,1789785100.165664,0.051975250244140625,19.971132278442383,2440.001708984375,1029.105469,0780184560a38044
55.658169746398926,55.65823267600035,1789785100.1856568,0.061273575,19.992828369140625,2434.287353515625,1029.9141845703125,9924184541bd8044
55.67816972732544,55.67823302900024,1789785100.2056568,0.061511993408203125,19.999980926513672,2434.287353515625,1030.722900390625,9924184522d78044
55.69820737838745,55.69827306700017,1789785100.2256944,0.064134598,20.03765106201172,2434.287353515625,1031.531494140625,9924184502f18044
55.71816825866699,55.7182352,1789785100.2456553,0.065326691,19.960880279541016,2440.001708984375,1032.3402099609375,07801845e30a8144
55.738171100616455,55.73823686500009,1789785100.2656581,0.064134598,20.00284194946289,2434.287353515625,1033.148926,99241845c4248144
55.75820589065552,55.75826938499995,1789785100.285693,0.061988831,20.03479004,2434.287353515625,1033.95752,99241845a43e8144
55.77816081047058,55.77822266300018,1789785100.3056479,0.060081482,19.954919815063477,2434.287353515625,1034.790039,9924184548598144
55.798197746276855,55.79823749800016,1789785100.3256848,0.038146973,20.036935806274414,2440.001708984375,1035.5987548828125,0780184529738144
55.81814360618591,55.818181646000085,1789785100.3456306,0.036478043,19.945859909057617,2440.001708984375,1036.4073486328125,07801845098d8144
55.83816456794739,55.83820318400012,1789785100.3656516,0.03695488,20.02096176147461,2440.001708984375,1037.216064453125,07801845eaa68144
55.85816216468811,55.85819875900006,1789785100.3856492,0.035047531,19.997596740722656,2440.001708984375,1038.0247802734375,07801845cbc08144
55.87816358,55.878199983000286,1789785100.4056506,0.034570694,20.00141143798828,2440.001708984375,1038.833496,07801845acda8144
55.89802598953247,55.89808185400034,1789785100.425513,0.054359436,19.86241340637207,2440.001708984375,1039.64209,078018458cf48144
55.91819787025452,55.918235558000106,1789785100.445685,0.036239624,20.17188072,2440.001708984375,1040.474609,07801845300f8244
55.93815350532532,55.93818987400027,1789785100.4656405,0.034809112548828125,19.95563507080078,2440.001708984375,1041.2833251953125,0780184511298244
55.95815896987915,55.95819448600014,1789785100.485646,0.033855438232421875,20.005464553833008,2440.001708984375,1042.0919189453125,07801845f1428244
55.97819709777832,55.97823670900016,1789785100.5056841,0.037908554,20.038127899169922,2440.001708984375,1042.900634765625,07801845d25c8244
55.99815607070923,55.99819206200027,1789785100.525643,0.034093857,19.958972930908203,2440.001708984375,1043.7093505859375,07801845b3768244
56.01815438270569,56.01819100700004,1789785100.5456414,0.034809112548828125,19.99831199645996,2440.001708984375,1044.5179443359375,0780184593908244
56.03819990158081,56.03823558,1789785100.565687,0.034093857,20.04551887512207,2440.001708984375,1045.3504638671875,0780184537ab8244
56.05815649032593,56.05819158300028,1789785100.5856435,0.03361702,19.956588745117188,2440.001708984375,1046.15918,0780184518c58244
56.07815695,56.078192083999966,1789785100.605644,0.033378601,20.000457763671875,2440.001708984375,1046.967773,07801845f8de8244
56.09815049171448,56.098185603000275,1789785100.6256375,0.033378601,19.99354362487793,2440.001708984375,1047.7764892578125,07801845d9f88244
56.118202447891235,56.11824701200021,1789785100.6456895,0.042915344,20.051956176757812,2434.287353515625,1048.585205078125,99241845ba128344
56.138200998306274,56.13823910500014,1789785100.665688,0.036478043,19.998550415039062,2434.287353515625,1049.3939208984375,992418459b2c8344
56.15819954872131,56.15823771700025,1789785100.6856866,0.036478043,19.998550415039062,2440.001708984375,1050.226318359375,078018453e478344
56.17819524,56.17823386600003,1789785100.7056823,0.03695488,19.995689392089844,2440.001708984375,1051.0350341796875,078018451f618344
56.19820213317871,56.19834277500013,1789785100.7256892,0.13899803161621094,20.006895065307617,2440.001708984375,1051.8436279296875,07801845ff7a8344
56.21797776222229,56.21808666400011,1789785100.7454648,0.10752677917480469,19.77562904,2434.287353515625,1052.652344,99241845e0948344
56.238157510757446,56.23822185100016,1789785100.7656446,0.062704086,20.17974853515625,2440.001708984375,1053.4610595703125,07801845c1ae8344
56.25815153121948,56.258214407000196,1789785100.7856386,0.061273575,19.994020462036133,2440.001708984375,1054.269775390625,07801845a2c88344
56.27820086479187,56.278262908000215,1789785100.805688,0.060319901,20.049333572387695,2440.001708984375,1055.078369140625,0780184582e28344
56.29819393157959,56.2982595,1789785100.825681,0.063896179,19.993066787719727,2440.001708984375,1055.910888671875,0780184526fd8344
56.318153381347656,56.31821692800031,1789785100.8456404,0.061988831,19.959449768066406,2440.001708984375,1056.7196044921875,0780184507178444
56.33815026283264,56.33821291100003,1789785100.8656373,0.061035156,19.99688148498535,2440.001708984375,1057.5281982421875,07801845e7308444
56.35819053649902,56.35825559700015,1789785100.8856776,0.063419342,20.040273666381836,2445.716064453125,1058.336914,75db1845c84a8444
56.37814927101135,56.37821748600027,1789785100.9056363,0.066518784,19.95873451,2445.716064453125,1059.1456298828125,75db1845a9648444
56.39829874038696,56.39836189500011,1789785100.9257858,0.061511993408203125,20.14946937561035,2440.001708984375,1059.978027,078018454c7f8444
56.41823959350586,56.418525026000225,1789785100.9457266,0.2837181091308594,19.940853118896484,2440.001708984375,1060.7867431640625,078018452d998444
56.438294410705566,56.43833617400014,1789785100.9657815,0.040054321,20.05481719970703,2440.001708984375,1061.595458984375,078018450eb38444
56.45818758010864,56.458220953000364,1789785100.9856746,0.031709671,19.893169403076172,2445.716064453125,1062.404052734375,75db1845eecc8444
56.47814488,56.478182176000246,1789785101.005632,0.035762786865234375,19.957304000854492,2445.716064453125,1063.2127685546875,75db1845cfe68444
56.498188495635986,56.49822702900019,1789785101.0256755,0.03695488,20.043611526489258,2440.001708984375,1064.021484,07801845b0008544
56.518190145492554,56.51825039999994,1789785101.0456772,0.058412552,20.001649856567383,2440.001708984375,1064.8302001953125,07801845911a8544
56.53814983,56.53819157,1789785101.0656369,0.04029274,19.959688186645508,2440.001708984375,1065.662598,0780184534358544
56.55818819999695,56.558227161000104,1789785101.0856752,0.037431717,20.038366317749023,2440.001708984375,1066.4713134765625,07801845154f8544
56.578163146972656,56.57820482900024,1789785101.1056502,0.039815903,19.974946975708008,2440.001708984375,1067.280029296875,07801845f6688544
56.59819006919861,56.59822903300028,1789785101.125677,0.037431717,20.02692222595215,2440.001708984375,1068.088623046875,07801845d6828544
56.618173599243164,56.61825151600033,1789785101.1456606,0.076293945,19.983530044555664,2434.287353515625,1068.8973388671875,99241845b79c8544
56.63814997673035,56.63818772000013,1789785101.165637,0.036001205,19.976377487182617,2434.287353515625,1069.706055,9924184598b68544
56.65814232826233,56.65818127700004,1789785101.1856294,0.037193298,19.992351531982422,2440.001708984375,1070.514648,0780184578d08544
56.67814826965332,56.67818418500019,1789785101.2056353,0.034332275,20.00594139099121,2440.001708984375,1071.3233642578125,0780184559ea8544
56.698123931884766,56.69816504,1789785101.225611,0.039577484130859375,19.975662231445312,2440.001708984375,1072.1558837890625,07801845fd048644
56.71810198,56.71814016799999,1789785101.245589,0.036478043,19.978046417236328,2434.287353515625,1072.9644775390625,99241845dd1e8644
56.738112926483154,56.73815132,1789785101,0.03695488,20.010948181152344,2440.001708984375,1073.773193359375,07801845be388644
56.75814199447632,56.75817805900033,1789785101.285629,0.034570694,20.029067993164062,2440.001708984375,1074.5819091796875,078018459f528644
56.77815508842468,56.778195041000345,1789785101.3056421,0.038146973,20.013093948364258,2440.001708984375,1075.390625,07801845806c8644
56.79796743392944,56.79801858,1789785101.3254545,0.049591064,19.812345504760742,2434.287353515625,1076.199219,9924184560868644
56.818105936050415,56.81816667300018,1789785101.345593,0.058889389,20.13850212097168,2434.287353515625,1077.031738,9924184504a18644
56.838144302368164,56.83818096999994,1789785101.3656313,0.035047531,20.038366317749023,2440.001708984375,1077.840332,07801845e4ba8644
56.85814452171326,56.858179803999974,1789785101.3856316,0.033378601,20.000219345092773,2440.001708984375,1078.6490478515625,07801845c5d48644
56.87818264961243,56.87821803,1789785101.4056697,0.03361702,20.038127899169922,2440.001708984375,1079.457763671875,07801845a6ee8644
56.89810585975647,56.89814199,1789785101.425593,0.034570694,19.92321014404297,2440.001708984375,1080.2664794921875,0780184587088744
56.91818833351135,56.91822343600006,1789785101.4456754,0.033378601,20.082473754882812,2440.001708984375,1081.0750732421875,0780184567228744
56.93818545341492,56.938221308000266,1789785101.4656725,0.034332275,19.997119903564453,2440.001708984375,1081.9075927734375,078018450b3d8744
56.958176136016846,56.95821186400008,1789785101.4856632,0.034093857,19.99068260192871,2440.001708984375,1082.716309,07801845ec568744
56.97815179824829,56.978195271999994,1789785101.5056388,0.041723251,19.975662231445312,2440.001708984375,1083.524902,07801845cc708744
56.99810242652893,56.99814147699999,1789785101.5255895,0.037431717,19.95062828063965,2434.287353515625,1084.3336181640625,99241845ad8a8744
57.01816225,57.0182047,1789785101.5456493,0.040769577,20.059823989868164,2440.001708984375,1085.142333984375,078018458ea48744
57.03810429573059,57.038139107999996,1789785101.5655913,0.033140182,19.942045211791992,2440.001708984375,1085.950927734375,078018456ebe8744
57.058141469955444,57.05818116499995,1789785101.5856285,0.038146973,20.037174224853516,2440.001708984375,1086.7596435546875,078018454fd88744
57.078097105026245,57.07813405,1789785101.6055841,0.03528595,19.95563507080078,2434.287353515625,1087.568359,9924184530f28744
57.098098278045654,57.09813370400025,1789785101.6255853,0.03361702,20.00117301940918,2434.287353515625,1088.3770751953125,99241845110c8844
57.11818337440491,57.118229001000145,1789785101.6456704,0.044107437,20.08509635925293,2440.001708984375,1089.209473,07801845b4268844
57.13810753822327,57.13814576100003,1789785101.6655946,0.036716461181640625,19.924163818359375,2440.001708984375,1090.0181884765625,0780184595408844
57.15813088417053,57.15816733600013,1789785101.685618,0.034809112548828125,20.023345947265625,2434.287353515625,1090.826904296875,99241845765a8844
57.17814612388611,57.17818661499996,1789785101.7056332,0.038862228,20.015239715576172,2434.287353515625,1091.635498046875,9924184556748844
57.19813585281372,57.198187597000015,1789785101.725623,0.050067901611328125,19.989728927612305,2434.287353515625,1092.4442138671875,99241845378e8844
57.21817874908447,57.218217431000085,1789785101.7456658,0.037193298,20.042896270751953,2440.001708984375,1093.25293,0780184518a88844
57.23817467689514,57.23826550600006,1789785101.7656617,0.089406967,19.995927810668945,2440.001708984375,1094.061523,07801845f8c18844
57.25813269615173,57.25816961800001,1789785101.7856197,0.03528595,19.958019256591797,2440.001708984375,1094.8702392578125,07801845d9db8844
57.278130769729614,57.27816669,1789785101.8056178,0.034093857,19.99807357788086,2434.287353515625,1095.7027587890625,992418457df68844
57.29810715,57.29814284200029,1789785101.8255942,0.033855438232421875,19.976377487182617,2440.001708984375,1096.5113525390625,078018455d108944
57.31817317008972,57.318208010000035,1789785101.8456602,0.033140182,20.066022872924805,2440.001708984375,1097.320068359375,078018453e2a8944
57.338135719299316,57.338171066000086,1789785101.8656228,0.033855438232421875,19.962549209594727,2440.001708984375,1098.1287841796875,078018451f448944
57.35817074775696,57.35820580800009,1789785101.8856578,0.033378601,20.03502846,2434.287353515625,1098.9375,99241845005e8944
57.37815809249878,57.37825142,1789785101.9056451,0.091552734,19.98734474182129,2434.287353515625,1099.746094,99241845e0778944
57.39814376831055,57.39819440200017,1789785101.9256308,0.049114227294921875,19.985675811767578,2440.001708984375,1100.5548095703125,07801845c1918944
57.418134450912476,57.418172310000045,1789785101.9456215,0.036001205,19.99068260192871,2440.001708984375,1101.363525390625,07801845a2ab8944
57.43813086,57.438166904000354,1789785101.965618,0.034332275,19.99640464782715,2440.001708984375,1102.172119140625,0780184582c58944
57.458102226257324,57.45813770099994,1789785101.9855893,0.033855438232421875,19.971370697021484,2434.287353515625,1103.004638671875,9924184526e08944
57.478169441223145,57.47820522100028,1789785102.0056565,0.034093857,20.067214965820312,2434.287353515625,1103.8133544921875,9924184507fa8944
57.49813461303711,57.498169777000385,1789785102.0256217,0.033378601,19.965171813964844,2434.287353515625,1104.6219482421875,99241845e7138a44
57.51812744140625,57.51816479600029,1789785102.0456145,0.035762786865234375,19.992828369140625,2440.001708984375,1105.430664,07801845c82d8a44
57.53813195228577,57.53817248300038,1789785102.065619,0.038862228,20.00451088,2440.001708984375,1106.2393798828125,07801845a9478a44
57.558093786239624,57.55813372400007,1789785102.0855808,0.038385391,19.961833953857422,2434.287353515625,1107.0479736328125,9924184589618a44
57.578147411346436,57.578188651000346,1789785102.1056345,0.039577484130859375,20.053625106811523,2434.287353515625,1107.856689453125,992418456a7b8a44
57.59808969497681,57.59812918900025,1789785102.1255767,0.037908554,19.942283630371094,2434.287353515625,1108.6654052734375,992418454b958a44
57.618138551712036,57.61827454200011,1789785102.1456256,0.13446807861328125,20.048856735229492,2440.001708984375,1109.474121,078018452caf8a44
57.63813614845276,57.63817704300027,1789785102.1656232,0.039339066,19.997596740722656,2440.001708984375,1110.282715,078018450cc98a44
57.658129930496216,57.658173525000166,1789785102.185617,0.04196167,19.99378204345703,2434.287353515625,1111.115234,99241845b0e38a44
57.67812132835388,57.67816284100036,1789785102.2056084,0.040054321,19.991397857666016,2434.287353515625,1111.9239501953125,9924184591fd8a44
57.69810461997986,57.69816184199999,1789785102.2255917,0.055551529,19.983291625976562,2434.287353515625,1112.7325439453125,9924184571178b44
57.718098878860474,57.71814389800011,1789785102.245586,0.043153763,19.994258880615234,2440.001708984375,1113.541259765625,0780184552318b44
57.73813199996948,57.738174657999934,1789785102.265619,0.041007996,20.03312110900879,2440.001708984375,1114.3499755859375,07801845334b8b44
57.75816846,57.75820856600012,1789785102.2856555,0.038385391,20.03645896911621,2440.001708984375,1115.182373046875,07801845d6658b44
57.77813768386841,57.77817501200025,1789785102.3056247,0.035762786865234375,19.96922492980957,2440.001708984375,1115.9910888671875,07801845b77f8b44
57.79812669754028,57.79816288300026,1789785102.3256137,0.034332275,19.98901367,2440.001708984375,1116.799805,0780184598998b44
57.818121910095215,57.81815832800021,1789785102.345609,0.034809112548828125,19.99521255493164,2440.001708984375,1117.608398,0780184578b38b44
57.83816051483154,57.83819577400027,1789785102.3656476,0.03361702,20.038604736328125,2440.001708984375,1118.4171142578125,0780184559cd8b44
57.85808300971985,57.858118959999956,1789785102,0.034332275,19.922494888305664,2440.001708984375,1119.225830078125,078018453ae78b44
57.87811899185181,57.878154738000376,1789785102.405606,0.034093857,20.035982131958008,2440.001708984375,1120.0582275390625,07801845dd018c44
57.898122787475586,57.89816162800025,1789785102.4256098,0.037193298,20.003795623779297,2440.001708984375,1120.866943359375,07801845be1b8c44
57.918161153793335,57.91819788800012,1789785102.4456482,0.035047531,20.038366317749023,2440.001708984375,1121.6756591796875,078018459f358c44
57.93816256523132,57.93819824100001,1789785102.4656496,0.034093857,20.00141143798828,2440.001708984375,1122.484375,07801845804f8c44
57.95812273025513,57.95815835300027,1789785102.4856098,0.034093857,19.96016502380371,2440.001708984375,1123.292969,0780184560698c44
57.97813057899475,57.97816635400022,1789785102.5056176,0.034093857,20.007848739624023,2440.001708984375,1124.1016845703125,0780184541838c44
57.99812984466553,57.99817146600026,1789785102.525617,0.040054321,19.999265670776367,2440.001708984375,1124.910400390625,07801845229d8c44
58.018118143081665,58.01815509700009,1789785102.5456052,0.03528595,19.988298416137695,2434.287353515625,1125.718994140625,9924184502b78c44
58.038166761398315,58.03820752299998,1789785102.5656538,0.039100647,20.04861831665039,2434.287353515625,1126.551513671875,99241845a6d18c44
58.058162450790405,58.05819889500026,1789785102.5856495,0.034809112548828125,19.995689392089844,2440.001708984375,1127.3602294921875,0780184587eb8c44
58.078118562698364,58.07815472900029,1789785102.6056056,0.034570694,19.956111907958984,2440.001708984375,1128.1688232421875,0780184567058d44
58.09815716743469,58.098193471000286,1789785102.6256442,0.034570694,20.038604736328125,2440.001708984375,1128.977539,07801845481f8d44
58.117939710617065,58.11797991499998,1789785102.6454268,0.038623809814453125,19.782543182373047,2434.287353515625,1129.7862548828125,9924184529398d44
58.13808822631836,58.138202916999944,1789785102.6655753,0.11301040649414062,20.148515701293945,2434.287353515625,1130.5948486328125,9924184509538d44
58.15811777114868,58.158159806000185,1789785102.6856048,0.040531158447265625,20.029544830322266,2440.001708984375,1131.403564453125,07801845ea6c8d44
58.178086042404175,58.17812546,1789785102.705573,0.037670135498046875,19.968271255493164,2440.001708984375,1132.2122802734375,07801845cb868d44
58.19811391830444,58.19815277099997,1789785102.725601,0.037193298,20.027875900268555,2440.001708984375,1133.044677734375,078018456ea18d44
58.218117237091064,58.218216013000074,1789785102.7456043,0.097036362,20.003318786621094,2434.287353515625,1133.8533935546875,992418454fbb8d44
58.23811960220337,58.23815879200038,1789785102.7656066,0.037670135498046875,20.002365112304688,2440.001708984375,1134.662109,0780184530d58d44
58.25811553001404,58.258154126000136,1789785102.7856026,0.03695488,19.995927810668945,2440.001708984375,1135.4708251953125,0780184511ef8d44
58.27815318107605,58.27819079300025,1789785102.8056402,0.035762786865234375,20.03765106201172,2440.001708984375,1136.2794189453125,07801845f1088e44
58.29807782173157,58.29811612699996,1789785102.8255649,0.036716461181640625,19.924640655517578,2434.287353515625,1137.088134765625,99241845d2228e44
58.318113803863525,58.318151240000134,1789785102.8456008,0.035762786865234375,20.035982131958008,2434.287353515625,1137.8968505859375,99241845b33c8e44
58.33811879,58.33815492600024,1789785102.8656058,0.034332275,20.004987716674805,2440.001708984375,1138.7054443359375,0780184593568e44
58.35815191268921,58.35818781500029,1789785102.885639,0.034332275,20.03312110900879,2440.001708984375,1139.5379638671875,0780184537718e44
58.37794256210327,58.37802776100034,1789785102.9054296,0.08392334,19.79064941,2440.001708984375,1140.34668,07801845188b8e44
58.39808678627014,58.39812550200031,1789785102.9255738,0.03695488,20.144224166870117,2434.287353515625,1141.155273,99241845f8a48e44
58.41793465614319,58.41800267000008,1789785102.9454217,0.066518784,19.847869873046875,2434.287353515625,1141.9639892578125,99241845d9be8e44
58.43814992904663,58.43818411500024,1789785102.965637,0.032424927,20.215272903442383,2440.001708984375,1142.772705078125,07801845bad88e44
58.458152294158936,58.45819078300019,1789785102.9856393,0.03695488,20.002365112304688,2440.001708984375,1143.5814208984375,078018459bf28e44
58.47815489768982,58.47819339500029,1789785103.005642,0.03695488,20.00260353088379,2440.001708984375,1144.413818359375,078018453e0d8f44
58.498146772384644,58.49818369200011,1789785103.0256338,0.03528595,19.99187469482422,2434.287353515625,1145.2225341796875,992418451f278f44
58.51810669898987,58.518142934000025,1789785103.0455937,0.034570694,19.95992660522461,2440.001708984375,1146.03125,0780184500418f44
58.538082122802734,58.53812336,1789785103.0655692,0.039577484130859375,19.97542381286621,2440.001708984375,1146.839844,07801845e05a8f44
58.55811,58.55814934299997,1789785103.085597,0.037670135498046875,20.027875900268555,2440.001708984375,1147.6485595703125,07801845c1748f44
58.57813024520874,58.57817294,1789785103.1056173,0.041007996,20.020246505737305,2440.001708984375,1148.457275390625,07801845a28e8f44
58.59810996055603,58.59815060400024,1789785103.125597,0.039100647,19.97971534729004,2440.001708984375,1149.2896728515625,0780184545a98f44
58.618141651153564,58.61828271600007,1789785103.1456287,0.1392364501953125,20.03169059753418,2440.001708984375,1150.098388671875,0780184526c38f44
58.63814949989319,58.63819905000037,1789785103.1656365,0.047922134,20.007848739624023,2440.001708984375,1150.9071044921875,0780184507dd8f44
58.658106565475464,58.65816927300011,1789785103.1855936,0.061273575,19.95706558227539,2440.001708984375,1151.7156982421875,07801845e7f68f44
58.67815566062927,58.67821760800007,1789785103.2056427,0.060319901,20.049095153808594,2440.001708984375,1152.5482177734375,078018458b119044
58.698105573654175,58.69816866400015,1789785103.2255926,0.061511993408203125,19.949913024902344,2440.001708984375,1153.356934,078018456c2b9044
58.718122243881226,58.71817662800004,1789785103.2456093,0.052690506,20.01667022705078,2440.001708984375,1154.165527,078018454c459044
58.73814893,58.73821251800018,1789785103.265636,0.061750412,20.026683807373047,2445.716064453125,1154.9742431640625,75db18452d5f9044
58.75814747810364,58.75821233,1789785103.2856345,0.063180923,19.998550415039062,2445.716064453125,1155.782958984375,75db18450e799044
58.77808094024658,58.77813592700022,1789785103.305568,0.053167343,19.933462142944336,2440.001708984375,1156.591552734375,07801845ee929044
58.79814386367798,58.79820685,1789785103.325631,0.061273575,20.062923431396484,2445.716064453125,1157.424072265625,75db184592ad9044
58.81810212135315,58.818164466000326,1789785103.3455892,0.060796738,19.95825768,2445.716064453125,1158.2327880859375,75db184573c79044
58.83810997009277,58.838197485000364,1789785103.365597,0.085830688,20.007848739624023,2440.001708984375,1159.0413818359375,0780184553e19044
58.85810875892639,58.858175097000185,1789785103.3855958,0.064611435,19.998788833618164,2445.716064453125,1159.850098,75db184534fb9044
58.878116846084595,58.87817024600008,1789785103.405604,0.051736832,20.008087158203125,2445.716064453125,1160.6588134765625,75db184515159144
58.898144245147705,58.89820974700024,1789785103.4256313,0.063896179,20.02739906311035,2445.716064453125,1161.491211,75db1845b82f9144
58.91810417175293,58.91815863700003,1789785103.4455912,0.052928924560546875,19.95992660522461,2445.716064453125,1162.2999267578125,75db184599499144
58.93810772895813,58.93816936,1789785103.4655948,0.060081482,20.003557205200195,2440.001708984375,1163.108642578125,078018457a639144
58.95806336402893,58.95811706400036,1789785103.4855504,0.051975250244140625,19.95563507080078,2445.716064453125,1163.9173583984375,75db18455b7d9144
58.978073596954346,58.97812680600009,1789785103.5055606,0.051736832,20.01023292541504,2445.716064453125,1164.7259521484375,75db18453b979144
58.998104095458984,58.998170566000226,1789785103.5255911,0.064849854,20.030498504638672,2440.001708984375,1165.534668,078018451cb19144
59.01809859275818,59.018161085999964,1789785103.5455856,0.061035156,19.994497299194336,2440.001708984375,1166.3433837890625,07801845fdca9144
59.03814411,59.03820888300015,1789785103.5656312,0.062942505,20.04551887512207,2440.001708984375,1167.175781,07801845a0e59144
59.058144330978394,59.05820706900022,1789785103.5856314,0.061035156,20.000219345092773,2440.001708984375,1167.9844970703125,0780184581ff9144
59.07810592651367,59.07816858800015,1789785103.605593,0.061035156,19.96159553527832,2440.001708984375,1168.793212890625,0780184562199244
59.09809684753418,59.09815881,1789785103.625584,0.060319901,19.990921020507812,2440.001708984375,1169.601806640625,0780184542339244
59.118138790130615,59.11820090500032,1789785103.6456258,0.060558319091796875,20.041942596435547,2434.287353515625,1170.4105224609375,99241845234d9244
59.138100147247314,59.138232573000096,1789785103.6655872,0.1308917999267578,19.96135711669922,2434.287353515625,1171.219238,9924184504679244
59.15806746482849,59.15812885100013,1789785103.6855545,0.059843063,19.967317581176758,2440.001708984375,1172.0516357421875,07801845a7819244
59.178083181381226,59.17813859300031,1789785103.7055702,0.053882598876953125,20.015716552734375,2440.001708984375,1172.860352,07801845889b9244
59.198140144348145,59.198204723000345,1789785103.7256272,0.062942505,20.056962966918945,2440.001708984375,1173.6690673828125,0780184569b59244
59.21814322471619,59.21823124299999,1789785103.7456303,0.086545944,20.003080368041992,2440.001708984375,1174.4776611328125,0780184549cf9244
59.23809361457825,59.238157021000006,1789785103.7655807,0.061750412,19.950389862060547,2440.001708984375,1175.286376953125,078018452ae99244
59.25813865661621,59.25820330000033,1789785103.7856257,0.062942505,20.045042037963867,2440.001708984375,1176.118896484375,07801845ce039344
59.27820801734924,59.27826785700017,1789785103.805695,0.058174133,20.069360733032227,2440.001708984375,1176.927490234375,07801845ae1d9344
59.29820942878723,59.29827309800021,1789785103.8256965,0.061988831,20.00141143798828,2440.001708984375,1177.7362060546875,078018458f379344
59.31816244125366,59.318224062000354,1789785103.8456495,0.060081482,19.953012466430664,2440.001708984375,1178.544922,0780184570519344
59.33821678161621,59.33827802600035,1789785103.8657038,0.059604644775390625,20.054340362548828,2440.001708984375,1179.3536376953125,07801845516b9344
59.35830497741699,59.35836699000038,1789785103.885792,0.060319901,20.08819580078125,2440.001708984375,1180.1622314453125,0780184531859344
59.37814784049988,59.37833371,1789785103.9056349,0.1842975616455078,19.842863082885742,2440.001708984375,1180.970947265625,07801845129f9344
59.398062229156494,59.39817060300038,1789785103.9255493,0.106811523,19.91438865661621,2440.001708984375,1181.7796630859375,07801845f3b89344
59.41811252,59.418155492000096,1789785103.9455996,0.041484832763671875,20.05028725,2440.001708984375,1182.612060546875,0780184596d39344
59.438095808029175,59.43813882700033,1789785103.9655828,0.041484832763671875,19.983291625976562,2440.001708984375,1183.4207763671875,0780184577ed9344
59.458091259002686,59.458132346000184,1789785103.9855783,0.039339066,19.995450973510742,2434.287353515625,1184.229492,9924184558079444
59.478132486343384,59.47817338,1789785104.0056195,0.039339066,20.041227340698242,2434.287353515625,1185.038086,9924184538219444
59.49813365936279,59.49817412600032,1789785104.0256207,0.038862228,20.00117301940918,2440.001708984375,1185.8468017578125,07801845193b9444
59.51813292503357,59.518174977999934,1789785104,0.040531158447265625,19.999265670776367,2440.001708984375,1186.655517578125,07801845fa549444
59.538063287734985,59.53810597900019,1789785104.0655503,0.041007996,19.930362701416016,2440.001708984375,1187.4642333984375,07801845db6e9444
59.55812907218933,59.55816964700034,1789785104.085616,0.038862228,20.065784454345703,2434.287353515625,1188.2728271484375,99241845bb889444
59.57810735702515,59.57815007399995,1789785104.1055944,0.041246414,19.97828483581543,2440.001708984375,1189.1053466796875,078018455fa39444
59.59813404083252,59.598175185999935,1789785104.125621,0.039577484130859375,20.026683807373047,2440.001708984375,1189.914063,0780184540bd9444
59.61810017,59.618279668000014,1789785104.1455872,0.17786026000976562,19.96612548828125,2440.001708984375,1190.722656,0780184520d79444
59.63813900947571,59.63822650200018,1789785104.165626,0.085830688,20.038843154907227,2440.001708984375,1191.5313720703125,0780184501f19444
59.658132553100586,59.65819848499996,1789785104.1856196,0.064373016,19.99354362487793,2434.287353515625,1192.340087890625,99241845e20a9544
59.678131103515625,59.67819380000037,1789785104.2056181,0.061035156,19.998550415039062,2440.001708984375,1193.148681640625,07801845c2249544
59.69811177253723,59.698185190000004,1789785104.2255988,0.071763992,19.980669021606445,2440.001708984375,1193.981201171875,07801845663f9544
59.71810030937195,59.71814628400034,1789785104.2455873,0.044345855712890625,19.988536834716797,2440.001708984375,1194.7899169921875,0780184547599544
59.738065004348755,59.738128321000204,1789785104.265552,0.061750412,19.96469497680664,2434.287353515625,1195.5985107421875,9924184527739544
59.75809860229492,59.75815224799999,1789785104.2855856,0.051975250244140625,20.033597946166992,2434.287353515625,1196.407227,99241845088d9544
59.778128147125244,59.778191675000016,1789785104.3056152,0.061750412,20.029544830322266,2440.001708984375,1197.2159423828125,07801845e9a69544
59.798091650009155,59.79815465699994,1789785104.3255787,0.061273575,19.963502883911133,2440.001708984375,1198.0245361328125,07801845c9c09544
59.81812834739685,59.81819156600022,1789785104.3456154,0.061750412,20.036697387695312,2440.001708984375,1198.833251953125,07801845aada9544
59.838088274002075,59.83814947400015,1789785104.3655753,0.059604644775390625,19.95992660522461,2440.001708984375,1199.6419677734375,078018458bf49544
59.858118772506714,59.85822440100037,1789785104.3856058,0.10395050048828125,20.030498504638672,2440.001708984375,1200.474365234375,078018452e0f9644
59.87808322906494,59.87814555000023,1789785104.4055703,0.060796738,19.96445655822754,2440.001708984375,1201.2830810546875,078018450f299644
59.89808940887451,59.89815903199997,1789785104.4255764,0.068187714,20.006179809570312,2440.001708984375,1202.091797,07801845f0429644
59.918126583099365,59.918190959000185,1789785104.4456136,0.062704086,20.037174224853516,2440.001708984375,1202.9005126953125,07801845d15c9644
59.938082218170166,59.938146793000215,1789785104.4655693,0.062942505,19.95563507080078,2440.001708984375,1203.7091064453125,07801845b1769644
59.95808815956116,59.95815031300026,1789785104.4855752,0.060319901,20.00594139099121,2440.001708984375,1204.517822265625,0780184592909644
59.97808814048767,59.97815648000005,1789785104.5055752,0.066757202,19.999980926513672,2440.001708984375,1205.3265380859375,0780184573aa9644
59.99812912940979,59.99819694400003,1789785104.5256162,0.066280365,20.04098892211914,2440.001708984375,1206.158935546875,0780184516c59644
60.01818323135376,60.019146336000176,1789785104.5456703,0.961303711,20.054101943969727,2440.001708984375,1206.991455078125,07801845badf9644
60.03805971,60.038172594000116,1789785104.5655468,0.11110305786132812,19.876480102539062,2440.001708984375,1207.8714599609375,07801845e3fb9644
60.05812358856201,60.05819244700024,1789785104.5856106,0.067234039,20.06387710571289,2468.572998046875,1208.7752685546875,2b491a45cf189744
60.078086137771606,60.07814952200033,1789785104.6055732,0.061750412,19.962549209594727,2497.144287109375,1209.655273,4f121c45f8349744
60.09804368019104,60.098097096999936,1789785104.6255307,0.051498413,19.957542419433594,2497.144287109375,1210.5592041015625,4f121c45e5519744
60.11804533004761,60.11809946800031,1789785104.6455324,0.052452087,20.001649856567383,2531.429931640625,1211.4630126953125,e1361e45d16e9744
60.138044118881226,60.138204858000336,1789785104.6655312,0.1590251922607422,19.998788833618164,2531.429931640625,1212.3668212890625,e1361e45bd8b9744
60.158085107803345,60.15813961799995,1789785104.6855721,0.052928924560546875,20.04098892211914,2565.715576171875,1213.2706298828125,735b2045a9a89744
60.17809534072876,60.178148599999986,1789785104.7055824,0.051736832,20.01023292541504,2594.286865234375,1214.150634765625,97242245d2c49744
60.19808554649353,60.19813915700024,1789785104.7255726,0.051975250244140625,19.990205764770508,2594.286865234375,1215.054443359375,97242245bee19744
60.218116760253906,60.218231306000234,1789785104.7456038,0.11301040649414062,20.031213760375977,2628.572509765625,1215.958251953125,29492445aafe9744
60.23807931,60.238142917999994,1789785104.7655663,0.061988831,19.962549209594727,2668.572509765625,1216.862060546875,29c92645961b9844
60.25812029838562,60.25818680800012,1789785104.7856073,0.064849854,20.04098892211914,2668.572509765625,1217.765869140625,29c9264582389844
60.27808618545532,60.27814016000002,1789785104.8055732,0.052452087,19.96588706970215,2697.143798828125,1218.669677734375,4d9228456e559844
60.29805135726929,60.29810477199999,1789785104.8255384,0.051975250244140625,19.965171813964844,2702.85791,1219.549805,baed284598719844
60.31803631782532,60.31808914400017,1789785104.8455234,0.051021575927734375,19.984960556030273,2702.85791,1220.453613,baed2845848e9844
60.338037729263306,60.33809062599994,1789785104.8655248,0.051259995,20.00141143798828,2702.85791,1221.357422,baed284570ab9844
60.35804104804993,60.35809562700024,1789785104.885528,0.052928924560546875,20.003318786621094,2702.85791,1222.26123,baed28455cc89844
60.378092527389526,60.37824903499995,1789785104.9055796,0.15473365783691406,20.05147933959961,2702.85791,1223.165039,baed284548e59844
60.39803504943848,60.398126647000026,1789785104.925522,0.089883804,19.942522048950195,2702.85791,1224.068848,baed284534029944
60.41809606552124,60.418185370000174,1789785104.945583,0.087499619,20.061016082763672,2702.85791,1224.972656,baed2845201f9944
60.43808603286743,60.43814087100009,1789785104.965573,0.053405762,19.989967346191406,2702.85791,1225.876465,baed28450c3c9944
60.45803236961365,60.45808674199998,1789785104.9855194,0.052690506,19.94633674621582,2708.572266,1226.756591796875,2849294536589944
60.47807836532593,60.478132391000145,1789785105.0055654,0.052213669,20.045995712280273,2708.572266,1227.660400390625,2849294522759944
60.498032093048096,60.498085317999994,1789785105.0255191,0.051736832,19.95372772216797,2702.85791,1228.564208984375,baed28450e929944
60.51807951927185,60.518142245000035,1789785105.0455666,0.061035156,20.047426223754883,2702.85791,1229.468017578125,baed2845faae9944
60.53805422782898,60.53810787600014,1789785105.0655413,0.051975250244140625,19.974708557128906,2702.85791,1230.371826171875,baed2845e6cb9944
60.558072090148926,60.558126321000145,1789785105.0855591,0.052690506,20.01786231994629,2702.85791,1231.275634765625,baed2845d2e89944
60.578041315078735,60.578098043999944,1789785105.1055284,0.055074692,19.96922492980957,2702.85791,1232.179443359375,baed2845be059a44
60.59807229042053,60.59812637799996,1789785105.1255593,0.052452087,20.030975341796875,2702.85791,1233.083251953125,baed2845aa229a44
60.61807298660278,60.61813956,1789785105,0.064849854,20.000696182250977,2708.572266,1233.9632568359375,28492945d33e9a44
60.63789725,60.638034268999945,1789785105.1653843,0.1361370086669922,19.82426643371582,2708.572266,1234.867188,28492945c05b9a44
60.65803146362305,60.658087955000155,1789785105.1855185,0.054836273193359375,20.13421058654785,2708.572266,1235.770996,28492945ac789a44
60.67803430557251,60.67808949300024,1789785105.2055213,0.05364418,20.00284194946289,2708.572266,1236.674805,2849294598959a44
60.698076248168945,60.69813099400017,1789785105.2255633,0.053167343,20.041942596435547,2708.572266,1237.578613,2849294584b29a44
60.718045711517334,60.71809836500006,1789785105.2455328,0.050783157,19.969463348388672,2702.85791,1238.482422,baed284570cf9a44
60.73802995681763,60.73808342200027,1789785105.265517,0.051736832,19.98424530029297,2708.572266,1239.38623,284929455cec9a44
60.75808787345886,60.75817114500023,1789785105.285575,0.081777573,20.05791664123535,2708.572266,1240.290039,2849294548099b44
60.77807331085205,60.778126460000294,1789785105.3055604,0.051498413,19.985437393188477,2708.572266,1241.193848,2849294534269b44
60.798076152801514,60.798129943000276,1789785105.3255632,0.052213669,20.00284194946289,2708.572266,1242.0738525390625,284929455d429b44
60.818079233169556,60.81813477700007,1789785105.3455663,0.053882598876953125,20.003080368041992,2708.572266,1242.9776611328125,28492945495f9b44
60.83806634,60.83812837100004,1789785105.3655534,0.060558319091796875,19.987106323242188,2708.572266,1243.881591796875,28492945367c9b44
60.8580277,60.85807637100015,1789785105.3855147,0.047206878662109375,19.96135711669922,2702.85791,1244.785400390625,baed284522999b44
60.87803292274475,60.87808876100007,1789785105,0.054121017,20.005226135253906,2702.85791,1245.689208984375,baed28450eb69b44
60.89810514450073,60.89816963300018,1789785105.4255922,0.062942505,20.072221755981445,2708.572266,1246.593017578125,28492945fad29b44
60.91812014579773,60.91818283700013,1789785105.4456072,0.061273575,20.01500129699707,2708.572266,1247.496826171875,28492945e6ef9b44
60.93806481361389,60.93812698600004,1789785105.4655519,0.060319901,19.94466781616211,2708.572266,1248.400634765625,28492945d20c9c44
60.95806097984314,60.95812289,1789785105.485548,0.060081482,19.996166229248047,2708.572266,1249.304443359375,28492945be299c44
60.97802543640137,60.978079506000086,1789785105.5055125,0.052452087,19.96445655822754,2708.572266,1250.208251953125,28492945aa469c44
60.99810314178467,60.99816717400017,1789785105.5255902,0.062227249,20.07770538330078,2708.572266,1251.112060546875,2849294596639c44
61.01807403564453,61.01814047100015,1789785105.545561,0.064849854,19.97089385986328,2708.572266,1252.015869140625,2849294582809c44
61.038029193878174,61.03808884199998,1789785105.5655162,0.057935715,19.955158233642578,2708.572266,1252.919677734375,284929456e9d9c44
61.05806327,61.05812710300006,1789785105.5855503,0.062227249,20.034074783325195,2708.572266,1253.8236083984375,284929455bba9c44
61.078023195266724,61.078076733000216,1789785105.6055102,0.051975250244140625,19.95992660522461,2714.286621,1254.7274169921875,96a4294547d79c44
61.09806561470032,61.098127086000204,1789785105.6255527,0.059843063,20.04241943359375,2714.286621,1255.6312255859375,96a4294533f49c44
61.118019819259644,61.118071883000084,1789785105.6455069,0.05030632,19.954204559326172,2714.286621,1256.5350341796875,96a429451f119d44
61.138068437576294,61.138217477000126,1789785105.6655555,0.14734268188476562,20.04861831665039,2714.286621,1257.4388427734375,96a429450b2e9d44
61.158077001571655,61.15813325499994,1789785105.685564,0.054597855,20.008563995361328,2714.286621,1258.3426513671875,96a42945f74a9d44
61.17806100845337,61.17811553399997,1789785105.705548,0.052928924560546875,19.984006881713867,2714.286621,1259.2464599609375,96a42945e3679d44
61.19806408882141,61.19813020100037,1789785105.7255511,0.064373016,20.003080368041992,2714.286621,1260.1502685546875,96a42945cf849d44
61.21811032295227,61.21823394300009,1789785105.7455974,0.12183189392089844,20.046234130859375,2714.286621,1261.0540771484375,96a42945bba19d44
61.23801922798157,61.23808103600004,1789785105.7655063,0.060081482,19.908905029296875,2714.286621,1261.9578857421875,96a42945a7be9d44
61.258023262023926,61.25808350000034,1789785105.7855103,0.058412552,20.00403404,2714.286621,1262.8616943359375,96a4294593db9d44
61.27805805206299,61.27812109,1789785105.805545,0.061273575,20.03479004,2714.286621,1263.765625,96a4294580f89d44
61.298073053359985,61.298128743000234,1789785106,0.053882598876953125,20.01500129699707,2714.286621,1264.669434,96a429456c159e44
61.31805992126465,61.31811387300013,1789785105.845547,0.052213669,19.986867904663086,2714.286621,1265.573242,96a4294558329e44
61.33805775642395,61.33811152199996,1789785105.8655448,0.052213669,19.997835159301758,2714.286621,1266.477051,96a42945444f9e44
61.35801720619202,61.358069931000045,1789785105.8855042,0.051021575927734375,19.959449768066406,2714.286621,1267.380859,96a42945306c9e44
61.37806725502014,61.378186727999946,1789785105.9055543,0.11777877807617188,20.05004883,2714.286621,1268.284668,96a429451c899e44
61.39806008338928,61.39813098800005,1789785105.9255471,0.069379807,19.992828369140625,2708.572266,1269.188477,2849294508a69e44
61.41805887,61.418125045000124,1789785105.945546,0.064611435,19.998788833618164,2708.572266,1270.092285,28492945f4c29e44
61.43805956840515,61.43812228600018,1789785105.9655466,0.061035156,20.000696182250977,2714.286621,1270.996094,96a42945e0df9e44
61.45809793,61.45816267600003,1789785105.985585,0.063180923,20.038366317749023,2714.286621,1271.899902,96a42945ccfc9e44
61.47805619239807,61.47811221400025,1789785106.0055432,0.054359436,19.95825768,2714.286621,1272.803711,96a42945b8199f44
61.498095989227295,61.49816001099998,1789785106.025583,0.062227249,20.039796829223633,2708.572266,1273.7076416015625,28492945a5369f44
61.518017053604126,61.518070938000164,1789785106.045504,0.052213669,19.921064376831055,2714.286621,1274.6114501953125,96a4294591539f44
61.53802967071533,61.53808393899999,1789785106.0655167,0.052452087,20.012617111206055,2714.286621,1275.5152587890625,96a429457d709f44
61.55809211730957,61.55815329200004,1789785106.0855792,0.059604644775390625,20.06244659423828,2714.286621,1276.4190673828125,96a42945698d9f44
61.57807517051697,61.57812534799996,1789785106.1055622,0.04863739,19.98305320739746,2708.572266,1277.3228759765625,2849294555aa9f44
61.598103523254395,61.59814410800027,1789785106.1255906,0.038862228,20.028352737426758,2708.572266,1278.2266845703125,2849294541c79f44
61.618048667907715,61.618089887000224,1789785106.1455357,0.039815903,19.945144653320312,2708.572266,1279.106689453125,284929456ae39f44
61.638052225112915,61.638101054000344,1789785106.1655393,0.047206878662109375,20.003557205200195,2708.572266,1280.010498046875,284929455600a044
61.658008337020874,61.65804819,1789785106.1854954,0.038385391,19.956111907958984,2714.286621,1280.914306640625,96a42945421da044
61.67787432670593,61.677926667000065,1789785106.2053614,0.050783157,19.865989685058594,2708.572266,1281.818115234375,284929452e3aa044
61.698049783706665,61.69808803800015,1789785106.2255368,0.036478043,20.175457000732422,2708.572266,1282.7220458984375,284929451b57a044
61.718064069747925,61.718105262000336,1789785106.245551,0.039339066,20.014286041259766,2708.572266,1283.6258544921875,284929450774a044
61.73805069923401,61.73809192900035,1789785106.2655377,0.039815903,19.986629486083984,2714.286621,1284.5296630859375,96a42945f390a044
61.75808835029602,61.75812717100007,1789785106.2855754,0.037193298,20.03765106201172,2714.286621,1285.4334716796875,96a42945dfada044
61.77805209159851,61.778090820000216,1789785106.3055391,0.03695488,19.963741302490234,2708.572266,1286.3372802734375,28492945cbcaa044
61.79801678657532,61.79805596899996,1789785106.3255038,0.037431717,19.96469497680664,2708.572266,1287.2410888671875,28492945b7e7a044
61.818050384521484,61.818120248000014,1789785106.3455374,0.068187714,20.033597946166992,2708.572266,1288.1448974609375,28492945a304a144
61.83805203437805,61.838100063000184,1789785106.365539,0.046253204345703125,20.001649856567383,2714.286621,1289.0487060546875,96a429458f21a144
61.85804796218872,61.85810987900004,1789785106.385535,0.060319901,19.995927810668945,2714.286621,1289.9525146484375,96a429457b3ea144
61.87801170349121,61.87806804599995,1789785106.4054987,0.054597855,19.963741302490234,2714.286621,1290.8563232421875,96a42945675ba144
61.898006200790405,61.89806336200036,1789785106.4254932,0.055551529,19.994497299194336,2708.572266,1291.7601318359375,284929455378a144
61.918050050735474,61.91814699299994,1789785106.445537,0.095129013,20.04384994506836,2708.572266,1292.664063,284929454095a144
61.93805384635925,61.93810734600038,1789785106.465541,0.051975250244140625,20.003795623779297,2714.286621,1293.567871,96a429452cb2a144
61.95808792114258,61.95815164300029,1789785106.485575,0.062227249,20.034074783325195,2714.286621,1294.47168,96a4294518cfa144
61.978057861328125,61.978110884000216,1789785106.505545,0.051259995,19.969940185546875,2714.286621,1295.375488,96a4294504eca144
61.99808716773987,61.998148719000255,1789785106.5255742,0.059843063,20.029306411743164,2708.572266,1296.279297,28492945f008a244
62.017866134643555,62.01793540400013,1789785106.5453532,0.067710876,19.778966903686523,2708.572266,1297.1593017578125,284929451925a244
62.038044691085815,62.03810992400031,1789785106.5655317,0.063657761,20.178556442260742,2708.572266,1298.0631103515625,284929450542a244
62.058006286621094,62.058062369000254,1789785106.5854933,0.054359436,19.96159553527832,2714.286621,1298.9669189453125,96a42945f15ea244
62.07801175117493,62.078067204000035,1789785106.6054988,0.053882598876953125,20.005464553833008,2708.572266,1299.8707275390625,28492945dd7ba244
62.097999811172485,62.09805414900029,1789785106.6254869,0.052690506,19.988059997558594,2708.572266,1300.774658203125,28492945ca98a244
62.118043422698975,62.11809872399999,1789785106.6455305,0.05364418,20.043611526489258,2714.286621,1301.678466796875,96a42945b6b5a244
62.13804745674133,62.13819891000003,1789785106.6655345,0.14972686767578125,20.00403404,2714.286621,1302.582275390625,96a42945a2d2a244
62.15808725357056,62.15815063300033,1789785106.6855743,0.061750412,20.039796829223633,2714.286621,1303.486083984375,96a429458eefa244
62.178046226501465,62.17810861600037,1789785106.7055333,0.060558319091796875,19.958972930908203,2708.572266,1304.389892578125,284929457a0ca344
62.19786214828491,62.19792967,1789785106.7253492,0.066041946,19.815921783447266,2708.572266,1305.293701171875,284929456629a344
62.218045234680176,62.21808830200007,1789785106.7455323,0.041246414,20.183086395263672,2708.572266,1306.197509765625,284929455246a344
62.23786115646362,62.23791565500005,1789785106.7653482,0.052928924560546875,19.815921783447266,2714.286621,1307.101318359375,96a429453e63a344
62.25809407234192,62.25813397100001,1789785106.785581,0.038385391,20.23291588,2714.286621,1308.005126953125,96a429452a80a344
62.278048276901245,62.278087009000046,1789785106.8055353,0.03695488,19.954204559326172,2714.286621,1308.908935546875,96a42945169da344
62.298197746276855,62.29823699100007,1789785106.8256848,0.037670135498046875,20.14946937561035,2708.572266,1309.812744140625,2849294502baa344
62.318093061447144,62.31813536300024,1789785107,0.040531158447265625,19.895315170288086,2708.572266,1310.716552734375,28492945eed6a344
62.33814191818237,62.33818023399999,1789785106.865629,0.036478043,20.048856735229492,2714.286621,1311.6204833984375,96a42945dbf3a344
62.35824632644653,62.35828549400003,1789785106.8857334,0.037431717,20.104408264160156,2708.572266,1312.5242919921875,28492945c710a444
62.378140687942505,62.37817929100038,1789785106.9056277,0.03695488,19.89436149597168,2708.572266,1313.4281005859375,28492945b32da444
62.39804482460022,62.398120292000385,1789785106.9255319,0.073671341,19.904136657714844,2708.572266,1314.3319091796875,284929459f4aa444
62.41807150840759,62.41826453400017,1789785106.9455585,0.1914501190185547,20.026683807373047,2708.572266,1315.2357177734375,284929458b67a444
62.43799710273743,62.438040812000054,1789785106.9654841,0.042200089,19.925594329833984,2708.572266,1316.1395263671875,284929457784a444
62.45803904533386,62.45807710899999,1789785106.985526,0.036239624,20.041942596435547,2714.286621,1317.0433349609375,96a4294563a1a444
62.47799730300903,62.478040481000335,1789785107.0054843,0.041484832763671875,19.95825768,2714.286621,1317.92334,96a429458cbda444
62.498077392578125,62.498114258999976,1789785107.0255644,0.03528595,20.080089569091797,2708.572266,1318.8509521484375,284929453bdba444
62.51803779602051,62.51807668600031,1789785107.0455248,0.037193298,19.960403442382812,2708.572266,1319.7310791015625,2849294565f7a444
62.53801345825195,62.53805446500019,1789785107.0655005,0.039339066,19.975662231445312,2708.572266,1320.6348876953125,284929455114a544
62.55799674987793,62.55803579900021,1789785107.0854838,0.037431717,19.983291625976562,2714.286621,1321.5386962890625,96a429453d31a544
62.57800769805908,62.57804855900031,1789785107.1054947,0.039100647,20.010948181152344,2708.572266,1322.4425048828125,28492945294ea544
62.59803557395935,62.598078245000124,1789785107.1255226,0.041007996,20.027875900268555,2708.572266,1323.3463134765625,28492945156ba544
62.61803364753723,62.61807030199998,1789785107.1455207,0.035047531,19.99807357788086,2708.572266,1324.2501220703125,284929450188a544
62.63806772232056,62.638174840000374,1789785107.1655548,0.10538101196289062,20.034074783325195,2708.572266,1325.1539306640625,28492945eda4a544
62.65807342529297,62.65811465500019,1789785107.1855605,0.039577484130859375,20.00570297241211,2708.572266,1326.0577392578125,28492945d9c1a544
62.67798852920532,62.678029897000215,1789785107.2054756,0.039577484130859375,19.915103912353516,2714.286621,1326.9615478515625,96a42945c5dea544
62.697993755340576,62.69803545,1789785107.2254808,0.040054321,20.005226135253906,2714.286621,1327.8653564453125,96a42945b1fba544
62.71800494194031,62.718047880000086,1789785107.245492,0.041484832763671875,20.011186599731445,2708.572266,1328.7691650390625,284929459d18a644
62.73803663253784,62.73807654800021,1789785107.2655237,0.038146973,20.03169059753418,2708.572266,1329.673095703125,284929458a35a644
62.75799274,62.758033566999984,1789785107.2854798,0.039339066,19.956111907958984,2708.572266,1330.576904296875,284929457652a644
62.778037309646606,62.778077920000214,1789785107.3055243,0.039100647,20.044565200805664,2714.286621,1331.480712890625,96a42945626fa644
62.79800224304199,62.798042958000224,1789785107.3254893,0.039100647,19.964933395385742,2708.572266,1332.3607177734375,284929458b8ba644
62.817989110946655,62.81803066200018,1789785107.3454762,0.039815903,19.986867904663086,2708.572266,1333.2645263671875,2849294577a8a644
62.837992429733276,62.838032699999985,1789785107.3654795,0.038623809814453125,20.003318786621094,2708.572266,1334.1683349609375,2849294563c5a644
62.85803151130676,62.85807163,1789785107.3855186,0.038385391,20.039081573486328,2708.572266,1335.0721435546875,284929454fe2a644
62.87803578,62.878077813000345,1789785107.4055228,0.04029274,20.00427246,2708.572266,1335.9759521484375,284929453bffa644
62.89798951148987,62.898028777000036,1789785107.4254766,0.037670135498046875,19.95372772216797,2714.286621,1336.8797607421875,96a42945271ca744
62.91798806190491,62.91802829700009,1789785107.445475,0.038623809814453125,19.998550415039062,2714.286621,1337.7835693359375,96a429451339a744
62.93806791305542,62.93810814900007,1789785107.465555,0.038623809814453125,20.079851150512695,2708.572266,1338.6875,284929450056a744
62.95802330970764,62.95806448400026,1789785107.4855103,0.039577484130859375,19.95539665222168,2708.572266,1339.591309,28492945ec72a744
62.97807025909424,62.97811061400034,1789785107.5055573,0.038623809814453125,20.04694938659668,2708.572266,1340.495117,28492945d88fa744
62.99802851676941,62.99806961500008,1789785107.5255156,0.039577484130859375,19.95825768,2714.286621,1341.398926,96a42945c4aca744
63.018012285232544,63.01805320800031,1789785107.5454993,0.039339066,19.983768463134766,2708.572266,1342.302734,28492945b0c9a744
63.03803634643555,63.03807813499998,1789785107.5655234,0.04029274,20.02406120300293,2708.572266,1343.206543,284929459ce6a744
63.05806255340576,63.05810409900005,1789785107.5855496,0.039815903,20.026206970214844,2708.572266,1344.110352,284929458803a844
63.07798123,63.07802113700018,1789785107.6054683,0.038385391,19.91868019104004,2708.572266,1345.01416,284929457420a844
63.09802818,63.098068155999954,1789785107.6255152,0.038385391,20.04694938659668,2708.572266,1345.917969,28492945603da844
63.118027210235596,63.11806673,1789785107.6455142,0.037908554,19.999027252197266,2714.286621,1346.821777,96a429454c5aa844
63.137977838516235,63.13807452900028,1789785107.6654649,0.094890594,19.95062828063965,2714.286621,1347.725586,96a429453877a844
63.157986640930176,63.15802799200037,1789785107.6854737,0.039815903,20.00880241394043,2708.572266,1348.6295166015625,284929452594a844
63.177988052368164,63.178029271000014,1789785107.705475,0.039577484130859375,20.00141143798828,2714.286621,1349.5333251953125,96a4294511b1a844
63.19797968864441,63.19802206800023,1789785107.7254667,0.040531158447265625,19.991636276245117,2714.286621,1350.4371337890625,96a42945fdcda844
63.21805143356323,63.218112143000326,1789785107.7455385,0.058889389,20.071744918823242,2714.286621,1351.3409423828125,96a42945e9eaa844
63.23802065849304,63.238061347999974,1789785107.7655077,0.039100647,19.96922492980957,2708.572266,1352.2447509765625,28492945d507a944
63.25797939300537,63.258122904000174,1789785107.7854664,0.14209747314453125,19.95873451,2708.572266,1353.1485595703125,28492945c124a944
63.278066873550415,63.278101590999995,1789785107.805554,0.033140182,20.087480545043945,2714.286621,1354.0523681640625,96a42945ad41a944
63.29802608,63.29806222100024,1789785107.8255131,0.034332275,19.959211349487305,2714.286621,1354.9561767578125,96a42945995ea944
63.31803560256958,63.318076203000146,1789785107.8455226,0.038862228,20.009517669677734,2714.286621,1355.8599853515625,96a42945857ba944
63.33797812461853,63.33801507399994,1789785107.8654652,0.03528595,19.942522048950195,2714.286621,1356.739990234375,96a42945ae97a944
63.35802435874939,63.358063224000034,1789785107.8855114,0.037193298,20.046234130859375,2714.286621,1357.6676025390625,96a429455db5a944
63.37798023223877,63.37802187300031,1789785107.9054673,0.040054321,19.955873489379883,2714.286621,1358.5477294921875,96a4294587d1a944
63.398030281066895,63.39810087400019,1789785107.9255173,0.068902969,20.05004883,2714.286621,1359.4515380859375,96a4294573eea944
63.41804218292236,63.41808004099994,1789785107.9455292,0.036239624,20.01190185546875,2714.286621,1360.3553466796875,96a429455f0baa44
63.43801522254944,63.438055690000056,1789785107.9655023,0.038862228,19.973039627075195,2708.572266,1361.282958984375,284929450e29aa44
63.45797681808472,63.45801376500003,1789785107.9854639,0.03528595,19.96159553527832,2714.286621,1362.1629638671875,96a429453745aa44
63.47797775268555,63.47801669199998,1789785108.0054648,0.037431717,20.000934600830078,2714.286621,1363.0667724609375,96a429452362aa44
63.49797558784485,63.49801198900013,1789785108.0254626,0.034809112548828125,19.997835159301758,2714.286621,1363.9705810546875,96a429450f7faa44
63.518056869506836,63.51809326800003,1789785108.045544,0.034570694,20.081281661987305,2708.572266,1364.8743896484375,28492945fb9baa44
63.53801727294922,63.538067009000315,1789785108.0655043,0.048160552978515625,19.960403442382812,2708.572266,1365.7781982421875,28492945e7b8aa44
63.55803036689758,63.55807775100038,1789785108.0855174,0.045776367,20.013093948364258,2714.286621,1366.6820068359375,96a42945d3d5aa44
63.57802772521973,63.578069826000046,1789785108.1055148,0.040531158447265625,19.997358322143555,2714.286621,1367.585938,96a42945c0f2aa44
63.59797978401184,63.59801891899997,1789785108.1254668,0.037431717,19.952058792114258,2714.286621,1368.489746,96a42945ac0fab44
63.618041038513184,63.61812619800003,1789785108.145528,0.083446503,20.061254501342773,2708.572266,1369.393555,28492945982cab44
63.638071060180664,63.638192514000366,1789785108.165558,0.11968612670898438,20.03002166748047,2708.572266,1370.297363,284929458449ab44
63.657970666885376,63.65801021800007,1789785108.1854577,0.037908554,19.899606704711914,2714.286621,1371.201172,96a429457066ab44
63.67806053161621,63.67810492300032,1789785108.2055476,0.042676926,20.08986473083496,2714.286621,1372.10498,96a429455c83ab44
63.697975873947144,63.69801535000033,1789785108.225463,0.037670135498046875,19.915342330932617,2714.286621,1373.008789,96a4294548a0ab44
63.71803545951843,63.71807690600008,1789785108.2455225,0.039815903,20.059585571289062,2714.286621,1373.912598,96a4294534bdab44
63.73804593086243,63.738117870000224,1789785108.265533,0.070333481,20.01047134399414,2714.286621,1374.816406,96a4294520daab44
63.75800347328186,63.758036371000344,1789785108.2854905,0.031232833862304688,19.957542419433594,2714.286621,1375.720215,96a429450cf7ab44
63.77801465988159,63.77805420499999,1789785108.3055017,0.037908554,20.011186599731445,2714.286621,1376.624023,96a42945f813ac44
63.79802179336548,63.79806165100035,1789785108.3255088,0.038146973,20.00713348388672,2714.286621,1377.5279541015625,96a42945e530ac44
63.818031311035156,63.818074466000326,1789785108.3455184,0.041484832763671875,20.009517669677734,2714.286621,1378.4317626953125,96a42945d14dac44
63.83797335624695,63.83801211500031,1789785108.3654604,0.037193298,19.942045211791992,2714.286621,1379.3355712890625,96a42945bd6aac44
63.85804867744446,63.85808596800007,1789785108.3855357,0.035524368,20.075321197509766,2720.000977,1380.263184,04002a456c88ac44
63.87803387641907,63.87808169100026,1789785108.405521,0.046014786,19.985198974609375,2720.000977,1381.166992,04002a4558a5ac44
63.89802432060242,63.89806782200003,1789785108.4255114,0.041723251,19.99044418334961,2714.286621,1382.070801,96a4294544c2ac44
63.91805171966553,63.91809271200009,1789785108.4455388,0.039577484130859375,20.02739906311035,2714.286621,1382.974609,96a4294530dfac44
63.93800449371338,63.93804539800021,1789785108.4654915,0.039339066,19.952774047851562,2714.286621,1383.8546142578125,96a4294559fbac44
63.95801377296448,63.95805506500028,1789785108.4855008,0.039577484130859375,20.009279251098633,2714.286621,1384.7584228515625,96a429454518ad44
63.978007555007935,63.97804627000005,1789785108.5054946,0.03695488,19.99378204345703,2714.286621,1385.6622314453125,96a429453135ad44
63.99797058105469,63.998009493000154,1789785108.5254576,0.037193298,19.96302604675293,2714.286621,1386.5660400390625,96a429451d52ad44
64.01800489425659,64.01804579000009,1789785108.545492,0.039100647,20.034313201904297,2714.286621,1387.469970703125,96a429450a6fad44
64.03797650337219,64.03801682800031,1789785108.5654635,0.038623809814453125,19.971609115600586,2714.286621,1388.373779296875,96a42945f68bad44
64.05797338485718,64.05801568100014,1789785108.5854604,0.040769577,19.99688148498535,2714.286621,1389.277587890625,96a42945e2a8ad44
64.07800602912903,64.07804483000018,1789785108.605493,0.03695488,20.032644271850586,2714.286621,1390.181396484375,96a42945cec5ad44
64.09800529,64.09804401600013,1789785108.6254923,0.03695488,19.999265670776367,2714.286621,1391.085205078125,96a42945bae2ad44
64.11804580688477,64.11808577600004,1789785108.6455328,0.038146973,20.040512084960938,2708.572266,1391.989013671875,28492945a6ffad44
64.13800597190857,64.13804624000022,1789785108.665493,0.038623809814453125,19.96016502380371,2708.572266,1392.892822265625,28492945921cae44
64.15798544883728,64.15807053700019,1789785108.6854725,0.083446503,19.979476928710938,2714.286621,1393.796630859375,96a429457e39ae44
64.17796659469604,64.17800583400003,1789785108.7054536,0.037670135498046875,19.98114585876465,2714.286621,1394.700439453125,96a429456a56ae44
64.19796157,64.19800061,1789785108.7254486,0.037431717,19.99497413635254,2714.286621,1395.604248046875,96a429455673ae44
64.21800374984741,64.21803959499994,1789785108.7454908,0.034093857,20.04218101501465,2708.572266,1396.508056640625,284929454290ae44
64.23804617,64.23815574500031,1789785108.7655332,0.10800361633300781,20.04241943359375,2708.572266,1397.411865234375,284929452eadae44
64.25803565979004,64.25814093100007,1789785108.7855227,0.10371208190917969,19.989490509033203,2708.572266,1398.3157958984375,284929451bcaae44
64.27800393104553,64.27804298699994,1789785108.805491,0.037431717,19.968271255493164,2714.286621,1399.2196044921875,96a4294507e7ae44
64.29800510406494,64.29804211700002,1789785108.8254921,0.035524368,20.00117301940918,2708.572266,1400.1234130859375,28492945f303af44
64.31804109,64.31808052600036,1789785108.8455281,0.037908554,20.035982131958008,2708.572266,1401.0272216796875,28492945df20af44
64.33800315856934,64.33804258200007,1789785108.8654902,0.037908554,19.962072372436523,2708.572266,1401.9310302734375,28492945cb3daf44
64.35800028,64.35803910200002,1789785108.8854873,0.037193298,19.997119903564453,2714.286621,1402.8348388671875,96a42945b75aaf44
64.37800025939941,64.37803615800021,1789785108.9054873,0.034093857,19.999980926513672,2714.286621,1403.7386474609375,96a42945a377af44
64.39804482460022,64.39808177000032,1789785108.9255319,0.03528595,20.044565200805664,2708.572266,1404.6424560546875,284929458f94af44
64.41804099082947,64.41807845600033,1789785108.945528,0.035762786865234375,19.996166229248047,2708.572266,1405.5462646484375,284929457bb1af44
64.43799471855164,64.43803255000012,1789785108.9654818,0.036239624,19.95372772216797,2708.572266,1406.4263916015625,28492945a5cdaf44
64.45795941352844,64.45801855000036,1789785108.9854465,0.057458878,19.96469497680664,2714.286621,1407.3302001953125,96a4294591eaaf44
64.47800421714783,64.47804149600006,1789785109.0054913,0.035524368,20.044803619384766,2714.286621,1408.2340087890625,96a429457d07b044
64.49795603752136,64.49799234800003,1789785109.025443,0.034570694,19.951820373535156,2714.286621,1409.1378173828125,96a429456924b044
64.51804900169373,64.51808931200003,1789785109.045536,0.038623809814453125,20.09296417236328,2708.572266,1410.0416259765625,284929455541b044
64.53799390792847,64.53803064700014,1789785109.065481,0.035047531,19.94490623474121,2708.572266,1410.9454345703125,28492945415eb044
64.55795216560364,64.55798787000003,1789785109.0854392,0.034093857,19.95825768,2714.286621,1411.8492431640625,96a429452d7bb044
64.57796835899353,64.57800963,1789785109.1054554,0.039577484130859375,20.016193389892578,2714.286621,1412.7530517578125,96a429451998b044
64.59799885749817,64.59803833,1789785109.125486,0.037908554,20.030498504638672,2714.286621,1413.6568603515625,96a4294505b5b044
64.61782193183899,64.61788485,1789785109.145309,0.061511993408203125,19.823074340820312,2708.572266,1414.5606689453125,28492945f1d1b044
64.63796877861023,64.63805381800012,1789785109.1654558,0.083446503,20.146846771240234,2708.572266,1415.4644775390625,28492945ddeeb044
64.65798997879028,64.65802981900015,1789785109.185477,0.038146973,20.02120018005371,2708.572266,1416.368408203125,28492945ca0bb144
64.67799449,64.67803422700035,1789785109.2054815,0.038146973,20.00451088,2714.286621,1417.272216796875,96a42945b628b144
64.69799637794495,64.69803343100011,1789785109.2254834,0.035524368,20.001888275146484,2714.286621,1418.176025390625,96a42945a245b144
64.71795487,64.71799586,1789785109.245442,0.039339066,19.95849609,2708.572266,1419.079833984375,284929458e62b144
64.73795509338379,64.73799434,1789785109.2654421,0.037431717,20.000219345092773,2708.572266,1419.983642578125,284929457a7fb144
64.75803041,64.75807023100015,1789785109.2855175,0.038146973,20.075321197509766,2708.572266,1420.887451171875,28492945669cb144
64.77802825,64.77806704600016,1789785109.3055153,0.037193298,19.997835159301758,2714.286621,1421.791259765625,96a4294552b9b144
64.79803061,64.79806904700035,1789785109.3255177,0.036716461181640625,20.002365112304688,2708.572266,1422.695068359375,284929453ed6b144
64.81799149513245,64.81803125200031,1789785109.3454785,0.037908554,19.960880279541016,2708.572266,1423.598876953125,284929452af3b144
64.83795809745789,64.83799788200031,1789785109.3654451,0.038146973,19.966602325439453,2708.572266,1424.502685546875,284929451610b244
64.85802817344666,64.85806781,1789785109.3855152,0.037908554,20.07007598876953,2714.286621,1425.406494140625,96a42945022db244
64.87798953056335,64.8780289,1789785109.4054766,0.037670135498046875,19.96135711669922,2714.286621,1426.3104248046875,96a42945ef49b244
64.89794898033142,64.89798699600033,1789785109.425436,0.036239624,19.959449768066406,2714.286621,1427.2142333984375,96a42945db66b244
64.91798710823059,64.91802864500005,1789785109.4454741,0.039815903,20.038127899169922,2714.286621,1428.1180419921875,96a42945c783b244
64.93803238868713,64.93807138700004,1789785109.4655194,0.037193298,20.04528045654297,2708.572266,1429.0218505859375,28492945b3a0b244
64.95798850059509,64.95802659100036,1789785109.4854755,0.036478043,19.956111907958984,2714.286621,1429.9256591796875,96a429459fbdb244
64.97799301147461,64.97803385099996,1789785110,0.039339066,20.00451088,2714.286621,1430.8294677734375,96a429458bdab244
64.99809312820435,64.99813200100016,1789785109.5255802,0.037193298,20.100116729736328,2714.286621,1431.7332763671875,96a4294577f7b244
65.01801133155823,65.01805113099999,1789785109.5454984,0.038146973,19.918203353881836,2714.286621,1432.6370849609375,96a429456314b344
65.03807616233826,65.03811632,1789785109.5655632,0.038385391,20.064830780029297,2714.286621,1433.5408935546875,96a429454f31b344
65.05819511413574,65.05823389200032,1789785109.5856822,0.037193298,20.11895179748535,2714.286621,1434.4447021484375,96a429453b4eb344
65.07806491851807,65.07810344900008,1789785109.605552,0.036716461181640625,19.86980438232422,2714.286621,1435.3485107421875,96a42945276bb344
65.09798860549927,65.09802561600009,1789785109.6254756,0.03528595,19.923686981201172,2714.286621,1436.2523193359375,96a429451388b344
65.11794877052307,65.11802270900034,1789785109.6454358,0.072240829,19.96016502380371,2714.286621,1437.15625,96a4294500a5b344
65.13794684410095,65.13798737700017,1789785109.665434,0.038862228,19.99807357788086,2714.286621,1438.060059,96a42945ecc1b344
65.15799236297607,65.15809032200013,1789785109.6854794,0.096321106,20.04551887512207,2714.286621,1438.963867,96a42945d8deb344
65.17798543,65.17802650800013,1789785109.7054725,0.039577484130859375,19.993066787719727,2714.286621,1439.867676,96a42945c4fbb344
65.19799184799194,65.19803436100028,1789785109.725479,0.041007996,20.006418228149414,2714.286621,1440.771484,96a42945b018b444
65.21798801422119,65.21802902900026,1789785109.745475,0.039339066,19.996166229248047,2714.286621,1441.675293,96a429459c35b444
65.23802614212036,65.23808836300032,1789785109.7655132,0.060796738,20.038127899169922,2714.286621,1442.579102,96a429458852b444
65.25798153877258,65.25801969700024,1789785109.7854686,0.036478043,19.95539665222168,2714.286621,1443.4591064453125,96a42945b16eb444
65.27794671058655,65.27798801300014,1789785109.8054338,0.039577484130859375,19.965171813964844,2708.572266,1444.3629150390625,284929459d8bb444
65.29798364639282,65.29802458800032,1789785109.8254707,0.039100647,20.036935806274414,2714.286621,1445.266845703125,96a429458aa8b444
65.31795072555542,65.31799366300038,1789785109.8454378,0.041484832763671875,19.967079162597656,2714.286621,1446.170654296875,96a4294576c5b444
65.33794188,65.33798278,1789785109.865429,0.039339066,19.991159439086914,2714.286621,1447.074462890625,96a4294562e2b444
65.35798597335815,65.35802601600017,1789785109.885473,0.038385391,20.04408836364746,2708.572266,1447.978271484375,284929454effb444
65.37798214,65.37802323999995,1789785109.9054692,0.039339066,19.996166229248047,2708.572266,1448.882080078125,284929453a1cb544
65.39797520637512,65.39806622200012,1789785109.9254622,0.089406967,19.993066787719727,2714.286621,1449.785888671875,96a429452639b544
65.41782045,65.41795692599999,1789785109.9453075,0.13566017150878906,19.845247268676758,2714.286621,1450.689697265625,96a429451256b544
65.43798137,65.43802272400035,1789785109.9654684,0.039577484130859375,20.160913467407227,2714.286621,1451.593505859375,96a42945fe72b544
65.45794392,65.45798544700028,1789785109.985431,0.040054321,19.962549209594727,2714.286621,1452.497314453125,96a42945ea8fb544
65.47794246673584,65.47798328099998,1789785110.0054295,0.039100647,19.998550415039062,2714.286621,1453.401123046875,96a42945d6acb544
65.49794411659241,65.49798491199999,1789785110.0254312,0.039100647,20.001649856567383,2714.286621,1454.304931640625,96a42945c2c9b544
65.51780652999878,65.51786444900017,1789785110.0452936,0.056266785,19.86241340637207,2714.286621,1455.2088623046875,96a42945afe6b544
65.53801846504211,65.53805930199997,1789785110.0655055,0.039100647,20.21193504333496,2714.286621,1456.1126708984375,96a429459b03b644
65.55793905258179,65.55797997000036,1789785110.085426,0.039339066,19.92058753967285,2714.286621,1457.0164794921875,96a429458720b644
65.57795476913452,65.57799730400029,1789785110.1054418,0.041007996,20.015716552734375,2714.286621,1457.9202880859375,96a42945733db644
65.59793829917908,65.59797741600005,1789785110.1254253,0.037431717,19.983530044555664,2714.286621,1458.824219,96a42945605ab644
65.61794066429138,65.61798126900021,1789785110.1454277,0.038862228,20.002365112304688,2714.286621,1459.728027,96a429454c77b644
65.63794755935669,65.63801968,1789785110.1654346,0.070333481,20.006895065307617,2714.286621,1460.631836,96a429453894b644
65.65793681144714,65.65797588,1789785110.1854239,0.037431717,19.98925209,2714.286621,1461.535645,96a4294524b1b644
65.67797708511353,65.67801710499998,1789785110.2054641,0.038385391,20.040273666381836,2714.286621,1462.439453,96a4294510ceb644
65.69797968864441,65.69802136499993,1789785110.2254667,0.040054321,20.00260353088379,2714.286621,1463.343262,96a42945fceab644
65.71780419,65.71786275400018,1789785110.2452912,0.057220459,19.824504852294922,2708.572266,1464.24707,28492945e807b744
65.73798966407776,65.73805445900007,1789785110.2654767,0.063180923,20.185470581054688,2714.286621,1465.150879,96a42945d424b744
65.75797939300537,65.75802144199997,1789785110.2854664,0.04029274,19.989728927612305,2714.286621,1466.054688,96a42945c041b744
65.77793694,65.77797853500033,1789785110.305424,0.039815903,19.957542419433594,2714.286621,1466.958496,96a42945ac5eb744
65.79797506332397,65.79801649900037,1789785110.325462,0.039815903,20.038127899169922,2708.572266,1467.862305,28492945987bb744
65.81793522834778,65.81797527800018,1789785110.3454223,0.038385391,19.96016502380371,2708.572266,1468.7662353515625,284929458598b744
65.83794116973877,65.83798259,1789785110.3654282,0.040054321,20.00594139099121,2714.286621,1469.6700439453125,96a4294571b5b744
65.85793662071228,65.85797757599994,1789785110.3854237,0.039339066,19.995450973510742,2714.286621,1470.5738525390625,96a429455dd2b744
65.87797093391418,65.87801115100001,1789785110.405458,0.038623809814453125,20.034313201904297,2714.286621,1471.4776611328125,96a4294549efb744
65.89797258377075,65.89801391100036,1789785110.4254596,0.039815903,20.001649856567383,2714.286621,1472.3814697265625,96a42945350cb844
65.91797852516174,65.91801881900028,1789785110.4454656,0.038623809814453125,20.00594139099121,2714.286621,1473.2852783203125,96a429452129b844
65.93793845176697,65.93797959800031,1789785110.4654255,0.039577484130859375,19.95992660522461,2714.286621,1474.1890869140625,96a429450d46b844
65.95793557167053,65.95797672800018,1789785110.4854226,0.039577484130859375,19.997119903564453,2714.286621,1475.0928955078125,96a42945f962b844
65.97792935371399,65.97797072899994,1789785110.5054164,0.039815903,19.99378204345703,2714.286621,1475.9967041015625,96a42945e57fb844
65.99793672561646,65.99798621200034,1789785110.5254238,0.047922134,20.00737190246582,2714.286621,1476.9005126953125,96a42945d19cb844
66.01827883720398,66.01947357,1789785110.5457659,1.195669174194336,20.342111587524414,2720.000977,1477.828125,04002a4580bab844
66.03782057762146,66.03804141700039,1789785110.5653076,0.22029876708984375,19.54174041748047,2720.000977,1478.8033447265625,04002a45b5d9b844
66.05797839164734,66.05805952900027,1789785110.5854654,0.079631805,20.157814025878906,2748.572509765625,1479.802246,29c92b45acf9b844
66.07793498039246,66.0779812,1789785110.605422,0.044584274,19.956588745117188,2777.143798828125,1480.7774658203125,4d922d45e118b944
66.09793663024902,66.09799164200012,1789785110.6254237,0.053405762,20.001649856567383,2777.143798828125,1481.776367,4d922d45d838b944
66.11779952049255,66.11787429100013,1789785110.6452866,0.073194504,19.862890243530273,2811.429443359375,1482.775391,dfb62f45d058b944
66.13795137405396,66.13799257000028,1789785110.6654384,0.039577484130859375,20.151853561401367,2811.429443359375,1483.7506103515625,dfb62f450578b944
66.15798759460449,66.15808129300012,1789785110.6854746,0.092029572,20.03622055053711,2840.000732421875,1484.749512,03803145fc97b944
66.17799782752991,66.17804655300006,1789785110.7054849,0.04696846,20.01023292541504,2874.286376953125,1485.7484130859375,95a43345f3b7b944
66.19793486595154,66.19798518300013,1789785110.725422,0.048875809,19.93703842163086,2874.286376953125,1486.7474365234375,95a43345ebd7b944
66.21800541877747,66.21806981400005,1789785110.7454925,0.062704086,20.070552825927734,2914.286376953125,1487.746337890625,95243645e2f7b944
66.23800778388977,66.23812670400002,1789785110.7654948,0.11730194091796875,20.002365112304688,2942.857666015625,1488.7215576171875,b9ed37451717ba44
66.25796533,66.25801502000013,1789785110.7854524,0.048160552978515625,19.957542419433594,2942.857666015625,1489.7205810546875,b9ed37450f37ba44
66.27792429924011,66.27797696500011,1789785110.8054113,0.051021575927734375,19.958972930908203,2971.428955078125,1490.719482421875,ddb639450657ba44
66.29797554016113,66.29802878100008,1789785110.8254626,0.051736832,20.051240921020508,2977.143066,1491.7183837890625,4a123a45fd76ba44
66.31798195838928,66.31804139300039,1789785110.845469,0.057697296142578125,20.006418228149414,2977.143066,1492.693603515625,4a123a453296ba44
66.33792543411255,66.33797887500032,1789785110.8654125,0.051736832,19.94347572,2977.143066,1493.692626953125,4a123a452ab6ba44
66.35792350769043,66.35797726500005,1789785110.8854105,0.052213669,19.99807357788086,2982.857422,1494.6915283203125,b86d3a4521d6ba44
66.37792372703552,66.37797759900013,1789785110.9054108,0.052213669,20.000219345092773,2982.857422,1495.666748046875,b86d3a4556f5ba44
66.39802003,66.39817223,1789785110.925507,0.15044212341308594,20.096302032470703,2982.857422,1496.6656494140625,b86d3a454d15bb44
66.41795468330383,66.41801484100006,1789785110.9454417,0.058412552,19.934654235839844,2982.857422,1497.6646728515625,b86d3a454535bb44
66.43796563148499,66.43801999100015,1789785110.9654527,0.052690506,20.010948181152344,2982.857422,1498.663574,b86d3a453c55bb44
66.45797634124756,66.45803038000031,1789785110.9854634,0.052452087,20.010709762573242,2977.143310546875,1499.6387939453125,4b123a457174bb44
66.47792553901672,66.47797875200013,1789785111.0054126,0.051498413,19.94919776916504,2977.143310546875,1500.637695,4b123a456894bb44
66.49796009,66.49802230800015,1789785111.0254471,0.060558319091796875,20.03455162,2977.143066,1501.636719,4a123a4560b4bb44
66.51795864105225,66.51802021599997,1789785111.0454457,0.059843063,19.998550415039062,2982.857422,1502.611816,b86d3a4594d3bb44
66.53796243667603,66.53801471700035,1789785111.0654495,0.050783157,20.003795623779297,2982.857422,1503.61084,b86d3a458cf3bb44
66.55796289,66.55801598,1789785111,0.051498413,20.000457763671875,2982.857422,1504.6097412109375,b86d3a458313bc44
66.57795882225037,66.57802323800024,1789785111.1054459,0.062704086,19.995927810668945,2982.857422,1505.6087646484375,b86d3a457b33bc44
66.59797835350037,66.59803327600002,1789785111.1254654,0.053167343,20.01953125,2982.857422,1506.5838623046875,b86d3a45af52bc44
66.61795163154602,66.61806768400038,1789785111.1454387,0.114440918,19.973278045654297,2977.143310546875,1507.5828857421875,4b123a45a772bc44
66.63796162605286,66.63801907400011,1789785111.1654487,0.055789947509765625,20.009994506835938,2977.143310546875,1508.581787109375,4b123a459e92bc44
66.65799188613892,66.65804120400026,1789785111.185479,0.047683716,20.03026008605957,2977.143066,1509.580810546875,4a123a4596b2bc44
66.67796754837036,66.67802488999996,1789785111.2054546,0.055789947509765625,19.975662231445312,2982.857422,1510.5797119140625,b86d3a458dd2bc44
66.69795870780945,66.69801302099995,1789785111.2254457,0.052690506,19.991159439086914,2982.857422,1511.554931640625,b86d3a45c2f1bc44
66.71795678138733,66.71801113300035,1789785111.2454438,0.052690506,19.99807357788086,2982.857422,1512.5538330078125,b86d3a45b911bd44
66.73793077468872,66.73798478200024,1789785111.2654178,0.052452087,19.9739933,2982.857422,1513.5528564453125,b86d3a45b131bd44
66.75795627,66.75801078300037,1789785111.2854433,0.052690506,20.02549171447754,2982.857422,1514.551758,b86d3a45a851bd44
66.77795743942261,66.77800978300002,1789785111.3054445,0.050544739,20.00117301940918,2977.143310546875,1515.5269775390625,4b123a45dd70bd44
66.79791736602783,66.79798089500036,1789785111.3254044,0.061988831,19.95992660522461,2982.857422,1516.525879,b86d3a45d490bd44
66.81795788,66.81801150699994,1789785111.345445,0.051975250244140625,20.040512084960938,2982.857422,1517.524902,b86d3a45ccb0bd44
66.83792448043823,66.83797721200017,1789785111.3654115,0.051021575927734375,19.966602325439453,2982.857422,1518.5,b86d3a4500d0bd44
66.85801553726196,66.85806960200034,1789785111.3855026,0.052452087,20.09105682373047,2982.857422,1519.499023,b86d3a45f8efbd44
66.87791776657104,66.87798264000003,1789785111.4054048,0.063419342,19.90222930908203,2982.857422,1520.4979248046875,b86d3a45ef0fbe44
66.89795828,66.89800965900031,1789785111.4254453,0.049829483,20.040512084960938,2982.857422,1521.4969482421875,b86d3a45e72fbe44
66.91781806945801,66.91788964100033,1789785111.445305,0.069856644,19.859790802001953,2982.857422,1522.4720458984375,b86d3a451b4fbe44
66.93795680999756,66.93802399,1789785111.4654438,0.065565109,20.13874053955078,2982.857422,1523.4710693359375,b86d3a45136fbe44
66.95799088478088,66.95805333,1789785111.485478,0.060796738,20.034074783325195,2982.857422,1524.469970703125,b86d3a450a8fbe44
66.97799944877625,66.97806212600017,1789785111.5054865,0.061035156,20.008563995361328,2982.857422,1525.468994140625,b86d3a4502afbe44
66.99795389175415,66.99801942300019,1789785111.525441,0.063896179,19.954442977905273,2982.857422,1526.444091796875,b86d3a4536cebe44
67.01794838905334,67.01804303500012,1789785111.5454354,0.093221664,19.994497299194336,2982.857422,1527.443115234375,b86d3a452eeebe44
67.03791522979736,67.03797052,1789785111.5654023,0.05364418,19.966840744018555,2982.857422,1528.4420166015625,b86d3a45250ebf44
67.05791211128235,67.05796514800022,1789785111.5853992,0.051259995,19.99688148498535,2977.143310546875,1529.417236328125,4b123a455a2dbf44
67.07795071601868,67.07800388900023,1789785111.6054378,0.051498413,20.038604736328125,2977.143066,1530.4161376953125,4a123a45514dbf44
67.09795308113098,67.09800558,1789785111.6254401,0.050783157,20.002365112304688,2977.143066,1531.4151611328125,4a123a45496dbf44
67.11794543266296,67.11800648400003,1789785111.6454325,0.059604644775390625,19.992351531982422,2977.143066,1532.3902587890625,4a123a457d8cbf44
67.13794922828674,67.13800335500036,1789785111.6654363,0.052452087,20.003795623779297,2977.143066,1533.3892822265625,4a123a4575acbf44
67.15794873,67.15800654,1789785111.6854358,0.056266785,19.99950408935547,2982.857422,1534.388184,b86d3a456cccbf44
67.17791175842285,67.17805054200016,1789785111.7053988,0.13709068298339844,19.96302604675293,2977.143310546875,1535.3634033203125,4b123a45a1ebbf44
67.19791293144226,67.19796211700032,1789785112,0.047445297,20.00117301940918,2977.143310546875,1536.362305,4b123a45980bc044
67.21794986724854,67.21806336,1789785111.745437,0.11181831359863281,20.036935806274414,2977.143066,1537.361328,4a123a45902bc044
67.23799180984497,67.23805737800012,1789785111.7654788,0.063896179,20.041942596435547,2977.143066,1538.3365478515625,4a123a45c54ac044
67.25795125961304,67.25807434200033,1789785111.7854383,0.12159347534179688,19.959449768066406,2977.143066,1539.335449,4a123a45bc6ac044
67.27794790267944,67.27801999100029,1789785111.805435,0.070333481,19.99664306640625,2977.143066,1540.334473,4a123a45b48ac044
67.29794716835022,67.29800180700022,1789785111.8254342,0.052928924560546875,19.999265670776367,2977.143066,1541.3333740234375,4a123a45abaac044
67.31798720359802,67.31804925200004,1789785111.8454742,0.060558319091796875,20.040035247802734,2977.143066,1542.308594,4a123a45e0c9c044
67.33794522285461,67.33799862,1789785111.8654323,0.051736832,19.958019256591797,2977.143066,1543.3074951171875,4a123a45d7e9c044
67.3579433,67.35800547600002,1789785111.8854303,0.060558319091796875,19.99807357788086,2977.143066,1544.282715,4a123a450c09c144
67.37795162200928,67.37800418100005,1789785111.9054387,0.051021575927734375,20.008325576782227,2977.143066,1545.2816162109375,4a123a450329c144
67.39800095558167,67.39815496000028,1789785111.925488,0.15234947204589844,20.049333572387695,2977.143066,1546.2806396484375,4a123a45fb48c144
67.41794919967651,67.41802001600036,1789785111.9454362,0.069379807,19.948244094848633,2977.143066,1547.279541015625,4a123a45f268c144
67.43794822692871,67.43800314600003,1789785111.9654353,0.053405762,19.999027252197266,2977.143066,1548.2547607421875,4a123a452788c144
67.45794439315796,67.45800709200012,1789785111.9854314,0.061035156,19.996166229248047,2977.143066,1549.253662109375,4a123a451ea8c144
67.47790479660034,67.47795909200022,1789785112.0053918,0.052690506,19.960403442382812,2977.143066,1550.252685546875,4a123a4516c8c144
67.49795174598694,67.49800427900027,1789785112.0254388,0.050783157,20.04694938659668,2977.143066,1551.2515869140625,4a123a450de8c144
67.51793885231018,67.51800013100001,1789785112.045426,0.059604644775390625,19.987106323242188,2977.143066,1552.226806640625,4a123a454207c244
67.53793931007385,67.53800220600033,1789785112.0654263,0.061273575,20.000457763671875,2977.143066,1553.2257080078125,4a123a453927c244
67.55793881416321,67.55800020700008,1789785112.0854259,0.059604644775390625,19.99950408935547,2982.857422,1554.2247314453125,b86d3a453147c244
67.57796478271484,67.57801924500018,1789785112.1054518,0.052690506,20.025968551635742,2982.857422,1555.223633,b86d3a452867c244
67.59790515899658,67.59796548700024,1789785112.1253922,0.058889389,19.94037628173828,2982.857422,1556.1988525390625,b86d3a455d86c244
67.61794257164001,67.61799583900029,1789785112.1454296,0.051498413,20.037412643432617,2982.857422,1557.197754,b86d3a4554a6c244
67.63794136047363,67.63799510000035,1789785112.1654284,0.051975250244140625,19.998788833618164,2982.857422,1558.196777,b86d3a454cc6c244
67.65794730186462,67.65801534100001,1789785112.1854343,0.066280365,20.00594139099121,2977.143310546875,1559.1956787109375,4b123a4543e6c244
67.67793846130371,67.67800387900024,1789785112.2054255,0.063657761,19.991159439086914,2977.143066,1560.170898,4a123a457805c344
67.69793748855591,67.69799117599996,1789785112.2254245,0.051975250244140625,19.999027252197266,2977.143066,1561.1697998046875,4a123a456f25c344
67.71794033050537,67.71800210300034,1789785112.2454274,0.060081482,20.00284194946289,2982.857422,1562.1688232421875,b86d3a456745c344
67.73789787,67.73795564,1789785112.265385,0.056028366,19.957542419433594,2982.857422,1563.167724609375,b86d3a455e65c344
67.75776886940002,67.75784623400023,1789785112.285256,0.075817108,19.870996475219727,2982.857422,1564.1429443359375,b86d3a459384c344
67.77790379524231,67.77795995800034,1789785112.3053908,0.054597855,20.134925842285156,2982.857422,1565.141845703125,b86d3a458aa4c344
67.79790496826172,67.79795457,1789785112.325392,0.047922134,20.00117301940918,2982.857422,1566.140869140625,b86d3a4582c4c344
67.81792616844177,67.81802315,1789785112.3454132,0.095367432,20.02120018005371,2982.857422,1567.1397705078125,b86d3a4579e4c344
67.83793807029724,67.83798320100004,1789785112.365425,0.0436306,20.01190185546875,2982.857422,1568.1387939453125,b86d3a457104c444
67.85789704322815,67.85795079400032,1789785112.385384,0.051975250244140625,19.958972930908203,2982.857422,1569.1138916015625,b86d3a45a523c444
67.87789821624756,67.87794918400004,1789785112.4053853,0.049352646,20.00117301940918,2982.857422,1570.1129150390625,b86d3a459d43c444
67.89789891242981,67.89795209300019,1789785112.425386,0.051498413,20.000696182250977,2982.857422,1571.111816,b86d3a459463c444
67.91793131828308,67.91799531600009,1789785112.4454184,0.062227249,20.032405853271484,2982.857422,1572.11084,b86d3a458c83c444
67.93797659873962,67.93803828,1789785112.4654636,0.060081482,20.04528045654297,2988.571777,1573.1097412109375,26c93a4583a3c444
67.95794177055359,67.95799787,1789785112.4854288,0.054359436,19.965171813964844,2982.857666015625,1574.084961,b96d3a45b8c2c444
67.97790145874023,67.97795628099993,1789785112.5053885,0.053405762,19.959688186645508,2982.857666015625,1575.0838623046875,b96d3a45afe2c444
67.99789500236511,67.99795961600012,1789785112.525382,0.063180923,19.99354362487793,2988.571777,1576.0828857421875,26c93a45a702c544
68.01793050765991,68.01798471,1789785112.5454175,0.052690506,20.035505294799805,2988.571777,1577.081787109375,26c93a459e22c544
68.03793883,68.03799172900017,1789785112.5654259,0.051259995,20.008325576782227,2988.571777,1578.080810546875,26c93a459642c544
68.05788946151733,68.05794182199998,1789785112.5853765,0.050783157,19.95062828063965,2982.857666015625,1579.055908203125,b96d3a45ca61c544
68.07789349555969,68.07794578600033,1789785112.6053805,0.050783157,20.00403404,2982.857422,1580.054931640625,b86d3a45c281c544
68.09793090820312,68.09797410200008,1789785112.625418,0.041484832763671875,20.037412643432617,2982.857422,1581.0538330078125,b86d3a45b9a1c544
68.11796450614929,68.11800721400004,1789785112.6454515,0.041246414,20.033597946166992,2988.571777,1582.0528564453125,26c93a45b1c1c544
68.13792801,68.13796734400012,1789785112.665415,0.037670135498046875,19.963502883911133,2988.571777,1583.051758,26c93a45a8e1c544
68.15792870521545,68.15796834499997,1789785112.6854157,0.038146973,20.000696182250977,2988.571777,1584.0269775390625,26c93a45dd00c644
68.17788672447205,68.17797799400023,1789785112.7053738,0.089645386,19.958019256591797,2982.857666015625,1585.025879,b96d3a45d420c644
68.19793391227722,68.19797675400014,1789785112.725421,0.041007996,20.04718780517578,2982.857666015625,1586.024902,b96d3a45cc40c644
68.21792912483215,68.21797107,1789785112.7454162,0.04029274,19.99521255493164,2988.571777,1587.0238037109375,26c93a45c360c644
68.23792505264282,68.23796346000017,1789785112.765412,0.03695488,19.995927810668945,2982.857666015625,1587.999023,b96d3a45f87fc644
68.25792766,68.25796692300037,1789785112.7854147,0.037670135498046875,20.00260353088379,2982.857666015625,1588.9979248046875,b96d3a45ef9fc644
68.27793598175049,68.27797655400036,1789785112.805423,0.039100647,20.008325576782227,2982.857422,1589.9969482421875,b86d3a45e7bfc644
68.29801917076111,68.29805990700015,1789785112.8255062,0.039100647,20.083189010620117,2988.571777,1590.995849609375,26c93a45dedfc644
68.31792187690735,68.31796274099997,1789785112.845409,0.039339066,19.902706146240234,2988.571777,1591.994873046875,26c93a45d6ffc644
68.33794903755188,68.33798794600034,1789785112.865436,0.037193298,20.02716064453125,2988.571777,1592.9937744140625,26c93a45cd1fc744
68.35809135437012,68.35812992800038,1789785112.8855784,0.03695488,20.142316818237305,2982.857666015625,1593.9927978515625,b96d3a45c53fc744
68.37807822227478,68.37811667000005,1789785112.9055653,0.036716461181640625,19.986867904663086,2982.857666015625,1594.9678955078125,b96d3a45f95ec744
68.39801073074341,68.39805302200011,1789785112.9254978,0.040531158447265625,19.93250846862793,2988.571777,1595.9669189453125,26c93a45f17ec744
68.41792583465576,68.41795852300038,1789785112.9454129,0.030994415283203125,19.915103912353516,2988.571777,1596.96582,26c93a45e89ec744
68.43792128562927,68.43795932000012,1789785112.9654083,0.036239624,19.995450973510742,2988.571777,1597.964844,26c93a45e0bec744
68.45788264274597,68.45791608000036,1789785112.9853697,0.031709671,19.96135711669922,2988.571777,1598.9637451171875,26c93a45d7dec744
68.47793102264404,68.47796995199997,1789785113.005418,0.037193298,20.04837989807129,2988.571777,1599.9627685546875,26c93a45cffec744
68.49792146682739,68.49795862,1789785113.0254085,0.035524368,19.99044418334961,2988.571777,1600.961669921875,26c93a45c61ec844
68.5179193,68.51796073100013,1789785113.0454063,0.039815903,19.997835159301758,2994.286133,1601.9605712890625,94243b45bd3ec844
68.53792095184326,68.53795962100003,1789785113.065408,0.03695488,20.001649856567383,2994.286133,1602.9595947265625,94243b45b55ec844
68.55792570114136,68.55796238100038,1789785113.0854127,0.035047531,20.004749298095703,2988.572021484375,1603.934814453125,27c93a45ea7dc844
68.57790493965149,68.57794690100036,1789785113.105392,0.04029274,19.979238510131836,2994.286133,1604.9337158203125,94243b45e19dc844
68.59787964820862,68.59791831,1789785113.1253667,0.03695488,19.974708557128906,2994.286133,1605.932617,94243b45d8bdc844
68.61787629127502,68.61791566200009,1789785113.1453633,0.037670135498046875,19.99664306640625,2994.286133,1606.931641,94243b45d0ddc844
68.63795924186707,68.63799731100016,1789785113.1654463,0.036478043,20.082950592041016,2994.286133,1607.9068603515625,94243b4505fdc844
68.65791082382202,68.65798871900006,1789785113.1853979,0.076293945,19.951581954956055,2988.572021484375,1608.905762,27c93a45fc1cc944
68.67791771888733,68.67795360900027,1789785113.2054048,0.034332275,20.006895065307617,2988.571777,1609.904785,26c93a45f43cc944
68.69792056083679,68.69795949900026,1789785113.2254076,0.037193298,20.00284194946289,2988.571777,1610.9036865234375,26c93a45eb5cc944
68.71793007850647,68.71796681400019,1789785113.245417,0.03528595,20.009517669677734,2982.857666015625,1611.878906,b96d3a45207cc944
68.73793530464172,68.73797131500032,1789785113.2654223,0.034332275,20.005226135253906,2988.571777,1612.8778076171875,26c93a45179cc944
68.75788640975952,68.75792274200012,1789785113.2853734,0.034570694,19.95110511779785,2988.571777,1613.8768310546875,26c93a450fbcc944
68.77787637710571,68.77791313200032,1789785113.3053634,0.035047531,19.989967346191406,2982.857666015625,1614.875732421875,b96d3a4506dcc944
68.79788994789124,68.79796502199997,1789785113.325377,0.073432922,20.01357078552246,2982.857422,1615.8746337890625,b86d3a45fdfbc944
68.81795811653137,68.81802176300016,1789785113.3454452,0.061988831,20.06816864013672,2982.857422,1616.8736572265625,b86d3a45f51bca44
68.83787536621094,68.83792800500032,1789785113.3653624,0.051021575927734375,19.91724967956543,2982.857422,1617.848876953125,b86d3a452a3bca44
68.85791873931885,68.85797189499999,1789785113.3854058,0.051736832,20.043373107910156,2982.857422,1618.8477783203125,b86d3a45215bca44
68.87789154052734,68.87794409900016,1789785113.4053786,0.051021575927734375,19.972801208496094,2982.857422,1619.84668,b86d3a45187bca44
68.89792156219482,68.89797913700022,1789785113.4254086,0.056028366,20.03002166748047,2982.857422,1620.845703,b86d3a45109bca44
68.91773653030396,68.91781197099999,1789785113.4452236,0.07390976,19.81496810913086,2982.857422,1621.8209228515625,b86d3a4545baca44
68.93796038627625,68.93802334300017,1789785113.4654474,0.061511993408203125,20.22385597229004,2988.571777,1622.819824,26c93a453cdaca44
68.95773864,68.95780634300036,1789785113.4852257,0.066041946,19.77825164794922,2988.571777,1623.818848,26c93a4534faca44
68.97787690162659,68.97793149300014,1789785113.505364,0.052928924560546875,20.138263702392578,2988.571777,1624.8177490234375,26c93a452b1acb44
68.99792504310608,68.99798029000021,1789785113.525412,0.053405762,20.048141479492188,2982.857666015625,1625.816650390625,b96d3a45223acb44
69.01791572570801,69.01799377199995,1789785113.5454028,0.076293945,19.99068260192871,2982.857422,1626.7918701171875,b86d3a455759cb44
69.03793001174927,69.03799334700034,1789785113.565417,0.061511993408203125,20.014286041259766,2982.857422,1627.7908935546875,b86d3a454f79cb44
69.05791425704956,69.05797808900024,1789785113.5854013,0.062227249,19.98424530029297,2988.571777,1628.789794921875,26c93a454699cb44
69.07787561416626,69.07792960799998,1789785113.6053627,0.052213669,19.96135711669922,2982.857666015625,1629.7886962890625,b96d3a453db9cb44
69.09787797927856,69.09793125700025,1789785113.625365,0.051736832,20.002365112304688,2982.857666015625,1630.763916015625,b96d3a4572d8cb44
69.11795234680176,69.11801463,1789785113.6454394,0.060558319091796875,20.07436752319336,2982.857422,1631.762939453125,b86d3a456af8cb44
69.13791227340698,69.13796570300019,1789785113.6653993,0.051736832,19.95992660522461,2982.857422,1632.7618408203125,b86d3a456118cc44
69.15791821479797,69.15797124100027,1789785113.6854053,0.051498413,20.00594139099121,2982.857422,1633.7608642578125,b86d3a455938cc44
69.17788267,69.17803913100033,1789785113.7053697,0.15473365783691406,19.96445655822754,2982.857422,1634.7359619140625,b86d3a458d57cc44
69.19792175292969,69.19797942800005,1789785113.7254088,0.056028366,20.039081573486328,2982.857422,1635.7349853515625,b86d3a458577cc44
69.21786952018738,69.21792005900033,1789785113.7453566,0.048875809,19.94776725769043,2982.857422,1636.733887,b86d3a457c97cc44
69.23787188529968,69.23792493000019,1789785113.765359,0.051259995,20.002365112304688,2982.857422,1637.73291,b86d3a4574b7cc44
69.25796127319336,69.25808530200038,1789785113.7854483,0.12230873107910156,20.089387893676758,2982.857422,1638.708008,b86d3a45a8d6cc44
69.27790760993958,69.27809497,1789785113.8053946,0.18596649169921875,19.94633674621582,2982.857422,1639.707031,b86d3a45a0f6cc44
69.29791259765625,69.29796721100001,1789785113.8253996,0.052928924560546875,20.004987716674805,2982.857422,1640.7059326171875,b86d3a459716cd44
69.31794428825378,69.31800650800005,1789785113.8454313,0.060558319091796875,20.03169059753418,2982.857422,1641.7049560546875,b86d3a458f36cd44
69.33791875839233,69.33797169400032,1789785113.8654058,0.051259995,19.974470138549805,2982.857422,1642.703857421875,b86d3a458656cd44
69.35786509513855,69.35791799100025,1789785113.8853521,0.051259995,19.94633674621582,2982.857422,1643.6790771484375,b86d3a45bb75cd44
69.37790846824646,69.37796106600035,1789785113.9053955,0.050783157,20.043373107910156,2982.857422,1644.677978515625,b86d3a45b295cd44
69.39789056777954,69.39795077100007,1789785113.9253776,0.058650970458984375,19.982099533081055,2982.857422,1645.677001953125,b86d3a45aab5cd44
69.41790294647217,69.41802297499999,1789785114,0.118255615,20.012378692626953,2982.857422,1646.652099609375,b86d3a45ded4cd44
69.43796253204346,69.43801131000009,1789785113.9654496,0.04696846,20.059585571289062,2982.857422,1647.651123046875,b86d3a45d6f4cd44
69.45790672302246,69.45796118099997,1789785113.9853938,0.052928924560546875,19.944190979003906,2982.857422,1648.6500244140625,b86d3a45cd14ce44
69.47786784172058,69.47792155200023,1789785114.005355,0.052213669,19.961118698120117,2982.857422,1649.6490478515625,b86d3a45c534ce44
69.49790811538696,69.49796134899998,1789785114.0253952,0.051498413,20.040273666381836,2982.857422,1650.647949,b86d3a45bc54ce44
69.51786398887634,69.5179167,1789785114.045351,0.051021575927734375,19.955873489379883,2982.857422,1651.6231689453125,b86d3a45f173ce44
69.53786635398865,69.53792029500028,1789785114.0653534,0.052213669,20.002365112304688,2982.857422,1652.62207,b86d3a45e893ce44
69.55791425704956,69.55796713000018,1789785114.0854013,0.051259995,20.047903060913086,2977.143310546875,1653.621094,4b123a45e0b3ce44
69.57792162895203,69.57797265,1789785114.1054087,0.049591064,20.00737190246582,2982.857422,1654.596191,b86d3a4514d3ce44
69.59790539741516,69.59795787200028,1789785114.1253924,0.050783157,19.983768463134766,2982.857422,1655.595215,b86d3a450cf3ce44
69.61791563034058,69.61810254000011,1789785114.1454027,0.18525123596191406,20.01023292541504,2982.857422,1656.5941162109375,b86d3a450313cf44
69.63791203,69.63797818900002,1789785114.165399,0.064373016,19.99640464782715,2982.857422,1657.5931396484375,b86d3a45fb32cf44
69.65793490409851,69.65805357900035,1789785114.185422,0.11682510375976562,20.022869110107422,2982.857422,1658.5682373046875,b86d3a452f52cf44
69.67785787582397,69.67791126400016,1789785114.205345,0.051736832,19.922971725463867,2977.143310546875,1659.5672607421875,4b123a452772cf44
69.69787145,69.69795491400009,1789785114.2253585,0.081777573,20.01357078552246,2977.143310546875,1660.566162109375,4b123a451e92cf44
69.71789574623108,69.71795715500002,1789785114.2453828,0.059843063,20.02429962158203,2982.857422,1661.565185546875,b86d3a4516b2cf44
69.73799157142639,69.73810080500016,1789785114.2654786,0.10752677917480469,20.0958252,2982.857422,1662.5640869140625,b86d3a450dd2cf44
69.75790977478027,69.75796832,1789785114.2853968,0.05698204,19.918203353881836,2982.857422,1663.539306640625,b86d3a4542f1cf44
69.77789855003357,69.77795215800006,1789785114.3053856,0.051736832,19.98877525,2982.857422,1664.5382080078125,b86d3a453911d044
69.79789829,69.79795165900032,1789785114.3253853,0.051736832,19.99974250793457,2982.857422,1665.5372314453125,b86d3a453131d044
69.81793761253357,69.81800021500021,1789785114.3454247,0.060796738,20.03931999206543,2982.857422,1666.5123291015625,b86d3a456550d044
69.83785605430603,69.83790943800022,1789785114.365343,0.051736832,19.918441772460938,2982.857422,1667.5113525390625,b86d3a455d70d044
69.85786008834839,69.85791290199995,1789785114.3853471,0.051259995,20.00403404,2982.857422,1668.510254,b86d3a455490d044
69.87790465,69.87795729200025,1789785114.4053917,0.051021575927734375,20.044565200805664,2982.857422,1669.509277,b86d3a454cb0d044
69.89787149429321,69.89792273700004,1789785114.4253585,0.049829483,19.966840744018555,2982.857422,1670.484375,b86d3a4580cfd044
69.91793727874756,69.91800178,1789785114.4454243,0.062704086,20.065784454345703,2982.857422,1671.483398,b86d3a4578efd044
69.93786025047302,69.93791505400031,1789785114.4653473,0.053167343,19.922971725463867,2982.857422,1672.4822998046875,b86d3a456f0fd144
69.95785856246948,69.95791185100006,1789785114.4853456,0.051736832,19.99831199645996,2982.857422,1673.4813232421875,b86d3a45672fd144
69.97789836,69.97795096300024,1789785114.5053854,0.051021575927734375,20.039796829223633,2982.857422,1674.480224609375,b86d3a455e4fd144
69.99789619445801,69.99795398300012,1789785114.5253832,0.056266785,19.997835159301758,2982.857422,1675.4554443359375,b86d3a45936ed144
70.01786136627197,70.01791737200028,1789785114.5453484,0.054359436,19.965171813964844,2982.857422,1676.454345703125,b86d3a458a8ed144
70.03790140151978,70.03795474400022,1789785114.5653884,0.051498413,20.040035247802734,2982.857422,1677.453369140625,b86d3a4582aed144
70.05789375305176,70.05794744800005,1789785114.5853808,0.051975250244140625,19.992351531982422,2982.857422,1678.4522705078125,b86d3a4579ced144
70.07785391807556,70.07790730100032,1789785114.605341,0.051736832,19.96016502380371,2982.857422,1679.427490234375,b86d3a45aeedd144
70.09786176681519,70.09791745,1789785114.6253488,0.054121017,20.007848739624023,2982.857422,1680.4263916015625,b86d3a45a50dd244
70.11789274215698,70.11794582100038,1789785114.6453798,0.051498413,20.030975341796875,2982.857422,1681.4254150390625,b86d3a459d2dd244
70.13789248466492,70.13794493,1789785114.6653795,0.050783157,19.99974250793457,2982.857422,1682.424316,b86d3a45944dd244
70.15785622596741,70.15790928600018,1789785114.6853433,0.051498413,19.963741302490234,2982.857422,1683.42334,b86d3a458c6dd244
70.17789865,70.17795186100011,1789785114.7053857,0.051498413,20.04241943359375,2988.571777,1684.4222412109375,26c93a45838dd244
70.19785356521606,70.19797495400007,1789785114.7253406,0.11968612670898438,19.954919815063477,2988.571777,1685.397461,26c93a45b8acd244
70.21787190437317,70.21793249200027,1789785114.745359,0.059127808,20.018339157104492,2982.857666015625,1686.3963623046875,b96d3a45afccd244
70.23792767524719,70.23798753000028,1789785114.7654147,0.057935715,20.055770874023438,2982.857422,1687.3953857421875,b86d3a45a7ecd244
70.25785517692566,70.2579092,1789785114.7853422,0.052452087,19.927501678466797,2982.857422,1688.394287109375,b86d3a459e0cd344
70.27788877487183,70.27817142100002,1789785114.8053758,0.2810955047607422,20.033597946166992,2988.571777,1689.393310546875,26c93a45962cd344
70.29789113998413,70.29794516300035,1789785114.8253782,0.052452087,20.002365112304688,2988.571777,1690.3922119140625,26c93a458d4cd344
70.31793689727783,70.31799933000002,1789785114.845424,0.060796738,20.045757293701172,2988.571777,1691.3912353515625,26c93a45856cd344
70.3379488,70.33800199799998,1789785114.8654358,0.051498413,20.01190185546875,2988.571777,1692.390137,26c93a457c8cd344
70.35789108276367,70.35795294300033,1789785114.8853781,0.060319901,19.942283630371094,2988.571777,1693.3653564453125,26c93a45b1abd344
70.37789202,70.37794468500033,1789785114.905379,0.051021575927734375,20.000934600830078,2988.571777,1694.364258,26c93a45a8cbd344
70.39790987968445,70.39797050000016,1789785114.925397,0.058889389,20.01786231994629,2994.286133,1695.363281,94243b45a0ebd344
70.41792249679565,70.41799027900015,1789785114.9454095,0.066041946,20.012617111206055,2994.286133,1696.3621826171875,94243b45970bd444
70.43792319,70.43798553900024,1789785114.9654102,0.060796738,20.000696182250977,2988.572021484375,1697.3612060546875,27c93a458f2bd444
70.45784568786621,70.45790026,1789785114.9853327,0.052928924560546875,19.922494888305664,2994.286133,1698.360107421875,94243b45864bd444
70.47788763046265,70.47794146700016,1789785115.0053747,0.052213669,20.041942596435547,2994.286133,1699.3590087890625,94243b457d6bd444
70.49789428710938,70.4979473,1789785115.0253813,0.051259995,20.006656646728516,2994.286133,1700.334228515625,94243b45b28ad444
70.51788926124573,70.51795291300004,1789785115.0453763,0.061988831,19.99497413635254,2988.572021484375,1701.333251953125,27c93a45aaaad444
70.53792548179626,70.53798808,1789785115.0654125,0.061035156,20.03622055053711,2988.572021484375,1702.3321533203125,27c93a45a1cad444
70.55784916877747,70.55790308099995,1789785115.0853362,0.052452087,19.923686981201172,2994.286133,1703.3311767578125,94243b4599ead444
70.57786297798157,70.57791915600001,1789785115,0.054597855,20.013809204101562,2988.572021484375,1704.330078,27c93a45900ad544
70.59789443016052,70.59794234300034,1789785115.1253815,0.046253204345703125,20.031452178955078,2988.572021484375,1705.3289794921875,27c93a45872ad544
70.61792397499084,70.61798847299997,1789785115.145411,0.062704086,20.029544830322266,2988.571777,1706.304199,26c93a45bc49d544
70.63784503936768,70.63789871500012,1789785115.165332,0.052213669,19.921064376831055,2988.571777,1707.303223,26c93a45b469d544
70.65787816047668,70.6579932,1789785115.1853652,0.11348724365234375,20.03312110900879,2988.571777,1708.3021240234375,26c93a45ab89d544
70.67788672447205,70.67794918000027,1789785115.2053738,0.060796738,20.008563995361328,2988.571777,1709.301025390625,26c93a45a2a9d544
70.69788384437561,70.69793223600027,1789785115.225371,0.046730042,19.997119903564453,2988.571777,1710.300048828125,26c93a459ac9d544
70.71792411804199,70.71798651500012,1789785115.2454112,0.060796738,20.040273666381836,2988.571777,1711.2989501953125,26c93a4591e9d544
70.73788785934448,70.73794101600015,1789785115.265375,0.051498413,19.963741302490234,2988.571777,1712.2979736328125,26c93a458909d644
70.75788187980652,70.75793560900001,1789785115.285369,0.052213669,19.994020462036133,2988.571777,1713.296875,26c93a458029d644
70.77785587310791,70.77790909100031,1789785115.305343,0.051498413,19.9739933,2988.571777,1714.2720947265625,26c93a45b548d644
70.79788088798523,70.79794298100023,1789785115.325368,0.060558319091796875,20.025014877319336,2988.571777,1715.270996,26c93a45ac68d644
70.81789636611938,70.81795803800014,1789785115.3453834,0.059843063,20.015478134155273,2988.571777,1716.27002,26c93a45a488d644
70.83788132667542,70.83796224200023,1789785115.3653684,0.079393387,19.984960556030273,2988.571777,1717.2689208984375,26c93a459ba8d644
70.85788464546204,70.85793963200013,1789785115.3853717,0.053167343,20.003318786621094,2994.286133,1718.2679443359375,94243b4593c8d644
70.87788796424866,70.87794111400035,1789785115.405375,0.051498413,20.003318786621094,2994.286133,1719.2430419921875,94243b45c7e7d644
70.89784955978394,70.89790307800013,1789785115.4253366,0.051975250244140625,19.96159553527832,2988.572021484375,1720.2420654296875,27c93a45bf07d744
70.91791892051697,70.91798307900035,1789785115.445406,0.062465667724609375,20.069360733032227,2988.572021484375,1721.240966796875,27c93a45b627d744
70.93787766,70.93792996900038,1789785115.4653647,0.050783157,19.95873451,2988.571777,1722.239990234375,26c93a45ae47d744
70.95787191390991,70.95793352500004,1789785115.485359,0.060081482,19.994258880615234,2988.571777,1723.2388916015625,26c93a45a567d744
70.97783994674683,70.97789323000006,1789785115.505327,0.051498413,19.968032836914062,2988.571777,1724.2379150390625,26c93a459d87d744
70.99792194366455,70.99798619400008,1789785115.525409,0.062465667724609375,20.08199691772461,2988.571777,1725.2130126953125,26c93a45d1a6d744
71.01787543296814,71.01794728699997,1789785115.5453625,0.070333481,19.953489303588867,2988.571777,1726.2120361328125,26c93a45c9c6d744
71.03787469863892,71.03793864,1789785115.5653617,0.062465667724609375,19.999265670776367,2988.571777,1727.210938,26c93a45c0e6d744
71.05791640281677,71.05797897399998,1789785115.5854034,0.060796738,20.041704177856445,2988.571777,1728.209961,26c93a45b806d844
71.07784175872803,71.07789475300024,1789785115.6053288,0.051259995,19.925355911254883,2988.571777,1729.2088623046875,26c93a45af26d844
71.09791398048401,71.09797610600026,1789785115.625401,0.060558319091796875,20.072221755981445,2988.571777,1730.2078857421875,26c93a45a746d844
71.11787271499634,71.11793586600015,1789785115.6453598,0.061511993408203125,19.95873451,2982.857666015625,1731.1829833984375,b96d3a45db65d844
71.13782906532288,71.13788331100022,1789785115.665316,0.052452087,19.956350326538086,2982.857666015625,1732.1820068359375,b96d3a45d385d844
71.15791058540344,71.15797242300005,1789785115.6853976,0.060081482,20.081520080566406,2988.571777,1733.180908203125,26c93a45caa5d844
71.17792296409607,71.17798444300024,1789785116,0.059604644775390625,20.012378692626953,2988.571777,1734.179931640625,26c93a45c2c5d844
71.19786953926086,71.19799525799999,1789785115.7253566,0.12421607971191406,19.946575164794922,2988.571777,1735.1788330078125,26c93a45b9e5d844
71.21792340278625,71.21798672,1789785115.7454104,0.061511993408203125,20.053863525390625,2982.857666015625,1736.1778564453125,b96d3a45b105d944
71.23793649673462,71.23799011200026,1789785115.7654235,0.051975250244140625,20.013093948364258,2988.571777,1737.176758,26c93a45a825d944
71.25786948,71.25793176100024,1789785115.7853565,0.060796738,19.932985305786133,2988.571777,1738.1519775390625,26c93a45dd44d944
71.27799201011658,71.27822637300005,1789785115.805479,0.23293495178222656,20.122528076171875,2988.571777,1739.150879,26c93a45d464d944
71.29802012443542,71.29808381900011,1789785115.8255072,0.062227249,20.028114318847656,2988.571777,1740.149902,26c93a45cc84d944
71.31787109,71.31793067100034,1789785115.8453581,0.058174133,19.850969314575195,2988.571777,1741.1488037109375,26c93a45c3a4d944
71.33799076080322,71.33805382000037,1789785115.8654778,0.061511993408203125,20.119667053222656,2988.571777,1742.124023,26c93a45f8c3d944
71.35807514190674,71.35813778400006,1789785115.8855622,0.061035156,20.084381103515625,2988.571777,1743.1229248046875,26c93a45efe3d944
71.37795376777649,71.37800126599996,1789785115.9054408,0.045776367,19.878625869750977,2988.571777,1744.1219482421875,26c93a45e703da44
71.39785647392273,71.39795200800017,1789785115.9253435,0.09393692,19.902706146240234,2982.857666015625,1745.120849609375,b96d3a45de23da44
71.41786646842957,71.41806723100035,1789785115.9453535,0.1990795135498047,20.009994506835938,2982.857666015625,1746.119873046875,b96d3a45d643da44
71.43788003921509,71.43792944,1789785115.965367,0.047922134,20.01357078552246,2988.571777,1747.1187744140625,26c93a45cd63da44
71.45787358283997,71.45793652900011,1789785115.9853606,0.061273575,19.99354362487793,2988.571777,1748.093994140625,26c93a450283da44
71.47783017158508,71.47788462200015,1789785116.0053172,0.052928924560546875,19.956588745117188,2988.571777,1749.0928955078125,26c93a45f9a2da44
71.49783277511597,71.49788730900036,1789785116.0253198,0.052928924560546875,20.00260353088379,2982.857666015625,1750.0919189453125,b96d3a45f1c2da44
71.51786566,71.51792853200004,1789785116.0453527,0.061273575,20.032882690429688,2988.571777,1751.09082,26c93a45e8e2da44
71.53769063949585,71.53776453199998,1789785116.0651777,0.072479248,19.824981689453125,2988.571777,1752.0660400390625,26c93a451d02db44
71.55782842636108,71.55788158900032,1789785116.0853155,0.051498413,20.137786865234375,2982.857666015625,1753.064941,b96d3a451422db44
71.57789039611816,71.57796105300031,1789785116.1053774,0.068902969,20.061969757080078,2982.857422,1754.063965,b86d3a450c42db44
71.59785079956055,71.59793118300013,1789785116.1253378,0.07891655,19.960403442382812,2982.857422,1755.0628662109375,b86d3a450362db44
71.61786985397339,71.61793762900015,1789785116.145357,0.066280365,20.019054412841797,2988.571777,1756.0618896484375,26c93a45fb81db44
71.63782358169556,71.63787242600029,1789785116.1653106,0.047206878662109375,19.95372772216797,2988.571777,1757.060791015625,26c93a45f2a1db44
71.65791153907776,71.65803546400002,1789785116.1853986,0.12230873107910156,20.08795738220215,2988.571777,1758.0360107421875,26c93a4527c1db44
71.67786359786987,71.67791683500036,1789785116.2053506,0.051498413,19.952058792114258,2982.857666015625,1759.034912109375,b96d3a451ee1db44
71.69787621498108,71.69793028000004,1789785116.2253633,0.052452087,20.012617111206055,2982.857666015625,1760.033935546875,b96d3a451601dc44
71.71786427497864,71.71791957799996,1789785116.2453513,0.05364418,19.988059997558594,2982.857422,1761.009033203125,b86d3a454a20dc44
71.73787641525269,71.73793406000004,1789785116.2653635,0.056028366,20.01214027404785,2988.571777,1762.008056640625,26c93a454240dc44
71.75786042,71.75792363500022,1789785116.2853475,0.061511993408203125,19.984006881713867,2988.571777,1763.0069580078125,26c93a453960dc44
71.77783536911011,71.77788943199994,1789785116.3053224,0.052213669,19.974946975708008,2982.857666015625,1764.0059814453125,b96d3a453180dc44
71.79782891273499,71.79788185899997,1789785116.325316,0.051259995,19.99354362487793,2982.857422,1764.9810791015625,b86d3a45659fdc44
71.81786036491394,71.81792393400019,1789785116.3453474,0.061988831,20.031452178955078,2982.857422,1765.9801025390625,b86d3a455dbfdc44
71.83786106109619,71.83791463900025,1789785116.365348,0.051975250244140625,20.000696182250977,2982.857422,1766.979004,b86d3a4554dfdc44
71.85786199569702,71.85791508400007,1789785116.385349,0.051259995,20.000934600830078,2982.857422,1767.978027,b86d3a454cffdc44
71.87781977653503,71.87787297400018,1789785116.4053068,0.051498413,19.957780838012695,2982.857422,1768.953125,b86d3a45801edd44
71.89787459373474,71.89792786299995,1789785116.4253616,0.051736832,20.05481719970703,2982.857422,1769.952148,b86d3a45783edd44
71.91786980628967,71.91792240099994,1789785116.4453568,0.050783157,19.99521255493164,2982.857422,1770.9510498046875,b86d3a456f5edd44
71.93787860870361,71.93792766200022,1789785116.4653656,0.047445297,20.00880241394043,2982.857422,1771.9500732421875,b86d3a45677edd44
71.95781636238098,71.95787238499997,1789785116.4853034,0.054359436,19.937753677368164,2982.857422,1772.9251708984375,b86d3a459b9ddd44
71.97782444953918,71.97787810800037,1789785116.5053115,0.051975250244140625,20.008087158203125,2982.857422,1773.9241943359375,b86d3a4593bddd44
71.99782133102417,71.99787425700015,1789785116.5253084,0.051259995,19.99688148498535,2977.143310546875,1774.923095703125,4b123a458adddd44
72.01793003082275,72.01859916600006,1789785116.545417,0.6682872772216797,20.108699798583984,2982.857422,1775.922119140625,b86d3a4582fddd44
72.03781628608704,72.03788149900038,1789785116.5653033,0.063419342,19.886255264282227,2982.857422,1776.992431640625,b86d3a45c21fde44
72.05782294273376,72.05787357400004,1789785117,0.049114227294921875,20.006656646728516,3011.428711,1778.062744140625,dc363c450242de44
72.07795572280884,72.07799409400013,1789785116.6054428,0.036716461181640625,20.132780075073242,3040,1779.1568603515625,00003e450565de44
72.09785914421082,72.09789937200003,1789785116.6253462,0.038623809814453125,19.90342140197754,3040,1780.2271728515625,00003e454587de44
72.11789608001709,72.11795709600028,1789785116.6453831,0.059366226,20.036935806274414,3068.571533203125,1781.2974853515625,25c93f4585a9de44
72.13789391517639,72.13793070800011,1789785116.665381,0.035047531,19.997835159301758,3068.571533203125,1782.3914794921875,25c93f4587ccde44
72.15782260894775,72.15786639299995,1789785116.6853096,0.04196167,19.928693771362305,3102.857422,1783.4617919921875,b8ed4145c7eede44
72.17785406112671,72.17789098699996,1789785116.705341,0.035047531,20.031452178955078,3137.143066,1784.555908203125,4a124445ca11df44
72.19785404205322,72.19793091400015,1789785116.725341,0.075340271,19.999980926513672,3137.143066,1785.626220703125,4a1244450a34df44
72.21781420707703,72.21785548900016,1789785116.7453012,0.039577484130859375,19.96016502380371,3171.428711,1786.696533203125,dc3646454a56df44
72.23785305023193,72.23788980500012,1789785117,0.035047531,20.038843154907227,3205.714355,1787.7906494140625,6e5b48454d79df44
72.25785374641418,72.25789055,1789785116.7853408,0.03528595,20.000696182250977,3205.714355,1788.8609619140625,6e5b48458d9bdf44
72.27785921096802,72.27795073200014,1789785116.8053463,0.089883804,20.005464553833008,3234.285888671875,1789.955078,93244a4590bedf44
72.29784965515137,72.29788591800025,1789785116.8253367,0.034809112548828125,19.99044418334961,3240.000244140625,1791.025391,01804a45d0e0df44
72.31785440444946,72.31789275300025,1789785116.8453414,0.036716461181640625,20.004749298095703,3240.000244140625,1792.1195068359375,01804a45d303e044
72.33787512779236,72.33791527200037,1789785116.8653622,0.038623809814453125,20.020723342895508,3251.428711,1793.213623046875,dc364b45d626e044
72.35785293579102,72.35789110600035,1789785117,0.036478043,19.977807998657227,3251.428711,1794.283935546875,dc364b451649e044
72.37786245,72.37789923700029,1789785116.9053495,0.03528595,20.009517669677734,3251.428711,1795.354248046875,dc364b45566be044
72.39782929420471,72.39787260799994,1789785116.9253163,0.041723251,19.966840744018555,3251.428711,1796.4483642578125,dc364b45598ee044
72.41788482666016,72.41798097900028,1789785116.9453719,0.094413757,20.055532455444336,3251.428711,1797.5423583984375,dc364b455bb1e044
72.43785524368286,72.43789418400002,1789785116.9653423,0.037193298,19.970417022705078,3251.428711,1798.636474609375,dc364b455ed4e044
72.45785450935364,72.45789357400008,1789785116.9853415,0.037193298,19.999265670776367,3251.428711,1799.706787109375,dc364b459ef6e044
72.47785282,72.47788964900019,1789785117.0053399,0.035047531,19.99831199645996,3251.428711,1800.8009033203125,dc364b45a119e144
72.49780893325806,72.49784550100003,1789785117.025296,0.035047531,19.956111907958984,3257.143066,1801.8712158203125,4a924b45e13be144
72.51785135269165,72.51790144699999,1789785117.0453384,0.04863739,20.04241943359375,3257.143066,1802.965332,4a924b45e45ee144
72.53786110877991,72.53790057700007,1789785117.0653481,0.037908554,20.009756088256836,3257.143066,1804.0594482421875,4a924b45e781e144
72.55781126022339,72.55785005899997,1789785117.0852983,0.03695488,19.950151443481445,3257.143066,1805.1297607421875,4a924b4527a4e144
72.57786083221436,72.57791046800003,1789785117.1053479,0.048160552978515625,20.049571990966797,3251.428711,1806.223876953125,dc364b452ac7e144
72.59781265258789,72.59785252400025,1789785117.1252997,0.038146973,19.951820373535156,3251.428711,1807.294189453125,dc364b456ae9e144
72.61789131164551,72.61793041400006,1789785117.1453784,0.037431717,20.078659057617188,3257.143066,1808.388184,4a924b456c0ce244
72.63785767555237,72.63789408,1789785117.1653447,0.034809112548828125,19.96636390686035,3257.143066,1809.4822998046875,4a924b456f2fe244
72.65780925750732,72.65784843400024,1789785117.1852963,0.037431717,19.951581954956055,3257.143066,1810.5526123046875,4a924b45af51e244
72.67780947685242,72.67784680600016,1789785117.2052965,0.035762786865234375,20.000219345092773,3257.143066,1811.646728515625,4a924b45b274e244
72.69780611991882,72.69784139900003,1789785117.2252932,0.03361702,19.99664306640625,3257.143066,1812.717041015625,4a924b45f296e244
72.71784639,72.71788307,1789785117.2453334,0.035047531,20.040273666381836,3262.857422,1813.8111572265625,b8ed4b45f5b9e244
72.73785853385925,72.73789454899998,1789785117.2653456,0.034332275,20.01214027404785,3257.143066,1814.905273,4a924b45f8dce244
72.75780868530273,72.75784506800028,1789785117.2852957,0.034809112548828125,19.950151443481445,3257.143066,1815.975586,4a924b4538ffe244
72.77780842781067,72.77785606900034,1789785117.3052955,0.046014786,19.99974250793457,3257.143066,1817.0697021484375,4a924b453b22e344
72.79785561561584,72.79789481100033,1789785117.3253427,0.037431717,20.04718780517578,3262.857422,1818.1400146484375,b8ed4b457b44e344
72.81784796714783,72.81789012700028,1789785117.345335,0.040531158447265625,19.992351531982422,3262.857422,1819.234130859375,b8ed4b457e67e344
72.83784723,72.83788327599996,1789785117.3653343,0.034332275,19.999265670776367,3262.857422,1820.328125,b8ed4b45808ae344
72.85785293579102,72.85788920300001,1789785117,0.034570694,20.00570297241211,3257.143066,1821.398438,4a924b45c0ace344
72.87784767150879,72.87788283300006,1789785117.4053347,0.03361702,19.994735717773438,3257.143066,1822.4925537109375,4a924b45c3cfe344
72.89785289764404,72.89789677800036,1789785117,0.042200089,20.005226135253906,3257.143066,1823.586669921875,4a924b45c6f2e344
72.91784310340881,72.91788211300036,1789785117.4453301,0.037431717,19.990205764770508,3257.143066,1824.656982421875,4a924b450615e444
72.93785572052002,72.93789232,1789785117.4653428,0.035047531,20.012617111206055,3262.857422,1825.7510986328125,b8ed4b450938e444
72.95784425735474,72.95788257699996,1789785117.4853313,0.036716461181640625,19.988536834716797,3257.143066,1826.8214111328125,4a924b45495ae444
72.97788453102112,72.97792120800023,1789785117.5053716,0.034809112548828125,20.040273666381836,3257.143066,1827.915527,4a924b454c7de444
72.99788594,72.99792150500025,1789785117.525373,0.034093857,20.00141143798828,3257.143066,1829.0096435546875,4a924b454fa0e444
73.01787686347961,73.01791936,1789785117.545364,0.040769577,19.990921020507812,3257.143066,1830.0799560546875,4a924b458fc2e444
73.03780126571655,73.03784065500031,1789785117.5652883,0.037670135498046875,19.924402236938477,3257.143066,1831.1739501953125,4a924b4591e5e444
73.05780363082886,73.05784228500033,1789785117.5852907,0.03695488,20.002365112304688,3257.143066,1832.2442626953125,4a924b45d107e544
73.07780313491821,73.07784252700003,1789785117.6052902,0.037670135498046875,19.99950408935547,3257.143066,1833.338379,4a924b45d42ae544
73.09780049324036,73.09783943499997,1789785117.6252875,0.037193298,19.997358322143555,3257.143066,1834.4324951171875,4a924b45d74de544
73.11779546737671,73.11783336200006,1789785117.6452825,0.036239624,19.99497413635254,3257.143066,1835.5028076171875,4a924b451770e544
73.13783431053162,73.13787062200026,1789785117.6653214,0.034570694,20.038843154907227,3257.143066,1836.596923828125,4a924b451a93e544
73.15784811973572,73.15788714200016,1789785117.6853352,0.037193298,20.013809204101562,3257.143066,1837.6910400390625,4a924b451db6e544
73.17779421806335,73.17783121699995,1789785117.7052813,0.03528595,19.94609832763672,3257.143066,1838.7613525390625,4a924b455dd8e544
73.19787359237671,73.19791666200035,1789785117.7253606,0.041484832763671875,20.079374313354492,3257.143066,1839.855469,4a924b4560fbe544
73.21787548065186,73.21791452,1789785117.7453625,0.037193298,20.001888275146484,3257.143066,1840.925781,4a924b45a01de644
73.23780179023743,73.23784084900035,1789785117.7652888,0.037431717,19.92630958557129,3257.143066,1842.019775390625,4a924b45a240e644
73.25782990455627,73.25786794300029,1789785117.785317,0.036239624,20.028114318847656,3257.143066,1843.090087890625,4a924b45e262e644
73.27785038948059,73.27795544400033,1789785117.8053374,0.10323524475097656,20.020484924316406,3257.143066,1844.1842041015625,4a924b45e585e644
73.29784584,73.29788696300011,1789785117.8253329,0.039577484130859375,19.995450973510742,3251.428711,1845.2545166015625,dc364b4525a8e644
73.31787157058716,73.31791157500038,1789785117.8453586,0.038385391,20.02573013305664,3251.428711,1846.348633,dc364b4528cbe644
73.33779382705688,73.33783248300006,1789785117.8652809,0.03695488,19.922256469726562,3257.143066,1847.418945,4a924b4568ede644
73.35779094696045,73.35783031700021,1789785117.885278,0.037908554,19.997119903564453,3251.428711,1848.5130615234375,dc364b456b10e744
73.37783217430115,73.37786959599998,1789785117.9053192,0.035762786865234375,20.041227340698242,3251.428711,1849.5833740234375,dc364b45ab32e744
73.39780926704407,73.39785991200006,1789785117.9252963,0.048875809,19.977092742919922,3257.143066,1850.677490234375,4a924b45ae55e744
73.41784215,73.41800333900028,1789785117.9453292,0.1595020294189453,20.032882690429688,3257.143066,1851.747802734375,4a924b45ee77e744
73.43783283233643,73.43789717300024,1789785117.9653199,0.062704086,19.99068260192871,3251.428711,1852.8419189453125,dc364b45f19ae744
73.45764946937561,73.45773204,1789785117.9851365,0.081062317,19.81663703918457,3251.428711,1853.9122314453125,dc364b4531bde744
73.47779250144958,73.47784706300035,1789785118.0052795,0.052928924560546875,20.14303207397461,3251.428711,1855.006348,dc364b4534e0e744
73.49783110618591,73.49789613800021,1789785118.0253181,0.063419342,20.038604736328125,3251.428711,1856.07666,dc364b457402e844
73.51783061027527,73.51788455,1789785118.0453176,0.052213669,19.99950408935547,3251.428711,1857.170654296875,dc364b457625e844
73.53779363632202,73.53784719600026,1789785118.0652807,0.051736832,19.96302604675293,3251.428711,1858.240966796875,dc364b45b647e844
73.55778694152832,73.55784067800005,1789785118.085274,0.052213669,19.993305206298828,3251.428711,1859.3350830078125,dc364b45b96ae844
73.57780766487122,73.57785603100001,1789785118.1052947,0.046730042,20.020723342895508,3245.714355,1860.4053955078125,6edb4a45f98ce844
73.59782910346985,73.59788425400029,1789785118.1253161,0.053405762,20.021438598632812,3245.714355,1861.499512,6edb4a45fcafe844
73.61786890029907,73.61793188499996,1789785118.145356,0.061273575,20.039796829223633,3251.428711,1862.569824,dc364b453cd2e844
73.63778853416443,73.63784462600006,1789785118.1652756,0.054359436,19.919633865356445,3251.428711,1863.640137,dc364b457cf4e844
73.6577878,73.65784136799994,1789785118.1852748,0.051975250244140625,19.999265670776367,3245.714355,1864.7342529296875,6edb4a457f17e944
73.67784739,73.67793999800006,1789785118.2053344,0.091075897,20.059585571289062,3245.714355,1865.8045654296875,6edb4a45bf39e944
73.69781089,73.69785449900019,1789785118.225298,0.04196167,19.963502883911133,3245.714355,1866.898681640625,6edb4a45c25ce944
73.71786570549011,73.71793088899994,1789785118.2453527,0.063419342,20.05481719970703,3245.714355,1867.968994140625,6edb4a45027fe944
73.73779178,73.73784820500032,1789785118.2652788,0.054597855,19.926071166992188,3245.714355,1869.0631103515625,6edb4a4505a2e944
73.75778937339783,73.75784357600014,1789785118.2852764,0.052452087,19.997596740722656,3245.714355,1870.1334228515625,6edb4a4545c4e944
73.77783298492432,73.77788716900022,1789785118,0.052690506,20.043611526489258,3245.714355,1871.2274169921875,6edb4a4547e7e944
73.79778385162354,73.79783722599996,1789785118.325271,0.051498413,19.95086669921875,3245.714355,1872.2977294921875,6edb4a458709ea44
73.81787943840027,73.81794778200037,1789785118.3453665,0.066518784,20.09558678,3245.714355,1873.3680419921875,6edb4a45c72bea44
73.83782267570496,73.83787845000006,1789785118.3653097,0.053882598876953125,19.9432373,3245.714355,1874.462158203125,6edb4a45ca4eea44
73.85783910751343,73.85789422900007,1789785118.3853261,0.053405762,20.01643180847168,3245.714355,1875.5562744140625,6edb4a45cd71ea44
73.87778615951538,73.87784693,1789785118.4052732,0.059127808,19.947052001953125,3245.714355,1876.6265869140625,6edb4a450d94ea44
73.89782118797302,73.89787710100018,1789785118.4253082,0.054121017,20.03502846,3245.714355,1877.6968994140625,6edb4a454db6ea44
73.91778540611267,73.91784143500035,1789785118.4452724,0.054359436,19.964218139648438,3245.714355,1878.791016,6edb4a4550d9ea44
73.93788504600525,73.93793854700016,1789785118.465372,0.051736832,20.099639892578125,3245.714355,1879.8851318359375,6edb4a4553fcea44
73.95786858,73.95793188100015,1789785118.4853556,0.061511993408203125,19.983530044555664,3245.714355,1880.9554443359375,6edb4a45931eeb44
73.97778964042664,73.97784903000002,1789785118.5052767,0.057697296142578125,19.921064376831055,3245.714355,1882.0257568359375,6edb4a45d340eb44
73.99782705307007,73.99788240099997,1789785118.525314,0.05364418,20.037412643432617,3251.428711,1883.119873046875,dc364b45d663eb44
74.01777863502502,74.01783323600011,1789785118.5452657,0.052928924560546875,19.951581954956055,3251.428711,1884.190185546875,dc364b451686eb44
74.03778553009033,74.03784133,1789785118.5652726,0.054359436,20.006895065307617,3251.428711,1885.2843017578125,dc364b4519a9eb44
74.05782389640808,74.05787469999996,1789785118.585311,0.049114227294921875,20.038366317749023,3251.428711,1886.3782958984375,dc364b451bcceb44
74.07786321640015,74.07793605300003,1789785118.6053503,0.071287155,20.03931999206543,3251.428711,1887.4486083984375,dc364b455beeeb44
74.09786820411682,74.09793424,1789785118.6253552,0.064611435,20.004987716674805,3251.428711,1888.5189208984375,dc364b459b10ec44
74.11782050132751,74.11788381400038,1789785118.6453075,0.061511993408203125,19.95229721069336,3251.428711,1889.613037109375,dc364b459e33ec44
74.13778471946716,74.13784055600036,1789785118.6652718,0.054121017,19.964218139648438,3251.428711,1890.683349609375,dc364b45de55ec44
74.15785908699036,74.15792556,1789785118.6853461,0.064849854,20.07436752319336,3251.428711,1891.7774658203125,dc364b45e178ec44
74.17787218093872,74.17793715000016,1789785118.7053592,0.063419342,20.013093948364258,3251.428711,1892.871582,dc364b45e49bec44
74.19785952568054,74.19798881800034,1789785118.7253466,0.1277923583984375,19.98734474182129,3251.428711,1893.941895,dc364b4524beec44
74.21785784,74.21792344799996,1789785118.7453449,0.063896179,19.99831199645996,3251.428711,1895.0360107421875,dc364b4527e1ec44
74.23785948753357,74.23792496800024,1789785118.7653465,0.063657761,20.001649856567383,3245.714355,1896.1063232421875,6edb4a456703ed44
74.25785756111145,74.25792094999997,1789785118.7853446,0.061750412,19.99807357788086,3245.714355,1897.200439453125,6edb4a456a26ed44
74.27782249450684,74.27789015500002,1789785118.8053095,0.066041946,19.964933395385742,3245.714355,1898.270751953125,6edb4a45aa48ed44
74.29786539077759,74.29792806,1789785118.8253524,0.061035156,20.042896270751953,3251.428711,1899.364746,dc364b45ac6bed44
74.31787300109863,74.31793643400033,1789785119,0.061988831,20.007610321044922,3251.428711,1900.435059,dc364b45ec8ded44
74.33792424201965,74.33798763899995,1789785118.8654113,0.061750412,20.051240921020508,3251.428711,1901.5291748046875,dc364b45efb0ed44
74.35797619819641,74.35803841799998,1789785118.8854632,0.060558319091796875,20.051956176757812,3251.428711,1902.5994873046875,dc364b452fd3ed44
74.37782597541809,74.37788033,1789785118.905313,0.052690506,19.849777221679688,3251.428711,1903.693603515625,dc364b4532f6ed44
74.39797902107239,74.39804388300035,1789785118.925466,0.063180923,20.153045654296875,3251.428711,1904.7877197265625,dc364b453519ee44
74.41781067848206,74.41786423500025,1789785118.9452977,0.051975250244140625,19.83165740966797,3251.428711,1905.8580322265625,dc364b45753bee44
74.43785190582275,74.43795866200026,1789785118.965339,0.10514259338378906,20.041227340698242,3257.143066,1906.952148,4a924b45785eee44
74.45781946182251,74.45793981099996,1789785118.9853065,0.11873245239257812,19.96755599975586,3257.143066,1908.0462646484375,4a924b457b81ee44
74.47777795791626,74.47783164500015,1789785119.005265,0.052213669,19.95849609,3257.143066,1909.1165771484375,4a924b45bba3ee44
74.49777340888977,74.49786431300026,1789785119.0252604,0.089645386,19.995450973510742,3257.143066,1910.210693359375,4a924b45bec6ee44
74.51785541,74.51789847999999,1789785119.0453424,0.041484832763671875,20.08199691772461,3262.857422,1911.304688,b8ed4b45c0e9ee44
74.53777671,74.53781843,1789785119.0652637,0.040054321,19.921302795410156,3262.857422,1912.375,b8ed4b45000cef44
74.55785155296326,74.55789307500027,1789785119.0853386,0.040054321,20.074844360351562,3257.143066,1913.4691162109375,4a924b45032fef44
74.57782841,74.57787303800023,1789785119.1053154,0.042915344,19.97685432434082,3257.143066,1914.563232421875,4a924b450652ef44
74.59781455993652,74.59785613200029,1789785119.1253016,0.039815903,19.98615264892578,3257.143066,1915.633544921875,4a924b454674ef44
74.61783027648926,74.61790172500014,1789785119.1453173,0.069618225,20.015716552734375,3262.857422,1916.7276611328125,b8ed4b454997ef44
74.63780760765076,74.63784580000038,1789785119.1652946,0.036478043,19.977331161499023,3262.857422,1917.7979736328125,b8ed4b4589b9ef44
74.65781903266907,74.65785961600022,1789785119.185306,0.038862228,20.011425018310547,3262.857422,1918.89209,b8ed4b458cdcef44
74.67780494689941,74.67787965400021,1789785119.205292,0.072956085,19.98591423034668,3257.143066,1919.9862060546875,4a924b458fffef44
74.69782757759094,74.69790547000002,1789785119.2253146,0.076293945,20.02263069152832,3257.143066,1921.0802001953125,4a924b459122f044
74.71780539,74.71784584100033,1789785119.2452924,0.038862228,19.977807998657227,3262.857422,1922.1505126953125,b8ed4b45d144f044
74.73777389526367,74.73781500800033,1789785119.265261,0.039577484130859375,19.968509674072266,3262.857422,1923.244629,b8ed4b45d467f044
74.75780844688416,74.75784965799994,1789785119.2852955,0.039577484130859375,20.03455162,3262.857422,1924.314941,b8ed4b45148af044
74.77781534194946,74.77785629,1789785119.3053024,0.039339066,20.006895065307617,3257.143066,1925.4090576171875,4a924b4517adf044
74.79781293869019,74.7978552,1789785119,0.040769577,19.997596740722656,3262.857422,1926.503173828125,b8ed4b451ad0f044
74.81784915924072,74.81789071599997,1789785119.3453362,0.040054321,20.03622055053711,3262.857422,1927.573486328125,b8ed4b455af2f044
74.83780765533447,74.83784956800037,1789785119.3652947,0.04029274,19.95849609,3262.857422,1928.6676025390625,b8ed4b455d15f144
74.85780763626099,74.85784749499999,1789785119.3852947,0.038385391,19.999980926513672,3257.143066,1929.761719,4a924b456038f144
74.87780570983887,74.87784601500016,1789785119.4052927,0.038623809814453125,19.99807357788086,3257.143066,1930.832031,4a924b45a05af144
74.89776420593262,74.89780684900006,1789785119.4252512,0.041007996,19.95849609,3262.857422,1931.9261474609375,b8ed4b45a37df144
74.91784691810608,74.91788733,1789785119.445334,0.038623809814453125,20.082712173461914,3262.857422,1933.0201416015625,b8ed4b45a5a0f144
74.93776655197144,74.93780768400029,1789785119.4652536,0.039577484130859375,19.919633865356445,3262.857422,1934.0904541015625,b8ed4b45e5c2f144
74.95784640312195,74.95788700000003,1789785119.4853334,0.038862228,20.079851150512695,3257.143066,1935.18457,4a924b45e8e5f144
74.97777485847473,74.97781500100018,1789785119.505262,0.038623809814453125,19.928455352783203,3257.143066,1936.2786865234375,4a924b45eb08f244
74.99781012535095,74.99785167,1789785119.5252972,0.039815903,20.035266876220703,3262.857422,1937.3489990234375,b8ed4b452b2bf244
75.01783227920532,75.01787161400034,1789785119.5453193,0.037670135498046875,20.022153854370117,3268.571777,1938.443115234375,26494c452e4ef244
75.03781414031982,75.03785730000027,1789785119.5653012,0.041484832763671875,19.981861114501953,3268.571777,1939.5372314453125,26494c453171f244
75.05776429,75.05780896700026,1789785119.5852513,0.042915344,19.950151443481445,3262.857422,1940.631348,b8ed4b453494f244
75.07781553268433,75.07785715299997,1789785119.6053026,0.039815903,20.051240921020508,3262.857422,1941.70166,b8ed4b4574b6f244
75.09776115,75.09780284,1789785119.6252482,0.040054321,19.945621490478516,3262.857422,1942.795654296875,b8ed4b4576d9f244
75.11780405044556,75.11784459900036,1789785119.645291,0.039100647,20.042896270751953,3268.571777,1943.8897705078125,26494c4579fcf244
75.13783359527588,75.13787425,1789785119.6653206,0.038862228,20.029544830322266,3268.571777,1944.9600830078125,26494c45b91ef344
75.15776252746582,75.15780289700024,1789785119.6852496,0.038623809814453125,19.928932189941406,3262.857422,1946.054199,b8ed4b45bc41f344
75.17762684822083,75.17768563900017,1789785119.705114,0.057220459,19.864320755004883,3262.857422,1947.1483154296875,b8ed4b45bf64f344
75.19780445098877,75.19784569600006,1789785119.7252915,0.039815903,20.177602767944336,3262.857422,1948.2186279296875,b8ed4b45ff86f344
75.21784210205078,75.21788317800019,1789785119.7453291,0.039339066,20.03765106201172,3268.571777,1949.312744140625,26494c4502aaf344
75.23783564567566,75.23787664200017,1789785119.7653227,0.039339066,19.99354362487793,3262.857422,1950.4068603515625,b8ed4b4505cdf344
75.25779342651367,75.25789775400017,1789785119.7852805,0.10275840759277344,19.957780838012695,3262.857422,1951.4771728515625,b8ed4b4545eff344
75.27779483795166,75.27783169900022,1789785119.8052819,0.03528595,20.00141143798828,3257.143066,1952.5711669921875,4a924b454712f444
75.29775524139404,75.29791270000032,1789785119.8252423,0.1556873321533203,19.960403442382812,3257.143066,1953.6414794921875,4a924b458734f444
75.31783390045166,75.31787497899995,1789785119.845321,0.039339066,20.078659057617188,3257.143066,1954.735595703125,4a924b458a57f444
75.33784770965576,75.33788798000023,1789785119.8653347,0.038623809814453125,20.013809204101562,3257.143066,1955.805908203125,4a924b45ca79f444
75.35781168937683,75.35785231399996,1789785119.8852987,0.038862228,19.963979721069336,3257.143066,1956.9000244140625,4a924b45cd9cf444
75.37783718109131,75.37787901900037,1789785119.9053242,0.04029274,20.02549171447754,3257.143066,1957.994141,4a924b45d0bff444
75.39777278900146,75.39781644499999,1789785119.9252598,0.04196167,19.93560791015625,3257.143066,1959.064453,4a924b4510e2f444
75.41781115531921,75.41785331700021,1789785119.9452982,0.040531158447265625,20.038366317749023,3257.143066,1960.1585693359375,4a924b451305f544
75.43776774406433,75.43782905800026,1789785119.9652548,0.059843063,19.956588745117188,3257.143066,1961.2288818359375,4a924b455327f544
75.45774841308594,75.45779315200025,1789785119.9852355,0.042915344,19.980669021606445,3251.428711,1962.322998046875,dc364b45564af544
75.47782492637634,75.47802265300015,1789785120.005312,0.19621849060058594,20.076513290405273,3251.428711,1963.393310546875,dc364b45966cf544
75.49782156944275,75.49785233900002,1789785120.0253086,0.029087066650390625,19.99664306640625,3251.428711,1964.4874267578125,dc364b45998ff544
75.51783347129822,75.51787484000033,1789785120.0453205,0.039577484130859375,20.01190185546875,3251.428711,1965.5577392578125,dc364b45d9b1f544
75.53778934,75.53783054400037,1789785120.0652764,0.039339066,19.955873489379883,3251.428711,1966.6517333984375,dc364b45dbd4f544
75.55780315,75.55784386000005,1789785120.0852902,0.039100647,20.013809204101562,3257.143066,1967.745849609375,4a924b45def7f544
75.57778811454773,75.57784169,1789785120.1052752,0.051975250244140625,19.984960556030273,3257.143066,1968.816162109375,4a924b451e1af644
75.59775376319885,75.59779334300038,1789785120.1252408,0.037908554,19.965648651123047,3257.143066,1969.886474609375,4a924b455e3cf644
75.61778473854065,75.61794810300034,1789785120.1452718,0.16188621520996094,20.030975341796875,3251.428711,1970.9805908203125,dc364b45615ff644
75.63778948783875,75.63782951200028,1789785120.1652765,0.038623809814453125,20.004749298095703,3251.428711,1972.0509033203125,dc364b45a181f644
75.65779018,75.65783264200036,1789785120.1852772,0.041007996,20.000696182250977,3251.428711,1973.14502,dc364b45a4a4f644
75.67782878875732,75.67791336500022,1789785120.2053158,0.082969666,20.038604736328125,3251.428711,1974.215332,dc364b45e4c6f644
75.69775080680847,75.69779121800002,1789785120.2252378,0.038862228,19.92201805114746,3251.428711,1975.3094482421875,dc364b45e7e9f644
75.71783089637756,75.71787220000033,1789785120.245318,0.039577484130859375,20.080089569091797,3251.428711,1976.3797607421875,dc364b45270cf744
75.73775887489319,75.73780083100019,1789785120.265246,0.04029274,19.92797852,3251.428711,1977.473876953125,dc364b452a2ff744
75.75780487060547,75.7578472,1789785120.285292,0.040531158447265625,20.045995712280273,3251.428711,1978.544189453125,dc364b456a51f744
75.77775239944458,75.77779374,1789785120.3052394,0.039815903,19.947528839111328,3251.428711,1979.638184,dc364b456c74f744
75.79774379730225,75.79778361100034,1789785120.3252308,0.038146973,19.991397857666016,3245.714355,1980.708496,6edb4a45ac96f744
75.81782531738281,75.81786808,1789785120.3453124,0.041007996,20.081520080566406,3245.714355,1981.8026123046875,6edb4a45afb9f744
75.83782863616943,75.83787013200026,1789785120.3653157,0.039815903,20.003318786621094,3245.714355,1982.8729248046875,6edb4a45efdbf744
75.85778665542603,75.85782741000003,1789785120.3852737,0.039100647,19.958019256591797,3251.428711,1983.967041015625,dc364b45f2fef744
75.87782335281372,75.87786167000013,1789785120.4053104,0.036716461181640625,20.036697387695312,3251.428711,1985.037353515625,dc364b453221f844
75.89774918556213,75.8977915,1789785120.4252362,0.040769577,19.925832748413086,3251.428711,1986.1314697265625,dc364b453544f844
75.91778326034546,75.91782337600034,1789785120.4452703,0.038623809814453125,20.034074783325195,3251.428711,1987.2017822265625,dc364b457566f844
75.93782544136047,75.93789078400005,1789785120.4653125,0.063657761,20.04218101501465,3251.428711,1988.295898,dc364b457889f844
75.95782470703125,75.95786574800013,1789785120.4853117,0.039339066,19.999265670776367,3251.428711,1989.366211,dc364b45b8abf844
75.97778868675232,75.97782737800026,1789785120.5052757,0.03695488,19.963979721069336,3251.428711,1990.4603271484375,dc364b45bbcef844
75.99775671958923,75.99779850899995,1789785120.5252438,0.040054321,19.968032836914062,3251.428711,1991.5306396484375,dc364b45fbf0f844
76.01782274246216,76.01786497300009,1789785120.5453098,0.040531158447265625,20.066022872924805,3251.428711,1992.624755859375,dc364b45fe13f944
76.03783178329468,76.03787273300031,1789785120.5653188,0.039339066,20.00904083251953,3251.428711,1993.71875,dc364b450037f944
76.05778169631958,76.05782332700028,1789785120.5852687,0.040054321,19.949913024902344,3251.428711,1994.789063,dc364b454059f944
76.07779169082642,76.07783073500013,1789785120.6052787,0.037431717,20.009994506835938,3257.143066,1995.8831787109375,4a924b45437cf944
76.09781670570374,76.09785706900038,1789785120.6253037,0.038623809814453125,20.025014877319336,3257.143066,1996.9534912109375,4a924b45839ef944
76.11782050132751,76.11786134800013,1789785120.6453075,0.039339066,20.003795623779297,3251.428711,1998.047607421875,dc364b4586c1f944
76.13778114318848,76.13782083000024,1789785120.6652682,0.037908554,19.960641860961914,3251.428711,1999.117919921875,dc364b45c6e3f944
76.15774250030518,76.15778322000006,1789785120.6852295,0.039100647,19.96135711669922,3251.428711,2000.2120361328125,dc364b45c906fa44
76.17777895927429,76.17781852,1789785120.705266,0.037908554,20.03645896911621,3251.428711,2001.2823486328125,dc364b450929fa44
76.19778227806091,76.19787235100011,1789785120.7252693,0.088453293,20.003318786621094,3251.428711,2002.376465,dc364b450c4cfa44
76.21788549423218,76.21796516700033,1789785120.7453725,0.077962875,20.10321617126465,3251.428711,2003.4705810546875,dc364b450f6ffa44
76.23777699,76.23781907500006,1789785120.765264,0.040531158447265625,19.89150047302246,3251.428711,2004.5408935546875,dc364b454f91fa44
76.25774359703064,76.25778522400014,1789785120.7852306,0.039815903,19.966602325439453,3251.428711,2005.6348876953125,dc364b4551b4fa44
76.27778148651123,76.27786939199996,1789785120.8052685,0.086307526,20.03788948059082,3257.143066,2006.7052001953125,4a924b4591d6fa44
76.29773712158203,76.29777463300024,1789785120.8252242,0.035762786865234375,19.95563507080078,3257.143066,2007.799316,4a924b4594f9fa44
76.31779026985168,76.31783222700005,1789785120.8452773,0.04029274,20.05314826965332,3257.143066,2008.8934326171875,4a924b45971cfb44
76.33777499198914,76.33781733900014,1789785120.865262,0.040769577,19.984722137451172,3251.428711,2009.9637451171875,dc364b45d73efb44
76.35774040222168,76.35778206,1789785120.8852274,0.040054321,19.965410232543945,3251.428711,2011.057861328125,dc364b45da61fb44
76.37774157524109,76.37778258100025,1789785120.9052286,0.039339066,20.00117301940918,3251.428711,2012.128173828125,dc364b451a84fb44
76.39775395393372,76.39780223000025,1789785120.925241,0.046730042,20.012378692626953,3257.143066,2013.2222900390625,4a924b451da7fb44
76.41781854629517,76.41785969400007,1789785120.9453056,0.039339066,20.064592361450195,3257.143066,2014.316406,4a924b4520cafb44
76.43777203559875,76.43781001000025,1789785120.965259,0.036239624,19.953489303588867,3257.143066,2015.386719,4a924b4560ecfb44
76.45773506164551,76.45777545500005,1789785120.985222,0.038623809814453125,19.96302604675293,3257.143066,2016.4808349609375,4a924b45630ffc44
76.47777366638184,76.47781430800023,1789785121.0052607,0.039100647,20.038604736328125,3257.143066,2017.5511474609375,4a924b45a331fc44
76.49773740768433,76.49777921600025,1789785121.0252244,0.04029274,19.963741302490234,3262.857422,2018.6451416015625,b8ed4b45a554fc44
76.51781439781189,76.51785569899994,1789785121.0453014,0.039815903,20.076990127563477,3257.143066,2019.739258,4a924b45a877fc44
76.53778529167175,76.53782544000023,1789785121.0652723,0.038385391,19.97089385986328,3257.143066,2020.80957,4a924b45e899fc44
76.55781030654907,76.55784844100026,1789785121.0852973,0.036478043,20.025014877319336,3257.143066,2021.9036865234375,4a924b45ebbcfc44
76.57777070999146,76.57781116,1789785121.1052577,0.038862228,19.960403442382812,3262.857422,2022.997802734375,b8ed4b45eedffc44
76.59774494171143,76.59778657300012,1789785121.125232,0.040054321,19.974231719970703,3262.857422,2024.068115234375,b8ed4b452e02fd44
76.61777257919312,76.61781470300002,1789785121.1452596,0.04029274,20.027637481689453,3262.857422,2025.1622314453125,b8ed4b453125fd44
76.63776946,76.63781214900018,1789785121.1652565,0.041246414,19.99688148498535,3262.857422,2026.256348,b8ed4b453448fd44
76.65777564048767,76.65781459400023,1789785121.1852627,0.037193298,20.006179809570312,3257.143066,2027.32666,4a924b45746afd44
76.67778563,76.67784598400021,1789785121.2052727,0.058889389,20.009994506835938,3262.857422,2028.420654296875,b8ed4b45768dfd44
76.69782233,76.69786263300011,1789785121.2253094,0.038623809814453125,20.036697387695312,3262.857422,2029.5147705078125,b8ed4b4579b0fd44
76.71781253814697,76.71785328,1789785121.2452996,0.039100647,19.990205764770508,3262.857422,2030.5850830078125,b8ed4b45b9d2fd44
76.73773336410522,76.73777439,1789785121.2652204,0.039339066,19.920825958251953,3257.143066,2031.679199,4a924b45bcf5fd44
76.75781512260437,76.75785476500005,1789785121.2853022,0.037908554,20.081758499145508,3257.143066,2032.7733154296875,4a924b45bf18fe44
76.77777171134949,76.77781063600014,1789785121.3052588,0.037431717,19.956588745117188,3257.143066,2033.8436279296875,4a924b45ff3afe44
76.79780840873718,76.79784749,1789785121.3252954,0.037431717,20.036697387695312,3262.857422,2034.937744140625,b8ed4b45025efe44
76.81780958175659,76.81785324900011,1789785121.3452966,0.04196167,20.00117301940918,3262.857422,2036.0318603515625,b8ed4b450581fe44
76.83776998519897,76.83781054600013,1789785121.365257,0.038862228,19.960403442382812,3257.143066,2037.1021728515625,4a924b4545a3fe44
76.85780620574951,76.85784602900003,1789785121.3852932,0.038146973,20.03622055053711,3262.857422,2038.196289,b8ed4b4548c6fe44
76.87783265,76.87787162200038,1789785121.4053197,0.037431717,20.026445388793945,3262.857422,2039.290283203125,b8ed4b454ae9fe44
76.89776444,76.89780647500038,1789785121.4252515,0.04029274,19.931793212890625,3262.857422,2040.360595703125,b8ed4b458a0bff44
76.91780662536621,76.91784879100032,1789785121.4452937,0.040531158447265625,20.04218101501465,3262.857422,2041.4547119140625,b8ed4b458d2eff44
76.93787384033203,76.93791247700028,1789785121.4653609,0.037193298,20.067214965820312,3257.143066,2042.548828,4a924b459051ff44
76.95776510238647,76.95780410700036,1789785121.4852521,0.037431717,19.89126205444336,3262.857422,2043.619141,b8ed4b45d073ff44
76.97776365280151,76.97780288600006,1789785121.5052507,0.037431717,19.998550415039062,3262.857422,2044.7132568359375,b8ed4b45d396ff44
76.99780917167664,76.99784807200012,1789785121.5252962,0.037193298,20.04551887512207,3262.857422,2045.807373046875,b8ed4b45d6b9ff44
77.01776504516602,77.01780759100029,1789785121.545252,0.041007996,19.955873489379883,3268.571777,2046.877685546875,26494c4516dcff44
77.03780794143677,77.03784783300034,1789785121.565295,0.038385391,20.042896270751953,3268.571777,2047.9718017578125,26494c4519ffff44
77.05785846710205,77.05789703800019,1789785121.5853455,0.03695488,20.050525665283203,3262.857422,2049.065918,b8ed4b450e110045
77.07783126831055,77.07787056,1789785121.6053183,0.037670135498046875,19.972801208496094,3262.857422,2050.159912109375,b8ed4b458f220045
77.09786677360535,77.09790718800014,1789785121.6253538,0.038862228,20.035505294799805,3262.857422,2051.230224609375,b8ed4b45af330045
77.11780738830566,77.11784807699996,1789785121.6452944,0.039100647,19.940614700317383,3262.857422,2052.324462890625,b8ed4b4531450045
77.13790369033813,77.13794207900037,1789785121.6653907,0.036716461181640625,20.096302032470703,3262.857422,2053.418457,b8ed4b45b2560045
77.15786623954773,77.15790806099994,1789785121.6853533,0.040054321,19.962549209594727,3262.857422,2054.48877,b8ed4b45d2670045
77.17776370048523,77.17780262,1789785121.7052507,0.037193298,19.89746094,3262.857422,2055.582763671875,b8ed4b4553790045
77.19776916503906,77.19785334000017,1789785121.7252562,0.082492828,20.005464553833008,3262.857422,2056.677001953125,b8ed4b45d58a0045
77.21780562400818,77.21786515600024,1789785121.7452927,0.057935715,20.03645896911621,3262.857422,2057.747314453125,b8ed4b45f59b0045
77.23772335,77.23776460099998,1789785121.7652104,0.039577484130859375,19.917726516723633,3262.857422,2058.841309,b8ed4b4576ad0045
77.25781059265137,77.25785225000027,1789785121.7852976,0.040054321,20.087242126464844,3262.857422,2059.935547,b8ed4b45f8be0045
77.27778768539429,77.27786060300014,1789785121.8052747,0.071287155,19.977092742919922,3257.143066,2061.005859,4a924b4518d00045
77.29758882522583,77.29764556700002,1789785121.8250759,0.055074692,19.80113983154297,3262.857422,2062.076172,b8ed4b4538e10045
77.31758236885071,77.31764632700015,1789785121.8450694,0.062704086,19.99354362487793,3262.857422,2063.170166015625,b8ed4b45b9f20045
77.33772492408752,77.33776638300014,1789785121.865212,0.039815903,20.142555236816406,3262.857422,2064.264404296875,b8ed4b453b040145
77.35776138305664,77.35780362500009,1789785121.8852484,0.040531158447265625,20.03645896911621,3257.143066,2065.358398,4a924b45bc150145
77.37772011756897,77.37776149599995,1789785121.9052072,0.039815903,19.95873451,3257.143066,2066.428711,4a924b45dc260145
77.39773654937744,77.39777986800027,1789785121.9252236,0.041484832763671875,20.01643180847168,3262.857422,2067.522705078125,b8ed4b455d380145
77.41778254508972,77.41782618300022,1789785121.9452696,0.04196167,20.045995712280273,3262.857422,2068.593017578125,b8ed4b457d490145
77.43774986,77.43784675799998,1789785121.965237,0.095367432,19.967317581176758,3262.857422,2069.687255859375,b8ed4b45ff5a0145
77.45780897140503,77.45785116700017,1789785121.985296,0.040531158447265625,20.05910873413086,3257.143066,2070.78125,4a924b45806c0145
77.47758293151855,77.47764227800008,1789785122,0.057935715,19.77396011352539,3257.143066,2071.851563,4a924b45a07d0145
77.49775648117065,77.49779777899994,1789785122.0252435,0.039577484130859375,20.17354965209961,3257.143066,2072.945801,4a924b45228f0145
77.51777911186218,77.51783970600036,1789785122.0452662,0.058889389,20.02263069152832,3262.857422,2074.016113,b8ed4b4542a00145
77.53775238990784,77.53779218900036,1789785122.0652394,0.038385391,19.973278045654297,3262.857422,2075.110107421875,b8ed4b45c3b10145
77.55775618553162,77.55779742999994,1789785122.0852432,0.039577484130859375,20.003795623779297,3257.143066,2076.204102,4a924b4544c30145
77.57777285575867,77.57781406100003,1789785122,0.039577484130859375,20.01667022705078,3257.143066,2077.274414,4a924b4564d40145
77.59776782989502,77.59781191399998,1789785122.1252549,0.042438507080078125,19.99497413635254,3257.143066,2078.368652,4a924b45e6e50145
77.61777472496033,77.61781617400038,1789785122.1452618,0.039815903,20.006895065307617,3257.143066,2079.462646484375,4a924b4567f70145
77.63772678375244,77.63776889700011,1789785122.1652138,0.040531158447265625,19.952058792114258,3257.143066,2080.532958984375,4a924b4587080245
77.65776681900024,77.65780943500022,1789785122.1852539,0.041007996,20.040035247802734,3257.143066,2081.627197265625,4a924b45091a0245
77.67773914337158,77.67782567600034,1789785122.2052262,0.084877014,19.97232437133789,3257.143066,2082.697509765625,4a924b45292b0245
77.69778490066528,77.69782545500038,1789785122.225272,0.038862228,20.045757293701172,3257.143066,2083.791504,4a924b45aa3c0245
77.71775245666504,77.71779485,1789785122.2452395,0.040769577,19.96755599975586,3257.143066,2084.861816,4a924b45ca4d0245
77.73776030540466,77.73780204900004,1789785122.2652473,0.040054321,20.007848739624023,3257.143066,2085.956055,4a924b454c5f0245
77.75779175758362,77.75783342100021,1789785122.2852788,0.040054321,20.031452178955078,3257.143066,2087.050048828125,4a924b45cd700245
77.77775263786316,77.77779419900025,1789785122.3052397,0.039815903,19.960880279541016,3257.143066,2088.120361328125,4a924b45ed810245
77.79776072502136,77.79780171900029,1789785122.3252478,0.039339066,20.008087158203125,3257.143066,2089.214355,4a924b456e930245
77.81779003,77.81783144200017,1789785122.345277,0.039815903,20.029306411743164,3257.143066,2090.284668,4a924b458ea40245
77.83770489692688,77.83775199800039,1789785122.365192,0.045537949,19.914865493774414,3257.143066,2091.378906,4a924b4510b60245
77.85775042,77.85779046200014,1789785122.3852375,0.038385391,20.04551887512207,3257.143066,2092.449219,4a924b4530c70245
77.87774729728699,77.87778775900006,1789785122.4052343,0.038862228,19.99688148498535,3257.143066,2093.543212890625,4a924b45b1d80245
77.89785552024841,77.89789722,1789785122.4253426,0.040054321,20.10822296142578,3251.428711,2094.637451171875,dc364b4533ea0245
77.9177475,77.91778950200023,1789785122.4452345,0.04029274,19.891977310180664,3251.428711,2095.707763671875,dc364b4553fb0245
77.93778967857361,77.93783067000004,1789785122.4652767,0.039339066,20.04218101501465,3251.428711,2096.801758,dc364b45d40c0345
77.95778679847717,77.9578263,1789785122.4852738,0.037908554,19.997119903564453,3257.143066,2097.87207,4a924b45f41d0345
77.97757029533386,77.97762785600025,1789785122.5050573,0.056028366,19.783496856689453,3257.143066,2098.966309,4a924b45762f0345
77.99774527549744,77.99778570900025,1789785122.5252323,0.038623809814453125,20.17498016357422,3257.143066,2100.036621,4a924b4596400345
78.01787591,78.0183324,1789785122.545363,0.4546642303466797,20.130634307861328,3257.143066,2101.154297,4a924b4578520345
78.03777671,78.03792184,1789785122.5652637,0.14352798461914062,19.900798797607422,3257.143066,2102.296142578125,4a924b45bd640345
78.05775356292725,78.05779656,1789785122.5852406,0.041484832763671875,19.97685432434082,3280.000244140625,2103.461426,01004d4562770345
78.07770538330078,78.07775265700002,1789785122.6051924,0.045537949,19.951820373535156,3314.285888671875,2104.626953,93244f45088a0345
78.09774661064148,78.09778958400011,1789785122.6252337,0.041246414,20.041227340698242,3314.285888671875,2105.79248,93244f45ae9c0345
78.11774635314941,78.11778808500003,1789785122.6452334,0.04029274,19.99974250793457,3348.571533203125,2106.981689453125,25495145b5af0345
78.13774180412292,78.13778306700033,1789785122.6652288,0.039577484130859375,19.995450973510742,3348.571533203125,2108.147216796875,254951455bc20345
78.15775465965271,78.15779655000006,1789785122.6852417,0.04029274,20.012855529785156,3382.857177734375,2109.3125,b76d534500d50345
78.17778111,78.17782253199994,1789785122.7052681,0.039815903,20.026445388793945,3417.142822265625,2110.501708984375,4992554507e80345
78.19774150848389,78.19778236599996,1789785122.7252285,0.039100647,19.960403442382812,3417.142822265625,2111.667236328125,49925545adfa0345
78.21777963638306,78.21785236699998,1789785122.7452667,0.071287155,20.038127899169922,3445.714355,2112.832763671875,6e5b5745530d0445
78.23778391,78.23782735000032,1789785122.765271,0.041723251,20.00427246,3480,2114.021973,008059455a200445
78.25773716,78.25777825800014,1789785122.7852242,0.039339066,19.953250885009766,3480,2115.187255859375,00805945ff320445
78.27773928642273,78.27778136999996,1789785122.8052263,0.04029274,20.002126693725586,3508.571289,2116.352783203125,24495b45a5450445
78.29773712158203,78.29782518599995,1789785122.8252242,0.086307526,19.997835159301758,3519.999755859375,2117.518310546875,ffff5b454b580445
78.31778478622437,78.31782298300004,1789785122.8452718,0.036478043,20.047664642333984,3519.999755859375,2118.70752,ffff5b45526b0445
78.33777689933777,78.33781891000035,1789785122.865264,0.04029274,19.99211311340332,3519.999755859375,2119.873047,ffff5b45f87d0445
78.35777664,78.35782009600007,1789785122.8852637,0.04196167,19.99974250793457,3519.999755859375,2121.038330078125,ffff5b459d900445
78.37778949737549,78.37783044800017,1789785122.9052765,0.039339066,20.012855529785156,3519.999755859375,2122.227539,ffff5b45a4a30445
78.39775705337524,78.39780274600025,1789785122.925244,0.044107437,19.96755599975586,3519.999755859375,2123.393066,ffff5b454ab60445
78.41773271560669,78.41777254299996,1789785122.9452198,0.038146973,19.975662231445312,3519.999755859375,2124.558594,ffff5b45f0c80445
78.43778085708618,78.43788202500036,1789785122.965268,0.099420547,20.048141479492188,3519.999755859375,2125.747802734375,ffff5b45f7db0445
78.45774102210999,78.45778386,1789785122.985228,0.041246414,19.96016502380371,3519.999755859375,2126.913330078125,ffff5b459dee0445
78.47773504257202,78.47777665600006,1789785123.005222,0.040054321,19.994020462036133,3519.999755859375,2128.078613,ffff5b4542010545
78.49756169319153,78.49761067600002,1789785123.0250487,0.047445297,19.826650619506836,3519.999755859375,2129.267822265625,ffff5b4549140545
78.51774454116821,78.51778234300036,1789785123.0452316,0.036239624,20.18284797668457,3519.999755859375,2130.433349609375,ffff5b45ef260545
78.53770685195923,78.53775342,1789785123.065194,0.044822693,19.962310791015625,3519.999755859375,2131.622559,ffff5b45f6390545
78.55769228935242,78.55774327100016,1789785123.0851793,0.049114227294921875,19.985437393188477,3525.714111328125,2132.788086,6d5b5c459c4c0545
78.57778120040894,78.57782156800022,1789785123.1052682,0.038623809814453125,20.088911056518555,3525.714111328125,2133.953613,6d5b5c45425f0545
78.59769535064697,78.59774136500027,1789785123.1251824,0.044345855712890625,19.91415023803711,3525.714111328125,2135.142822265625,6d5b5c4549720545
78.61772561073303,78.61775914400005,1789785123.1452127,0.031709671,20.03026008605957,3525.714111328125,2136.308105,6d5b5c45ee840545
78.63770556,78.63775992299998,1789785123.1651926,0.052928924560546875,19.97995376586914,3525.714111328125,2137.473633,6d5b5c4594970545
78.65774393081665,78.65778592400011,1789785123.185231,0.04029274,20.038366317749023,3525.714111328125,2138.662841796875,6d5b5c459baa0545
78.67770028114319,78.67774486899998,1789785123.2051873,0.042915344,19.956350326538086,3525.714111328125,2139.828369140625,6d5b5c4541bd0545
78.69774913787842,78.69779287000028,1789785123.2252362,0.04196167,20.048856735229492,3525.714111328125,2141.017578,6d5b5c4548d00545
78.71772694587708,78.71776272,1789785123.245214,0.034093857,19.977807998657227,3525.714111328125,2142.183105,6d5b5c45eee20545
78.73775124549866,78.73778874200025,1789785123.2652383,0.035762786865234375,20.02429962158203,3531.428466796875,2143.372314453125,dbb65c45f5f50545
78.75768899917603,78.75773461300014,1789785123.285176,0.044107437,19.937753677368164,3531.428466796875,2144.537841796875,dbb65c459b080645
78.77773261070251,78.77777011,1789785123.3052197,0.035762786865234375,20.043611526489258,3531.428466796875,2145.703125,dbb65c45401b0645
78.79773449897766,78.79777085600017,1789785123.3252215,0.034570694,20.001888275146484,3525.714111328125,2146.892333984375,6d5b5c45472e0645
78.81773186,78.81776924600035,1789785123.345219,0.035762786865234375,19.997358322143555,3525.714111328125,2148.057861328125,6d5b5c45ed400645
78.83773040771484,78.83776774700027,1789785123.3652174,0.035762786865234375,19.998550415039062,3525.714111328125,2149.24707,6d5b5c45f4530645
78.85772943496704,78.85776556200017,1789785123.3852165,0.034332275,19.999027252197266,3531.428466796875,2150.412598,dbb65c459a660645
78.87773609161377,78.87777269300022,1789785123.4052231,0.034809112548828125,20.006656646728516,3531.428466796875,2151.601806640625,dbb65c45a1790645
78.89773774147034,78.89778037900032,1789785123.4252248,0.041246414,20.001649856567383,3531.428466796875,2152.767333984375,dbb65c45478c0645
78.91772961616516,78.91777015800017,1789785123.4452167,0.038862228,19.99187469482422,3531.428466796875,2153.932617,dbb65c45ec9e0645
78.93769121170044,78.93773404700005,1789785123.4651783,0.041007996,19.96159553527832,3531.428466796875,2155.121826171875,dbb65c45f3b10645
78.95768713951111,78.95772932599994,1789785123.4851742,0.040531158447265625,19.995927810668945,3531.428466796875,2156.287353515625,dbb65c4599c40645
78.97772932052612,78.97776722,1789785123.5052164,0.036239624,20.04218101501465,3531.428466796875,2157.452880859375,dbb65c453fd70645
78.99773097038269,78.99776727200015,1789785123.525218,0.034570694,20.001649856567383,3525.714111328125,2158.64209,6d5b5c4546ea0645
79.01772618293762,79.01776262500016,1789785123.5452132,0.034809112548828125,19.99521255493164,3531.428466796875,2159.807617,dbb65c45ecfc0645
79.03755831718445,79.03761731,1789785123.5650454,0.057458878,19.832134246826172,3531.428466796875,2160.996826171875,dbb65c45f30f0745
79.05772542953491,79.05776621900031,1789785123.5852125,0.039100647,20.167112350463867,3531.428466796875,2162.162109,dbb65c4598220745
79.07776975631714,79.07781027600004,1789785123.6052568,0.038862228,20.044326782226562,3531.428466796875,2163.351563,dbb65c45a0350745
79.09776449203491,79.09780444300031,1789785123.6252515,0.038146973,19.994735717773438,3531.428466796875,2164.516845703125,dbb65c4545480745
79.11776685714722,79.11780419,1789785123.645254,0.035524368,20.002365112304688,3525.714111328125,2165.682373046875,6d5b5c45eb5a0745
79.13772797584534,79.13776650099999,1789785123.665215,0.036716461181640625,19.961118698120117,3525.714111328125,2166.871582,6d5b5c45f26d0745
79.15772461891174,79.15776463100019,1789785123.6852117,0.038385391,19.99664306640625,3525.714111328125,2168.037109,6d5b5c4598800745
79.17776823043823,79.17780576199993,1789785123.7052553,0.035762786865234375,20.043611526489258,3531.428466796875,2169.226318359375,dbb65c459f930745
79.19769072532654,79.19773928099994,1789785123.7251778,0.04696846,19.922494888305664,3531.428466796875,2170.391602,dbb65c4544a60745
79.21774673461914,79.21789130100024,1789785123.7452338,0.1430511474609375,20.05600929260254,3531.428466796875,2171.581055,dbb65c454cb90745
79.23772931098938,79.23777176400017,1789785123.7652164,0.040769577,19.982576370239258,3531.428466796875,2172.746337890625,dbb65c45f1cb0745
79.25772476196289,79.25776333900012,1789785123.7852118,0.03695488,19.995450973510742,3531.428466796875,2173.911865234375,dbb65c4597de0745
79.27772903442383,79.27776565500017,1789785123.805216,0.035047531,20.00427246,3525.714111328125,2175.101074,6d5b5c459ef10745
79.29775738716125,79.29783615600036,1789785123.8252444,0.077009201,20.028352737426758,3525.714111328125,2176.266602,6d5b5c4544040845
79.31776404380798,79.31780219400025,1789785123.845251,0.036478043,20.006656646728516,3525.714111328125,2177.431884765625,6d5b5c45e9160845
79.33772206306458,79.33775945,1789785123.865209,0.035762786865234375,19.958019256591797,3531.428466796875,2178.621337890625,dbb65c45f1290845
79.35772228240967,79.35776167700033,1789785123.8852093,0.037670135498046875,20.000219345092773,3531.428466796875,2179.786621,dbb65c45963c0845
79.37772417068481,79.37776754800007,1789785123.9052112,0.041723251,20.001888275146484,3531.428466796875,2180.975830078125,dbb65c459d4f0845
79.39772844314575,79.39777079000032,1789785123.9252155,0.040769577,20.00427246,3531.428466796875,2182.141357421875,dbb65c4543620845
79.41771483421326,79.41775804999997,1789785123.9452019,0.041484832763671875,19.986391067504883,3531.428466796875,2183.306884765625,dbb65c45e9740845
79.43775725364685,79.43779649600037,1789785123.9652443,0.037431717,20.04241943359375,3525.714111328125,2184.496094,6d5b5c45f0870845
79.45772242546082,79.45776038500026,1789785123.9852095,0.036239624,19.965171813964844,3525.714111328125,2185.661621,6d5b5c45969a0845
79.47772336006165,79.47776023799997,1789785124.0052104,0.03528595,20.000934600830078,3525.714111328125,2186.850830078125,6d5b5c459dad0845
79.49775886535645,79.49779555400028,1789785124.025246,0.035047531,20.035505294799805,3531.428466796875,2188.016113,dbb65c4542c00845
79.51769567,79.51774551800008,1789785124.0451827,0.048160552978515625,19.936800003051758,3531.428466796875,2189.181641,dbb65c45e8d20845
79.53767895698547,79.53771629600033,1789785124.065166,0.035762786865234375,19.983291625976562,3531.428466796875,2190.370849609375,dbb65c45efe50845
79.55772042274475,79.55775761199993,1789785124.0852075,0.035524368,20.041465759277344,3531.428466796875,2191.536376953125,dbb65c4595f80845
79.57757974,79.57762883500027,1789785124.1050668,0.047683716,19.85931396484375,3525.714111328125,2192.701904296875,6d5b5c453b0b0945
79.59772157669067,79.59776183600025,1789785124.1252086,0.038623809814453125,20.14183998,3525.714111328125,2193.891113,6d5b5c45421e0945
79.61770462989807,79.61778167000011,1789785124.1451917,0.075340271,19.98305320739746,3525.714111328125,2195.056396484375,6d5b5c45e7300945
79.63772058486938,79.63775778200034,1789785124.1652076,0.035524368,20.015954971313477,3525.714111328125,2196.221923828125,6d5b5c458d430945
79.65767908096313,79.65771570900006,1789785124.1851661,0.035047531,19.95849609,3525.714111328125,2197.411133,6d5b5c4594560945
79.67771268,79.67778596900007,1789785124.2051997,0.071763992,20.033597946166992,3525.714111328125,2198.57666,6d5b5c453a690945
79.69775438308716,79.69779134,1789785124.2252414,0.03528595,20.041704177856445,3525.714111328125,2199.742188,6d5b5c45e07b0945
79.71771430969238,79.71775695199995,1789785124.2452013,0.041007996,19.95992660522461,3525.714111328125,2200.931396484375,6d5b5c45e78e0945
79.73772478103638,79.73776697200037,1789785124.2652118,0.040531158447265625,20.01047134399414,3519.999755859375,2202.09668,ffff5b458ca10945
79.75775289535522,79.75779028800025,1789785124,0.035762786865234375,20.028114318847656,3519.999755859375,2203.262207,ffff5b4532b40945
79.77771329879761,79.77775402900033,1789785124.3052003,0.038862228,19.960403442382812,3519.999755859375,2204.427734,ffff5b45d8c60945
79.79772329330444,79.79776059,1789785124.3252103,0.035524368,20.009994506835938,3519.999755859375,2205.593017578125,ffff5b457dd90945
79.81770133972168,79.81776092000018,1789785124.3451884,0.057935715,19.978046417236328,3519.999755859375,2206.782227,ffff5b4584ec0945
79.83770942687988,79.83775522,1789785124.3651965,0.044107437,20.008087158203125,3519.999755859375,2207.947754,ffff5b452aff0945
79.85775685310364,79.85779673700017,1789785124.385244,0.038146973,20.047426223754883,3519.999755859375,2209.113281,ffff5b45d0110a45
79.87775564193726,79.87779608900019,1789785124.4052427,0.038862228,19.998788833618164,3519.999755859375,2210.302490234375,ffff5b45d7240a45
79.89775562286377,79.89779818,1789785124.4252427,0.041007996,19.999980926513672,3519.999755859375,2211.468017578125,ffff5b457d370a45
79.91770768165588,79.91775533200007,1789785124.4451947,0.045776367,19.952058792114258,3519.999755859375,2212.633301,ffff5b45224a0a45
79.93774414,79.93777848100035,1789785124.4652312,0.032663345,20.03645896911621,3519.999755859375,2213.822509765625,ffff5b45295d0a45
79.9577477,79.95778711100002,1789785124.4852347,0.037908554,20.003557205200195,3519.999755859375,2214.988037109375,ffff5b45cf6f0a45
79.97771025,79.97775203800029,1789785124.5051973,0.04029274,19.962549209594727,3519.999755859375,2216.153564453125,ffff5b4575820a45
79.99771118164062,79.99775006,1789785124.5251982,0.037193298,20.000934600830078,3519.999755859375,2217.342773,ffff5b457c950a45
80.01774477958679,80.01778176200014,1789785124.5452318,0.03528595,20.033597946166992,3519.999755859375,2218.508301,ffff5b4522a80a45
80.03770709037781,80.03774885600023,1789785124.5651941,0.040054321,19.962310791015625,3519.999755859375,2219.673583984375,ffff5b45c7ba0a45
80.05770731,80.05774969000004,1789785124.5851943,0.040531158447265625,20.000219345092773,3519.999755859375,2220.862793,ffff5b45cecd0a45
80.07770681381226,80.07775061700022,1789785124.6051939,0.042200089,19.99950408935547,3519.999755859375,2222.02832,ffff5b4574e00a45
80.09774875640869,80.09778962,1789785124.6252358,0.039339066,20.041942596435547,3519.999755859375,2223.193848,ffff5b451af30a45
80.11774444580078,80.11778393300028,1789785124.6452315,0.037670135498046875,19.995689392089844,3519.999755859375,2224.383056640625,ffff5b4521060b45
80.13770055770874,80.13774422999995,1789785124.6651876,0.04196167,19.956111907958984,3519.999755859375,2225.548583984375,ffff5b45c7180b45
80.15766429901123,80.15769995300025,1789785124.6851513,0.033855438232421875,19.963741302490234,3525.714111328125,2226.713867,6d5b5c456c2b0b45
80.17774844169617,80.17778558400005,1789785124.7052355,0.035524368,20.084142684936523,3525.714111328125,2227.903076171875,6d5b5c45733e0b45
80.19774460792542,80.19778158500003,1789785124.7252316,0.03528595,19.996166229248047,3525.714111328125,2229.068603515625,6d5b5c4519510b45
80.21775341033936,80.21778829000004,1789785124.7452404,0.033140182,20.00880241394043,3525.714111328125,2230.257813,6d5b5c4520640b45
80.23774886131287,80.23778827200022,1789785124.765236,0.037670135498046875,19.995450973510742,3525.714111328125,2231.42334,6d5b5c45c6760b45
80.25765752792358,80.25769466200018,1789785124.7851446,0.035524368,19.908666610717773,3525.714111328125,2232.588867,6d5b5c456c890b45
80.27774214744568,80.27777938500003,1789785124.8052292,0.035762786865234375,20.084619522094727,3525.714111328125,2233.778076171875,6d5b5c45739c0b45
80.29769897460938,80.29774479300022,1789785124.825186,0.044107437,19.95682716369629,3531.428466796875,2234.943359,dbb65c4518af0b45
80.31774234771729,80.31778327500024,1789785124.8452294,0.039339066,20.043373107910156,3531.428466796875,2236.132813,dbb65c4520c20b45
80.33769583702087,80.33773784999994,1789785124.8651829,0.04029274,19.953489303588867,3531.428466796875,2237.298095703125,dbb65c45c5d40b45
80.35770964622498,80.35775016600019,1789785124.8851967,0.038862228,20.013809204101562,3531.428466796875,2238.487305,dbb65c45cce70b45
80.37781334,80.37785438900028,1789785124.9053004,0.039339066,20.10369300842285,3531.428466796875,2239.652832,dbb65c4572fa0b45
80.39776229858398,80.39780489000032,1789785124.9252493,0.041246414,19.948959350585938,3525.714111328125,2240.818359,6d5b5c45180d0c45
80.41780972480774,80.41785148400004,1789785124.9452968,0.040054321,20.047426223754883,3525.714111328125,2242.007568359375,6d5b5c451f200c45
80.43767786026001,80.43771261400025,1789785124.965165,0.033140182,19.868135452270508,3525.714111328125,2243.172852,6d5b5c45c4320c45
80.45772671699524,80.45776689,1789785124.9852138,0.038623809814453125,20.048856735229492,3531.428466796875,2244.362305,dbb65c45cc450c45
80.4776988,80.47781569000017,1789785125.0051858,0.11563301086425781,19.97208595275879,3531.428466796875,2245.527587890625,dbb65c4571580c45
80.49766564369202,80.49780235800017,1789785125.0251527,0.13494491577148438,19.966840744018555,3531.428466796875,2246.693115234375,dbb65c45176b0c45
80.51767611503601,80.5177331,1789785125.0451632,0.05531311,20.01047134399414,3531.428466796875,2247.882324,dbb65c451e7e0c45
80.53772234916687,80.5377781,1789785125.0652094,0.053882598876953125,20.046234130859375,3531.428466796875,2249.047852,dbb65c45c4900c45
80.55769587,80.55775749000031,1789785125.085183,0.060081482,19.97351646,3525.714111328125,2250.237060546875,6d5b5c45cba30c45
80.57771897315979,80.57777750900004,1789785125.105206,0.056743621826171875,20.023107528686523,3531.428466796875,2251.402587890625,dbb65c4571b60c45
80.59770965576172,80.59778323199998,1789785125.1251967,0.072002411,19.99068260192871,3531.428466796875,2252.591797,dbb65c4578c90c45
80.61773633956909,80.61780201,1789785125.1452234,0.064134598,20.026683807373047,3531.428466796875,2253.757080078125,dbb65c451ddc0c45
80.63772296905518,80.63777338199998,1789785125,0.04863739,19.986629486083984,3531.428466796875,2254.946289,dbb65c4524ef0c45
80.65766072273254,80.65771434600038,1789785125.1851478,0.051736832,19.937753677368164,3531.428466796875,2256.111816,dbb65c45ca010d45
80.67766094207764,80.67771518000018,1789785125.205148,0.052690506,20.000219345092773,3531.428466796875,2257.277344,dbb65c4570140d45
80.69773721694946,80.69785237,1789785125.2252243,0.11348724365234375,20.076274871826172,3531.428466796875,2258.466552734375,dbb65c4577270d45
80.71772646903992,80.71779042300022,1789785125.2452135,0.062465667724609375,19.98925209,3531.428466796875,2259.632080078125,dbb65c451d3a0d45
80.73766732215881,80.73772833,1789785125.2651544,0.059366226,19.940853118896484,3531.428466796875,2260.821289,dbb65c45244d0d45
80.75769496,80.7577632,1789785125.285182,0.066518784,20.027637481689453,3531.428466796875,2261.986572265625,dbb65c45c95f0d45
80.77770495414734,80.77776351800003,1789785125.305192,0.05698204,20.009994506835938,3531.428466796875,2263.152099609375,dbb65c456f720d45
80.79769945144653,80.79777606,1789785125.3251865,0.074863434,19.994497299194336,3531.428466796875,2264.341309,dbb65c4576850d45
80.81765341758728,80.81771452000021,1789785125.3451405,0.059366226,19.95396614074707,3531.428466796875,2265.506836,dbb65c451c980d45
80.83766746520996,80.83773107600018,1789785125.3651545,0.061988831,20.014047622680664,3525.714111328125,2266.696044921875,6d5b5c4523ab0d45
80.85765504837036,80.85770885500006,1789785125.385142,0.052213669,19.98758316040039,3531.428466796875,2267.861572265625,dbb65c45c9bd0d45
80.87752103805542,80.87758835600016,1789785125.405008,0.065803528,19.865989685058594,3531.428466796875,2269.026855,dbb65c456ed00d45
80.89769363,80.89775428300027,1789785125.4251807,0.059127808,20.172595977783203,3531.428466796875,2270.216309,dbb65c4576e30d45
80.91773772239685,80.91780122800037,1789785125.4452248,0.061988831,20.04408836364746,3531.428466796875,2271.405517578125,dbb65c457df60d45
80.93751311302185,80.93758045100003,1789785125.4650002,0.065565109,19.77539063,3531.428466796875,2272.570801,dbb65c4522090e45
80.95773315429688,80.95779686000014,1789785125.4852202,0.062227249,20.220041275024414,3525.714111328125,2273.736328,6d5b5c45c81b0e45
80.97769045829773,80.97775004599998,1789785125.5051775,0.057935715,19.957304000854492,3525.714111328125,2274.925537109375,6d5b5c45cf2e0e45
80.99768996238708,80.99775006500022,1789785125.525177,0.058412552,19.99950408935547,3531.428466796875,2276.091064453125,dbb65c4575410e45
81.01773071289062,81.01779252899996,1789785125.5452178,0.060081482,20.04075050354004,3531.428466796875,2277.280273,dbb65c457c540e45
81.03767442703247,81.0377736,1789785125.5651615,0.097513199,19.943714141845703,3531.428466796875,2278.445801,dbb65c4522670e45
81.05764842033386,81.05768725300004,1789785125.5851355,0.037193298,19.9739933,3531.428466796875,2279.611083984375,dbb65c45c7790e45
81.07764458656311,81.07768705000035,1789785125.6051316,0.040769577,19.996166229248047,3531.428466796875,2280.800293,dbb65c45ce8c0e45
81.09772634506226,81.0977667,1789785125.6252134,0.038623809814453125,20.081758499145508,3531.428466796875,2281.96582,dbb65c45749f0e45
81.11772584915161,81.11776559,1789785125.645213,0.038146973,19.99950408935547,3531.428466796875,2283.155029296875,dbb65c457bb20e45
81.13764452934265,81.13768336700014,1789785125.6651316,0.03695488,19.91868019104004,3531.428466796875,2284.320556640625,dbb65c4521c50e45
81.15769910812378,81.15774949800016,1789785125.6851861,0.048875809,20.05457878112793,3531.428466796875,2285.509766,dbb65c4528d80e45
81.17768812179565,81.17773161000014,1789785125.7051752,0.04196167,19.98901367,3531.428466796875,2286.675293,dbb65c45ceea0e45
81.19764971733093,81.19768522200002,1789785125.7251368,0.033855438232421875,19.96159553527832,3531.428466796875,2287.840576171875,dbb65c4573fd0e45
81.21772575378418,81.21777014899999,1789785125.7452128,0.042676926,20.07603645324707,3531.428466796875,2289.030029296875,dbb65c457b100f45
81.23765563964844,81.23769532,1789785125.7651427,0.037908554,19.929885864257812,3525.714111328125,2290.195313,6d5b5c4520230f45
81.25773668289185,81.25777461400003,1789785125.7852237,0.036239624,20.081043243408203,3525.714111328125,2291.384521484375,6d5b5c4527360f45
81.27772545814514,81.27776373,1789785125.8052125,0.036478043,19.98877525,3531.428466796875,2292.550048828125,dbb65c45cd480f45
81.29772305488586,81.29779435599994,1789785126,0.069618225,19.997596740722656,3531.428466796875,2293.715576171875,dbb65c45735b0f45
81.31772565841675,81.31781654199995,1789785125.8452127,0.089406967,20.00260353088379,3531.428466796875,2294.904785,dbb65c457a6e0f45
81.33772516,81.33776556200019,1789785125.8652122,0.038623809814453125,19.99950408935547,3531.428466796875,2296.070313,dbb65c4520810f45
81.35768604278564,81.35773032199995,1789785125.885173,0.042676926,19.960880279541016,3525.714111328125,2297.235595703125,6d5b5c45c5930f45
81.37772894,81.37777127,1789785125.905216,0.040769577,20.042896270751953,3525.714111328125,2298.424805,6d5b5c45cca60f45
81.39770340919495,81.39775278600018,1789785125.9251904,0.047922134,19.974470138549805,3525.714111328125,2299.590332,6d5b5c4572b90f45
81.41765284538269,81.41769345400007,1789785126,0.039100647,19.94943618774414,3525.714111328125,2300.755859,6d5b5c4518cc0f45
81.43769622,81.43774239899994,1789785125.9651833,0.044584274,20.043373107910156,3525.714111328125,2301.945068359375,6d5b5c451fdf0f45
81.45768737792969,81.45773986300037,1789785125.9851744,0.050783157,19.991159439086914,3525.714111328125,2303.110352,6d5b5c45c4f10f45
81.47764325141907,81.47768857,1789785126.0051303,0.0436306,19.955873489379883,3525.714111328125,2304.275879,6d5b5c456a041045
81.49768614768982,81.49773743900005,1789785126.0251732,0.049829483,20.042896270751953,3525.714111328125,2305.465087890625,6d5b5c4571171045
81.51768136024475,81.51773210700003,1789785126.0451684,0.049114227294921875,19.99521255493164,3519.999755859375,2306.630615234375,ffff5b45172a1045
81.53769826889038,81.53774651499998,1789785126.0651853,0.046491623,20.016908645629883,3519.999755859375,2307.796142578125,ffff5b45bd3c1045
81.55769991874695,81.55775041,1789785126.085187,0.04863739,20.001649856567383,3519.999755859375,2308.985352,ffff5b45c44f1045
81.57767605781555,81.57772555400015,1789785126.105163,0.047922134,19.976139068603516,3519.999755859375,2310.150634765625,ffff5b4569621045
81.59767985343933,81.5977298,1789785126.125167,0.048398972,20.003795623779297,3519.999755859375,2311.316162109375,ffff5b450f751045
81.61771416664124,81.61776083300037,1789785126.1452012,0.045061111,20.034313201904297,3519.999755859375,2312.505371,ffff5b4516881045
81.63764643669128,81.63768387100026,1789785126.1651335,0.035762786865234375,19.932270050048828,3519.999755859375,2313.670898,ffff5b45bc9a1045
81.65764498710632,81.65768339100032,1789785126.185132,0.03695488,19.998550415039062,3519.999755859375,2314.836426,ffff5b4562ad1045
81.67772555351257,81.67776765100007,1789785126.2052126,0.040531158447265625,20.08056641,3525.714111328125,2316.025634765625,6d5b5c4569c01045
81.69767475128174,81.69777018900004,1789785126.2251618,0.09393692,19.94919776916504,3525.714111328125,2317.190918,6d5b5c450ed31045
81.71770906448364,81.71775280100019,1789785126.245196,0.042200089,20.034313201904297,3519.999755859375,2318.356445,ffff5b45b4e51045
81.73766207695007,81.73770941300018,1789785126.265149,0.045537949,19.953012466430664,3519.999755859375,2319.521973,ffff5b455af81045
81.75772380828857,81.75776559900032,1789785126.2852108,0.04029274,20.061731338500977,3519.999755859375,2320.711181640625,ffff5b45610b1145
81.77763223648071,81.77767495100034,1789785126.3051193,0.041007996,19.908428192138672,3525.714111328125,2321.876708984375,6d5b5c45071e1145
81.79763960838318,81.79767978600012,1789785126.3251266,0.038623809814453125,20.00737190246582,3525.714111328125,2323.041992,6d5b5c45ac301145
81.81771183013916,81.81775887899994,1789785126.3451989,0.045299530029296875,20.072221755981445,3525.714111328125,2324.231201171875,6d5b5c45b3431145
81.83768653869629,81.83773728799997,1789785126.3651736,0.049114227294921875,19.974708557128906,3525.714111328125,2325.396728515625,6d5b5c4559561145
81.85767364501953,81.85771530700003,1789785126.3851607,0.040054321,19.987106323242188,3525.714111328125,2326.562255859375,6d5b5c45ff681145
81.87772488594055,81.87776734499994,1789785126.405212,0.040769577,20.051240921020508,3525.714111328125,2327.727539,6d5b5c45a47b1145
81.89767551422119,81.89771251,1789785126.4251626,0.03528595,19.95062828063965,3525.714111328125,2328.916992,6d5b5c45ac8e1145
81.91766881942749,81.91770477299997,1789785126.4451559,0.034332275,19.993305206298828,3525.714111328125,2330.082275390625,6d5b5c4551a11145
81.93771266937256,81.93775455100013,1789785126.4651997,0.040054321,20.04384994506836,3519.999755859375,2331.271484,ffff5b4558b41145
81.95767116546631,81.95770777400003,1789785126.4851582,0.035047531,19.95849609,3525.714111328125,2332.437012,6d5b5c45fec61145
81.97763038,81.97766618300011,1789785126.5051174,0.034093857,19.959211349487305,3525.714111328125,2333.602539,6d5b5c45a4d91145
81.99767184257507,81.99770764599998,1789785126.525159,0.034093857,20.041465759277344,3525.714111328125,2334.791748046875,6d5b5c45abec1145
82.01766729354858,82.01770259,1789785126.5451543,0.03361702,19.995450973510742,3519.999755859375,2335.957275390625,ffff5b4551ff1145
82.03767943382263,82.03771611100001,1789785126.5651665,0.035047531,20.01214027404785,3519.999755859375,2337.122559,ffff5b45f6111245
82.05770826339722,82.05774944600034,1789785126.5851953,0.039577484130859375,20.02882957458496,3519.999755859375,2338.311767578125,ffff5b45fd241245
82.07766842842102,82.07770363100008,1789785126.6051555,0.03361702,19.96016502380371,3525.714111328125,2339.477294921875,6d5b5c45a3371245
82.09768390655518,82.09773628100038,1789785126.625171,0.050783157,20.015478134155273,3525.714111328125,2340.666504,6d5b5c45aa4a1245
82.11770749092102,82.11775389,1789785126.6451945,0.044822693,20.023584365844727,3525.714111328125,2341.832031,6d5b5c45505d1245
82.13770699501038,82.13775102299996,1789785126.665194,0.042438507080078125,19.99950408935547,3525.714111328125,2342.997559,6d5b5c45f66f1245
82.15766644477844,82.15770730200029,1789785126.6851535,0.039100647,19.959449768066406,3525.714111328125,2344.186767578125,6d5b5c45fd821245
82.17762565612793,82.17766380300009,1789785126.7051127,0.036478043,19.959211349487305,3525.714111328125,2345.352051,6d5b5c45a2951245
82.19767475128174,82.19771065500026,1789785126.7251618,0.034332275,20.049095153808594,3525.714111328125,2346.517578,6d5b5c4548a81245
82.21766209602356,82.21770611900001,1789785126.7451491,0.042200089,19.98734474182129,3525.714111328125,2347.706787109375,6d5b5c454fbb1245
82.23767614364624,82.23771550900028,1789785126.7651632,0.037670135498046875,20.014047622680664,3525.714111328125,2348.872314453125,6d5b5c45f5cd1245
82.25762796401978,82.25766480600032,1789785126.785115,0.03528595,19.951820373535156,3525.714111328125,2350.061523,6d5b5c45fce01245
82.27762437,82.27766032599993,1789785126.8051114,0.034093857,19.99640464782715,3531.428466796875,2351.227051,dbb65c45a2f31245
82.29765582084656,82.29771690100006,1789785126.8251429,0.059366226,20.031452178955078,3531.428466796875,2352.416259765625,dbb65c45a9061345
82.31766343,82.3177319,1789785126.8451505,0.066757202,20.007610321044922,3531.428466796875,2353.581543,dbb65c454e191345
82.33766937,82.33770738400017,1789785126.8651564,0.036239624,20.00594139099121,3525.714111328125,2354.770996,6d5b5c45562c1345
82.35766100883484,82.35769768099999,1789785126.885148,0.034809112548828125,19.991636276245117,3531.428466796875,2355.936279296875,dbb65c45fb3e1345
82.37762308120728,82.37766166300025,1789785126.9051101,0.03695488,19.962072372436523,3531.428466796875,2357.125488,dbb65c4502521345
82.39764642715454,82.39768892400025,1789785126.9251335,0.040769577,20.023345947265625,3531.428466796875,2358.291016,dbb65c45a8641345
82.41770434379578,82.41774833199997,1789785126.9451914,0.042200089,20.05791664123535,3531.428466796875,2359.480224609375,dbb65c45af771345
82.43763303756714,82.43766905500024,1789785127,0.034570694,19.928693771362305,3531.428466796875,2360.645751953125,dbb65c45558a1345
82.45767879486084,82.45773050000025,1789785126.9851658,0.050067901611328125,20.045757293701172,3537.142822265625,2361.834961,49125d455c9d1345
82.47770237922668,82.47774579800034,1789785127.0051894,0.041723251,20.023584365844727,3537.142822265625,2363.000488,49125d4502b01345
82.49766182899475,82.49770416900037,1789785127.0251489,0.040769577,19.959449768066406,3537.142822265625,2364.189697265625,49125d4509c31345
82.51762270927429,82.51765989200021,1789785127.0451097,0.035524368,19.960880279541016,3531.428466796875,2365.35498,dbb65c45aed51345
82.53765964508057,82.53769676299999,1789785127.0651467,0.035524368,20.036935806274414,3531.428466796875,2366.544434,dbb65c45b6e81345
82.55766105651855,82.55769952300034,1789785127.085148,0.036716461181640625,20.00141143798828,3537.142822265625,2367.709716796875,49125d455bfb1345
82.57768845558167,82.57772589500019,1789785127.1051755,0.035524368,20.02739906311035,3537.142822265625,2368.898926,49125d45620e1445
82.59767961502075,82.59770578400003,1789785127.1251667,0.024557113647460938,19.991159439086914,3537.142822265625,2370.064453,49125d4508211445
82.61769008636475,82.61772750700038,1789785127.1451771,0.035762786865234375,20.01047134399414,3531.428466796875,2371.253662109375,dbb65c450f341445
82.63762497901917,82.63766617500005,1789785127.165112,0.039577484130859375,19.934892654418945,3531.428466796875,2372.419189453125,dbb65c45b5461445
82.65766048431396,82.65770023100004,1789785127.1851475,0.037908554,20.035505294799805,3537.142822265625,2373.608398,49125d45bc591445
82.67765927314758,82.67769834299997,1789785127.2051463,0.037431717,19.998788833618164,3537.142822265625,2374.773926,49125d45626c1445
82.69772410392761,82.69777943700001,1789785127.2252111,0.05364418,20.064830780029297,3537.142822265625,2375.963134765625,49125d45697f1445
82.71765327453613,82.71769182700018,1789785127.2451403,0.036716461181640625,19.929170608520508,3531.428466796875,2377.128418,dbb65c450e921445
82.73766660690308,82.73770825300016,1789785127.2651536,0.040054321,20.01333236694336,3537.142822265625,2378.317871,49125d4516a51445
82.75761795043945,82.75765681,1789785127.285105,0.037193298,19.951343536376953,3537.142822265625,2379.483154296875,49125d45bbb71445
82.77766108512878,82.77770014399994,1789785127.3051481,0.037431717,20.043134689331055,3537.142822265625,2380.672363,49125d45c2ca1445
82.79766035079956,82.79769983000006,1789785127.3251474,0.037908554,19.999265670776367,3531.428466796875,2381.837891,dbb65c4568dd1445
82.81769633293152,82.81774412699997,1789785127.3451834,0.046253204345703125,20.035982131958008,3531.428466796875,2383.027099609375,dbb65c456ff01445
82.83769202232361,82.83773827699997,1789785127.365179,0.044584274,19.995689392089844,3537.142822265625,2384.192626953125,49125d4515031545
82.85769057273865,82.85773559200015,1789785127.3851776,0.043392181396484375,19.998550415039062,3537.142822265625,2385.358154296875,49125d45bb151545
82.87765836715698,82.87769677799997,1789785127.4051454,0.036716461181640625,19.96779441833496,3537.142822265625,2386.547363,49125d45c2281545
82.89765405654907,82.89769251999996,1789785127.425141,0.036716461181640625,19.995689392089844,3531.428466796875,2387.712646484375,dbb65c45673b1545
82.91769719,82.91774726200038,1789785127.4451842,0.048398972,20.043134689331055,3531.428466796875,2388.901855,dbb65c456e4e1545
82.93765568733215,82.93769491100011,1789785127.4651427,0.037670135498046875,19.95849609,3531.428466796875,2390.067383,dbb65c4514611545
82.95770192146301,82.95774596699994,1789785127.485189,0.042438507080078125,20.046234130859375,3537.142822265625,2391.256591796875,49125d451b741545
82.97761082649231,82.97764911600007,1789785127.5050979,0.036716461181640625,19.908905029296875,3537.142822265625,2392.422119140625,49125d45c1861545
82.99765253067017,82.99769135800034,1789785127.5251396,0.037193298,20.041704177856445,3531.428466796875,2393.587646484375,dbb65c4567991545
83.01765084266663,83.01769121000007,1789785127.545138,0.038623809814453125,19.99831199645996,3531.428466796875,2394.776855,dbb65c456eac1545
83.03764796257019,83.03768641500028,1789785127.565135,0.036716461181640625,19.997119903564453,3531.428466796875,2395.942138671875,dbb65c4513bf1545
83.05769205093384,83.05773673,1789785127.585179,0.043153763,20.04408836364746,3531.428466796875,2397.107666015625,dbb65c45b9d11545
83.07764506340027,83.07768395400035,1789785127.605132,0.037193298,19.953012466430664,3525.714111328125,2398.296875,6d5b5c45c0e41545
83.09768605232239,83.09773141799997,1789785127.625173,0.0436306,20.04098892211914,3525.714111328125,2399.462402,6d5b5c4566f71545
83.11770201,83.11775260400009,1789785127.645189,0.048875809,20.015954971313477,3525.714111328125,2400.651611328125,6d5b5c456d0a1645
83.13768506,83.13773033,1789785127.665172,0.0436306,19.98305320739746,3525.714111328125,2401.817138671875,6d5b5c45131d1645
83.15764570236206,83.15768516100024,1789785127.6851327,0.037670135498046875,19.960641860961914,3531.428466796875,2402.982422,dbb65c45b82f1645
83.17769575119019,83.17773971800034,1789785127.7051828,0.042438507080078125,20.05004883,3531.428466796875,2404.171875,dbb65c45c0421645
83.19769620895386,83.19774144100029,1789785127.7251832,0.043392181396484375,20.000457763671875,3531.428466796875,2405.337158203125,dbb65c4565551645
83.21775960922241,83.21780179400002,1789785127.7452466,0.040531158447265625,20.063400268554688,3525.714111328125,2406.526367,6d5b5c456c681645
83.23780560493469,83.23785435000036,1789785127.7652926,0.047206878662109375,20.045995712280273,3525.714111328125,2407.691895,6d5b5c45127b1645
83.25766801834106,83.25770785,1789785127.785155,0.038146973,19.86241340637207,3525.714111328125,2408.857422,6d5b5c45b88d1645
83.27779579162598,83.27783738900007,1789785127.8052828,0.039815903,20.12777328491211,3525.714111328125,2410.046630859375,6d5b5c45bfa01645
83.29769229888916,83.29773998200017,1789785127.8251793,0.046014786,19.896507263183594,3531.428466796875,2411.212158203125,dbb65c4565b31645
83.31764006614685,83.31768996400024,1789785127.845127,0.048160552978515625,19.94776725769043,3531.428466796875,2412.401367,dbb65c456cc61645
83.33763599395752,83.33783320600014,1789785127.865123,0.1957416534423828,19.995927810668945,3531.428466796875,2413.566650390625,dbb65c4511d91645
83.35770750045776,83.35779793,1789785127.8851945,0.088691711,20.07150650024414,3531.428466796875,2414.755859,dbb65c4518ec1645
83.37760353088379,83.37764475,1789785127.9050906,0.039577484130859375,19.89603042602539,3531.428466796875,2415.921387,dbb65c45befe1645
83.39766478538513,83.39770644999999,1789785127.9251518,0.040054321,20.061254501342773,3525.714111328125,2417.086914,6d5b5c4564111745
83.41764807701111,83.41768913600026,1789785127.945135,0.039339066,19.983291625976562,3525.714111328125,2418.276123046875,6d5b5c456b241745
83.43764662742615,83.43768793300023,1789785127.9651337,0.039577484130859375,19.998550415039062,3525.714111328125,2419.441650390625,6d5b5c4511371745
83.45764041,83.45768148900015,1789785127.9851274,0.039339066,19.99378204345703,3525.714111328125,2420.606934,6d5b5c45b6491745
83.47768807411194,83.47778297200011,1789785128.005175,0.093460083,20.047664642333984,3525.714111328125,2421.772461,6d5b5c455c5c1745
83.49764704704285,83.49768800900029,1789785128.025134,0.039339066,19.958972930908203,3525.714111328125,2422.961669921875,6d5b5c45636f1745
83.51767897605896,83.51772925100022,1789785128.045166,0.04863739,20.03192901611328,3525.714111328125,2424.127197265625,6d5b5c4509821745
83.53770160675049,83.53774849299998,1789785128.0651886,0.045299530029296875,20.02263069152832,3525.714111328125,2425.316406,6d5b5c4510951745
83.55764126777649,83.55768184600038,1789785128.0851283,0.039100647,19.939661026000977,3525.714111328125,2426.481934,6d5b5c45b6a71745
83.57765650749207,83.57769729100028,1789785128.1051435,0.039100647,20.015239715576172,3525.714111328125,2427.647216796875,6d5b5c455bba1745
83.59767460823059,83.59771695800009,1789785128.1251616,0.048875809,20.01810073852539,3525.714111328125,2428.836426,6d5b5c4562cd1745
83.61768317222595,83.61773344100038,1789785128.1451702,0.04863739,20.008563995361328,3525.714111328125,2430.001953,6d5b5c4508e01745
83.63765716552734,83.63770020100037,1789785128.1651442,0.041246414,19.9739933,3525.714111328125,2431.16748,6d5b5c45aef21745
83.65765237808228,83.65769368300016,1789785128.1851394,0.039815903,19.99521255493164,3525.714111328125,2432.356689453125,6d5b5c45b5051845
83.67761158943176,83.67765307300033,1789785128.2050986,0.039815903,19.959211349487305,3525.714111328125,2433.522216796875,6d5b5c455b181845
83.69746541976929,83.69752333299994,1789785128.2249525,0.056505203,19.853830337524414,3525.714111328125,2434.6875,6d5b5c45002b1845
83.71774482727051,83.71785116800038,1789785128.2452319,0.10466575622558594,20.279407501220703,3525.714111328125,2435.876708984375,6d5b5c45073e1845
83.73760485649109,83.73764213100003,1789785128.265092,0.035524368,19.860029220581055,3525.714111328125,2437.042236328125,6d5b5c45ad501845
83.75767874717712,83.75772704000019,1789785128.2851658,0.046730042,20.073890686035156,3525.714111328125,2438.207763671875,6d5b5c4553631845
83.77764010429382,83.77768105900032,1789785128.3051271,0.039339066,19.96135711669922,3525.714111328125,2439.396973,6d5b5c455a761845
83.79763627052307,83.79767706,1789785128.3251233,0.039100647,19.996166229248047,3519.999755859375,2440.5625,ffff5b4500891845
83.81768703460693,83.81774009800029,1789785128.345174,0.051498413,20.050764083862305,3519.999755859375,2441.751708984375,ffff5b45079c1845
83.83760213851929,83.83764341300002,1789785128.3650892,0.039577484130859375,19.915103912353516,3525.714111328125,2442.916992,6d5b5c45acae1845
83.85760474205017,83.85764608099998,1789785128.3850918,0.039815903,20.00260353088379,3525.714111328125,2444.08252,6d5b5c4552c11845
83.87763977050781,83.87768180400008,1789785128.4051268,0.04029274,20.03502846,3525.714111328125,2445.271728515625,6d5b5c4559d41845
83.89767241477966,83.89771232400017,1789785128.4251595,0.038385391,20.032644271850586,3525.714111328125,2446.437255859375,6d5b5c45ffe61845
83.91767216,83.91771264,1789785128.4451592,0.038862228,19.99974250793457,3525.714111328125,2447.602783203125,6d5b5c45a5f91845
83.93763351,83.93767339900023,1789785128.4651206,0.038385391,19.96135711669922,3525.714111328125,2448.791992,6d5b5c45ac0c1945
83.95767450332642,83.95771499300008,1789785128.4851615,0.038862228,20.04098892211914,3525.714111328125,2449.957275390625,6d5b5c45511f1945
83.97763729095459,83.97767798,1789785128.5051243,0.038862228,19.962787628173828,3525.714111328125,2451.146484,6d5b5c4558321945
83.99763298034668,83.99767288400017,1789785129,0.038385391,19.995689392089844,3525.714111328125,2452.312012,6d5b5c45fe441945
84.01760625839233,84.01835551500017,1789785128.5450933,0.7562637329101562,19.973278045654297,3531.428466796875,2453.501220703125,dbb65c4505581945
84.03759145736694,84.03762716300025,1789785128.5650785,0.034093857,19.985198974609375,3531.428466796875,2454.738037109375,dbb65c45cf6b1945
84.05767417,84.05772583099997,1789785128.5851612,0.049829483,20.082712173461914,3554.285645,2455.998779296875,92245e45fb7f1945
84.07762932777405,84.07767196,1789785128.6051164,0.041007996,19.955158233642578,3582.856934,2457.259277,b6ed5f4526941945
84.09766864776611,84.09770988800028,1789785128.6251557,0.039577484130859375,20.03931999206543,3582.856934,2458.519775390625,b6ed5f4551a81945
84.11762905,84.11767000000009,1789785128.645116,0.039339066,19.960403442382812,3617.142578,2459.780517578125,481262457dbc1945
84.13762974739075,84.13767089000021,1789785128.6651168,0.039577484130859375,20.000696182250977,3617.142578,2461.041016,48126245a8d01945
84.15759563446045,84.15763706,1789785128.6850827,0.039815903,19.96588706970215,3651.428223,2462.325439453125,da36644535e51945
84.17763042449951,84.17767085500009,1789785128.7051175,0.038862228,20.03479004,3685.713867,2463.585938,6c5b664560f91945
84.19764018058777,84.19768165200003,1789785128.7251272,0.039815903,20.009756088256836,3685.713867,2464.84668,6c5b66458c0d1a45
84.21762752532959,84.21766752300027,1789785128.7451146,0.038385391,19.98734474182129,3719.999512,2466.107177734375,fe7f6845b7211a45
84.23759365081787,84.23768626500032,1789785128.7650807,0.091075897,19.96612548828125,3754.285156,2467.367676,90a46a45e2351a45
84.25758862495422,84.25762941400035,1789785128.7850757,0.039100647,19.99497413635254,3754.285156,2468.652099609375,90a46a456f4a1a45
84.27762985229492,84.27767148900011,1789785128.805117,0.040054321,20.041227340698242,3788.570801,2469.912841796875,22c96c459b5e1a45
84.29758644104004,84.29762710100022,1789785128.8250735,0.039100647,19.956588745117188,3799.999267578125,2471.17334,fd7f6d45c6721a45
84.31762623786926,84.31771263900009,1789785128.8451133,0.084877014,20.039796829223633,3799.999267578125,2472.433837890625,fd7f6d45f1861a45
84.33766651153564,84.33779633,1789785128.8651536,0.12826919555664062,20.040273666381836,3799.999512,2473.718262,fe7f6d457e9b1a45
84.35758376121521,84.35762456600014,1789785128.8850708,0.039100647,19.91724967956543,3799.999512,2474.978759765625,fe7f6d45a9af1a45
84.37762522697449,84.37766530800036,1789785128.9051123,0.038385391,20.041465759277344,3799.999512,2476.239501953125,fe7f6d45d5c31a45
84.39764618873596,84.39768890100004,1789785128.9251332,0.041007996,20.02096176147461,3799.999512,2477.5,fe7f6d4500d81a45
84.41762638092041,84.41766503200006,1789785128.9451134,0.03695488,19.980192184448242,3799.999512,2478.760742,fe7f6d452cec1a45
84.43767499923706,84.43771242,1789785128.965162,0.035762786865234375,20.04861831665039,3799.999512,2480.044922,fe7f6d45b8001b45
84.45766425132751,84.45769996000035,1789785128.9851513,0.034093857,19.98925209,3799.999512,2481.305664,fe7f6d45e4141b45
84.47746753692627,84.47757336800032,1789785129.0049546,0.10442733764648438,19.803285598754883,3799.999512,2482.566162109375,fe7f6d450f291b45
84.49757957458496,84.49761503500031,1789785129.0250666,0.03361702,20.112037658691406,3805.713867,2483.826904296875,6cdb6d453b3d1b45
84.51766347885132,84.5177072,1789785129.0451505,0.042200089,20.083904266357422,3799.999512,2485.087402,fe7f6d4566511b45
84.53766965866089,84.53770681500009,1789785129.0651567,0.035524368,20.006179809570312,3799.999512,2486.347900390625,fe7f6d4591651b45
84.55758023262024,84.55761694500006,1789785129.0850673,0.035047531,19.910573959350586,3799.999512,2487.632324,fe7f6d451e7a1b45
84.57758712768555,84.57763083500004,1789785129.1050742,0.04196167,20.006895065307617,3799.999512,2488.892822265625,fe7f6d45498e1b45
84.59758996963501,84.59762907699997,1789785129.125077,0.037431717,20.00284194946289,3799.999512,2490.153564453125,fe7f6d4575a21b45
84.61764717102051,84.61771113300028,1789785129.1451342,0.062227249,20.057201385498047,3799.999512,2491.414063,fe7f6d45a0b61b45
84.63764357566833,84.63768361600023,1789785129.1651306,0.038385391,19.99640464782715,3799.999512,2492.698486328125,fe7f6d452dcb1b45
84.65762996673584,84.65767137600005,1789785129.185117,0.039815903,19.986391067504883,3799.999512,2493.958984,fe7f6d4558df1b45
84.67765998840332,84.67769865500031,1789785129.205147,0.03695488,20.03002166748047,3799.999512,2495.219727,fe7f6d4584f31b45
84.69763827323914,84.69767373000013,1789785129.2251253,0.033855438232421875,19.97828483581543,3799.999512,2496.480224609375,fe7f6d45af071c45
84.71760082244873,84.71770026800004,1789785129.2450879,0.097751617,19.962549209594727,3799.999512,2497.740966796875,fe7f6d45db1b1c45
84.73766493797302,84.73770473100012,1789785129.265152,0.038146973,20.064115524291992,3794.285156,2499.025146484375,90246d4567301c45
84.75762033462524,84.75766156600002,1789785129.2851074,0.039815903,19.95539665222168,3794.285156,2500.285888671875,90246d4593441c45
84.77765655517578,84.77769769600036,1789785129.3051436,0.039577484130859375,20.03622055053711,3799.999512,2501.546387,fe7f6d45be581c45
84.79761910438538,84.79765804900035,1789785129.3251061,0.037431717,19.962549209594727,3799.999512,2502.806884765625,fe7f6d45e96c1c45
84.81757593154907,84.81761682700017,1789785129.345063,0.039339066,19.95682716369629,3799.999512,2504.067626953125,fe7f6d4515811c45
84.83765721321106,84.83769938400019,1789785129.3651443,0.040531158447265625,20.081281661987305,3799.999512,2505.328125,fe7f6d4540951c45
84.85764122009277,84.85768231100019,1789785129.3851283,0.039577484130859375,19.984006881713867,3799.999512,2506.612548828125,fe7f6d45cda91c45
84.87759423,84.87763407,1789785129.4050813,0.038146973,19.953012466430664,3799.999512,2507.873047,fe7f6d45f8bd1c45
84.89765596,84.89769268300006,1789785129.425143,0.035047531,20.061731338500977,3799.999512,2509.133789,fe7f6d4524d21c45
84.91765570640564,84.91769513,1789785129.4451427,0.037670135498046875,19.99974250793457,3799.999512,2510.394287109375,fe7f6d454fe61c45
84.93761610984802,84.93765264800004,1789785129.4651031,0.034809112548828125,19.960403442382812,3799.999512,2511.655029296875,fe7f6d457bfa1c45
84.95761418,84.95765268600007,1789785129.4851012,0.03695488,19.99807357788086,3799.999512,2512.915527,fe7f6d45a60e1d45
84.97762107849121,84.97765722300028,1789785129.505108,0.034332275,20.006895065307617,3799.999512,2514.176025390625,fe7f6d45d1221d45
84.99761295318604,84.99764833500012,1789785130,0.033855438232421875,19.99187469482422,3799.999512,2515.436767578125,fe7f6d45fd361d45
85.01743483543396,85.01747550300024,1789785129.5449219,0.038862228,19.821882247924805,3794.285156,2516.697266,90246d45284b1d45
85.03762769699097,85.03767139299998,1789785129.5651147,0.042200089,20.192861557006836,3794.285156,2517.981689453125,90246d45b55f1d45
85.05764961242676,85.05768661599996,1789785129.5851367,0.03528595,20.021915435791016,3794.285156,2519.242188,90246d45e0731d45
85.07757163,85.07760773,1789785129.6050587,0.034332275,19.92201805114746,3794.285156,2520.50293,90246d450c881d45
85.09765529632568,85.09769050700015,1789785129.6251423,0.033378601,20.08366584777832,3794.285156,2521.763427734375,90246d45379c1d45
85.11761379241943,85.11764956300021,1789785129.6451008,0.034093857,19.95849609,3794.285156,2523.023926,90246d4562b01d45
85.13765954971313,85.13769797,1789785129.6651466,0.036716461181640625,20.045757293701172,3794.285156,2524.284668,90246d458ec41d45
85.15757561,85.15761799100028,1789785129.6850626,0.040769577,19.916057586669922,3794.285156,2525.545166015625,90246d45b9d81d45
85.17761015892029,85.17764626899998,1789785129.7050972,0.034570694,20.03455162,3794.285156,2526.82959,90246d4546ed1d45
85.19764757156372,85.19768262200023,1789785129.7251346,0.03361702,20.037412643432617,3794.285156,2528.090087890625,90246d4571011e45
85.21760892868042,85.21764532700035,1789785129.745096,0.034809112548828125,19.96135711669922,3794.285156,2529.350830078125,90246d459d151e45
85.23757100105286,85.23761325300029,1789785129.765058,0.040769577,19.962072372436523,3794.285156,2530.611328,90246d45c8291e45
85.25765204429626,85.25769012499995,1789785129.785139,0.036478043,20.081043243408203,3794.285156,2531.871826171875,90246d45f33d1e45
85.27756690979004,85.27760514400006,1789785129.805054,0.036716461181640625,19.914865493774414,3794.285156,2533.132568359375,90246d451f521e45
85.29756951332092,85.29760682999995,1789785129.8250566,0.035762786865234375,20.00260353088379,3794.285156,2534.393066,90246d454a661e45
85.31760859489441,85.31764513,1789785129.8450956,0.034809112548828125,20.039081573486328,3794.285156,2535.653809,90246d45767a1e45
85.33764171600342,85.33788301799996,1789785129.8651288,0.2396106719970703,20.03312110900879,3794.285156,2536.914306640625,90246d45a18e1e45
85.35760641098022,85.35764162900023,1789785129.8850935,0.033378601,19.96469497680664,3788.570801,2538.174805,22c96c45cca21e45
85.37760853767395,85.37764690800032,1789785129.9050956,0.036716461181640625,20.002126693725586,3788.570801,2539.435547,22c96c45f8b61e45
85.39758276939392,85.39762520500017,1789785129.9250698,0.040769577,19.974231719970703,3788.570801,2540.696044921875,22c96c4523cb1e45
85.41760897636414,85.41764976200011,1789785129.945096,0.039100647,20.026206970214844,3788.570801,2541.956543,22c96c454edf1e45
85.43757128715515,85.43761191,1789785129.9650583,0.038862228,19.962310791015625,3788.570801,2543.217285,22c96c457af31e45
85.45760250091553,85.45763909700008,1789785129.9850895,0.034809112548828125,20.031213760375977,3788.570801,2544.477783203125,22c96c45a5071f45
85.47757530212402,85.47761539400017,1789785130.0050623,0.038385391,19.972801208496094,3788.570801,2545.738525390625,22c96c45d11b1f45
85.49760437011719,85.49764128400011,1789785130.0250914,0.03528595,20.029067993164062,3788.570801,2546.999023,22c96c45fc2f1f45
85.51759958267212,85.51763571000038,1789785130.0450866,0.034332275,19.99521255493164,3782.856445,2548.259521484375,b46d6c4527441f45
85.53760457,85.53764038,1789785130.0650916,0.034332275,20.004987716674805,3782.856445,2549.520263671875,b46d6c4553581f45
85.55764461,85.55768010100019,1789785130.0851316,0.033855438232421875,20.040035247802734,3782.856445,2550.780762,b46d6c457e6c1f45
85.57760572433472,85.57764093500009,1789785130.1050928,0.03361702,19.961118698120117,3782.856445,2552.041259765625,b46d6c45a9801f45
85.59760355949402,85.59764338100013,1789785130.1250906,0.038146973,19.997835159301758,3782.856445,2553.302001953125,b46d6c45d5941f45
85.61760520935059,85.61764231,1789785130.1450922,0.035524368,20.001649856567383,3788.570556640625,2554.5625,21c96c4500a91f45
85.63760685920715,85.63764291899997,1789785130.165094,0.034332275,20.001649856567383,3788.570556640625,2555.823242,21c96c452cbd1f45
85.65764141082764,85.65767953,1789785130.1851285,0.036239624,20.03455162,3788.570801,2557.107422,22c96c45b8d11f45
85.67761754989624,85.67765747700014,1789785130.2051046,0.038146973,19.976139068603516,3788.570801,2558.368164,22c96c45e4e51f45
85.69757843017578,85.69760570000017,1789785130.2250655,0.025510787963867188,19.960880279541016,3788.570801,2559.628662109375,22c96c450ffa1f45
85.71761512756348,85.71770283100022,1789785130.2451022,0.085830688,20.036697387695312,3788.570801,2560.889404296875,22c96c453b0e2045
85.73759293556213,85.73763101600025,1789785130,0.036478043,19.977807998657227,3788.570801,2562.149902,22c96c4566222045
85.75764513015747,85.75768735100019,1789785130.2851322,0.040531158447265625,20.052194595336914,3788.570801,2563.410400390625,22c96c4591362045
85.77759909629822,85.77763927800015,1789785130.3050861,0.038385391,19.95396614074707,3794.284912109375,2564.694824,8f246d451e4b2045
85.79764080047607,85.79768024100031,1789785130.3251278,0.037670135498046875,20.041704177856445,3799.999512,2565.955322265625,fe7f6d45495f2045
85.81760358810425,85.81764152000005,1789785130.3450906,0.036239624,19.962787628173828,3799.999512,2567.216064453125,fe7f6d4575732045
85.83759808540344,85.83763754,1789785130.3650851,0.037908554,19.994497299194336,3799.999512,2568.476563,fe7f6d45a0872045
85.85764169692993,85.85768068900006,1789785130.3851287,0.037431717,20.043611526489258,3799.999512,2569.760986328125,fe7f6d452d9c2045
85.87770414352417,85.87775269,1789785130.4051912,0.046730042,20.06244659423828,3799.999512,2571.021484,fe7f6d4558b02045
85.8976047,85.89764354199997,1789785130.4250917,0.037193298,19.90056037902832,3799.999512,2572.282227,fe7f6d4584c42045
85.91759610176086,85.91763689500021,1789785130.4450831,0.039100647,19.991397857666016,3799.999512,2573.542724609375,fe7f6d45afd82045
85.93764185905457,85.93768150699998,1789785130.465129,0.037908554,20.045757293701172,3799.999512,2574.827148,fe7f6d453ced2045
85.95763444900513,85.95767300800026,1789785130.4851215,0.03695488,19.992589950561523,3799.999512,2576.087646484375,fe7f6d4567012145
85.97759795188904,85.97763652699996,1789785130.505085,0.036716461181640625,19.963502883911133,3799.999512,2577.348388671875,fe7f6d4593152145
85.99763464927673,85.99767345400005,1789785130.5251217,0.037193298,20.036697387695312,3805.713867,2578.608887,6cdb6d45be292145
86.01763987541199,86.01767936200031,1789785130.545127,0.037908554,20.005226135253906,3805.713867,2579.893310546875,6cdb6d454b3e2145
86.03759336471558,86.03763203000017,1789785130.5650804,0.03695488,19.953489303588867,3805.713867,2581.153809,6cdb6d4576522145
86.05763339996338,86.05767162300026,1789785130.5851204,0.036716461181640625,20.040035247802734,3799.999512,2582.414551,fe7f6d45a2662145
86.07759475708008,86.07763362,1789785130.6050818,0.037193298,19.96135711669922,3799.999512,2583.675048828125,fe7f6d45cd7a2145
86.09763455,86.09767264400034,1789785130.6251216,0.036478043,20.039796829223633,3799.999512,2584.959473,fe7f6d455a8f2145
86.11764025688171,86.11768044100018,1789785130.6451273,0.038623809814453125,20.00570297241211,3805.713867,2586.219970703125,6cdb6d4585a32145
86.13762927055359,86.13768933100027,1789785130.6651163,0.058412552,19.98901367,3805.713867,2587.480712890625,6cdb6d45b1b72145
86.15759158,86.15763057200002,1789785130.6850786,0.037193298,19.962310791015625,3805.713867,2588.741211,6cdb6d45dccb2145
86.17762851715088,86.17766692500027,1789785130.7051156,0.036716461181640625,20.036935806274414,3805.713867,2590.025634765625,6cdb6d4569e02145
86.19776892662048,86.19780866700012,1789785130.725256,0.038146973,20.140409469604492,3805.713867,2591.286133,6cdb6d4594f42145
86.21774578094482,86.21778740900027,1789785130.7452328,0.040054321,19.97685432434082,3805.713867,2592.546875,6cdb6d45c0082245
86.23765897750854,86.23769711,1789785130.765146,0.036478043,19.913196563720703,3805.713867,2593.807373046875,6cdb6d45eb1c2245
86.25781559944153,86.25789685500013,1789785130.7853026,0.080108643,20.15662193,3805.713867,2595.091797,6cdb6d4578312245
86.27765298,86.27769096700013,1789785131,0.036239624,19.837379455566406,3805.713867,2596.352294921875,6cdb6d45a3452245
86.29755282402039,86.29758785600006,1789785130.8250399,0.033378601,19.899845123291016,3805.713867,2597.612793,6cdb6d45ce592245
86.31762957572937,86.31766704200027,1789785130.8451166,0.036001205,20.076751708984375,3805.713867,2598.897216796875,6cdb6d455b6e2245
86.33758712,86.33778067,1789785130.8650742,0.1919269561767578,19.957542419433594,3805.713867,2600.157958984375,6cdb6d4587822245
86.35762786865234,86.35766693300002,1789785130.885115,0.037431717,20.04075050354004,3799.999512,2601.418457,fe7f6d45b2962245
86.37758731842041,86.37762845199995,1789785130.9050744,0.039577484130859375,19.959449768066406,3799.999512,2602.678955078125,fe7f6d45ddaa2245
86.39760994911194,86.39765227,1789785130.925097,0.040769577,20.02263069152832,3799.999512,2603.939697265625,fe7f6d4509bf2245
86.41761350631714,86.41768732500032,1789785130.9451005,0.072240829,20.003557205200195,3799.999512,2605.224121,fe7f6d4596d32245
86.43759226799011,86.43763536200004,1789785130.9650793,0.041484832763671875,19.978761672973633,3805.713867,2606.484619140625,6cdb6d45c1e72245
86.45755648612976,86.45759895600031,1789785130.9850435,0.041007996,19.964218139648438,3805.713867,2607.745117,6cdb6d45ecfb2245
86.47761845588684,86.47768351,1789785131.0051055,0.063419342,20.061969757080078,3805.713867,2609.005859,6cdb6d4518102345
86.49761486053467,86.49766732800026,1789785131.025102,0.050783157,19.99640464782715,3799.999512,2610.290283203125,fe7f6d45a5242345
86.51757860183716,86.51761836600008,1789785131.0450656,0.038146973,19.963741302490234,3799.999512,2611.550781,fe7f6d45d0382345
86.53759837150574,86.53764033000016,1789785131.0650854,0.04029274,20.01976967,3799.999512,2612.811279296875,fe7f6d45fb4c2345
86.55758643,86.55762847899996,1789785131.0850735,0.04029274,19.988059997558594,3799.999512,2614.072021484375,fe7f6d4527612345
86.57761073112488,86.57765212799995,1789785131.1050978,0.039577484130859375,20.02429962158203,3799.999512,2615.356201171875,fe7f6d45b3752345
86.59755802154541,86.59760057300036,1789785131.125045,0.041007996,19.947290420532227,3799.999512,2616.616943359375,fe7f6d45df892345
86.61758160591125,86.61762364800006,1789785131.1450686,0.040531158447265625,20.023584365844727,3805.713867,2617.877441,6cdb6d450a9e2345
86.63755869865417,86.63760014900026,1789785131.1650457,0.039815903,19.977092742919922,3805.713867,2619.138184,6cdb6d4536b22345
86.65759897232056,86.65764034,1789785131.185086,0.039577484130859375,20.040273666381836,3805.713867,2620.398681640625,6cdb6d4561c62345
86.67759537696838,86.67763590999994,1789785131.2050824,0.038862228,19.99640464782715,3799.999512,2621.683105,fe7f6d45eeda2345
86.69754409790039,86.69758491100038,1789785131.2250311,0.039100647,19.948720932006836,3799.999512,2622.943603515625,fe7f6d4519ef2345
86.71758056,86.71774757899993,1789785131.2450676,0.1652240753173828,20.03645896911621,3799.999512,2624.204345703125,fe7f6d4545032445
86.73758697509766,86.73762396800021,1789785131.265074,0.03528595,20.006418228149414,3799.999512,2625.464844,fe7f6d4570172445
86.75758790969849,86.75762822900015,1789785131.285075,0.038623809814453125,20.000934600830078,3799.999512,2626.725341796875,fe7f6d459b2b2445
86.77758049964905,86.77761725,1789785131.3050675,0.035047531,19.992589950561523,3799.999512,2627.986083984375,fe7f6d45c73f2445
86.79758453,86.79762339700028,1789785131.3250716,0.037193298,20.00403404,3799.999512,2629.270263671875,fe7f6d4553542445
86.81757950782776,86.81761621300029,1789785131.3450665,0.035047531,19.99497413635254,3799.999512,2630.531005859375,fe7f6d457f682445
86.83758544921875,86.83762154700025,1789785131.3650725,0.034570694,20.00594139099121,3799.999512,2631.791504,fe7f6d45aa7c2445
86.85758185386658,86.85761810300028,1789785131.385069,0.034570694,19.99640464782715,3794.285156,2633.052246,90246d45d6902445
86.87754059,86.87757603,1789785131.4050276,0.033855438232421875,19.95873451,3794.285156,2634.312744140625,90246d4501a52445
86.89755511283875,86.89759153100022,1789785131.4250422,0.034809112548828125,20.014524459838867,3794.285156,2635.573242,90246d452cb92445
86.91759562,86.91763561,1789785131.4450827,0.038385391,20.040512084960938,3794.285156,2636.857666015625,90246d45b9cd2445
86.93757915496826,86.93761812499997,1789785131.4650662,0.037431717,19.983530044555664,3799.999512,2638.118408203125,fe7f6d45e5e12445
86.95761942863464,86.95765531200004,1789785131.4851065,0.034332275,20.040273666381836,3799.999512,2639.378906,fe7f6d4510f62445
86.97757482528687,86.97761379400026,1789785131.5050619,0.037431717,19.95539665222168,3799.999512,2640.639404296875,fe7f6d453b0a2545
86.99758052825928,86.99761648000003,1789785131.5250676,0.034332275,20.00570297241211,3799.999512,2641.900146484375,fe7f6d45671e2545
87.01757097244263,87.01760440700036,1789785131.545058,0.031709671,19.99044418334961,3799.999512,2643.160645,fe7f6d4592322545
87.03754019737244,87.03758166700027,1789785131.5650272,0.039815903,19.96922492980957,3799.999512,2644.421142578125,fe7f6d45bd462545
87.05762386322021,87.05766105700013,1789785131.585111,0.035524368,20.08366584777832,3799.999512,2645.705566,fe7f6d454a5b2545
87.07758069038391,87.07761948400002,1789785131.6050677,0.037193298,19.95682716369629,3799.999512,2646.966309,fe7f6d45766f2545
87.09761476516724,87.09765113,1789785131.6251018,0.034809112548828125,20.034074783325195,3799.999512,2648.226806640625,fe7f6d45a1832545
87.11757278442383,87.11760808,1789785131.6450598,0.03361702,19.958019256591797,3799.999512,2649.487305,fe7f6d45cc972545
87.13757324,87.13760865300037,1789785131.6650603,0.033855438232421875,20.000457763671875,3799.999512,2650.748047,fe7f6d45f8ab2545
87.15754342079163,87.15758608000033,1789785131.6850305,0.041007996,19.970178604125977,3799.999512,2652.008544921875,fe7f6d4523c02545
87.17753434181213,87.17757554300033,1789785131.7050214,0.039577484130859375,19.990921020507812,3794.285156,2653.269043,90246d454ed42545
87.19757390022278,87.19761019299995,1789785131.725061,0.034809112548828125,20.03955841064453,3794.285156,2654.529785,90246d457ae82545
87.21761775016785,87.21765335999999,1789785131.7451048,0.033855438232421875,20.04384994506836,3794.285156,2655.790283203125,90246d45a5fc2545
87.23752927780151,87.23756802800017,1789785131.7650163,0.037193298,19.911527633666992,3794.285156,2657.074707,90246d4532112645
87.25757074356079,87.25765419500021,1789785131.7850578,0.081777573,20.041465759277344,3794.285156,2658.335205078125,90246d455d252645
87.27757215499878,87.27761091799994,1789785131.8050592,0.03695488,20.00141143798828,3794.285156,2659.595947265625,90246d4589392645
87.29757356643677,87.29761012300014,1789785131.8250606,0.034809112548828125,20.00141143798828,3794.285156,2660.856445,90246d45b44d2645
87.31760883331299,87.31764445700037,1789785131.8450959,0.033855438232421875,20.035266876220703,3794.285156,2662.117188,90246d45e0612645
87.33741736412048,87.33751397600008,1789785131.8649044,0.095367432,19.808530807495117,3794.285156,2663.377685546875,90246d450b762645
87.35756731033325,87.35760703300002,1789785131.8850543,0.037908554,20.149946212768555,3794.285156,2664.662109,90246d45988a2645
87.37756943702698,87.37760811,1789785131.9050565,0.03695488,20.002126693725586,3794.285156,2665.922607421875,90246d45c39e2645
87.39759254455566,87.39764266400016,1789785131.9250796,0.04863739,20.023107528686523,3794.285156,2667.183105,90246d45eeb22645
87.41757011413574,87.41762685100002,1789785131.9450572,0.055074692,19.977569580078125,3794.285156,2668.443848,90246d451ac72645
87.43761110305786,87.43764753699998,1789785131.9650981,0.034570694,20.04098892211914,3794.285156,2669.728271484375,90246d45a7db2645
87.45756816864014,87.45760482,1789785131.9850552,0.035047531,19.95706558227539,3794.285156,2670.98877,90246d45d2ef2645
87.47756171226501,87.47760514900028,1789785132.0050488,0.041723251,19.99354362487793,3794.285156,2672.249267578125,90246d45fd032745
87.49756551,87.49760031699998,1789785132.0250525,0.033140182,20.003795623779297,3799.999512,2673.510009765625,fe7f6d4529182745
87.51756525039673,87.51760242900036,1789785132.0450523,0.035524368,19.99974250793457,3799.999512,2674.770508,fe7f6d45542c2745
87.53760838508606,87.53764475,1789785132.0650954,0.034809112548828125,20.043134689331055,3799.999512,2676.054931640625,fe7f6d45e1402745
87.55761623382568,87.55765226400035,1789785132.0851033,0.034332275,20.007848739624023,3799.999512,2677.31543,fe7f6d450c552745
87.57757186889648,87.57761532099994,1789785132.105059,0.04196167,19.95563507080078,3799.999512,2678.576172,fe7f6d4538692745
87.59756875038147,87.59760835900033,1789785132.1250558,0.038146973,19.99688148498535,3799.999512,2679.836669921875,fe7f6d45637d2745
87.61753964424133,87.61758752600008,1789785132.1450267,0.046253204345703125,19.97089385986328,3799.999512,2681.097168,fe7f6d458e912745
87.63754487037659,87.63758519400017,1789785132.165032,0.038623809814453125,20.005226135253906,3799.999512,2682.381591796875,fe7f6d451ba62745
87.65753602981567,87.65757721299997,1789785132.185023,0.039577484130859375,19.991159439086914,3799.999512,2683.642333984375,fe7f6d4547ba2745
87.67752814292908,87.6775659,1789785132.2050152,0.036001205,19.99211311340332,3799.999512,2684.902832,fe7f6d4572ce2745
87.69756794,87.69760388,1789785132.225055,0.034332275,20.039796829223633,3799.999512,2686.163330078125,fe7f6d459de22745
87.71761131286621,87.71764723,1789785132.2450984,0.034093857,20.043373107910156,3805.713867,2687.424072265625,6cdb6d45c9f62745
87.73757934570312,87.73762151300025,1789785132.2650664,0.040531158447265625,19.968032836914062,3799.999512,2688.708496,fe7f6d45560b2845
87.75760555267334,87.75764690300002,1789785132.2850926,0.039577484130859375,20.026206970214844,3799.999512,2689.968994140625,fe7f6d45811f2845
87.77759766578674,87.77763525499995,1789785132.3050847,0.035762786865234375,19.99211311340332,3799.999512,2691.229492,fe7f6d45ac332845
87.7976017,87.79763746000026,1789785132.3250887,0.034093857,20.00403404,3799.999512,2692.490234,fe7f6d45d8472845
87.81756114959717,87.81759678,1789785132.3450482,0.033855438232421875,19.959449768066406,3799.999512,2693.774658203125,fe7f6d45655c2845
87.83752274513245,87.83755825800017,1789785132.3650098,0.033855438232421875,19.96159553527832,3799.999512,2695.035156,fe7f6d4590702845
87.85756206512451,87.85759766599995,1789785132.385049,0.033855438232421875,20.03931999206543,3799.999512,2696.295654296875,fe7f6d45bb842845
87.87755846977234,87.87759407500016,1789785132.4050455,0.033855438232421875,19.99640464782715,3799.999512,2697.556396484375,fe7f6d45e7982845
87.89756298065186,87.89759846400011,1789785132,0.03361702,20.00451088,3805.713867,2698.840576171875,6cdb6d4573ad2845
87.91755533218384,87.91759394700011,1789785132.4450424,0.03695488,19.992351531982422,3805.713867,2700.101318359375,6cdb6d459fc12845
87.93755698,87.93759330000012,1789785132.465044,0.034809112548828125,20.001649856567383,3805.713867,2701.361816,6cdb6d45cad52845
87.95760560035706,87.95764133800003,1789785132.4850926,0.034093857,20.04861831665039,3799.999512,2702.646240234375,fe7f6d4557ea2845
87.97759962081909,87.97763535700005,1789785132.5050867,0.034093857,19.994020462036133,3799.999512,2703.906738,fe7f6d4582fe2845
87.99751925468445,87.99755474700032,1789785132.5250063,0.033855438232421875,19.919633865356445,3805.713867,2705.16748,6cdb6d45ae122945
88.01755857467651,88.01759382199998,1789785132.5450456,0.03361702,20.03931999206543,3805.713867,2706.427978515625,6cdb6d45d9262945
88.03755593299866,88.03759123000009,1789785132.565043,0.03361702,19.997358322143555,3805.713867,2707.712402,6cdb6d45663b2945
88.05751252174377,88.05754830500018,1789785132.5849996,0.034093857,19.956588745117188,3805.713867,2708.972900390625,6cdb6d45914f2945
88.07755398750305,88.07758875000036,1789785132.605041,0.033140182,20.041465759277344,3805.713867,2710.233642578125,6cdb6d45bd632945
88.09756278991699,88.09759799200037,1789785132.6250498,0.03361702,20.00880241394043,3805.713867,2711.494141,6cdb6d45e8772945
88.11759829521179,88.11763340000016,1789785132.6450853,0.033378601,20.035505294799805,3805.713867,2712.778564453125,6cdb6d45758c2945
88.13751864433289,88.13755477099994,1789785132.6650057,0.034332275,19.92034912109375,3805.713867,2714.039063,6cdb6d45a0a02945
88.15752148628235,88.15756519800016,1789785132.6850085,0.042200089,20.00284194946289,3805.713867,2715.299805,6cdb6d45ccb42945
88.17755484580994,88.17759875499996,1789785132.705042,0.042200089,20.03335952758789,3805.713867,2716.560302734375,6cdb6d45f7c82945
88.19755959510803,88.19760249599994,1789785132.7250466,0.041246414,20.004749298095703,3805.713867,2717.844727,6cdb6d4584dd2945
88.21755933761597,88.21759883100003,1789785132.7450464,0.037670135498046875,19.99974250793457,3805.713867,2719.105224609375,6cdb6d45aff12945
88.23758935928345,88.23762772000009,1789785132.7650764,0.036716461181640625,20.03002166748047,3799.999512,2720.365966796875,fe7f6d45db052a45
88.25755667686462,88.25760772100011,1789785132.7850437,0.049352646,19.967317581176758,3799.999512,2721.626465,fe7f6d45061a2a45
88.27755641937256,88.27759277800033,1789785132.8050435,0.034809112548828125,19.99974250793457,3799.999512,2722.910888671875,fe7f6d45932e2a45
88.29755282402039,88.29759229699994,1789785132.8250399,0.037908554,19.99640464782715,3799.999512,2724.171387,fe7f6d45be422a45
88.31754779815674,88.31758437200006,1789785132.8450348,0.035047531,19.99497413635254,3799.999512,2725.432129,fe7f6d45ea562a45
88.33758521080017,88.33762746599996,1789785132.8650723,0.040531158447265625,20.037412643432617,3805.713867,2726.692626953125,6cdb6d45156b2a45
88.35737752914429,88.35743563300002,1789785132.8848646,0.056505203,19.79231834411621,3805.713867,2727.953125,6cdb6d45407f2a45
88.37751007080078,88.37754781900003,1789785132.904997,0.036001205,20.13254165649414,3805.713867,2729.237548828125,6cdb6d45cd932a45
88.39757227897644,88.39762093100035,1789785132.9250593,0.047206878662109375,20.06220817565918,3799.999512,2730.498047,fe7f6d45f8a72a45
88.41755318641663,88.41759149,1789785132.9450402,0.036716461181640625,19.980907440185547,3799.999512,2731.758789,fe7f6d4524bc2a45
88.43754935264587,88.43758634000005,1789785132.9650364,0.03528595,19.996166229248047,3799.999512,2733.019287109375,fe7f6d454fd02a45
88.45758962631226,88.45762600800026,1789785132.9850767,0.034570694,20.040273666381836,3799.999512,2734.280029296875,fe7f6d457be42a45
88.47755146026611,88.47759250900026,1789785133.0050385,0.039577484130859375,19.961833953857422,3799.999512,2735.540527,fe7f6d45a6f82a45
88.49758887290955,88.49762612099994,1789785133.025076,0.035524368,20.037412643432617,3799.999512,2736.824951171875,fe7f6d45330d2b45
88.5175941,88.51763014000016,1789785133.0450811,0.034332275,20.005226135253906,3799.999512,2738.085449,fe7f6d455e212b45
88.53758287,88.53761954900028,1789785133,0.035047531,19.98877525,3799.999512,2739.346191,fe7f6d458a352b45
88.55758714675903,88.55762356800005,1789785133.0850742,0.034809112548828125,20.00427246,3799.999512,2740.606689453125,fe7f6d45b5492b45
88.57754921913147,88.57758512400005,1789785133.1050363,0.034332275,19.962072372436523,3794.285156,2741.867188,90246d45e05d2b45
88.59750866889954,88.59754753300012,1789785133.1249957,0.037193298,19.959449768066406,3794.285156,2743.12793,90246d450c722b45
88.61758804321289,88.61762421899994,1789785133.145075,0.034332275,20.079374313354492,3794.285156,2744.388427734375,90246d4537862b45
88.63754653930664,88.63758236800004,1789785133.1650336,0.034093857,19.95849609,3794.285156,2745.648926,90246d45629a2b45
88.65755152702332,88.65759322000031,1789785133.1850386,0.040054321,20.004987716674805,3794.285156,2746.909668,90246d458eae2b45
88.67751026153564,88.67754870299996,1789785133.2049973,0.036716461181640625,19.95873451,3794.285156,2748.170166015625,90246d45b9c22b45
88.69759488105774,88.69763346300033,1789785133.225082,0.03695488,20.084619522094727,3794.285156,2749.45459,90246d4546d72b45
88.71754312515259,88.71757990800006,1789785133.2450302,0.035047531,19.948244094848633,3794.285156,2750.715087890625,90246d4571eb2b45
88.73758268356323,88.73762202000034,1789785133.2650697,0.037670135498046875,20.03955841064453,3794.285156,2751.975830078125,90246d459dff2b45
88.75758743286133,88.75762659500015,1789785133.2850745,0.037670135498046875,20.004749298095703,3794.285156,2753.236328,90246d45c8132c45
88.77750182151794,88.77753878,1789785133.3049889,0.03528595,19.91438865661621,3794.285156,2754.496826171875,90246d45f3272c45
88.79754424095154,88.79758087500022,1789785133.3250313,0.035047531,20.04241943359375,3794.285156,2755.757568359375,90246d451f3c2c45
88.81758522987366,88.81762480199995,1789785133.3450723,0.037908554,20.04098892211914,3794.285156,2757.018066,90246d454a502c45
88.83754014968872,88.83757928400018,1789785133.3650272,0.037431717,19.954919815063477,3788.570801,2758.278809,22c96c4576642c45
88.85757827758789,88.85761458100023,1789785133.3850653,0.034809112548828125,20.038127899169922,3794.285156,2759.539306640625,90246d45a1782c45
88.87749910354614,88.87753458199995,1789785133.4049861,0.033855438232421875,19.920825958251953,3794.285156,2760.799805,90246d45cc8c2c45
88.89754081,88.89757697200002,1789785133.4250278,0.034570694,20.041704177856445,3788.570801,2762.060547,22c96c45f8a02c45
88.91758751869202,88.91762789900031,1789785133.4450746,0.038862228,20.046710968017578,3788.570801,2763.344970703125,22c96c4585b52c45
88.93759226799011,88.93763032600009,1789785133.4650793,0.036478043,20.004749298095703,3788.570801,2764.605469,22c96c45b0c92c45
88.95757818222046,88.95761562300004,1789785133.4850652,0.035762786865234375,19.98591423034668,3788.570801,2765.865966796875,22c96c45dbdd2c45
88.97753953933716,88.97757610500003,1789785133.5050266,0.034809112548828125,19.96135711669922,3788.570801,2767.126708984375,22c96c4507f22c45
88.99763751029968,88.99767416,1789785133.5251245,0.034809112548828125,20.097970962524414,3788.570801,2768.387207,22c96c4532062d45
89.01757526397705,89.01761068099995,1789785133.5450623,0.033855438232421875,19.937753677368164,3788.570801,2769.647705078125,22c96c455d1a2d45
89.03753590583801,89.03757581100035,1789785133.565023,0.038146973,19.960641860961914,3788.570801,2770.908447265625,22c96c45892e2d45
89.05758881568909,89.05762547900031,1789785133.5850759,0.035047531,20.05290985107422,3788.570801,2772.168945,22c96c45b4422d45
89.07758736610413,89.07762348000006,1789785133.6050744,0.034332275,19.998550415039062,3794.284912109375,2773.429688,8f246d45e0562d45
89.09765053,89.09768598100027,1789785133.6251376,0.033855438232421875,20.063161849975586,3794.284912109375,2774.690185546875,8f246d450b6b2d45
89.11761164665222,89.11766255600014,1789785133.6450987,0.049114227294921875,19.961118698120117,3788.570801,2775.950684,22c96c45367f2d45
89.13773417,89.13776878,1789785133.6652212,0.032901763916015625,20.122528076171875,3788.570801,2777.211426,22c96c4562932d45
89.15755820274353,89.15758426100001,1789785133.6850452,0.024318695068359375,19.82402801513672,3794.284912109375,2778.495605,8f246d45eea72d45
89.17753195762634,89.17755991000013,1789785133.705019,0.026226043701171875,19.97375488,3794.285156,2779.756348,90246d451abc2d45
89.19749426841736,89.19759487400006,1789785133.7249813,0.098705292,19.962310791015625,3794.285156,2781.016845703125,90246d4545d02d45
89.21750188,89.21755371,1789785133.744989,0.050067901611328125,20.007610321044922,3794.285156,2782.277587890625,90246d4571e42d45
89.23753309249878,89.23760515,1789785133.7650201,0.070333481,20.031213760375977,3799.999512,2783.538086,fe7f6d459cf82d45
89.25757670402527,89.25761906200023,1789785133.7850637,0.040531158447265625,20.043611526489258,3799.999512,2784.822509765625,fe7f6d45290d2e45
89.27753305,89.27757458099995,1789785134,0.040054321,19.956350326538086,3799.999512,2786.083008,fe7f6d4554212e45
89.29753398895264,89.29757497100036,1789785133.825021,0.039339066,20.000934600830078,3799.999512,2787.34375,fe7f6d4580352e45
89.31753754615784,89.31763104600032,1789785133.8450246,0.091791153,20.003557205200195,3799.999512,2788.604248046875,fe7f6d45ab492e45
89.33752751350403,89.33756631,1789785133.8650146,0.037193298,19.989967346191406,3799.999512,2789.888672,fe7f6d45385e2e45
89.35757327079773,89.35767984400036,1789785133.8850603,0.1049041748046875,20.045757293701172,3799.999512,2791.149169921875,fe7f6d4563722e45
89.37750148773193,89.37754201200005,1789785133.9049885,0.038862228,19.92821693,3799.999512,2792.409668,fe7f6d458e862e45
89.39756131,89.39760351300038,1789785133.9250484,0.040531158447265625,20.059823989868164,3799.999512,2793.67041,fe7f6d45ba9a2e45
89.41756343841553,89.41764660600029,1789785133.9450505,0.081539154,20.002126693725586,3799.999512,2794.954833984375,fe7f6d4547af2e45
89.43749428,89.43753642,1789785133.9649813,0.040531158447265625,19.93083953857422,3805.713867,2796.215332,6cdb6d4572c32e45
89.45750117301941,89.45754320000015,1789785133.9849882,0.04029274,20.006895065307617,3805.713867,2797.475830078125,6cdb6d459dd72e45
89.47752952575684,89.47757005300036,1789785134.0050166,0.038862228,20.028352737426758,3805.713867,2798.736572265625,6cdb6d45c9eb2e45
89.49753856658936,89.49761716500007,1789785134.0250256,0.077009201,20.00904083251953,3799.999512,2800.020996,fe7f6d4556002f45
89.51756477355957,89.51760553700024,1789785134.0450518,0.039339066,20.026206970214844,3799.999512,2801.281494140625,fe7f6d4581142f45
89.53757858276367,89.53761933400028,1789785134.0650656,0.039100647,20.013809204101562,3799.999512,2802.541992,fe7f6d45ac282f45
89.55756759643555,89.55760822399998,1789785134.0850546,0.039100647,19.98901367,3805.713867,2803.826416015625,6cdb6d45393d2f45
89.57750082015991,89.57754165000006,1789785134.1049879,0.039100647,19.933223724365234,3805.713867,2805.087158203125,6cdb6d4565512f45
89.59751272201538,89.59755339200001,1789785134.1249998,0.039100647,20.01190185546875,3805.713867,2806.347656,6cdb6d4590652f45
89.61752104759216,89.61761583700036,1789785134.145008,0.093221664,20.008325576782227,3805.713867,2807.632080078125,6cdb6d451d7a2f45
89.63749575614929,89.63754883800038,1789785134.1649828,0.051498413,19.974708557128906,3805.713867,2808.892578,6cdb6d45488e2f45
89.65736317634583,89.65746885700037,1789785134.1848502,0.10442733764648438,19.867420196533203,3811.428223,2810.153076171875,da366e4573a22f45
89.67748856544495,89.67754600600028,1789785134.2049756,0.055789947509765625,20.125389099121094,3805.713867,2811.4375,6cdb6d4500b72f45
89.69753432273865,89.69761932200026,1789785134.2250214,0.083208084,20.045757293701172,3805.713867,2812.698242,6cdb6d452ccb2f45
89.71752643585205,89.71759199000007,1789785134.2450135,0.064134598,19.99211311340332,3805.713867,2813.958740234375,6cdb6d4557df2f45
89.73752617835999,89.73765069499996,1789785134.2650132,0.12302398681640625,19.99974250793457,3805.713867,2815.219238,6cdb6d4582f32f45
89.75753021240234,89.75759432500035,1789785134.2850173,0.062465667724609375,20.00403404,3805.713867,2816.503662109375,6cdb6d450f083045
89.77752733230591,89.77758264100021,1789785134.3050144,0.05364418,19.997119903564453,3811.428223,2817.764404296875,da366e453b1c3045
89.79752731323242,89.79759227100021,1789785134.3250144,0.063419342,19.999980926513672,3805.713867,2819.024902,6cdb6d4566303045
89.81754493713379,89.81759893900016,1789785134.345032,0.052452087,20.017623901367188,3805.713867,2820.309326171875,6cdb6d45f3443045
89.83753061294556,89.83759316,1789785134.3650177,0.060796738,19.985675811767578,3805.713867,2821.569824,6cdb6d451e593045
89.85752820968628,89.85759413,1789785134.3850152,0.064373016,19.997596740722656,3805.713867,2822.830566,6cdb6d454a6d3045
89.87748408317566,89.87754092,1789785134.4049711,0.055074692,19.955873489379883,3805.713867,2824.091064453125,6cdb6d4575813045
89.89753246307373,89.89758707200008,1789785134.4250195,0.052928924560546875,20.04837989807129,3805.713867,2825.375488,6cdb6d4502963045
89.91752958,89.91758222099998,1789785134.4450166,0.050783157,19.997119903564453,3805.713867,2826.635986328125,6cdb6d452daa3045
89.93749356269836,89.93755483300038,1789785134.4649806,0.059843063,19.963979721069336,3805.713867,2827.896484,6cdb6d4558be3045
89.95759510993958,89.95764813000005,1789785134.4850821,0.051498413,20.101547241210938,3805.713867,2829.180908203125,6cdb6d45e5d23045
89.97748017311096,89.97753422400001,1789785134.5049672,0.052452087,19.88506317138672,3805.713867,2830.441650390625,6cdb6d4511e73045
89.99751973,89.99756931699994,1789785134.5250068,0.047922134,20.03955841064453,3805.713867,2831.702148,6cdb6d453cfb3045
90.01759243011475,90.01811002300019,1789785134.5450795,0.5164146423339844,20.07269859313965,3805.713867,2832.986572265625,6cdb6d45c90f3145
90.03750348091125,90.03761281900006,1789785134.5649905,0.10776519775390625,19.91105079650879,3805.713867,2834.318359,6cdb6d4518253145
90.05748510360718,90.05752693100021,1789785134.5849721,0.040054321,19.98162269592285,3828.571289,2835.650391,24496f45683a3145
90.0774827,90.07752328400011,1789785134.6049697,0.038862228,19.997596740722656,3862.856934,2837.006103515625,b66d714519503145
90.09747910499573,90.09752134000018,1789785134.6249661,0.040769577,19.99640464782715,3862.856934,2838.361816,b66d7145ca653145
90.11747956,90.11752026700015,1789785134.6449666,0.039339066,20.000457763671875,3897.142578,2839.717529296875,489273457b7b3145
90.13748121261597,90.13752150800019,1789785134.6649683,0.038623809814453125,20.001649856567383,3897.142578,2841.073242,489273452c913145
90.15752720832825,90.15757194,1789785134.6850142,0.042915344,20.045995712280273,3919.999512,2842.428955078125,feff7445dda63145
90.17752003669739,90.17756065799995,1789785134.705007,0.038862228,19.992828369140625,3959.999512,2843.784912109375,fe7f77458fbc3145
90.19756937026978,90.19761045600035,1789785134.7250564,0.039577484130859375,20.049333572387695,3959.999512,2845.140625,fe7f774540d23145
90.21756076812744,90.21760231,1789785134.7450478,0.040054321,19.991397857666016,3988.570801,2846.496337890625,22497945f1e73145
90.23752951622009,90.23757088299999,1789785134.7650166,0.039815903,19.968748092651367,4022.856445,2847.852051,b46d7b45a2fd3145
90.25747394561768,90.25751460600031,1789785134.784961,0.038862228,19.944429397583008,4022.856445,2849.183837890625,b46d7b45f1123245
90.27751708,90.27757036699995,1789785134.8050041,0.051736832,20.043134689331055,4051.427734,2850.539551,d8367d45a2283245
90.29756093025208,90.29760227500037,1789785134.825048,0.039815903,20.04384994506836,4062.856201171875,2851.895263671875,b3ed7d45533e3245
90.31755590438843,90.31759603499995,1789785134.845043,0.038385391,19.99497413635254,4062.856201171875,2853.251220703125,b3ed7d4505543245
90.33751797676086,90.33755794300032,1789785134.865005,0.038385391,19.962072372436523,4062.856201171875,2854.606934,b3ed7d45b6693245
90.35750198364258,90.35775077800008,1789785134.884989,0.2472400665283203,19.984006881713867,4062.856201171875,2855.962646484375,b3ed7d45677f3245
90.37733864784241,90.37739715,1789785134.9048257,0.05698204,19.8366642,4062.856201171875,2857.318359,b3ed7d4518953245
90.39751482009888,90.39757813100005,1789785134.9250019,0.061511993408203125,20.176172256469727,4068.570556640625,2858.674072265625,21497e45c9aa3245
90.41753339767456,90.41759352100007,1789785134.9450204,0.058412552,20.018577575683594,4068.570556640625,2860.029785,21497e457ac03245
90.43756843,90.43763170700004,1789785134.9650555,0.061750412,20.03502846,4062.856445,2861.385498046875,b4ed7d452bd63245
90.45751786231995,90.45758117100013,1789785134.985005,0.061511993408203125,19.94943618774414,4068.570556640625,2862.717529296875,21497e457beb3245
90.47751927375793,90.47758363499997,1789785135.0050063,0.062704086,20.00141143798828,4068.570556640625,2864.073242,21497e452c013345
90.49753475189209,90.49763586,1789785135.0250218,0.099420547,20.015478134155273,4062.856201171875,2865.428955078125,b3ed7d45dd163345
90.51750826835632,90.51756954400025,1789785135.0449953,0.059604644775390625,19.97351646,4062.856201171875,2866.784668,b3ed7d458e2c3345
90.53751445,90.53757734100009,1789785135.0650015,0.061273575,20.006179809570312,4062.856201171875,2868.140380859375,b3ed7d453f423345
90.55755853652954,90.55762032400025,1789785135.0850456,0.060081482,20.04408836364746,4062.856201171875,2869.496094,b3ed7d45f0573345
90.57752609,90.57759271300029,1789785135.1050131,0.065088272,19.96755599975586,4062.856201171875,2870.851806640625,b3ed7d45a16d3345
90.59756779670715,90.59763228800011,1789785135.1250548,0.062942505,20.041704177856445,4062.856201171875,2872.20752,b3ed7d4552833345
90.61753487586975,90.61764979,1789785135.145022,0.11324882507324219,19.967079162597656,4062.856201171875,2873.563232421875,b3ed7d4503993345
90.63751482963562,90.63758097500022,1789785135.1650019,0.064373016,19.97995376586914,4062.856201171875,2874.895263671875,b3ed7d4553ae3345
90.65747976,90.65754914300032,1789785135.1849668,0.067710876,19.964933395385742,4062.856201171875,2876.250977,b3ed7d4504c43345
90.67748236656189,90.67753888400011,1789785135.2049694,0.055074692,20.00260353088379,4062.856201171875,2877.606689453125,b3ed7d45b5d93345
90.69751310348511,90.69756879,1789785135.2250001,0.054121017,20.030736923217773,4062.856201171875,2878.962402,b3ed7d4566ef3345
90.7175498,90.71761218300026,1789785135.2450368,0.060558319091796875,20.036697387695312,4062.856201171875,2880.318115234375,b3ed7d4517053445
90.73757934570312,90.73769074,1789785135.2650664,0.10967254638671875,20.029544830322266,4068.570556640625,2881.673828,21497e45c81a3445
90.75751614570618,90.75756514700015,1789785135.2850032,0.047445297,19.936800003051758,4068.570556640625,2883.029541015625,21497e4579303445
90.77751517295837,90.77756918500017,1789785135.3050022,0.052213669,19.999027252197266,4068.570556640625,2884.385254,21497e452a463445
90.79750943183899,90.79756444500026,1789785135.3249965,0.053405762,19.994258880615234,4068.570556640625,2885.740966796875,21497e45db5b3445
90.81754684448242,90.81760933500027,1789785135.345034,0.060796738,20.037412643432617,4068.570556640625,2887.09668,21497e458c713445
90.83732986450195,90.83739964999995,1789785135.364817,0.068187714,19.78302001953125,4068.570556640625,2888.452392578125,21497e453d873445
90.85752964019775,90.85759561500026,1789785135.3850167,0.064373016,20.19977569580078,4068.570556640625,2889.808349609375,21497e45ef9c3445
90.87747406959534,90.87753238,1789785135.404961,0.056743621826171875,19.944429397583008,4068.570556640625,2891.164063,21497e45a0b23445
90.89750647544861,90.89757130199996,1789785135.4249935,0.063180923,20.032405853271484,4068.570556640625,2892.519775390625,21497e4551c83445
90.91750860214233,90.91757135800026,1789785135.4449956,0.061035156,20.002126693725586,4068.570556640625,2893.875488,21497e4502de3445
90.93750405311584,90.93756660000008,1789785135.464991,0.060796738,19.995450973510742,4068.570556640625,2895.231201171875,21497e45b3f33445
90.95751881599426,90.95757297099999,1789785135.4850059,0.052452087,20.01476287841797,4068.570556640625,2896.586914,21497e4564093545
90.97750687599182,90.97756216,1789785135.504994,0.05364418,19.988059997558594,4068.570556640625,2897.942626953125,21497e45151f3545
90.99746465682983,90.99751767600037,1789785135.5249517,0.051259995,19.957780838012695,4068.570556640625,2899.29834,21497e45c6343545
91.01754665374756,91.01761594,1789785135.5450337,0.067710876,20.08199691772461,4068.570556640625,2900.654052734375,21497e45774a3545
91.03755164146423,91.03761827100016,1789785135.5650387,0.064849854,20.004987716674805,4068.570556640625,2902.009766,21497e4528603545
91.05750751495361,91.05756536400031,1789785135.5849946,0.056266785,19.955873489379883,4068.570556640625,2903.365478515625,21497e45d9753545
91.07746934890747,91.07752512,1789785135.6049564,0.054121017,19.961833953857422,4068.570556640625,2904.721191,21497e458a8b3545
91.09754824638367,91.09761094000032,1789785135.6250353,0.061273575,20.07889747619629,4068.570556640625,2906.076904296875,21497e453ba13545
91.11754322052002,91.11760516300001,1789785135.6450303,0.060319901,19.99497413635254,4068.570556640625,2907.432617,21497e45ecb63545
91.13749980926514,91.13756231200023,1789785135.6649868,0.061035156,19.956588745117188,4068.570556640625,2908.788330078125,21497e459dcc3545
91.15751504898071,91.15756836900027,1789785135.685002,0.051498413,20.015239715576172,4074.284912109375,2910.144287109375,8fa47e454fe23545
91.17750263214111,91.17756425800007,1789785135.7049897,0.059843063,19.98758316040039,4074.284912109375,2911.5,8fa47e4500f83545
91.19750332832336,91.19756563,1789785135.7249904,0.060796738,20.000696182250977,4074.284912109375,2912.856689453125,8fa47e45b50d3645
91.21751141548157,91.21764113100016,1789785135.7449985,0.12826919555664062,20.008087158203125,4074.284912109375,2914.222412109375,8fa47e458f233645
91.23750829696655,91.23760764999997,1789785135.7649953,0.097751617,19.99688148498535,4074.284912109375,2915.587891,8fa47e4568393645
91.25746679,91.25753592900037,1789785135.7849538,0.067234039,19.95849609,4074.284912109375,2916.953613,8fa47e45424f3645
91.27754616737366,91.27767524499995,1789785135.8050332,0.12755393981933594,20.079374313354492,4074.284912109375,2918.319091796875,8fa47e451b653645
91.29750514030457,91.29756894900038,1789785135.8249922,0.061988831,19.958972930908203,4074.284912109375,2919.684814453125,8fa47e45f57a3645
91.31732082366943,91.31738900500022,1789785135.8448079,0.066518784,19.815683364868164,4074.284912109375,2921.050537109375,8fa47e45cf903645
91.33754634857178,91.33760934,1789785135.8650334,0.061273575,20.22552490234375,4074.284912109375,2922.416016,8fa47e45a8a63645
91.35753489,91.35781076700005,1789785135.885022,0.27441978454589844,19.988536834716797,4074.284912109375,2923.781738,8fa47e4582bc3645
91.37753796577454,91.37789237900006,1789785135.905025,0.3533363342285156,20.003080368041992,4074.284912109375,2925.147216796875,8fa47e455bd23645
91.39754247665405,91.39809812,1789785135.9250295,0.5538463592529297,20.00451088,4068.570801,2926.512939453125,22497e4535e83645
91.41755509376526,91.41789345500001,1789785135.9450421,0.3371238708496094,20.012617111206055,4068.570801,2927.878662109375,22497e450ffe3645
91.43758225440979,91.43812884499994,1789785135.9650693,0.545501709,20.02716064453125,4068.570556640625,2929.244141,21497e45e8133745
91.45754384994507,91.45950027500021,1789785135.985031,1.954793930053711,19.96159553527832,4068.570556640625,2930.609863,21497e45c2293745
91.47749042510986,91.47753478999994,1789785136.0049775,0.042676926,19.946575164794922,4068.570556640625,2931.975341796875,21497e459b3f3745
91.49753356,91.49757573600027,1789785136.0250206,0.040531158447265625,20.043134689331055,4068.570556640625,2933.341064453125,21497e4575553745
91.51753354072571,91.51757381100015,1789785136.0450206,0.038862228,19.999980926513672,4068.570556640625,2934.706787109375,21497e454f6b3745
91.53749370574951,91.53753064500006,1789785136.0649807,0.03528595,19.96016502380371,4068.570556640625,2936.072266,21497e4528813745
91.55749583244324,91.55753189,1789785136.0849829,0.034570694,20.002126693725586,4068.570556640625,2937.437988,21497e4502973745
91.57748961,91.57752875799997,1789785136.1049767,0.037670135498046875,19.99378204345703,4068.570556640625,2938.803466796875,21497e45dbac3745
91.59753155708313,91.59757261100003,1789785136.1250186,0.039339066,20.041942596435547,4068.570556640625,2940.169189453125,21497e45b5c23745
91.61753296852112,91.61756942600005,1789785136,0.034809112548828125,20.00141143798828,4068.570556640625,2941.534912109375,21497e458fd83745
91.63753414154053,91.63757028,1789785136.1650212,0.034570694,20.00117301940918,4068.570556640625,2942.900391,21497e4568ee3745
91.65753149986267,91.65756761300008,1789785136.1850185,0.034332275,19.997358322143555,4068.570556640625,2944.266113,21497e4542043845
91.6775291,91.67756559600002,1789785136.2050161,0.034809112548828125,19.997596740722656,4074.284912109375,2945.631591796875,8fa47e451b1a3845
91.69758629798889,91.69762276300025,1789785136.2250733,0.034809112548828125,20.057201385498047,4074.284912109375,2946.997314453125,8fa47e45f52f3845
91.71748971939087,91.71752578199994,1789785136.2449768,0.034332275,19.90342140197754,4074.284912109375,2948.363037109375,8fa47e45cf453845
91.73765206336975,91.73770441,1789785136.265139,0.050783157,20.162343978881836,4068.570556640625,2949.728516,21497e45a85b3845
91.75765037536621,91.75769048800021,1789785136.2851374,0.038385391,19.99831199645996,4068.570556640625,2951.094238,21497e4582713845
91.77753544,91.77757304400029,1789785136.3050225,0.035762786865234375,19.88506317138672,4068.570556640625,2952.435791015625,21497e45f9863845
91.79758024215698,91.79761760100018,1789785136.3250673,0.035524368,20.044803619384766,4068.570556640625,2953.801513671875,21497e45d39c3845
91.81757378578186,91.81768299100031,1789785136.3450608,0.10752677917480469,19.99354362487793,4068.570556640625,2955.166992,21497e45acb23845
91.83745002746582,91.83748834300013,1789785136.364937,0.036716461181640625,19.87624168395996,4068.570556640625,2956.532715,21497e4586c83845
91.85746765136719,91.85753615900012,1789785136.3849547,0.066757202,20.017623901367188,4068.570556640625,2957.898438,21497e4560de3845
91.87749147415161,91.87753035,1789785136.4049785,0.037193298,20.023822784423828,4068.570556640625,2959.263916015625,21497e4539f43845
91.89748883247375,91.89752758700024,1789785136.4249759,0.037193298,19.997358322143555,4068.570556640625,2960.629638671875,21497e45130a3945
91.91746044158936,91.91749706900009,1789785136.4449475,0.035047531,19.971609115600586,4068.570556640625,2961.995117,21497e45ec1f3945
91.93744897842407,91.93748551399995,1789785136.464936,0.034809112548828125,19.988536834716797,4062.856445,2963.36084,b4ed7d45c6353945
91.95745325088501,91.95748992300014,1789785136.4849403,0.035047531,20.00427246,4062.856201171875,2964.726563,b3ed7d45a04b3945
91.97750091552734,91.97754305300032,1789785136.504988,0.04029274,20.047664642333984,4062.856201171875,2966.092041015625,b3ed7d4579613945
91.99748802185059,91.99752653600035,1789785136.524975,0.03695488,19.987106323242188,4068.570556640625,2967.457763671875,21497e4553773945
92.01752662658691,92.01756322200026,1789785136.5450137,0.034809112548828125,20.038604736328125,4068.570556640625,2968.823242,21497e452c8d3945
92.03745532035828,92.03749146300015,1789785136.5649424,0.034570694,19.928693771362305,4068.570556640625,2970.165039,21497e45a4a23945
92.05749535560608,92.05753113100036,1789785136.5849824,0.034093857,20.040035247802734,4068.570556640625,2971.530517578125,21497e457db83945
92.07743954658508,92.07747724299998,1789785136.6049266,0.036001205,19.944190979003906,4068.570556640625,2972.896240234375,21497e4557ce3945
92.09748101234436,92.09751663299994,1789785136.624968,0.033855438232421875,20.041465759277344,4068.570556640625,2974.261962890625,21497e4531e43945
92.11751794815063,92.11755380000022,1789785136.645005,0.034093857,20.036935806274414,4068.570556640625,2975.627441,21497e450afa3945
92.13748145103455,92.13751789400021,1789785136.6649685,0.034809112548828125,19.963502883911133,4068.570556640625,2976.993164,21497e45e40f3a45
92.15745067596436,92.15749450600015,1789785136.6849377,0.042200089,19.96922492980957,4068.570556640625,2978.358642578125,21497e45bd253a45
92.17752337,92.17755930300018,1789785136.7050104,0.034332275,20.07269859313965,4068.570556640625,2979.724365234375,21497e45973b3a45
92.19748235,92.19751769300001,1789785136.7249694,0.03361702,19.958972930908203,4068.570556640625,2981.090087890625,21497e4571513a45
92.21748542785645,92.21752178600036,1789785136.7449725,0.034570694,20.003080368041992,4068.570556640625,2982.455566,21497e454a673a45
92.23752737045288,92.23756391699999,1789785136.7650144,0.035047531,20.041942596435547,4068.570556640625,2983.821289,21497e45247d3a45
92.25752830505371,92.25757039900009,1789785136.7850153,0.04029274,20.000934600830078,4068.570556640625,2985.186767578125,21497e45fd923a45
92.27748155593872,92.27752845500027,1789785136.8049686,0.045061111,19.953250885009766,4062.856201171875,2986.528564453125,b3ed7d4575a83a45
92.29744482040405,92.29748388200005,1789785136.8249319,0.037431717,19.96326446533203,4062.856201171875,2987.894287109375,b3ed7d454fbe3a45
92.31748151779175,92.3175177,1789785136.8449686,0.034332275,20.036697387695312,4062.856201171875,2989.259766,b3ed7d4528d43a45
92.33751988,92.33755588400027,1789785136.865007,0.034570694,20.038366317749023,4068.570556640625,2990.625488,21497e4502ea3a45
92.35752391815186,92.35760783000023,1789785136.885011,0.08225441,20.00403404,4062.856201171875,2991.990966796875,b3ed7d45dbff3a45
92.37747168540955,92.37750658999994,1789785136.9049587,0.033378601,19.94776725769043,4062.856201171875,2993.356689453125,b3ed7d45b5153b45
92.39745497703552,92.39749723900013,1789785136.924942,0.040769577,19.983291625976562,4068.570556640625,2994.722412109375,21497e458f2b3b45
92.417485,92.41767655500007,1789785136.944972,0.19025802612304688,20.03002166748047,4068.570556640625,2996.087891,21497e4568413b45
92.43747377,92.43753540700027,1789785136.9649608,0.059843063,19.98877525,4062.856201171875,2997.453613,b3ed7d4542573b45
92.45748209953308,92.45755885200015,1789785136.9849691,0.075101852,20.008325576782227,4068.570556640625,2998.819091796875,21497e451b6d3b45
92.47751998901367,92.47758518699993,1789785137.005007,0.063657761,20.03788948059082,4068.570556640625,3000.184814453125,21497e45f5823b45
92.49746561050415,92.49755909500027,1789785137.0249527,0.091791153,19.945621490478516,4062.856201171875,3001.550537109375,b3ed7d45cf983b45
92.51747560501099,92.51756670700024,1789785137.0449626,0.089406967,20.009994506835938,4074.284912109375,3002.916016,8fa47e45a8ae3b45
92.53751611709595,92.53757607800026,1789785137.0650032,0.058174133,20.040512084960938,4074.284912109375,3004.281738,8fa47e4582c43b45
92.55747604370117,92.55753819000029,1789785137.084963,0.060319901,19.95992660522461,4074.284912109375,3005.647216796875,8fa47e455bda3b45
92.57749581336975,92.57755830199994,1789785137.1049829,0.060796738,20.01976967,4068.570801,3007.012939453125,22497e4535f03b45
92.59745025634766,92.59752591400002,1789785137.1249373,0.074148178,19.954442977905273,4068.570801,3008.378662109375,22497e450f063c45
92.61751413345337,92.61757956300016,1789785137.1450012,0.063896179,20.06387710571289,4074.284912109375,3009.744141,8fa47e45e81b3c45
92.63747477531433,92.63753945300004,1789785137.1649618,0.062942505,19.960641860961914,4074.284912109375,3011.109863,8fa47e45c2313c45
92.65744614601135,92.65750358,1789785137.1849332,0.055789947509765625,19.971370697021484,4068.570801,3012.475341796875,22497e459b473c45
92.67744493484497,92.67749827000034,1789785137.204932,0.051498413,19.998788833618164,4074.284912109375,3013.841064453125,8fa47e45755d3c45
92.69747400283813,92.69752823299996,1789785137.224961,0.052452087,20.029067993164062,4074.284912109375,3015.206787109375,8fa47e454f733c45
92.71747016906738,92.71753379000029,1789785137.2449572,0.061988831,19.996166229248047,4068.570801,3016.572266,22497e4528893c45
92.73753571510315,92.73763984700008,1789785137.2650228,0.10228157043457031,20.06554604,4074.284912109375,3017.937988,8fa47e45029f3c45
92.75748300552368,92.75755014,1789785137,0.065565109,19.947290420532227,4074.284912109375,3019.303466796875,8fa47e45dbb43c45
92.77744865,92.77750695900022,1789785137.3049357,0.056505203,19.965648651123047,4068.570801,3020.669189453125,22497e45b5ca3c45
92.79747676849365,92.79754115,1789785137.3249638,0.062704086,20.028114318847656,4068.570556640625,3022.034912109375,21497e458fe03c45
92.81746935844421,92.8175335,1789785137.3449564,0.062465667724609375,19.992589950561523,4068.570556640625,3023.400391,21497e4568f63c45
92.83747601509094,92.83754018400032,1789785137.364963,0.062465667724609375,20.006656646728516,4074.284912109375,3024.766113,8fa47e45420c3d45
92.85748195648193,92.85757137000019,1789785137.384969,0.087738037,20.00594139099121,4074.284912109375,3026.155517578125,8fa47e457d223d45
92.87750267982483,92.87754937099999,1789785137.4049897,0.045061111,20.020723342895508,4074.284912109375,3027.521240234375,8fa47e4557383d45
92.89747643470764,92.89753676100008,1789785137.4249635,0.058650970458984375,19.97375488,4074.284912109375,3028.886962890625,8fa47e45314e3d45
92.91743255,92.91748676199995,1789785137.4449196,0.052452087,19.956111907958984,4074.284912109375,3030.252441,8fa47e450a643d45
92.93747067451477,92.937535,1789785137.4649577,0.062704086,20.038127899169922,4074.284912109375,3031.618164,8fa47e45e4793d45
92.95757150650024,92.95763459700038,1789785137.4850585,0.061511993408203125,20.100831985473633,4074.284912109375,3032.983642578125,8fa47e45bd8f3d45
92.97743416,92.97748530100034,1789785137.5049212,0.049591064,19.862651824951172,4074.284912109375,3034.349365234375,8fa47e4597a53d45
92.99742770195007,92.99748211700035,1789785137.5249147,0.052690506,19.99354362487793,4074.284912109375,3035.715087890625,8fa47e4571bb3d45
93.01743960380554,93.01753726600009,1789785137.5449266,0.096082687,20.01190185546875,4074.284912109375,3037.080566,8fa47e454ad13d45
93.03746056556702,93.03751760000023,1789785137.5649476,0.05531311,20.02096176147461,4074.284912109375,3038.446289,8fa47e4524e73d45
93.05747103691101,93.05751874900034,1789785137.584958,0.046253204345703125,20.01047134399414,4074.284912109375,3039.811767578125,8fa47e45fdfc3d45
93.07750535011292,93.07756967600017,1789785137.6049924,0.062704086,20.034313201904297,4074.285156,3041.177490234375,90a47e45d7123e45
93.09746599197388,93.09753047,1789785137.624953,0.062704086,19.960641860961914,4074.285156,3042.543212890625,90a47e45b1283e45
93.11746573448181,93.11752828900035,1789785137.6449528,0.061035156,19.99974250793457,4074.284912109375,3043.908691,8fa47e458a3e3e45
93.13752651,93.13767245700001,1789785137.6650136,0.144958496,20.06077766418457,4074.284912109375,3045.274414,8fa47e4564543e45
93.15744781,93.15757084699999,1789785137.6849349,0.12135505676269531,19.921302795410156,4074.284912109375,3046.639892578125,8fa47e453d6a3e45
93.17743563652039,93.17749663,1789785137.7049227,0.059366226,19.987821578979492,4074.284912109375,3048.005615234375,8fa47e4517803e45
93.19746780395508,93.19753420000006,1789785137.7249548,0.064849854,20.032167434692383,4074.284912109375,3049.371337890625,8fa47e45f1953e45
93.21746444702148,93.21752066399995,1789785137.7449515,0.054597855,19.99664306640625,4074.284912109375,3050.736816,8fa47e45caab3e45
93.23742938041687,93.23748333100002,1789785137.7649164,0.052213669,19.964933395385742,4074.284912109375,3052.102539,8fa47e45a4c13e45
93.25743675231934,93.25750056,1789785137.7849238,0.061988831,20.00737190246582,4074.284912109375,3053.468017578125,8fa47e457dd73e45
93.27747941017151,93.27765027800024,1789785137.8049664,0.16927719116210938,20.04265785217285,4074.284912109375,3054.833740234375,8fa47e4557ed3e45
93.29746389389038,93.29752553800017,1789785137.824951,0.060081482,19.98448371887207,4074.284912109375,3056.199462890625,8fa47e4531033f45
93.31743383407593,93.31749015000014,1789785137.8449209,0.054836273193359375,19.969940185546875,4074.284912109375,3057.564941,8fa47e450a193f45
93.33747053146362,93.33752483600028,1789785137.8649576,0.052690506,20.036697387695312,4068.570801,3058.930664,22497e45e42e3f45
93.35750365257263,93.35762398500037,1789785137.8849907,0.11849403381347656,20.03312110900879,4068.570556640625,3060.296142578125,21497e45bd443f45
93.37750244140625,93.37756989300033,1789785137.9049895,0.065803528,19.998788833618164,4068.570556640625,3061.661865234375,21497e45975a3f45
93.39748120307922,93.39754567199998,1789785137.9249682,0.062942505,19.978761672973633,4068.570556640625,3063.027587890625,21497e4571703f45
93.41746926307678,93.41751943200006,1789785137.9449563,0.048398972,19.988059997558594,4068.570556640625,3064.393066,21497e454a863f45
93.43742418289185,93.43747766,1789785137.9649112,0.051736832,19.954919815063477,4068.570556640625,3065.758789,21497e45249c3f45
93.45742988586426,93.45748613700016,1789785137.984917,0.054597855,20.00570297241211,4068.570556640625,3067.124267578125,21497e45fdb13f45
93.47750210762024,93.47756637900011,1789785138.0049891,0.062465667724609375,20.072221755981445,4068.570556640625,3068.489990234375,21497e45d7c73f45
93.49746036529541,93.49752162100003,1789785138.0249474,0.059604644775390625,19.95825768,4068.570556640625,3069.855712890625,21497e45b1dd3f45
93.51742768287659,93.51748238100026,1789785138.0449147,0.052928924560546875,19.967317581176758,4068.570556640625,3071.221191,21497e458af33f45
93.53746867,93.53752186300017,1789785138.0649557,0.051736832,20.04098892211914,4068.570556640625,3072.586914,21497e4564094045
93.55749702453613,93.55755884600012,1789785138.084984,0.060081482,20.028352737426758,4068.570556640625,3073.952392578125,21497e453d1f4045
93.57744598388672,93.57756651299997,1789785138.104933,0.11897087097167969,19.948959350585938,4068.570556640625,3075.318115234375,21497e4517354045
93.59748840332031,93.59754692200022,1789785138.1249754,0.056743621826171875,20.04241943359375,4068.570556640625,3076.683837890625,21497e45f14a4045
93.61742711,93.61748284800024,1789785138.1449142,0.054121017,19.93870735168457,4068.570556640625,3078.049316,21497e45ca604045
93.63742113113403,93.63751791,1789785138.1649082,0.095129013,19.994020462036133,4068.570556640625,3079.415039,21497e45a4764045
93.65748476982117,93.65754618400024,1789785138.1849718,0.059843063,20.06363868713379,4068.570556640625,3080.780517578125,21497e457d8c4045
93.67745566368103,93.67752051800016,1789785138.2049427,0.063180923,19.97089385986328,4068.570556640625,3082.122314453125,21497e45f5a14045
93.69745802879333,93.69752077800013,1789785138.224945,0.061035156,20.002365112304688,4068.570556640625,3083.488037109375,21497e45cfb74045
93.71742630004883,93.71748009300018,1789785138.2449133,0.051975250244140625,19.968271255493164,4068.570556640625,3084.853516,21497e45a8cd4045
93.73747515678406,93.73759153900028,1789785138.2649622,0.11467933654785156,20.048856735229492,4068.570556640625,3086.219238,21497e4582e34045
93.75748991966248,93.75755261400036,1789785138.284977,0.061035156,20.01476287841797,4068.570556640625,3087.584716796875,21497e455bf94045
93.77747082710266,93.77755022600013,1789785138.3049579,0.077962875,19.980907440185547,4068.570556640625,3088.950439453125,21497e45350f4145
93.79749274253845,93.79756009700031,1789785138.3249798,0.065803528,20.021915435791016,4068.570556640625,3090.316162109375,21497e450f254145
93.81745791435242,93.81752111600008,1789785138.344945,0.061750412,19.965171813964844,4068.570556640625,3091.681641,21497e45e83a4145
93.83742165565491,93.83747493200008,1789785138.3649087,0.051498413,19.963741302490234,4068.570556640625,3093.047363,21497e45c2504145
93.85748005,93.85754600700011,1789785138.384967,0.064373016,20.058393478393555,4068.570556640625,3094.412841796875,21497e459b664145
93.87744784355164,93.87750962,1789785138.404935,0.060081482,19.96779441833496,4068.570556640625,3095.754638671875,21497e45137c4145
93.89745616912842,93.89751947200011,1789785138.4249432,0.061511993408203125,20.008325576782227,4068.570556640625,3097.120117,21497e45ec914145
93.91745543,93.91750971400006,1789785138.4449425,0.052690506,19.999265670776367,4068.570556640625,3098.48584,21497e45c6a74145
93.93741536140442,93.93746781,1789785138.4649024,0.050783157,19.95992660522461,4062.856201171875,3099.851563,b3ed7d45a0bd4145
93.9574523,93.95751366000013,1789785138.4849393,0.059604644775390625,20.036935806274414,4062.856201171875,3101.217041015625,b3ed7d4579d34145
93.97745418548584,93.97751543799995,1789785138.5049412,0.059366226,20.001888275146484,4062.856201171875,3102.582763671875,b3ed7d4553e94145
93.99749326705933,93.99755575400013,1789785138.5249803,0.060796738,20.039081573486328,4062.856201171875,3103.948242,b3ed7d452cff4145
94.01745820045471,94.01751225500038,1789785138.5449452,0.052452087,19.964933395385742,4068.570556640625,3105.313965,21497e4506154245
94.03741431236267,94.03746746000024,1789785138.5649014,0.051498413,19.956111907958984,4068.570556640625,3106.679688,21497e45e02a4245
94.05748606,94.05754851600022,1789785138.584973,0.060796738,20.071744918823242,4068.570556640625,3108.045166015625,21497e45b9404245
94.07744860649109,94.07750107200036,1789785138.6049356,0.050783157,19.962549209594727,4068.570556640625,3109.410888671875,21497e4593564245
94.09744882583618,94.09750159,1789785138.6249359,0.051021575927734375,20.000219345092773,4068.570556640625,3110.776367,21497e456c6c4245
94.11741567,94.11746816699997,1789785138.6449027,0.050783157,19.966840744018555,4062.856201171875,3112.14209,b3ed7d4546824245
94.13744711875916,94.13750918599999,1789785138.6649342,0.060319901,20.031452178955078,4062.856201171875,3113.507813,b3ed7d4520984245
94.15745449066162,94.15750685400008,1789785138.6849415,0.050783157,20.00737190246582,4068.570556640625,3114.873291015625,21497e45f9ad4245
94.17745089530945,94.17751191000025,1789785138.704938,0.059366226,19.99640464782715,4074.284912109375,3116.239013671875,8fa47e45d3c34245
94.19744396209717,94.19750607800006,1789785138.724931,0.060558319091796875,19.993066787719727,4074.284912109375,3117.604492,8fa47e45acd94245
94.21745467185974,94.21751106,1789785138.7449417,0.054597855,20.010709762573242,4074.284912109375,3118.970215,8fa47e4586ef4245
94.23744082450867,94.23750430200016,1789785138.7649279,0.061750412,19.98615264892578,4074.284912109375,3120.335938,8fa47e4560054345
94.25748085975647,94.25754519200018,1789785138.784968,0.062704086,20.040035247802734,4074.284912109375,3121.701416015625,8fa47e45391b4345
94.27741074562073,94.27758826700028,1789785138.8048978,0.17595291137695312,19.929885864257812,4068.570801,3123.067138671875,22497e4513314345
94.29748654,94.29755239700035,1789785138.8249736,0.064134598,20.07579803466797,4068.570556640625,3124.432617,21497e45ec464345
94.31745386123657,94.31750928700012,1789785138.844941,0.053882598876953125,19.967317581176758,4068.570556640625,3125.79834,21497e45c65c4345
94.33744788169861,94.33750254699999,1789785138.864935,0.052928924560546875,19.994020462036133,4068.570556640625,3127.164063,21497e45a0724345
94.35745143890381,94.35752480700012,1789785138.8849385,0.071763992,20.003557205200195,4074.284912109375,3128.529541015625,8fa47e4579884345
94.37743973731995,94.37750199300035,1789785138.9049268,0.060558319091796875,19.988298416137695,4074.284912109375,3129.895263671875,8fa47e45539e4345
94.39744210243225,94.39751001,1789785138.9249291,0.066280365,20.002365112304688,4068.570801,3131.260742,22497e452cb44345
94.41744685173035,94.41750029100012,1789785138.944934,0.051736832,20.004749298095703,4068.570801,3132.626465,22497e4506ca4345
94.43747138977051,94.43752938500029,1789785138.9649584,0.056266785,20.024538040161133,4074.284912109375,3133.992188,8fa47e45e0df4345
94.45753693580627,94.45760049700039,1789785138.985024,0.061988831,20.06554604,4074.284912109375,3135.381591796875,8fa47e451bf64345
94.47743582725525,94.47749894200024,1789785139.0049229,0.061511993408203125,19.89889144897461,4074.284912109375,3136.747314453125,8fa47e45f50b4445
94.49748992919922,94.49755522100031,1789785139.024977,0.063657761,20.054101943969727,4074.284912109375,3138.113037109375,8fa47e45cf214445
94.51760125160217,94.51766877800037,1789785139.0450883,0.066041946,20.1113224,4074.284912109375,3139.478516,8fa47e45a8374445
94.53746104240417,94.53752211100027,1789785139.064948,0.059604644775390625,19.859790802001953,4074.284912109375,3140.844238,8fa47e45824d4445
94.55735492706299,94.55742461199998,1789785139.084842,0.068187714,19.893884658813477,4074.284912109375,3142.209716796875,8fa47e455b634445
94.57759809494019,94.57766403899996,1789785139.1050851,0.064373016,20.243167877197266,4074.284912109375,3143.575439453125,8fa47e4535794445
94.59740686416626,94.59746102100007,1789785139.124894,0.052452087,19.80876922607422,4074.284912109375,3144.941162109375,8fa47e450f8f4445
94.61744881,94.61750239,1789785139.1449358,0.051736832,20.041942596435547,4079.999267578125,3146.306641,fdff7e45e8a44445
94.63744974136353,94.63759230100004,1789785139.1649368,0.14090538024902344,20.000934600830078,4079.999267578125,3147.672363,fdff7e45c2ba4445
94.65744352340698,94.65750650600012,1789785139.1849306,0.061511993408203125,19.99378204345703,4079.999267578125,3149.037841796875,fdff7e459bd04445
94.67744731903076,94.67750047000027,1789785139.2049344,0.051498413,20.003795623779297,4074.285156,3150.403564453125,90a47e4575e64445
94.69741916656494,94.69749830399996,1789785139.2249062,0.07724762,19.971847534179688,4074.285156,3151.769287109375,90a47e454ffc4445
94.71740746498108,94.71746219,1789785139.2448945,0.052928924560546875,19.988298416137695,4074.284912109375,3153.134766,8fa47e4528124545
94.73726511001587,94.73733918,1789785139.2647521,0.072717667,19.85764503479004,4074.284912109375,3154.500488,8fa47e4502284545
94.75748062133789,94.75761936200024,1789785139.2849677,0.13709068298339844,20.215511322021484,4074.284912109375,3155.865966796875,8fa47e45db3d4545
94.77745771408081,94.77754665900011,1789785139.3049448,0.0872612,19.977092742919922,4074.284912109375,3157.255615234375,8fa47e4517544545
94.79746079444885,94.79755273399996,1789785139.3249478,0.090360641,20.003080368041992,4079.999267578125,3158.621337890625,fdff7e45f1694545
94.81744980812073,94.81750503100011,1789785139.3449368,0.05364418,19.98901367,4079.999267578125,3159.986816,fdff7e45ca7f4545
94.83745908737183,94.83759225500035,1789785139.3649461,0.13136863708496094,20.009279251098633,4079.999267578125,3161.352539,fdff7e45a4954545
94.85726642608643,94.85738610700037,1789785139.3847535,0.11849403381347656,19.80733871459961,4074.285156,3162.718017578125,90a47e457dab4545
94.87745809555054,94.87755659000004,1789785139.4049451,0.096797943,20.191669464111328,4074.285156,3164.083740234375,90a47e4557c14545
94.89743947982788,94.89749309000035,1789785139.4249265,0.051975250244140625,19.98138427734375,4074.284912109375,3165.449462890625,8fa47e4531d74545
94.91743731498718,94.91749424,1789785139.4449244,0.05531311,19.997835159301758,4074.284912109375,3166.814941,8fa47e450aed4545
94.93743491,94.93749970299996,1789785139.464922,0.063180923,19.997596740722656,4074.284912109375,3168.180664,8fa47e45e4024645
94.95747256278992,94.95753594500002,1789785139.4849596,0.061750412,20.03765106201172,4074.284912109375,3169.546142578125,8fa47e45bd184645
94.97743297,94.97749466799996,1789785140,0.059843063,19.960403442382812,4074.284912109375,3170.911865234375,8fa47e45972e4645
94.99738788604736,94.99744059500017,1789785139.524875,0.051021575927734375,19.954919815063477,4074.284912109375,3172.277587890625,8fa47e4571444645
95.01747679710388,95.01753915100016,1789785139.5449638,0.060558319091796875,20.088911056518555,4074.284912109375,3173.643066,8fa47e454a5a4645
95.03744196891785,95.03749450400028,1789785139.564929,0.051021575927734375,19.965171813964844,4074.284912109375,3175.008789,8fa47e4524704645
95.05743384361267,95.05749732000004,1789785139.584921,0.061988831,19.99187469482422,4068.570801,3176.374267578125,22497e45fd854645
95.07739782333374,95.07745433900027,1789785139.6048849,0.054836273193359375,19.963979721069336,4068.570556640625,3177.716064453125,21497e45759b4645
95.09747266769409,95.09753687700004,1789785139.6249597,0.062465667724609375,20.074844360351562,4068.570556640625,3179.081787109375,21497e454fb14645
95.11742568016052,95.11748798899998,1789785139.6449127,0.060558319091796875,19.953012466430664,4068.570556640625,3180.447266,21497e4528c74645
95.13742923736572,95.13749054600021,1789785139.6649163,0.059604644775390625,20.003557205200195,4068.570556640625,3181.812988,21497e4502dd4645
95.15743160247803,95.15748545400038,1789785139.6849186,0.052213669,20.002365112304688,4068.570556640625,3183.178466796875,21497e45dbf24645
95.17739343643188,95.17744734400003,1789785139.7048805,0.052213669,19.961833953857422,4068.570556640625,3184.544189453125,21497e45b5084745
95.19742608070374,95.19748715900005,1789785139.7249131,0.059366226,20.032644271850586,4068.570556640625,3185.909912109375,21497e458f1e4745
95.21746921539307,95.21753086400031,1789785139.7449563,0.060081482,20.043134689331055,4068.570556640625,3187.275391,21497e4568344745
95.23746752738953,95.23752853199994,1789785139.7649546,0.059366226,19.99831199645996,4068.570556640625,3188.641113,21497e45424a4745
95.25743198394775,95.25749330999997,1789785139.784919,0.059604644775390625,19.96445655822754,4068.570556640625,3190.006591796875,21497e451b604745
95.27739071846008,95.27754722,1789785139.8048778,0.15497207641601562,19.95873451,4068.570556640625,3191.372314453125,21497e45f5754745
95.29744124412537,95.29749742,1789785139.8249283,0.054597855,20.050525665283203,4068.570556640625,3192.738037109375,21497e45cf8b4745
95.31745100021362,95.31750459100022,1789785139.844938,0.051975250244140625,20.009756088256836,4068.570556640625,3194.103516,21497e45a8a14745
95.33742857,95.33749227700036,1789785139.8649156,0.061988831,19.977569580078125,4068.570556640625,3195.469238,21497e4582b74745
95.35746955871582,95.35758403700038,1789785139.8849566,0.11277198791503906,20.04098892211914,4068.570556640625,3196.834716796875,21497e455bcd4745
95.37738561630249,95.37761124200006,1789785139.9048727,0.22411346435546875,19.916057586669922,4068.570556640625,3198.176513671875,21497e45d3e24745
95.39739990234375,95.39746107600013,1789785139.924887,0.059604644775390625,20.014286041259766,4068.570556640625,3199.541992,21497e45acf84745
95.41747212409973,95.41753313200024,1789785139.9449592,0.059127808,20.072221755981445,4068.570556640625,3200.907715,21497e45860e4845
95.43743014335632,95.43748202200004,1789785139.9649172,0.05030632,19.958019256591797,4068.570556640625,3202.273438,21497e4560244845
95.45743394,95.45748778200004,1789785139.984921,0.051975250244140625,20.003795623779297,4068.570556640625,3203.638916015625,21497e45393a4845
95.47739124298096,95.47745372700001,1789785140.0048783,0.060796738,19.957304000854492,4068.570556640625,3205.004638671875,21497e4513504845
95.49742007255554,95.49747522799998,1789785140.024907,0.053405762,20.02882957458496,4068.570556640625,3206.370117,21497e45ec654845
95.51743531227112,95.51749513599998,1789785140.0449224,0.058174133,20.015239715576172,4068.570556640625,3207.73584,21497e45c67b4845
95.5374608,95.53750651,1789785140.0649478,0.044107437,20.02549171447754,4068.570556640625,3209.101563,21497e45a0914845
95.55738019943237,95.55742306399998,1789785140.0848672,0.041246414,19.919395446777344,4068.570556640625,3210.467041015625,21497e4579a74845
95.57738542556763,95.57742743500012,1789785140.1048725,0.040531158447265625,20.005226135253906,4068.570556640625,3211.832763671875,21497e4553bd4845
95.59737920761108,95.59741915800032,1789785140.1248662,0.038146973,19.99378204345703,4068.570556640625,3213.198242,21497e452cd34845
95.61742091178894,95.61746218,1789785140.144908,0.039815903,20.041704177856445,4068.570556640625,3214.563965,21497e4506e94845
95.63745784759521,95.63749932700011,1789785140.164945,0.040054321,20.036935806274414,4068.570556640625,3215.929688,21497e45e0fe4845
95.65738844871521,95.65743221699995,1789785140.1848755,0.04196167,19.930601119995117,4068.570556640625,3217.295166015625,21497e45b9144945
95.67738533,95.67742729200017,1789785140.2048724,0.04029274,19.99688148498535,4068.570556640625,3218.660888671875,21497e45932a4945
95.69741606712341,95.69745781100028,1789785140.224903,0.040054321,20.030736923217773,4068.570556640625,3220.026367,21497e456c404945
95.71745515,95.71749570100019,1789785140.2449422,0.038862228,20.039081573486328,4068.570556640625,3221.39209,21497e4546564945
95.73742198944092,95.73746310900015,1789785140.264909,0.039339066,19.966840744018555,4068.570556640625,3222.757813,21497e45206c4945
95.75746941566467,95.75750811000034,1789785140.2849565,0.037193298,20.047426223754883,4068.570556640625,3224.123291015625,21497e45f9814945
95.77741599082947,95.77745205500014,1789785140.304903,0.034332275,19.946575164794922,4068.570556640625,3225.489013671875,21497e45d3974945
95.79742599,95.79746714900011,1789785140.324913,0.039577484130859375,20.009994506835938,4068.570556640625,3226.854492,21497e45acad4945
95.81741118431091,95.81745237199993,1789785140.3448982,0.039577484130859375,19.985198974609375,4068.570556640625,3228.220215,21497e4586c34945
95.83745146,95.83749254000031,1789785140.3649385,0.039339066,20.040273666381836,4068.570556640625,3229.585938,21497e4560d94945
95.85738492012024,95.85742524,1789785140.384872,0.038623809814453125,19.933462142944336,4068.570556640625,3230.951416015625,21497e4539ef4945
95.87738466262817,95.87742528200033,1789785140.4048717,0.038862228,19.99974250793457,4068.570556640625,3232.317138671875,21497e4513054a45
95.8974278,95.89746680100006,1789785140.4249148,0.037193298,20.043134689331055,4074.284912109375,3233.682617,8fa47e45ec1a4a45
95.91737365722656,95.91741469099998,1789785140.4448607,0.039339066,19.945859909057617,4074.284912109375,3235.04834,8fa47e45c6304a45
95.93741488456726,95.93745498800035,1789785140.464902,0.038385391,20.041227340698242,4074.284912109375,3236.437988,8fa47e4502474a45
95.95740842819214,95.95744945200022,1789785140.4848955,0.039339066,19.99354362487793,4074.284912109375,3237.803466796875,8fa47e45db5c4a45
95.97741389274597,95.97745324900006,1789785140.504901,0.037908554,20.005464553833008,4074.284912109375,3239.169189453125,8fa47e45b5724a45
95.99744939804077,95.99748976900037,1789785140.5249364,0.038623809814453125,20.035505294799805,4074.284912109375,3240.534912109375,8fa47e458f884a45
96.01749777793884,96.01797075200011,1789785140.5449848,0.4718303680419922,20.04837989807129,4079.999267578125,3241.924316,fdff7e45ca9e4a45
96.03740501403809,96.03743491900013,1789785140.564892,0.028371810913085938,19.907236099243164,4079.999267578125,3243.337891,fdff7e4568b54a45
96.05736756324768,96.05740929000012,1789785140.5848546,0.040054321,19.962549209594727,4102.856445,3244.799316,da368045cacc4a45
96.07742285728455,96.07746442100006,1789785141,0.039815903,20.055294036865234,4131.428223,3246.260742,6d1b81452ce44a45
96.09736872,96.09740957000031,1789785140.6248558,0.039100647,19.945859909057617,4131.428223,3247.698242,6d1b81452cfb4a45
96.11740612983704,96.11744781100015,1789785140.6448932,0.040054321,20.037412643432617,4165.713867,3249.159912109375,b62d82458f124b45
96.13745164871216,96.13749179,1789785140.6649387,0.038385391,20.04551887512207,4165.713867,3250.621337890625,b62d8245f1294b45
96.1574502,96.15749036900024,1789785140.6849372,0.038623809814453125,19.998550415039062,4199.999512,3252.082763671875,ff3f834553414b45
96.17741394042969,96.17745406,1789785140.704901,0.038623809814453125,19.963741302490234,4234.285156,3253.520263671875,4852844553584b45
96.19740248,96.19744278,1789785140.7248895,0.038623809814453125,19.988536834716797,4234.285156,3254.981689453125,48528445b56f4b45
96.21740365028381,96.21744500100021,1789785140.7448907,0.039815903,20.00117301940918,4268.571289,3256.443115234375,9264854517874b45
96.23740410804749,96.23744522400011,1789785140.7648911,0.039339066,20.000457763671875,4302.857422,3257.904541015625,dc768645799e4b45
96.2573595,96.25739989,1789785140.7848465,0.038623809814453125,19.95539665222168,4302.857422,3259.365966796875,dc768645dbb54b45
96.27741503715515,96.27750978099994,1789785140.804902,0.092983246,20.055532455444336,4331.429199,3260.827392578125,6f5b87453dcd4b45
96.29741549491882,96.29745649,1789785140.8249025,0.039339066,20.000457763671875,4342.857422,3262.264892578125,dcb687453de44b45
96.31737232208252,96.31741459800014,1789785140.8448594,0.040769577,19.95682716369629,4342.857422,3263.726563,dcb68745a0fb4b45
96.33741593360901,96.33745687700002,1789785140.864903,0.039339066,20.043611526489258,4348.571777,3265.187988,93e4874502134c45
96.35740113258362,96.35749871100006,1789785140.8848882,0.095844269,19.985198974609375,4348.571289,3266.649414,92e48745642a4c45
96.37744736671448,96.37748417500006,1789785140.9049344,0.035047531,20.046234130859375,4348.571289,3268.11084,92e48745c6414c45
96.39741516113281,96.39745825,1789785140.9249022,0.041484832763671875,19.96779441833496,4342.857422,3269.54834,dcb68745c6584c45
96.41741323,96.41745608400015,1789785140.9449003,0.041246414,19.99807357788086,4342.857422,3271.009766,dcb6874528704c45
96.4374156,96.43745602900026,1789785140.9649026,0.038623809814453125,20.002365112304688,4342.857422,3272.471191,dcb687458a874c45
96.45741319656372,96.45745154900033,1789785140.9849002,0.036716461181640625,19.997596740722656,4337.143555,3273.932617,26898745ec9e4c45
96.47736811637878,96.47740468,1789785141.0048552,0.035047531,19.954919815063477,4337.143555,3275.370117,26898745ecb54c45
96.49740171432495,96.49743812400038,1789785141.0248888,0.034570694,20.033597946166992,4337.143555,3276.831787109375,268987454fcd4c45
96.51741766929626,96.51745518100006,1789785141.0449047,0.035762786865234375,20.015954971313477,4337.143555,3278.293212890625,26898745b1e44c45
96.53726887702942,96.53732247800008,1789785141.064756,0.051975250244140625,19.851207733154297,4337.143555,3279.730712890625,26898745b1fb4c45
96.55737185,96.55740891,1789785141.084859,0.03528595,20.102977752685547,4337.143555,3281.192138671875,2689874513134d45
96.57741332054138,96.57744962800007,1789785141.1049004,0.034570694,20.041465759277344,4337.143555,3282.653564453125,26898745752a4d45
96.59740186,96.59744051799998,1789785141.124889,0.03695488,19.988536834716797,4337.143555,3284.114990234375,26898745d7414d45
96.61739993095398,96.61743551900008,1789785141.144887,0.033855438232421875,19.99807357788086,4337.143555,3285.552490234375,26898745d7584d45
96.63736915588379,96.63740872300014,1789785141.1648562,0.037908554,19.96922492980957,4337.143555,3287.013916015625,2689874539704d45
96.65736675262451,96.65740435399994,1789785141.1848538,0.036001205,19.997596740722656,4337.143555,3288.475341796875,268987459b874d45
96.67736744880676,96.67740652,1789785141.2048545,0.037431717,20.000696182250977,4337.143555,3289.912841796875,268987459b9e4d45
96.69739556312561,96.69743226300034,1789785141.2248826,0.035047531,20.028114318847656,4337.143555,3291.374267578125,26898745fdb54d45
96.71736788749695,96.71740683799999,1789785141.244855,0.037193298,19.97232437133789,4337.143555,3292.835938,2689874560cd4d45
96.73741149902344,96.73744930200019,1789785141.2648985,0.036001205,20.043611526489258,4337.143555,3294.273438,2689874560e44d45
96.75741410255432,96.75745976600001,1789785141.2849011,0.044107437,20.00260353088379,4337.143555,3295.734863,26898745c2fb4d45
96.77743530273438,96.7774713,1789785141.3049223,0.034332275,20.02120018005371,4337.143555,3297.196289,2689874524134e45
96.79740905761719,96.79745828600016,1789785141.324896,0.047445297,19.97375488,4337.143555,3298.657715,26898745862a4e45
96.81739687919617,96.81743732400037,1789785141.344884,0.038623809814453125,19.987821578979492,4337.143555,3300.095215,2689874586414e45
96.83736062049866,96.8374014,1789785141.3648477,0.039100647,19.963741302490234,4337.143555,3301.556641,26898745e8584e45
96.85736513137817,96.85740609,1789785141.3848522,0.039339066,20.00451088,4331.429688,3302.994141,705b8745e86f4e45
96.87735867500305,96.87739786300017,1789785141.4048457,0.037431717,19.99354362487793,4331.429688,3304.455566,705b87454a874e45
96.89736032485962,96.89739882699996,1789785141.4248474,0.03695488,20.001649856567383,4331.429688,3305.916992,705b8745ac9e4e45
96.91743779182434,96.91747986500013,1789785141.4449248,0.040531158447265625,20.07746696472168,4331.429688,3307.378662109375,705b87450fb64e45
96.93735551834106,96.93739701,1789785141.4648426,0.039815903,19.917726516723633,4331.429688,3308.816162109375,705b87450fcd4e45
96.95735478401184,96.95739453400029,1789785141.4848418,0.038146973,19.999265670776367,4337.144043,3310.277587890625,2789874571e44e45
96.97743391990662,96.97747190500013,1789785141.504921,0.036239624,20.07913589477539,4337.144043,3311.739013671875,27898745d3fb4e45
96.99742841720581,96.99746685000036,1789785141.5249155,0.03695488,19.994497299194336,4337.143555,3313.200439453125,2689874535134f45
97.01738691329956,97.01742801800037,1789785141.544874,0.039339066,19.95849609,4337.143555,3314.637939453125,26898745352a4f45
97.03739356994629,97.03743496300012,1789785141.5648806,0.039815903,20.006656646728516,4337.143555,3316.099365234375,2689874597414f45
97.05738806724548,97.05742587,1789785141.584875,0.036239624,19.994497299194336,4337.143555,3317.560791015625,26898745f9584f45
97.07739853858948,97.07743790900031,1789785141.6048856,0.037908554,20.01047134399414,4337.143555,3319.022216796875,268987455b704f45
97.09743834,97.09747700300022,1789785141.6249254,0.03695488,20.039796829223633,4337.143555,3320.459716796875,268987455b874f45
97.11742424964905,97.11746405900021,1789785141.6449113,0.038146973,19.98591423034668,4342.85791,3321.921142578125,ddb68745bd9e4f45
97.13742256164551,97.13746359700008,1789785141.6649096,0.039339066,19.99831199645996,4342.85791,3323.382813,ddb6874520b64f45
97.15738558769226,97.15742582,1789785141.6848726,0.038385391,19.96302604675293,4342.857422,3324.844238,dcb6874582cd4f45
97.17743420600891,97.17747359900022,1789785141.7049212,0.037670135498046875,20.04861831665039,4342.857422,3326.305664,dcb68745e4e44f45
97.19739770889282,97.19743678500026,1789785141.7248847,0.037431717,19.963502883911133,4342.857422,3327.76709,dcb6874546fc4f45
97.21742153167725,97.21745921,1789785141.7449086,0.036001205,20.023822784423828,4342.857422,3329.20459,dcb6874546135045
97.23738718032837,97.23742849100017,1789785141.7648742,0.039815903,19.965648651123047,4342.857422,3330.666016,dcb68745a82a5045
97.25738406181335,97.25742480600002,1789785141.784871,0.039339066,19.99688148498535,4342.857422,3332.127441,dcb687450a425045
97.27739524841309,97.27748139999994,1789785141.8048823,0.084400177,20.011186599731445,4342.857422,3333.564941,dcb687450a595045
97.29738998413086,97.29742922,1789785141.824877,0.037670135498046875,19.994735717773438,4342.857422,3335.026367,dcb687456c705045
97.31737923622131,97.31741958700013,1789785141.8448663,0.038623809814453125,19.98925209,4342.857422,3336.488037109375,dcb68745cf875045
97.33738422393799,97.33742566199999,1789785141.8648713,0.039815903,20.004987716674805,4337.143555,3337.949462890625,26898745319f5045
97.35742307,97.35746351500029,1789785142,0.038862228,20.038843154907227,4337.143555,3339.410888671875,2689874593b65045
97.37741971,97.37745662700036,1789785141.9049067,0.03528595,19.99664306640625,4337.143555,3340.848388671875,2689874593cd5045
97.39734649658203,97.39737749799997,1789785141.9248335,0.029325485229492188,19.926786422729492,4337.143555,3342.309814453125,26898745f5e45045
97.41738319396973,97.41742533200022,1789785141.9448702,0.040531158447265625,20.036697387695312,4337.143555,3343.771240234375,2689874557fc5045
97.43742322921753,97.43746400000009,1789785141.9649103,0.039339066,20.040035247802734,4337.143555,3345.232666015625,26898745b9135145
97.4573462,97.45738488899997,1789785141.9848332,0.037193298,19.922971725463867,4337.143555,3346.670166015625,26898745b92a5145
97.47738409042358,97.47742343,1789785142.0048711,0.037670135498046875,20.03788948059082,4337.143555,3348.131591796875,268987451b425145
97.49738311767578,97.49742207600002,1789785142.0248702,0.037431717,19.999027252197266,4337.143555,3349.593017578125,268987457d595145
97.51741981506348,97.51752504000024,1789785142.0449069,0.10418891906738281,20.036697387695312,4337.143555,3351.054688,26898745e0705145
97.53741931915283,97.53748774500036,1789785142.0649064,0.066757202,19.99950408935547,4337.143555,3352.516113,2689874542885145
97.55738115310669,97.55744641199999,1789785142.0848682,0.063657761,19.961833953857422,4337.143555,3353.953613,26898745429f5145
97.57720327,97.57729111700019,1789785142.1046903,0.086069107,19.822120666503906,4342.85791,3355.415039,ddb68745a4b65145
97.59738683700562,97.59745158100031,1789785142.1248739,0.063180923,20.183563232421875,4342.85791,3356.876465,ddb6874506ce5145
97.61734127998352,97.61741524800027,1789785142.1448283,0.072240829,19.954442977905273,4342.857422,3358.337891,dcb6874568e55145
97.63742327690125,97.63748624900018,1789785142.1649103,0.061273575,20.08199691772461,4342.857422,3359.799316,dcb68745cafc5145
97.65739035606384,97.65744339799994,1789785142.1848774,0.051259995,19.967079162597656,4342.857422,3361.260742,dcb687452c145245
97.67738080024719,97.67743615800009,1789785142.2048678,0.05364418,19.99044418334961,4342.857422,3362.698242,dcb687452c2b5245
97.69738317,97.69743682600028,1789785142.2248702,0.051975250244140625,20.002365112304688,4342.857422,3364.159912109375,dcb687458f425245
97.71737289428711,97.71743664199994,1789785142,0.062227249,19.989728927612305,4342.857422,3365.621337890625,dcb68745f1595245
97.73733949661255,97.73739412400028,1789785142.2648265,0.053167343,19.966602325439453,4342.857422,3367.082763671875,dcb6874553715245
97.75737953186035,97.75743261,1789785142.2848666,0.051498413,20.040035247802734,4342.857422,3368.544189453125,dcb68745b5885245
97.77738738059998,97.77744501500001,1789785142.3048744,0.055789947509765625,20.007848739624023,4342.857422,3369.981689453125,dcb68745b59f5245
97.79737473,97.79741868200017,1789785142.3248618,0.042438507080078125,19.98734474182129,4342.857422,3371.443115234375,dcb6874517b75245
97.81736040115356,97.81739210900014,1789785142.3448474,0.029802322387695312,19.985675811767578,4342.857422,3372.904541015625,dcb6874579ce5245
97.83737850189209,97.83741977700038,1789785142.3648655,0.039577484130859375,20.01810073852539,4348.571289,3374.365966796875,92e48745dbe55245
97.85741376876831,97.85745351800006,1789785142.3849008,0.038146973,20.035266876220703,4348.571289,3375.827392578125,92e487453dfd5245
97.87738299369812,97.87742240800026,1789785142,0.037670135498046875,19.96922492980957,4348.571289,3377.264892578125,92e487453d145345
97.89737319946289,97.89741152000033,1789785142.4248602,0.036716461181640625,19.990205764770508,4348.571289,3378.726563,92e48745a02b5345
97.91741538,97.91745583600004,1789785142.4449024,0.038862228,20.04218101501465,4348.571289,3380.187988,92e4874502435345
97.93733811378479,97.93737676199999,1789785142.4648252,0.03695488,19.922733306884766,4348.571289,3381.649414,92e48745645a5345
97.95741057395935,97.95745009700022,1789785142.4848976,0.037908554,20.072460174560547,4348.571289,3383.11084,92e48745c6715345
97.97732806,97.97736654200025,1789785142.504815,0.03695488,19.91748809814453,4348.571289,3384.54834,92e48745c6885345
97.99736905097961,97.99740778400019,1789785142.524856,0.037193298,20.04098892211914,4348.571289,3386.009766,92e4874528a05345
98.01733088493347,98.01737219200004,1789785142.544818,0.039577484130859375,19.961833953857422,4348.571289,3387.471191,92e487458ab75345
98.03732585906982,98.03736460000027,1789785142.564813,0.03695488,19.99497413635254,4348.571289,3388.932617,92e48745ecce5345
98.05737758,98.05741689700017,1789785142.5848646,0.037670135498046875,20.05171775817871,4348.571289,3390.394287109375,92e487454fe65345
98.07741808891296,98.07745688000023,1789785142.6049051,0.037193298,20.040512084960938,4342.857422,3391.831787109375,dcb687454ffd5345
98.09740328788757,98.09744184400006,1789785142.6248903,0.03695488,19.985198974609375,4342.857422,3393.293212890625,dcb68745b1145445
98.11736989021301,98.11741043700022,1789785142.644857,0.038862228,19.966602325439453,4342.857422,3394.754638671875,dcb68745132c5445
98.13741135597229,98.13744959,1789785142.6648984,0.036478043,20.041465759277344,4342.857422,3396.216064453125,dcb6874575435445
98.15750217437744,98.15754171700019,1789785142.6849892,0.037908554,20.090818405151367,4342.857422,3397.677490234375,dcb68745d75a5445
98.17733478546143,98.17737318000036,1789785142.7048218,0.036716461181640625,19.832611083984375,4337.143555,3399.114990234375,26898745d7715445
98.19741344451904,98.1974525,1789785142.7249005,0.037431717,20.078659057617188,4337.143555,3400.576416015625,2689874539895445
98.21751737594604,98.21755561,1789785142.7450044,0.036478043,20.103931427001953,4337.143555,3402.037841796875,268987459ba05445
98.23735737800598,98.23739613,1789785142.7648444,0.03695488,19.840002059936523,4337.143555,3403.475341796875,268987459bb75445
98.25736379623413,98.25740218400006,1789785142.7848508,0.036716461181640625,20.006418228149414,4337.143555,3404.936767578125,26898745fdce5445
98.27737545967102,98.27747474100033,1789785142.8048625,0.097751617,20.01166343688965,4337.143555,3406.398438,2689874560e65445
98.29737639427185,98.29745209300017,1789785142.8248634,0.074148178,20.000934600830078,4337.143555,3407.859863,26898745c2fd5445
98.31736898422241,98.31741015000034,1789785142.844856,0.039815903,19.992589950561523,4337.143555,3409.297363,26898745c2145545
98.33736228942871,98.33740322500034,1789785142.8648493,0.039339066,19.993305206298828,4337.143555,3410.758789,26898745242c5545
98.35741114616394,98.35748442900012,1789785142.8848982,0.071525574,20.048856735229492,4337.143555,3412.220215,2689874586435545
98.37738490104675,98.37742318900018,1789785142.904872,0.036716461181640625,19.97375488,4337.143555,3413.657715,26898745865a5545
98.39734148979187,98.39752137599999,1789785142.9248285,0.17833709716796875,19.956588745117188,4337.143555,3415.119141,26898745e8715545
98.41733312606812,98.41738986,1789785142.9448202,0.055074692,19.991636276245117,4337.143555,3416.580566,268987454a895545
98.43736267089844,98.43740461800007,1789785142.9648497,0.04029274,20.029544830322266,4337.143555,3418.041992,26898745aca05545
98.45719552,98.45726061899995,1789785142.9846826,0.063657761,19.832849502563477,4337.143555,3419.479492,26898745acb75545
98.47733211517334,98.47736899000029,1789785143.0048192,0.035047531,20.136594772338867,4337.143555,3420.941162109375,268987450fcf5545
98.49732518196106,98.49736367600008,1789785143.0248122,0.03695488,19.993066787719727,4337.143555,3422.402587890625,2689874571e65545
98.51735782623291,98.51739460299996,1789785143.0448449,0.035047531,20.032644271850586,4337.143555,3423.840087890625,2689874571fd5545
98.53735518455505,98.53741399299997,1789785143.0648422,0.057220459,19.997358322143555,4337.143555,3425.301513671875,26898745d3145645
98.55740451812744,98.55744395700003,1789785143.0848916,0.037670135498046875,20.049333572387695,4337.143555,3426.762939453125,26898745352c5645
98.57737731933594,98.57741521700018,1789785143.1048644,0.036239624,19.972801208496094,4337.143555,3428.224365234375,2689874597435645
98.59737277030945,98.59741475500005,1789785143.1248598,0.04029274,19.995450973510742,4337.143555,3429.685791015625,26898745f95a5645
98.61735606193542,98.61739740400026,1789785143.144843,0.039577484130859375,19.983291625976562,4337.143555,3431.123291015625,26898745f9715645
98.63739943504333,98.63743588600028,1789785143.1648865,0.034809112548828125,20.043373107910156,4337.143555,3432.584716796875,268987455b895645
98.65735626220703,98.65739431300017,1789785143.1848433,0.036239624,19.95682716369629,4337.143555,3434.046142578125,26898745bda05645
98.67737007141113,98.67741161000004,1789785143.204857,0.039815903,20.013809204101562,4342.85791,3435.507813,ddb6874520b85645
98.69732069969177,98.69735722199994,1789785143.2248077,0.034809112548828125,19.95062828063965,4342.85791,3436.945313,ddb6874520cf5645
98.71735525131226,98.71739159300023,1789785143.2448423,0.034809112548828125,20.03455162,4342.857422,3438.406738,dcb6874582e65645
98.73718547821045,98.73724627900037,1789785143.2646725,0.059366226,19.83022689819336,4342.857422,3439.868164,dcb68745e4fd5645
98.75735497,98.75739421,1789785143.284842,0.037670135498046875,20.169496536254883,4342.857422,3441.32959,dcb6874546155745
98.77738952636719,98.77746624400015,1789785143.3048766,0.075101852,20.03455162,4342.857422,3442.76709,dcb68745462c5745
98.79732513427734,98.79736474500032,1789785143.3248122,0.037908554,19.93560791015625,4342.857422,3444.228516,dcb68745a8435745
98.81731820106506,98.81735619000028,1789785143.3448052,0.036239624,19.993066787719727,4342.857422,3445.689941,dcb687450a5b5745
98.8373282,98.83736471,1789785143.3648152,0.035047531,20.009994506835938,4342.857422,3447.151367,dcb687456c725745
98.85732388496399,98.85735909999994,1789785143.384811,0.03361702,19.995689392089844,4342.857422,3448.613037109375,dcb68745cf895745
98.87736607,98.87740410100014,1789785143.404853,0.036239624,20.04218101501465,4342.857422,3450.074462890625,dcb6874531a15745
98.89736866950989,98.89740525000025,1789785143.4248557,0.034809112548828125,20.00260353088379,4342.857422,3451.535888671875,dcb6874593b85745
98.91735696792603,98.91739893600015,1789785143.444844,0.04029274,19.988298416137695,4342.857422,3452.973388671875,dcb6874593cf5745
98.93735432624817,98.93739369600007,1789785143.4648414,0.037670135498046875,19.997358322143555,4342.857422,3454.434814453125,dcb68745f5e65745
98.95739793777466,98.95743421500038,1789785143.484885,0.034570694,20.043611526489258,4342.857422,3455.896240234375,dcb6874557fe5745
98.97737216949463,98.97740788300007,1789785143.5048592,0.034093857,19.974231719970703,4342.857422,3457.357666015625,dcb68745b9155845
98.99734974,98.99738671700015,1789785143.5248368,0.035524368,19.977569580078125,4342.857422,3458.795166015625,dcb68745b92c5845
99.01735758781433,99.01747195899998,1789785143.5448446,0.1125335693359375,20.007848739624023,4342.857422,3460.256591796875,dcb687451b445845
99.03734230995178,99.03738799600023,1789785143.5648293,0.043869019,19.984722137451172,4342.857422,3461.718017578125,dcb687457d5b5845
99.05737161636353,99.05741449700008,1789785143.5848587,0.041246414,20.029306411743164,4342.857422,3463.179688,dcb68745e0725845
99.07737135887146,99.07744209,1789785143.6048584,0.069141388,19.99974250793457,4342.857422,3464.641113,dcb68745428a5845
99.09735345840454,99.09740811000029,1789785143.6248405,0.052928924560546875,19.982099533081055,4342.857422,3466.102539,dcb68745a4a15845
99.11738944,99.11745414799998,1789785143.6448765,0.062942505,20.035982131958008,4342.857422,3467.563965,dcb6874506b95845
99.13740206,99.13746464900032,1789785143.664889,0.061035156,20.012617111206055,4342.857422,3469.025391,dcb6874568d05845
99.15731549,99.15736848300003,1789785143.6848025,0.051259995,19.913434982299805,4342.857422,3470.462891,dcb6874568e75845
99.17736220359802,99.17741491000015,1789785143.7048492,0.051021575927734375,20.046710968017578,4342.857422,3471.948242,dcb687452cff5845
99.19731236,99.19736524400014,1789785143.7247994,0.051259995,19.950151443481445,4342.857422,3473.385742,dcb687452c165945
99.21732640266418,99.21738093000022,1789785143.7448134,0.052928924560546875,20.014047622680664,4348.571289,3474.847412109375,92e487458f2d5945
99.23731184005737,99.23736578300031,1789785143.7647989,0.052213669,19.985437393188477,4348.571289,3476.308837890625,92e48745f1445945
99.25734949111938,99.25740517300028,1789785143.7848365,0.054121017,20.03765106201172,4348.571289,3477.770263671875,92e48745535c5945
99.27736020088196,99.27742054400005,1789785143.8048472,0.058650970458984375,20.010709762573242,4348.571289,3479.231689453125,92e48745b5735945
99.29735994338989,99.29741484100032,1789785143.824847,0.053167343,19.99974250793457,4348.571289,3480.693115234375,92e48745178b5945
99.31739211082458,99.31751260200008,1789785143.8448792,0.11873245239257812,20.032167434692383,4348.571289,3482.154541015625,92e4874579a25945
99.33730936050415,99.33736288,1789785143.8647964,0.051975250244140625,19.91724967956543,4348.571289,3483.592041015625,92e4874579b95945
99.35731196403503,99.35736454800008,1789785143.884799,0.051021575927734375,20.00260353088379,4348.571289,3485.053466796875,92e48745dbd05945
99.37736487388611,99.37742040100011,1789785143.904852,0.053882598876953125,20.05290985107422,4348.571289,3486.515137,92e487453ee85945
99.39738821983337,99.39764953200029,1789785143.9248753,0.2598762512207031,20.023345947265625,4348.571289,3487.976563,92e48745a0ff5945
99.41734671592712,99.41740843900016,1789785143.9448338,0.059843063,19.95849609,4348.571289,3489.437988,92e4874502175a45
99.43731212615967,99.43736701,1789785143.9647992,0.053405762,19.965410232543945,4354.285156,3490.899414,48128845642e5a45
99.45735883712769,99.45741247800015,1789785143.9848459,0.051975250244140625,20.046710968017578,4348.571289,3492.36084,92e48745c6455a45
99.47736477851868,99.47743038700037,1789785144.0048518,0.064134598,20.00594139099121,4348.571289,3493.79834,92e48745c65c5a45
99.49716877937317,99.49724633100004,1789785144.0246558,0.076055527,19.804000854492188,4348.571289,3495.259766,92e4874528745a45
99.51734519004822,99.51740009200012,1789785144.0448322,0.053167343,20.176410675048828,4348.571289,3496.721191,92e487458a8b5a45
99.53733682632446,99.53737374100001,1789785144.0648239,0.03528595,19.991636276245117,4348.571289,3498.182617,92e48745eca25a45
99.55735540390015,99.55739526000025,1789785144.0848424,0.038146973,20.018577575683594,4348.571289,3499.644287109375,92e487454fba5a45
99.57731890678406,99.57735624299994,1789785144.104806,0.035762786865234375,19.963502883911133,4348.571289,3501.081787109375,92e487454fd15a45
99.59730362892151,99.59734266900023,1789785144.1247907,0.037431717,19.984722137451172,4348.571289,3502.543212890625,92e48745b1e85a45
99.61732411384583,99.61738802200034,1789785144.1448112,0.062227249,20.020484924316406,4348.571289,3504.004638671875,92e4874513005b45
99.63734793663025,99.63738831900037,1789785144.164835,0.038862228,20.023822784423828,4348.571289,3505.466064453125,92e4874575175b45
99.65730237960815,99.65733881999995,1789785144.1847894,0.034809112548828125,19.954442977905273,4348.571289,3506.927490234375,92e48745d72e5b45
99.67735600471497,99.67739789500001,1789785144.204843,0.04029274,20.053625106811523,4342.857422,3508.364990234375,dcb68745d7455b45
99.69731855392456,99.69735406300015,1789785144.2248056,0.033855438232421875,19.962549209594727,4342.857422,3509.826416015625,dcb68745395d5b45
99.71734261512756,99.71738204500025,1789785144.2448297,0.037670135498046875,20.02406120300293,4342.857422,3511.287841796875,dcb687459b745b45
99.73734521865845,99.73738728700027,1789785144.2648323,0.040531158447265625,20.00260353088379,4337.143555,3512.749512,26898745fe8b5b45
99.75733947753906,99.75737989900017,1789785144.2848265,0.038862228,19.994258880615234,4337.143555,3514.187012,26898745fea25b45
99.77736926078796,99.77742633,1789785144.3048563,0.05531311,20.029783248901367,4337.143555,3515.648438,2689874560ba5b45
99.79737949371338,99.79741291900018,1789785144.3248665,0.031709671,20.01023292541504,4337.143555,3517.109863,26898745c2d15b45
99.81734037399292,99.81737662400019,1789785144.3448274,0.034570694,19.960880279541016,4337.143555,3518.547363,26898745c2e85b45
99.83737564086914,99.83741225400036,1789785144.3648627,0.034809112548828125,20.035266876220703,4337.143555,3520.008789,2689874524005c45
99.85733747,99.85737586599998,1789785144.3848245,0.036716461181640625,19.961833953857422,4337.143555,3521.470215,2689874586175c45
99.87735152244568,99.87739272,1789785144.4048386,0.039577484130859375,20.014047622680664,4337.143555,3522.931641,26898745e82e5c45
99.89734673500061,99.89738484999998,1789785144.4248338,0.036478043,19.99521255493164,4337.143555,3524.369141,26898745e8455c45
99.91733407974243,99.91737681300037,1789785144.4448211,0.041007996,19.98734474182129,4337.143555,3525.830566,268987454a5d5c45
99.93737506866455,99.93741411100018,1789785144.464862,0.037431717,20.04098892211914,4337.143555,3527.291992,26898745ac745c45
99.95730590820312,99.95734238900013,1789785144.484793,0.035047531,19.93083953857422,4331.429688,3528.753662109375,705b87450f8c5c45
99.97733306884766,99.97736855700032,1789785145,0.033855438232421875,20.02716064453125,4331.429688,3530.191162109375,705b87450fa35c45
99.99736976623535,99.99740581700007,1789785144.5248568,0.034332275,20.036697387695312,4337.144043,3531.652587890625,2789874571ba5c45
100.01732850074768,100.01736442900028,1789785144.5448155,0.034332275,19.95873451,4337.143555,3533.114013671875,26898745d3d15c45
100.03734350204468,100.03737841100019,1789785144.5648305,0.033140182,20.01500129699707,4337.143555,3534.575439453125,2689874535e95c45
100.05732989311218,100.05736535699998,1789785144.584817,0.033855438232421875,19.986391067504883,4337.143555,3536.012939453125,2689874535005d45
100.07733821868896,100.07737902400004,1789785144.6048253,0.039339066,20.008325576782227,4337.143555,3537.474365234375,2689874597175d45
100.09737133979797,100.09741021000036,1789785144.6248584,0.037193298,20.03312110900879,4337.143555,3538.935791015625,26898745f92e5d45
100.11737108230591,100.11740850800015,1789785144.6448581,0.035762786865234375,19.99974250793457,4337.143555,3540.397216796875,268987455b465d45
100.13737082481384,100.1374066010003,1789785144.6648579,0.034093857,19.99974250793457,4337.143555,3541.858887,26898745be5d5d45
100.1573715209961,100.1574079,1789785144.6848586,0.034570694,20.000696182250977,4337.143555,3543.320313,2689874520755d45
100.17738032341003,100.17741764000039,1789785144.7048674,0.035524368,20.00880241394043,4342.857422,3544.757813,dcb68745208c5d45
100.1972906589508,100.19732854800031,1789785144.7247777,0.036239624,19.910335540771484,4342.857422,3546.219238,dcb6874582a35d45
100.21729278564453,100.21732545600025,1789785144.7447798,0.030994415283203125,20.002126693725586,4342.857422,3547.680664,dcb68745e4ba5d45
100.2372899055481,100.23733086500033,1789785144.764777,0.039100647,19.997119903564453,4348.571289,3549.14209,92e4874546d25d45
100.25715184211731,100.25719595800001,1789785144.784639,0.042676926,19.861936569213867,4348.571289,3550.603516,92e48745a8e95d45
100.27734422683716,100.27738514400016,1789785144.8048313,0.039100647,20.192384719848633,4348.571289,3552.064941,92e487450a015e45
100.2973382472992,100.29742138600022,1789785144.8248253,0.081539154,19.994020462036133,4348.571289,3553.502441,92e487450a185e45
100.31732988357544,100.31736836800019,1789785144.844817,0.03695488,19.991636276245117,4348.571289,3554.963867,92e487456c2f5e45
100.33732652664185,100.33736314700036,1789785144.8648136,0.035047531,19.99664306640625,4348.571289,3556.425537109375,92e48745cf465e45
100.35732936859131,100.35736507399997,1789785144.8848164,0.034093857,20.00284194946289,4348.571289,3557.886962890625,92e48745315e5e45
100.37736010551453,100.37741426000002,1789785144.9048471,0.052452087,20.030736923217773,4348.571289,3559.348388671875,92e4874593755e45
100.39732933044434,100.39736768700004,1789785144.9248164,0.036716461181640625,19.96922492980957,4348.571289,3560.809814453125,92e48745f58c5e45
100.41733193397522,100.41737309500013,1789785144.944819,0.039339066,20.00260353088379,4348.571289,3562.271240234375,92e4874557a45e45
100.43728876113892,100.43732594700032,1789785144.9647758,0.035524368,19.95682716369629,4342.857422,3563.708740234375,dcb6874557bb5e45
100.45736289024353,100.45740081900021,1789785145,0.036239624,20.074129104614258,4348.571777,3565.170166015625,93e48745b9d25e45
100.47729325294495,100.47733633799999,1789785145.0047803,0.041484832763671875,19.930362701416016,4348.571777,3566.631591796875,93e487451bea5e45
100.49732542037964,100.49736576500027,1789785145.0248125,0.038623809814453125,20.032167434692383,4342.857422,3568.093262,dcb687457e015f45
100.51729393005371,100.51733467300028,1789785145.044781,0.039100647,19.968509674072266,4342.857422,3569.554688,dcb68745e0185f45
100.53731083869934,100.53733850800018,1789785145.0647979,0.025987625122070312,20.016908645629883,4342.857422,3571.016113,dcb6874542305f45
100.55735158920288,100.55738365700017,1789785145.0848386,0.030279159545898438,20.04075050354004,4342.857422,3572.477539,dcb68745a4475f45
100.57733726501465,100.57737456500035,1789785145.1048243,0.035524368,19.985675811767578,4348.571289,3573.915039,92e48745a45e5f45
100.59736227989197,100.59740073300009,1789785145.1248493,0.036716461181640625,20.025014877319336,4348.571289,3575.376465,92e4874506765f45
100.61732339859009,100.61736004800014,1789785145.1448104,0.035047531,19.961118698120117,4348.571289,3576.837891,92e48745688d5f45
100.63732147216797,100.6373601790001,1789785145.1648085,0.03695488,19.99807357788086,4348.571289,3578.299316,92e48745caa45f45
100.6573235988617,100.65735992000009,1789785145.1848106,0.034570694,20.002126693725586,4348.571289,3579.760742,92e487452cbc5f45
100.67732119560242,100.67736290300036,1789785145.2048082,0.040054321,19.997596740722656,4348.571289,3581.222412109375,92e487458fd35f45
100.69728326797485,100.69732284800011,1789785145.2247703,0.037908554,19.962072372436523,4348.571289,3582.683837890625,92e48745f1ea5f45
100.7173593044281,100.71739562700031,1789785145.2448463,0.034809112548828125,20.07603645324707,4348.571289,3584.145263671875,92e4874553026045
100.73736763000488,100.73740609100014,1789785145.2648547,0.036716461181640625,20.008325576782227,4348.571289,3585.582763671875,92e4874553196045
100.75731611251831,100.75735235100001,1789785145.2848032,0.034570694,19.948482513427734,4348.571289,3587.044189453125,92e48745b5306045
100.77732348442078,100.77736375900031,1789785145.3048105,0.038623809814453125,20.00737190246582,4348.571289,3588.505615234375,92e4874517486045
100.79714608192444,100.79722207400027,1789785145.3246331,0.074386597,19.82259750366211,4354.285156,3589.967041015625,48128845795f6045
100.81736063957214,100.81739927900026,1789785145.3448477,0.03695488,20.214557647705078,4354.285156,3591.428466796875,48128845db766045
100.83736276626587,100.83740196500003,1789785145.3648498,0.037431717,20.002126693725586,4348.571289,3592.890137,92e487453e8e6045
100.85731840133667,100.85735470700001,1789785145.3848054,0.034809112548828125,19.95563507080078,4348.571289,3594.351563,92e48745a0a56045
100.87727785110474,100.87731985600021,1789785145.404765,0.04029274,19.959449768066406,4348.571289,3595.812988,92e4874502bd6045
100.89735531806946,100.89739233800037,1789785145.4248424,0.035524368,20.07746696472168,4348.571289,3597.274414,92e4874564d46045
100.91735363006592,100.91739293199998,1789785145.4448407,0.037670135498046875,19.99831199645996,4348.571289,3598.73584,92e48745c6eb6045
100.93731474876404,100.93735030300013,1789785145.4648018,0.033855438232421875,19.961118698120117,4348.571289,3600.17334,92e48745c6026145
100.95735883712769,100.957394,1789785145.4848459,0.033378601,20.04408836364746,4348.571289,3601.634766,92e48745281a6145
100.9773600101471,100.97739552700023,1789785145.504847,0.033855438232421875,20.00117301940918,4348.571289,3603.096191,92e487458a316145
100.99737787246704,100.99741360200005,1789785145.524865,0.034093857,20.01786231994629,4348.571289,3604.557617,92e48745ec486145
101.01743030548096,101.01746660300023,1789785145.5449173,0.034809112548828125,20.052433013916016,4354.285156,3606.019287109375,481288454f606145
101.03732013702393,101.03735545600011,1789785145.5648072,0.033855438232421875,19.88983154296875,4354.285156,3607.480712890625,48128845b1776145
101.05737066268921,101.05741034600032,1789785145.5848577,0.038146973,20.050525665283203,4348.571289,3608.942138671875,92e48745138f6145
101.07755923271179,101.07759510599999,1789785145.6050463,0.034332275,20.188570022583008,4348.571289,3610.403564453125,92e4874575a66145
101.09737348556519,101.09741268100015,1789785145.6248605,0.037431717,19.814252853393555,4348.571289,3611.841064453125,92e4874575bd6145
101.11735463142395,101.11738971900013,1789785145.6448417,0.033378601,19.98114585876465,4348.571289,3613.302490234375,92e48745d7d46145
101.13727402687073,101.13730329300006,1789785145.664761,0.027656555,19.919395446777344,4348.571289,3614.763916015625,92e4874539ec6145
101.15713548660278,101.15717803500002,1789785145.6846225,0.041007996,19.861459732055664,4348.571289,3616.225341796875,92e487459b036245
101.17731380462646,101.17736246200002,1789785145.7048008,0.04696846,20.17831802368164,4348.571289,3617.687012,92e48745fe1a6245
101.19732284545898,101.19736164799997,1789785146,0.037193298,20.00904083251953,4348.571289,3619.124512,92e48745fe316245
101.21731185913086,101.21734805599999,1789785145.744799,0.034570694,19.98901367,4348.571289,3620.585938,92e4874560496245
101.23735332489014,101.23739320499999,1789785145.7648404,0.038146973,20.041465759277344,4348.571289,3622.047363,92e48745c2606245
101.2573139667511,101.25735113200017,1789785145.784801,0.035524368,19.960641860961914,4348.571289,3623.508789,92e4874524786245
101.27727270126343,101.27731026300035,1789785145.8047597,0.036001205,19.95873451,4342.857422,3624.946289,dcb68745248f6245
101.29727077484131,101.29735220800012,1789785145.8247578,0.079870224,19.99807357788086,4337.143555,3626.407715,2689874586a66245
101.3173098564148,101.31734970900015,1789785145.844797,0.038146973,20.039081573486328,4337.143555,3627.869141,26898745e8bd6245
101.3373589515686,101.33739554300018,1789785145.864846,0.034809112548828125,20.049095153808594,4337.143555,3629.330566,268987454ad56245
101.35727643966675,101.35731895100025,1789785145.8847635,0.040769577,19.91748809814453,4337.143555,3630.768066,268987454aec6245
101.37735033035278,101.37742882300017,1789785145.9048374,0.076770782,20.073890686035156,4337.143555,3632.229492,26898745ac036345
101.3973171710968,101.39735376800036,1789785145.9248042,0.035047531,19.966840744018555,4337.143555,3633.691162109375,268987450f1b6345
101.41733860969543,101.41757956600031,1789785145.9448256,0.23937225341796875,20.021438598632812,4337.143555,3635.152587890625,2689874571326345
101.43726539611816,101.43730697299998,1789785145.9647524,0.039815903,19.926786422729492,4337.143555,3636.590087890625,2689874571496345
101.45727634429932,101.45731708500034,1789785145.9847634,0.039100647,20.010948181152344,4337.143555,3638.051513671875,26898745d3606345
101.47732067108154,101.47736121600019,1789785146.0048077,0.038862228,20.044326782226562,4337.143555,3639.512939453125,2689874535786345
101.49730658531189,101.49734527200008,1789785146.0247936,0.037193298,19.98591423034668,4337.143555,3640.974365234375,26898745978f6345
101.5173180103302,101.51736086600022,1789785146.044805,0.041246414,20.011425018310547,4337.143555,3642.411865234375,2689874597a66345
101.53730797767639,101.53734384800009,1789785146.064795,0.034093857,19.989967346191406,4337.143555,3643.873291015625,26898745f9bd6345
101.55734610557556,101.55741588599994,1789785146.0848331,0.067949295,20.038127899169922,4342.85791,3645.334716796875,ddb687455bd56345
101.57731342315674,101.57735327599994,1789785146.1048005,0.038146973,19.967317581176758,4342.857422,3646.796387,dcb68745beec6345
101.59731483459473,101.59735596200017,1789785146.1248019,0.039577484130859375,20.00141143798828,4342.857422,3648.233887,dcb68745be036445
101.61730670928955,101.61734316699994,1789785146.1447937,0.034570694,19.99187469482422,4342.857422,3649.695313,dcb68745201b6445
101.6372663974762,101.63730183400003,1789785146.1647534,0.033855438232421875,19.959688186645508,4342.857422,3651.156738,dcb6874582326445
101.65727162361145,101.65730679800026,1789785146.1847587,0.033378601,20.005226135253906,4337.143555,3652.594238,2689874582496445
101.67726540565491,101.67732466899997,1789785146.2047524,0.057458878,19.99378204345703,4337.143555,3654.055664,26898745e4606445
101.69730615615845,101.69736359600029,1789785146.2247932,0.055789947509765625,20.04075050354004,4337.143555,3655.51709,2689874546786445
101.71731162071228,101.7173692450001,1789785146.2447987,0.055789947509765625,20.005464553833008,4337.143555,3656.978516,26898745a88f6445
101.73730134963989,101.73736646800035,1789785146.2647884,0.063657761,19.989728927612305,4337.143555,3658.439941,268987450aa76445
101.75734663009644,101.75740996900004,1789785146.2848337,0.061750412,20.04528045654297,4337.143555,3659.901367,268987456cbe6445
101.77731227874756,101.77736606300004,1789785146.3047993,0.052213669,19.965648651123047,4337.143555,3661.338867,268987456cd56445
101.79736614227295,101.7974960270003,1789785146.3248532,0.12826919555664062,20.053863525390625,4342.857422,3662.800537109375,dcb68745cfec6445
101.81730508804321,101.81736482400038,1789785146.3447921,0.057935715,19.938945770263672,4342.857422,3664.261962890625,dcb6874531046545
101.83731818199158,101.83736643600014,1789785146.3648052,0.046491623,20.013093948364258,4342.857422,3665.723388671875,dcb68745931b6545
101.85725831985474,101.85731119599996,1789785146.3847454,0.051259995,19.94013786315918,4342.857422,3667.184814453125,dcb68745f5326545
101.87731599807739,101.87736988200004,1789785146.404803,0.052213669,20.05767822265625,4342.857422,3668.646240234375,dcb68745574a6545
101.89730095863342,101.89735545700023,1789785146.424788,0.052928924560546875,19.984960556030273,4348.571777,3670.107666015625,93e48745b9616545
101.91730093955994,101.91736364300004,1789785146.444788,0.061273575,19.999980926513672,4348.571777,3671.545166015625,93e48745b9786545
101.93734192848206,101.93740390300036,1789785146.464829,0.060319901,20.04098892211914,4348.571289,3673.006591796875,92e487451b906545
101.95729756355286,101.95735946000013,1789785146.4847846,0.060081482,19.95563507080078,4348.571289,3674.468262,92e487457ea76545
101.97727036476135,101.97732184899996,1789785146.5047574,0.049829483,19.972801208496094,4348.571289,3675.929688,92e48745e0be6545
101.99727129936218,101.99732044300026,1789785146.5247583,0.047445297,20.000934600830078,4348.571289,3677.391113,92e4874542d66545
102.0173671245575,102.01797803700038,1789785146.5448542,0.6096363067626953,20.0958252,4354.285156,3678.852539,48128845a4ed6545
102.0373215675354,102.03742768500024,1789785146.5648086,0.10418891906738281,19.954442977905273,4354.285156,3680.385742,481288452c066645
102.05729699134827,102.05733013100007,1789785146.584784,0.031232833862304688,19.97542381286621,4365.713867,3681.919189453125,b66d8845b51e6645
102.07734370231628,102.07738318700012,1789785146.6048307,0.037908554,20.046710968017578,4400,3683.452637,008089453e376645
102.09729647636414,102.09733281800027,1789785146.6247835,0.034570694,19.952774047851562,4400,3684.98584,00808945c64f6645
102.11733293533325,102.11737005900022,1789785147,0.03528595,20.03645896911621,4428.571289,3686.543212890625,92648a45b1686645
102.13730359077454,102.13733944900014,1789785146.6647906,0.034093857,19.97065544128418,4428.571289,3688.076416015625,92648a4539816645
102.15725493431091,102.15729441300027,1789785146.684742,0.037908554,19.951343536376953,4462.857422,3689.633789,dc768b45249a6645
102.17730283737183,102.17734124700019,1789785146.7047899,0.036716461181640625,20.047903060913086,4497.143555,3691.166992,26898c45acb26645
102.19729495048523,102.19733065500031,1789785146.724782,0.034093857,19.99211311340332,4497.143555,3692.724365234375,26898c4597cb6645
102.21729564666748,102.21733119300006,1789785146.7447827,0.033855438232421875,20.000696182250977,4531.429688,3694.281738,709b8d4582e46645
102.23729419708252,102.23733487900017,1789785146.7647812,0.039100647,19.998550415039062,4565.71582,3695.814941,baad8e450afd6645
102.25733757019043,102.25737656599995,1789785146.7848246,0.037431717,20.043373107910156,4565.71582,3697.372314453125,baad8e45f5156745
102.27730393409729,102.27733986300018,1789785146.804791,0.034332275,19.96636390686035,4594.287598,3698.929688,4d928f45e02e6745
102.29729580879211,102.29733166000005,1789785146.8247828,0.034332275,19.99187469482422,4611.430664,3700.462891,721b904568476745
102.31733250617981,102.31737945700024,1789785146.8448195,0.045299530029296875,20.036697387695312,4611.430664,3702.020263671875,721b904553606745
102.33725190162659,102.33729047600036,1789785146.864739,0.03695488,19.919395446777344,4611.430664,3703.553466796875,721b9045db786745
102.35711717605591,102.35716121800033,1789785146.8846042,0.042438507080078125,19.86527442932129,4617.14502,3705.11084,29499045c6916745
102.37733173370361,102.37736831200027,1789785146.9048188,0.035047531,20.214557647705078,4617.14502,3706.668212890625,29499045b1aa6745
102.39732551574707,102.39739662700003,1789785146.9248126,0.069379807,19.99378204345703,4617.14502,3708.201416015625,2949904539c36745
102.41729378700256,102.41733394300036,1789785146.9447808,0.038385391,19.968271255493164,4617.14502,3709.758789,2949904524dc6745
102.43726253509521,102.4373037,1789785146.9647496,0.039339066,19.968748092651367,4617.14502,3711.291992,29499045acf46745
102.45729112625122,102.45732996300012,1789785146.9847782,0.037193298,20.02859115600586,4617.14502,3712.849365234375,29499045970d6845
102.47730946540833,102.47734581600025,1789785147.0047965,0.034809112548828125,20.018339157104492,4617.14502,3714.382813,2949904520266845
102.49729681015015,102.49733300200023,1789785147.0247838,0.034570694,19.98734474182129,4611.430664,3715.939941,721b90450a3f6845
102.51729655265808,102.51733926199995,1789785147.0447836,0.041007996,19.99974250793457,4611.430664,3717.473388671875,721b904593576845
102.5372896194458,102.53732592999995,1789785147.0647767,0.034570694,19.993066787719727,4611.430664,3719.030762,721b90457e706845
102.55742478370667,102.55748848600024,1789785147.0849118,0.061988831,20.135164260864258,4611.430664,3720.587891,721b904568896845
102.57729196548462,102.57732852400022,1789785147.104779,0.034809112548828125,19.86718178,4611.430664,3722.121337890625,721b9045f1a16845
102.59730529785156,102.59734891400012,1789785147.1247923,0.04196167,20.01333236694336,4611.430664,3723.654541015625,721b904579ba6845
102.61728167533875,102.61735743300005,1789785147.1447687,0.074148178,19.976377487182617,4611.430664,3725.211914,721b904564d36845
102.6373336315155,102.63737413800027,1789785147.1648207,0.038862228,20.051956176757812,4611.430664,3726.769287109375,721b90454fec6845
102.65728712081909,102.65732319400013,1789785147.1847742,0.034332275,19.953489303588867,4605.716309,3728.302490234375,bbed8f45d7046945
102.6773305,102.67737097300005,1789785147.2048175,0.039100647,20.043373107910156,4605.716309,3729.859863,bbed8f45c21d6945
102.69724321365356,102.6972801400002,1789785147.2247303,0.03528595,19.91271973,4605.716309,3731.393066,bbed8f454a366945
102.71732711791992,102.71739154900024,1789785147.2448142,0.062942505,20.083904266357422,4605.716309,3732.950439453125,bbed8f45354f6945
102.73730278015137,102.73734379100006,1789785147.2647898,0.039339066,19.975662231445312,4611.430664,3734.483887,721b9045be676945
102.7573242,102.75736429100016,1789785147.2848113,0.038385391,20.021438598632812,4611.430664,3736.01709,721b904546806945
102.7772421836853,102.77728036600001,1789785147.3047292,0.036478043,19.917964935302734,4605.716309,3737.574462890625,bbed8f4531996945
102.79723978042603,102.79727688599996,1789785147.3247268,0.035524368,19.997596740722656,4605.716309,3739.107666015625,bbed8f45b9b16945
102.81732130050659,102.81735694200006,1789785147.3448083,0.033855438232421875,20.081520080566406,4605.716309,3740.665039,bbed8f45a4ca6945
102.83725810050964,102.83729633200028,1789785147.3647451,0.036716461181640625,19.936800003051758,4605.716309,3742.198242,bbed8f452ce36945
102.85728335380554,102.85732127700021,1789785147.3847704,0.036239624,20.025253295898438,4605.716309,3743.755615234375,bbed8f4517fc6945
102.87731742858887,102.87735851900015,1789785147.4048045,0.039339066,20.034074783325195,4605.716309,3745.312988,bbed8f4502156a45
102.89724898338318,102.89728624200006,1789785147.424736,0.035524368,19.931554794311523,4611.430664,3746.846191,721b90458a2d6a45
102.9172899723053,102.91733281699999,1789785147.444777,0.041246414,20.04098892211914,4611.430664,3748.403564453125,721b904575466a45
102.93723964691162,102.93727794699998,1789785147.4647267,0.036716461181640625,19.949674606323242,4605.716309,3749.937012,bbed8f45fe5e6a45
102.95728826522827,102.95732467100015,1789785147.4847753,0.034570694,20.04861831665039,4605.716309,3751.494141,bbed8f45e8776a45
102.97728109359741,102.97731741200005,1789785147.5047681,0.034570694,19.992828369140625,4605.716309,3753.027587890625,bbed8f4571906a45
102.9972779750824,102.99731456100017,1789785147.524765,0.035047531,19.99688148498535,4605.716309,3754.584716796875,bbed8f455ba96a45
103.01727795600891,103.01731361800012,1789785147.544765,0.034093857,19.999980926513672,4611.430664,3756.118164,721b9045e4c16a45
103.03728008270264,103.03731595199997,1789785147.5647671,0.034093857,20.002126693725586,4611.430664,3757.675537109375,721b9045cfda6a45
103.0573194026947,103.05735543400033,1789785147.5848064,0.034570694,20.03931999206543,4611.430664,3759.208740234375,721b904557f36a45
103.07723474502563,103.07726967600001,1789785147.6047218,0.033140182,19.915342330932617,4611.430664,3760.766113,721b9045420c6b45
103.09728455543518,103.0973207320003,1789785147.6247716,0.034570694,20.04981041,4611.430664,3762.299316,721b9045ca246b45
103.1172719,103.11730767800009,1789785147.644759,0.034093857,19.98734474182129,4605.716309,3763.856689453125,bbed8f45b53d6b45
103.13732171058655,103.13735740100037,1789785147.6648088,0.034093857,20.04981041,4605.716309,3765.414063,bbed8f45a0566b45
103.15731501579285,103.15734995699995,1789785147.684802,0.033378601,19.993305206298828,4605.716309,3766.947266,bbed8f45286f6b45
103.17727947235107,103.17731810600026,1789785147.7047665,0.03695488,19.96445655822754,4611.430664,3768.504638671875,721b904513886b45
103.19732236862183,103.19736157000034,1789785147.7248094,0.037431717,20.042896270751953,4611.430664,3770.037841796875,721b90459ba06b45
103.21730041503906,103.21737201600035,1789785147.7447875,0.069856644,19.978046417236328,4611.430664,3771.595215,721b904586b96b45
103.23731589317322,103.23735529400028,1789785147.764803,0.037670135498046875,20.015478134155273,4611.430664,3773.152587890625,721b904571d26b45
103.25730895996094,103.25734762799993,1789785147.784796,0.03695488,19.993066787719727,4611.430664,3774.685791015625,721b9045f9ea6b45
103.27727627754211,103.27731694400018,1789785147.8047633,0.039100647,19.967317581176758,4611.430664,3776.243164,721b9045e4036c45
103.29727625846863,103.29731338900001,1789785147.8247633,0.035524368,19.999980926513672,4611.430664,3777.776367,721b90456c1c6c45
103.31730937957764,103.31734405700035,1789785147.8447964,0.032901763916015625,20.03312110900879,4611.430664,3779.333740234375,721b904557356c45
103.33728313446045,103.33732042800011,1789785147.8647702,0.035762786865234375,19.97375488,4611.430664,3780.891113,721b9045424e6c45
103.35727024078369,103.35730622500023,1789785147.8847573,0.034332275,19.987106323242188,4617.14502,3782.424316,29499045ca666c45
103.37727451324463,103.37731141099994,1789785147.9047616,0.035047531,20.00427246,4617.14502,3783.981689453125,29499045b57f6c45
103.3973217010498,103.39742241300019,1789785147.9248087,0.09894371,20.04718780517578,4617.14502,3785.539063,29499045a0986c45
103.41726279258728,103.41730417300005,1789785147.9447498,0.039577484130859375,19.941091537475586,4617.14502,3787.072266,2949904528b16c45
103.43727731704712,103.43731745100013,1789785147.9647644,0.038385391,20.014524459838867,4617.14502,3788.629638671875,2949904513ca6c45
103.4572709,103.45731097099997,1789785147.984758,0.038623809814453125,19.99354362487793,4617.14502,3790.162841796875,294990459be26c45
103.47731280326843,103.4773515830002,1789785148.0047998,0.037193298,20.041942596435547,4617.14502,3791.720215,2949904586fb6c45
103.49726748466492,103.49730502800003,1789785148.0247545,0.035762786865234375,19.954681396484375,4617.14502,3793.277587890625,2949904571146d45
103.51728200912476,103.51732425099999,1789785148.044769,0.040769577,20.014524459838867,4617.14502,3794.810791015625,29499045f92c6d45
103.53726553916931,103.53730236299998,1789785148.0647526,0.035047531,19.983530044555664,4617.14502,3796.368164,29499045e4456d45
103.5573079586029,103.55734360500037,1789785148.084795,0.033855438232421875,20.04241943359375,4617.14502,3797.925537109375,29499045cf5e6d45
103.5773172,103.57735567999998,1789785148.1048043,0.036716461181640625,20.009279251098633,4617.14502,3799.458740234375,2949904557776d45
103.59723091125488,103.59726844000033,1789785148.124718,0.036001205,19.913673400878906,4617.14502,3801.016113,2949904542906d45
103.61726212501526,103.61729845900027,1789785148.1447492,0.034809112548828125,20.031213760375977,4617.14502,3802.573242,294990452ca96d45
103.63726449012756,103.63730023800008,1789785148.1647515,0.034093857,20.002365112304688,4617.14502,3804.106689453125,29499045b5c16d45
103.65730667114258,103.65734207200012,1789785148.1847937,0.03361702,20.04218101501465,4617.14502,3805.664063,29499045a0da6d45
103.6772632598877,103.67730255400011,1789785148.2047503,0.037670135498046875,19.956588745117188,4617.14502,3807.221191,294990458af36d45
103.69730496406555,103.69734181500007,1789785148.224792,0.035047531,20.041704177856445,4617.14502,3808.754638671875,29499045130c6e45
103.71726584434509,103.71730192700034,1789785148.244753,0.034332275,19.960880279541016,4617.14502,3810.312012,29499045fe246e45
103.73730945587158,103.73734868700012,1789785148.2647965,0.037908554,20.043611526489258,4617.14502,3811.869141,29499045e83d6e45
103.75726819038391,103.75730776199998,1789785148.2847552,0.037908554,19.95873451,4617.14502,3813.402587890625,2949904571566e45
103.77726292610168,103.77730180000026,1789785148,0.037193298,19.994735717773438,4617.14502,3814.959716796875,294990455b6f6e45
103.79731273651123,103.7973501890001,1789785148.3247998,0.035762786865234375,20.04981041,4617.14502,3816.51709,2949904546886e45
103.81726241111755,103.81735689400011,1789785148.3447495,0.092744827,19.949674606323242,4617.14502,3818.050537109375,29499045cfa06e45
103.83722138404846,103.83726083900001,1789785148.3647084,0.037908554,19.958972930908203,4617.14502,3819.607666015625,29499045b9b96e45
103.85726046562195,103.85729735900031,1789785148.3847475,0.03528595,20.039081573486328,4617.14502,3821.141113,2949904542d26e45
103.8772201538086,103.87725541500004,1789785148.4047072,0.03361702,19.959688186645508,4617.14502,3822.698242,294990452ceb6e45
103.89730501174927,103.89734143500027,1789785148.424792,0.034809112548828125,20.084857940673828,4617.14502,3824.255615234375,2949904517046f45
103.91729688644409,103.91733589800015,1789785148.444784,0.037431717,19.99187469482422,4617.14502,3825.789063,29499045a01c6f45
103.93709325790405,103.93713460300023,1789785148.4645803,0.039815903,19.796371459960938,4617.14502,3827.346191,294990458a356f45
103.95730447769165,103.9573401,1789785148.4847915,0.034093857,20.211219787597656,4617.14502,3828.879638671875,29499045134e6f45
103.97721743583679,103.97725330799994,1789785148.5047045,0.034093857,19.91295815,4617.14502,3830.437012,29499045fe666f45
103.9973042011261,103.99734051300038,1789785148.5247912,0.034570694,20.08676528930664,4617.14502,3831.994141,29499045e87f6f45
104.01725649833679,104.01729244000035,1789785148.5447435,0.034093857,19.95229721069336,4617.14502,3833.527587890625,2949904571986f45
104.03722143173218,104.03725788500014,1789785148.5647085,0.034809112548828125,19.964933395385742,4617.14502,3835.084716796875,294990455bb16f45
104.05735421180725,104.05738923800027,1789785148.5848413,0.033140182,20.132780075073242,4617.14502,3836.64209,2949904546ca6f45
104.07726240158081,104.07729727600008,1789785148.6047494,0.033140182,19.90818977355957,4617.14502,3838.175537109375,29499045cfe26f45
104.09730219841003,104.09733844400034,1789785148.6247892,0.034570694,20.039796829223633,4617.14502,3839.708740234375,2949904557fb6f45
104.11729502677917,104.1173300180003,1789785148.644782,0.033378601,19.992828369140625,4611.430664,3841.266113,721b904542147045
104.13730478286743,104.1373403,1789785148.6647918,0.033855438232421875,20.009756088256836,4611.430664,3842.823242,721b90452c2d7045
104.15729284286499,104.15733024200017,1789785149,0.035762786865234375,19.988059997558594,4611.430664,3844.356689453125,721b9045b5457045
104.17740440368652,104.17744304000007,1789785148.7048914,0.03695488,20.111560821533203,4611.430664,3845.914063,721b9045a05e7045
104.19725346565247,104.19728996599997,1789785148.7247405,0.034809112548828125,19.849061965942383,4611.430664,3847.447266,721b904528777045
104.21730303764343,104.21734222700024,1789785149,0.037670135498046875,20.049571990966797,4611.430664,3849.004638671875,721b904513907045
104.23725199699402,104.23729056100001,1789785148.764739,0.03695488,19.948959350585938,4611.430664,3850.537841796875,721b90459ba87045
104.25729870796204,104.25733741400018,1789785148.7847857,0.03695488,20.046710968017578,4611.430664,3852.095215,721b904586c17045
104.27730250358582,104.27733848900016,1789785148.8047895,0.034332275,20.003795623779297,4605.716309,3853.628662109375,bbed8f450fda7045
104.29740953445435,104.29744952700003,1789785148.8248966,0.038385391,20.107030868530273,4605.716309,3855.185791015625,bbed8f45f9f27045
104.31728053092957,104.31736939800021,1789785148.8447676,0.0872612,19.870996475219727,4605.716309,3856.719238,bbed8f45820b7145
104.33734059333801,104.33737904700001,1789785148.8648276,0.03695488,20.060062408447266,4605.716309,3858.276367,bbed8f456c247145
104.35746455192566,104.35750051100013,1789785148.8849516,0.034332275,20.123958587646484,4611.430664,3859.809814453125,721b9045f53c7145
104.37731885910034,104.37735427100006,1789785148.904806,0.033855438232421875,19.854307174682617,4611.430664,3861.367188,721b9045e0557145
104.39724612236023,104.3972832720001,1789785148.9247332,0.03528595,19.927263259887695,4611.430664,3862.900391,721b9045686e7145
104.41730785369873,104.41753512500009,1789785148.944795,0.22554397583007812,20.061731338500977,4611.430664,3864.457763671875,721b904553877145
104.43722438812256,104.43741008799998,1789785148.9647114,0.18405914306640625,19.916534423828125,4611.430664,3865.990966796875,721b9045db9f7145
104.45726346969604,104.45730138499994,1789785148.9847505,0.036239624,20.039081573486328,4611.430664,3867.54834,721b9045c6b87145
104.47726106643677,104.4773027010001,1789785149.004748,0.040054321,19.997596740722656,4611.430664,3869.105712890625,721b9045b1d17145
104.49722075462341,104.49726312800021,1789785149.0247078,0.040769577,19.959688186645508,4611.430664,3870.638916015625,721b904539ea7145
104.51722359657288,104.51726799900007,1789785149.0447106,0.042676926,20.00284194946289,4617.14502,3872.196289,2949904524037245
104.53724884986877,104.53728490699996,1789785149.064736,0.034332275,20.025253295898438,4617.14502,3873.753662109375,294990450f1c7245
104.55725121498108,104.5572870750002,1789785149.0847383,0.034093857,20.002365112304688,4611.430664,3875.286865234375,721b904597347245
104.57724785804749,104.57732092800006,1789785149.104735,0.071525574,19.99664306640625,4611.430664,3876.844238,721b9045824d7245
104.59725737571716,104.59730478000029,1789785149.1247444,0.045776367,20.009517669677734,4611.430664,3878.377441,721b90450a667245
104.61707353591919,104.6171177250003,1789785149.1445606,0.042676926,19.816160202026367,4611.430664,3879.934814453125,721b9045f57e7245
104.63727641105652,104.63730824499999,1789785149.1647635,0.030040740966796875,20.20287514,4611.430664,3881.492188,721b9045e0977245
104.65725541114807,104.65729428300028,1789785149.1847425,0.037431717,19.979000091552734,4611.430664,3883.025391,721b904568b07245
104.67729020118713,104.67733165400023,1789785149.2047772,0.039815903,20.03479004,4611.430664,3884.582763671875,721b904553c97245
104.69726419448853,104.69732315500005,1789785149.2247512,0.057220459,19.9739933,4611.430664,3886.115966796875,721b9045dbe17245
104.71729183197021,104.71732778600017,1789785149.2447789,0.034093857,20.027637481689453,4611.430664,3887.67334,721b9045c6fa7245
104.73720979690552,104.73725191600033,1789785149.2646968,0.040531158447265625,19.917964935302734,4611.430664,3889.206787109375,721b90454f137345
104.75724935531616,104.75728845399999,1789785149.2847364,0.037431717,20.03955841064453,4611.430664,3890.763916015625,721b9045392c7345
104.77726697921753,104.77731634400016,1789785149.304754,0.047683716,20.017623901367188,4611.430664,3892.321289,721b904524457345
104.79720449447632,104.79724353000029,1789785149.3246915,0.037193298,19.937515258789062,4617.14502,3893.854492,29499045ac5d7345
104.81730508804321,104.81736034599999,1789785149.3447921,0.05364418,20.10059356689453,4617.14502,3895.411865234375,2949904597767345
104.83721089363098,104.83724821700025,1789785149.364698,0.035762786865234375,19.905805587768555,4617.14502,3896.945313,29499045208f7345
104.85724186897278,104.8572793,1789785149.384729,0.035762786865234375,20.030975341796875,4617.14502,3898.502441,294990450aa87345
104.87728953361511,104.87732538599994,1789785149.4047766,0.034093857,20.047664642333984,4617.14502,3900.059814453125,29499045f5c07345
104.8972156047821,104.89725810900018,1789785149.4247026,0.040769577,19.926071166992188,4617.14502,3901.593262,294990457ed97345
104.91723871231079,104.91728007200027,1789785149.4447258,0.039577484130859375,20.023107528686523,4617.14502,3903.150391,2949904568f27345
104.93729162216187,104.93733037000038,1789785149.4647787,0.037193298,20.05290985107422,4617.14502,3904.683837890625,29499045f10a7445
104.95727872848511,104.95731446300033,1789785149.4847658,0.034093857,19.987106323242188,4617.14502,3906.240966796875,29499045db237445
104.9772458076477,104.9772815010001,1789785149.5047328,0.034093857,19.967079162597656,4617.14502,3907.79834,29499045c63c7445
104.99720430374146,104.99723942800028,1789785149.5246913,0.033378601,19.95849609,4611.430664,3909.331787109375,721b90454f557445
105.0172758102417,105.01731818799999,1789785149.5447628,0.040769577,20.07150650024414,4611.430664,3910.888916015625,721b9045396e7445
105.03725147247314,105.0372864850001,1789785149.5647385,0.033378601,19.975662231445312,4611.430664,3912.422363,721b9045c2867445
105.05724453926086,105.05728278200013,1789785149.5847316,0.036716461181640625,19.993066787719727,4611.430664,3913.979492,721b9045ac9f7445
105.07720398902893,105.0772414500002,1789785149.604691,0.035762786865234375,19.959449768066406,4611.430664,3915.536865234375,721b904597b87445
105.09720635414124,105.09724754300032,1789785149.6246934,0.039577484130859375,20.002365112304688,4611.430664,3917.070313,721b904520d17445
105.11727738380432,105.11731443300005,1789785149.6447644,0.03528595,20.071029663085938,4611.430664,3918.627441,721b90450aea7445
105.13719940185547,105.13723613799993,1789785149.6646864,0.035047531,19.92201805114746,4611.430664,3920.160888671875,721b904593027545
105.15724039077759,105.15727560200003,1789785149.6847274,0.03361702,20.04098892211914,4611.430664,3921.718262,721b90457e1b7545
105.17727971076965,105.17732119500033,1789785149.7047668,0.039815903,20.03931999206543,4611.430664,3923.275391,721b904568347545
105.1972439289093,105.19728032600005,1789785149.724731,0.034809112548828125,19.964218139648438,4611.430664,3924.808837890625,721b9045f14c7545
105.21727275848389,105.21730930800004,1789785149.7447598,0.034809112548828125,20.02882957458496,4611.430664,3926.365966796875,721b9045db657545
105.23723602294922,105.23727147599993,1789785149.764723,0.03361702,19.96326446533203,4617.14502,3927.92334,29499045c67e7545
105.25723385810852,105.25727225400033,1789785149.784721,0.03695488,19.997835159301758,4617.14502,3929.456787109375,294990454f977545
105.27723360061646,105.27726960700011,1789785149.8047206,0.034332275,19.99974250793457,4617.14502,3931.013916015625,2949904539b07545
105.29720664024353,105.29725490400006,1789785149.8246937,0.046730042,19.973039627075195,4617.14502,3932.571289,2949904524c97545
105.31723356246948,105.31727196100019,1789785149.8447206,0.036716461181640625,20.02692222595215,4617.14502,3934.104492,29499045ace17545
105.33723258972168,105.33726627600026,1789785149.8647196,0.031948089599609375,19.999027252197266,4617.14502,3935.661865234375,2949904597fa7545
105.35719966888428,105.35723703600024,1789785149.8846867,0.035762786865234375,19.967079162597656,4617.14502,3937.219238,2949904582137645
105.37727475166321,105.37731299999996,1789785149.9047618,0.036716461181640625,20.075082778930664,4617.14502,3938.752441,294990450a2c7645
105.39723229408264,105.39726790900022,1789785149.9247193,0.034093857,19.957542419433594,4617.14502,3940.309814453125,29499045f5447645
105.41727614402771,105.41737157600028,1789785149.9447632,0.09393692,20.04384994506836,4617.14502,3941.867188,29499045e05d7645
105.43723225593567,105.43727009600025,1789785149.9647193,0.036239624,19.956111907958984,4617.14502,3943.400391,2949904568767645
105.45727229118347,105.45731202200022,1789785149.9847593,0.038146973,20.040035247802734,4617.14502,3944.957763671875,29499045538f7645
105.47720289230347,105.4772441340001,1789785150,0.039577484130859375,19.930601119995117,4617.14502,3946.490966796875,29499045dba77645
105.49720740318298,105.49724913499995,1789785150.0246944,0.040054321,20.00451088,4617.14502,3948.04834,29499045c6c07645
105.51720261573792,105.51724556199997,1789785150.0446897,0.041246414,19.99521255493164,4617.14502,3949.581787109375,294990454fd97645
105.53719282150269,105.53722963700011,1789785150.0646799,0.035047531,19.990205764770508,4617.14502,3951.138916015625,2949904539f27645
105.55727696418762,105.55731286000037,1789785150.084764,0.034093857,20.084142684936523,4617.14502,3952.696289,29499045240b7745
105.57724666595459,105.57728638000026,1789785150.1047337,0.038146973,19.969701766967773,4617.14502,3954.229492,29499045ac237745
105.59718894958496,105.59722584300016,1789785150.124676,0.03528595,19.942283630371094,4617.14502,3955.786865234375,29499045973c7745
105.6170539855957,105.61710091800023,1789785150.144541,0.045299530029296875,19.865036010742188,4617.14502,3957.320313,2949904520557745
105.63722538948059,105.63726117800024,1789785150.1647124,0.034093857,20.171403884887695,4617.14502,3958.877441,294990450a6e7745
105.65724658966064,105.65728255000022,1789785150.1847336,0.034332275,20.02120018005371,4617.14502,3960.434814453125,29499045f5867745
105.67722988128662,105.6772698650002,1789785150.204717,0.038385391,19.983291625976562,4617.14502,3961.968262,294990457e9f7745
105.6972017288208,105.69724327400036,1789785150.2246888,0.039815903,19.971847534179688,4617.14502,3963.525391,2949904568b87745
105.71722340583801,105.71726234900007,1789785150.2447104,0.037431717,20.021677017211914,4617.14502,3965.058837890625,29499045f1d07745
105.73727202415466,105.7373625160003,1789785150.264759,0.088691711,20.04861831665039,4617.14502,3966.615966796875,29499045dbe97745
105.75726842880249,105.75733446200002,1789785150.2847555,0.064611435,19.99640464782715,4617.14502,3968.17334,29499045c6027845
105.77723002433777,105.7772968700001,1789785150.304717,0.065326691,19.96159553527832,4611.430664,3969.706787109375,721b90454f1b7845
105.79723334312439,105.79728498200029,1789785150.3247204,0.049829483,20.003318786621094,4611.430664,3971.263916015625,721b904539347845
105.81725883483887,105.81740796500026,1789785150.3447459,0.1475811004638672,20.02549171447754,4611.430664,3972.797363,721b9045c24c7845
105.83724737167358,105.83734020600014,1789785150.3647344,0.091075897,19.988536834716797,4611.430664,3974.354492,721b9045ac657845
105.85724115371704,105.8573162810003,1789785150.3847282,0.073671341,19.99378204345703,4611.430664,3975.887939453125,721b9045357e7845
105.87718534469604,105.8772415970002,1789785150.4046724,0.054597855,19.944190979003906,4611.430664,3977.445313,721b904520977845
105.89722871780396,105.89728654200007,1789785150.4247158,0.056028366,20.043373107910156,4611.430664,3979.002441,721b90450ab07845
105.91720199584961,105.91725789500015,1789785150.444689,0.054121017,19.973278045654297,4611.430664,3980.535888671875,721b904593c87845
105.93718838691711,105.93723696999996,1789785150.4646754,0.04696846,19.986391067504883,4611.430664,3982.093262,721b90457ee17845
105.95727825164795,105.95734650800023,1789785150.4847653,0.066757202,20.08986473083496,4611.430664,3983.650391,721b904568fa7845
105.9772253036499,105.97728180500008,1789785150.5047123,0.054836273193359375,19.947052001953125,4611.430664,3985.183837890625,721b9045f1127945
105.9972255,105.99728108299996,1789785150.5247126,0.053882598876953125,20.000219345092773,4611.430664,3986.740966796875,721b9045db2b7945
106.0172791481018,106.01734593600031,1789785150.5447662,0.065088272,20.053625106811523,4617.14502,3988.274414,2949904564447945
106.03719353675842,106.03724586299995,1789785150.5646806,0.050544739,19.91438865661621,4617.14502,3989.831787109375,294990454f5d7945
106.0572669506073,106.05733353100004,1789785150.584754,0.064849854,20.073413848876953,4617.14502,3991.388916015625,2949904539767945
106.0771837234497,106.07723925400023,1789785150.6046708,0.053882598876953125,19.916772842407227,4617.14502,3992.922363,29499045c28e7945
106.09722709655762,106.09729258800007,1789785150.6247141,0.063896179,20.043373107910156,4617.14502,3994.479492,29499045aca77945
106.11722683906555,106.11729495899999,1789785150.6447139,0.066518784,19.99974250793457,4617.14502,3996.012939453125,2949904535c07945
106.13722848892212,106.13729534899994,1789785150.6647155,0.065326691,20.001649856567383,4617.14502,3997.570313,2949904520d97945
106.15727543830872,106.15734192400032,1789785150.6847625,0.064849854,20.04694938659668,4617.14502,3999.127441,294990450af27945
106.17722415924072,106.17728948000013,1789785150.7047112,0.063657761,19.948720932006836,4617.14502,4000.660888671875,29499045930a7a45
106.1972246170044,106.19729014800032,1789785150.7247117,0.064134598,20.000457763671875,4617.14502,4002.218262,294990457e237a45
106.21722149848938,106.2172881,1789785150.7447085,0.065088272,19.99688148498535,4617.14502,4003.751465,29499045063c7a45
106.23718571662903,106.23730083500004,1789785150.7646728,0.11348724365234375,19.964218139648438,4617.14502,4005.308837890625,29499045f1547a45
106.25726461410522,106.25733089100004,1789785150.7847517,0.064611435,20.07889747619629,4617.14502,4006.865966796875,29499045db6d7a45
106.27721977233887,106.2772699850002,1789785150.8047068,0.04863739,19.955158233642578,4617.14502,4008.399414,2949904564867a45
106.29726028442383,106.29732544900025,1789785150.8247473,0.063419342,20.040512084960938,4617.14502,4009.956787109375,294990454f9f7a45
106.3172287940979,106.31727783800034,1789785150.8447158,0.047206878662109375,19.968509674072266,4617.14502,4011.489990234375,29499045d7b77a45
106.33718228340149,106.33733172800021,1789785150.8646693,0.14781951904296875,19.953489303588867,4611.430664,4013.047363,721b9045c2d07a45
106.3572211265564,106.35727767300023,1789785150.8847082,0.055074692,20.038843154907227,4611.430664,4014.604492,721b9045ace97a45
106.37725639343262,106.37732219300005,1789785150.9047434,0.064134598,20.035266876220703,4611.430664,4016.137939453125,721b904535027b45
106.3972282409668,106.39728889700018,1789785150.9247153,0.059127808,19.971847534179688,4611.430664,4017.695313,721b9045201b7b45
106.41726183891296,106.41738502800035,1789785150.9447489,0.12159347534179688,20.033597946166992,4611.430664,4019.252441,721b90450a347b45
106.43703889846802,106.4371550840001,1789785150.964526,0.11515617370605469,19.77705955505371,4611.430664,4020.785888671875,721b9045934c7b45
106.45725893974304,106.45732493700007,1789785150.984746,0.064373016,20.220041275024414,4611.430664,4022.343262,721b90457e657b45
106.47723579406738,106.47728327100003,1789785151.0047228,0.046014786,19.97685432434082,4611.430664,4023.876465,721b9045067e7b45
106.49721550941467,106.49728110600017,1789785151.0247025,0.063896179,19.97971534729004,4611.430664,4025.433837890625,721b9045f1967b45
106.51721811294556,106.51726982900027,1789785151.0447052,0.050067901611328125,20.00260353088379,4611.430664,4026.990966796875,721b9045dbaf7b45
106.5372154712677,106.53730825599996,1789785151.0647025,0.091075897,19.997358322143555,4611.430664,4028.524414,721b904564c87b45
106.55721640586853,106.55728133100001,1789785151.0847034,0.063180923,20.000934600830078,4611.430664,4030.081787109375,721b90454fe17b45
106.57730913162231,106.57737136900005,1789785151.1047962,0.060558319091796875,20.09272575378418,4617.14502,4031.638916015625,2949904539fa7b45
106.59725499153137,106.59732148000012,1789785151.124742,0.064849854,19.945859909057617,4617.14502,4033.172363,29499045c2127c45
106.61725997924805,106.61732655500009,1789785151.144747,0.065088272,20.004987716674805,4617.14502,4034.729492,29499045ac2b7c45
106.63724946975708,106.63731333400028,1789785151.1647365,0.062227249,19.989490509033203,4617.14502,4036.262939453125,2949904535447c45
106.65721654891968,106.65728165000019,1789785151.1847036,0.063419342,19.967079162597656,4617.14502,4037.820313,29499045205d7c45
106.67725014686584,106.67731498400008,1789785151.2047372,0.063419342,20.033597946166992,4617.14502,4039.377441,294990450a767c45
106.69721484184265,106.69728078100025,1789785151.224702,0.064373016,19.96469497680664,4617.14502,4040.910888671875,29499045938e7c45
106.71721124649048,106.71727794900016,1789785151.2446983,0.065088272,19.99640464782715,4617.14502,4042.468262,294990457ea77c45
106.73703527450562,106.73711350500025,1789785151.2645223,0.076770782,19.82402801513672,4617.14502,4044.001465,2949904506c07c45
106.75725245475769,106.75731652500008,1789785151.2847395,0.062465667724609375,20.217180252075195,4617.14502,4045.558837890625,29499045f1d87c45
106.77725601196289,106.77732013700006,1789785151.304743,0.062465667724609375,20.003557205200195,4617.14502,4047.115966796875,29499045dbf17c45
106.79718041419983,106.7972295630002,1789785151.3246675,0.047445297,19.924402236938477,4617.14502,4048.649414,29499045640a7d45
106.81727004051208,106.81739430500011,1789785151.344757,0.12254714965820312,20.08962631225586,4617.14502,4050.206787109375,294990454f237d45
106.83719611167908,106.83724319500016,1789785151.3646832,0.045537949,19.926071166992188,4617.14502,4051.739990234375,29499045d73b7d45
106.85725116729736,106.85731628800022,1789785151.3847382,0.063657761,20.055055618286133,4617.14502,4053.297363,29499045c2547d45
106.8772120475769,106.87727803000007,1789785151.404699,0.064373016,19.960880279541016,4617.14502,4054.830566,294990454a6d7d45
106.8972499370575,106.89731514200002,1789785151.424737,0.063419342,20.03788948059082,4611.430664,4056.387939453125,721b904535867d45
106.91725373268127,106.91732301299999,1789785151.4447408,0.067710876,20.003795623779297,4611.430664,4057.945313,721b9045209f7d45
106.93720626831055,106.93726338400029,1789785151.4646933,0.055551529,19.95253562927246,4611.430664,4059.478516,721b9045a8b77d45
106.95725131034851,106.95731660800038,1789785151.4847383,0.063657761,20.045042037963867,4611.430664,4061.035888671875,721b904593d07d45
106.97730207443237,106.97736740500022,1789785151.504789,0.063657761,20.050764083862305,4611.430664,4062.569091796875,721b90451be97d45
106.99732613563538,106.99739086900036,1789785151.5248132,0.063180923,20.02406120300293,4611.430664,4064.126465,721b904506027e45
107.01731300354004,107.01737599900025,1789785152,0.061511993408203125,19.986867904663086,4611.430664,4065.659912109375,721b90458f1a7e45
107.03719544410706,107.03725125900019,1789785151.5646825,0.054359436,19.88244057,4611.430664,4067.217041015625,721b904579337e45
107.05741381645203,107.0574782980002,1789785151.5849009,0.062704086,20.218372344970703,4611.430664,4068.750488,721b9045024c7e45
107.07722115516663,107.07728752000003,1789785151.6047082,0.064611435,19.80733871459961,4605.716309,4070.307617,bbed8f45ec647e45
107.09717345237732,107.09722874299996,1789785151.6246605,0.053405762,19.95229721069336,4605.716309,4071.841064453125,bbed8f45757d7e45
107.11721587181091,107.11732517000019,1789785151.644703,0.10752677917480469,20.04241943359375,4605.716309,4073.398438,bbed8f4560967e45
107.13720750808716,107.13727448600002,1789785151.6646945,0.065326691,19.991636276245117,4605.716309,4074.931641,bbed8f45e8ae7e45
107.15724492073059,107.15731137600005,1789785151.684732,0.064611435,20.037412643432617,4611.430664,4076.489013671875,721b9045d3c77e45
107.17720413208008,107.17727224700002,1789785151.7046912,0.066518784,19.959211349487305,4611.430664,4078.022216796875,721b90455be07e45
107.1972074508667,107.19727574800027,1789785151.7246945,0.066518784,20.003318786621094,4611.430664,4079.57959,721b904546f97e45
107.21720480918884,107.2172716,1789785151.7446918,0.065088272,19.997358322143555,4605.716309,4081.113037109375,bbed8f45cf117f45
107.23725152015686,107.2373178050002,1789785151.7647386,0.064849854,20.046710968017578,4605.716309,4082.670166015625,bbed8f45b92a7f45
107.25702452659607,107.2571156580002,1789785151.7845116,0.089883804,19.773006439208984,4605.716309,4084.203613,bbed8f4542437f45
107.27720904350281,107.27725562200021,1789785151.804696,0.044822693,20.18451690673828,4605.716309,4085.760742,bbed8f452c5c7f45
107.29702997207642,107.29712219600015,1789785151.824517,0.090837479,19.82092857,4605.716309,4087.294189453125,bbed8f45b5747f45
107.31719923019409,107.31726575300036,1789785151.8446863,0.064849854,20.16925811767578,4605.716309,4088.851563,bbed8f45a08d7f45
107.33716177940369,107.33730842100022,1789785151.8646488,0.144958496,19.962549209594727,4611.430664,4090.384766,721b904528a67f45
107.35730862617493,107.35737601400024,1789785151.8847957,0.065803528,20.146846771240234,4605.716309,4091.942138671875,bbed8f4513bf7f45
107.37716269493103,107.37721714500003,1789785151.9046497,0.052690506,19.854068756103516,4605.716309,4093.475341796875,bbed8f459bd77f45
107.3972110748291,107.3972685900003,1789785151.924698,0.055789947509765625,20.04837989807129,4605.716309,4095.032715,bbed8f4586f07f45
107.41720342636108,107.41733312800034,1789785151.9446905,0.12803077697753906,19.992351531982422,4605.716309,4096.565918,bbed8f4587048045
107.43716716766357,107.43724755500034,1789785151.9646542,0.078678131,19.963741302490234,4605.716309,4098.123535,bbed8f45fd108045
107.45724987983704,107.45731611100018,1789785151.984737,0.064611435,20.082712173461914,4611.430664,4099.680664,721b9045721d8045
107.47716069221497,107.47722124200027,1789785152.0046477,0.059127808,19.910812377929688,4611.430664,4101.213867,721b9045b6298045
107.49717688560486,107.49723448300028,1789785152.024664,0.056028366,20.016193389892578,4611.430664,4102.771484,721b90452c368045
107.51716899871826,107.5172172800003,1789785152.044656,0.046730042,19.99211311340332,4611.430664,4104.304688,721b904570428045
107.53719973564148,107.5372502,1789785152.0646868,0.048875809,20.030736923217773,4611.430664,4105.861816,721b9045e54e8045
107.55719685554504,107.55726265300018,1789785152.084684,0.064134598,19.997119903564453,4611.430664,4107.39502,721b9045295b8045
107.57720065116882,107.57734208000011,1789785152.1046877,0.13971328735351562,20.003795623779297,4611.430664,4108.952637,721b90459f678045
107.59721255302429,107.59731134000003,1789785152.1246996,0.097036362,20.01190185546875,4611.430664,4110.509766,721b904514748045
107.61724352836609,107.61731200700024,1789785152.1447306,0.066757202,20.030975341796875,4617.14502,4112.042969,2949904558808045
107.63723683357239,107.63730300800034,1789785152.1647239,0.064611435,19.993305206298828,4617.14502,4113.600586,29499045ce8c8045
107.65725684165955,107.65730730500036,1789785152.184744,0.048875809,20.020008087158203,4617.14502,4115.157715,2949904543998045
107.67720627784729,107.67726086200037,1789785152.2046933,0.052928924560546875,19.94943618774414,4617.14502,4116.690918,2949904587a58045
107.69716691970825,107.69721758500009,1789785152.224654,0.049114227294921875,19.960641860961914,4617.14502,4118.248535,29499045fdb18045
107.71724438667297,107.71731108600034,1789785152.2447314,0.065088272,20.07746696472168,4617.14502,4119.781738,2949904541be8045
107.73715662956238,107.73721399400029,1789785152.2646437,0.055789947509765625,19.912242889404297,4617.14502,4121.338867,29499045b6ca8045
107.75719475746155,107.75724290200014,1789785152.2846818,0.046491623,20.038127899169922,4617.14502,4122.896484,294990452cd78045
107.77723717689514,107.77730455100027,1789785152.3047242,0.065803528,20.04241943359375,4617.14502,4124.429688,2949904570e38045
107.79716157913208,107.79721055200025,1789785152.3246486,0.047445297,19.924402236938477,4617.14502,4125.986816,29499045e5ef8045
107.81724095344543,107.81733436800005,1789785152.344728,0.092029572,20.079374313354492,4617.14502,4127.544434,294990455bfc8045
107.83718967437744,107.8372375910003,1789785152.3646767,0.046253204345703125,19.948720932006836,4611.430664,4129.077637,721b90459f088145
107.85723304748535,107.85729831400022,1789785152,0.063419342,20.043373107910156,4617.14502,4130.634766,2949904514158145
107.87720322608948,107.8772612040002,1789785152.4046903,0.056266785,19.970178604125977,4617.14502,4132.167969,2949904558218145
107.8971996307373,107.89725457500026,1789785152.4246867,0.053405762,19.99640464782715,4617.14502,4133.725586,29499045ce2d8145
107.91716313362122,107.91721737200032,1789785152.4446502,0.052452087,19.963502883911133,4617.14502,4135.282715,29499045433a8145
107.93724226951599,107.93730907700001,1789785152.4647293,0.065088272,20.07913589477539,4617.14502,4136.815918,2949904587468145
107.95714950561523,107.9571963000003,1789785152.4846365,0.045299530029296875,19.907236099243164,4617.14502,4138.373535,29499045fd528145
107.97718930244446,107.97725626400006,1789785152.5046763,0.065326691,20.039796829223633,4617.14502,4139.930664,29499045725f8145
107.9972276687622,107.99729259800006,1789785152.5247147,0.063180923,20.038366317749023,4617.14502,4141.487793,29499045e76b8145
108.01718831062317,108.0173214880001,1789785152.5446754,0.13136863708496094,19.960641860961914,4617.14502,4143.04541,294990455d788145
108.03714776039124,108.03722556299999,1789785152.5646348,0.076055527,19.959449768066406,4617.14502,4144.650391,2949904534858145
108.0572042,108.05728774900035,1789785152.5846913,0.081777573,20.056486129760742,4640.001953,4146.255859,040091450c928145
108.07723140716553,108.07729969399998,1789785152.6047184,0.066757202,20.02716064453125,4674.287598,4147.908691,4d129245459f8145
108.0971577167511,108.09721447300035,1789785152.6246448,0.055074692,19.92630958557129,4674.287598,4149.538086,4d1292454eac8145
108.11714887619019,108.11719682600005,1789785152.644636,0.046253204345703125,19.991159439086914,4697.144531,4151.166992,28c9924556b98145
108.13723111152649,108.13729795600011,1789785152.6647182,0.065326691,20.08223533630371,4697.144531,4152.796387,28c992455fc68145
108.15719556808472,108.15724230900014,1789785152.6846826,0.045299530029296875,19.96445655822754,4731.430176,4154.449219,71db934598d38145
108.1771514415741,108.17720356900008,1789785152.7046385,0.05030632,19.955873489379883,4765.71582,4156.078613,baed9445a1e08145
108.19719195365906,108.19724349600028,1789785152.724679,0.049829483,20.040512084960938,4765.71582,4157.70752,baed9445a9ed8145
108.21723699569702,108.21730381199995,1789785152.744724,0.065326691,20.045042037963867,4800.001465,4159.36084,03009645e3fa8145
108.23714470863342,108.2371973,1789785152.7646317,0.051021575927734375,19.907712936401367,4828.572754,4160.990234,95e49645ec078245
108.25723218917847,108.25729868400003,1789785152.7847192,0.064849854,20.087480545043945,4828.572754,4162.619141,95e49645f4148245
108.27714681625366,108.27719729599994,1789785152.8046339,0.048875809,19.914627075195312,4862.858398,4164.248535,def69745fd218245
108.2971818447113,108.29723248200025,1789785152.824669,0.048875809,20.03502846,4874.287109,4165.901367,4c529845362f8245
108.31717944145203,108.31721894600014,1789785152.8446665,0.037670135498046875,19.997596740722656,4874.287109,4167.530762,4c5298453f3c8245
108.33718132972717,108.33724794700038,1789785152.8646684,0.065088272,20.001888275146484,4874.287109,4169.159668,4c52984547498245
108.35718393325806,108.35722152100016,1789785152.884671,0.035762786865234375,20.00260353088379,4880.001465,4170.789063,0380984550568245
108.37719464302063,108.37723116999996,1789785152.9046817,0.034809112548828125,20.010709762573242,4880.001465,4172.441895,0380984589638245
108.39716029167175,108.39721069000007,1789785152.9246473,0.04863739,19.965648651123047,4880.001465,4174.071289,0380984592708245
108.41722106933594,108.41731339500029,1789785152.944708,0.09059906,20.06077766418457,4880.001465,4175.700684,038098459b7d8245
108.43717384338379,108.43720972900019,1789785152.964661,0.034093857,19.952774047851562,4874.287109,4177.32959,4c529845a38a8245
108.45718574523926,108.4572262480001,1789785152.9846728,0.038862228,20.01190185546875,4874.287109,4178.98291,4c529845dd978245
108.47718000411987,108.47721821200003,1789785153.004667,0.036478043,19.994258880615234,4874.287109,4180.611816,4c529845e5a48245
108.49719762802124,108.49723952800014,1789785153.0246847,0.04029274,20.017623901367188,4874.287109,4182.241211,4c529845eeb18245
108.51718425750732,108.51722195399998,1789785153.0446713,0.036001205,19.986629486083984,4874.287109,4183.870117,4c529845f6be8245
108.53718638420105,108.53722517799997,1789785153.0646734,0.037193298,20.002126693725586,4874.287109,4185.499512,4c529845ffcb8245
108.55705952644348,108.55710210400002,1789785153.0845466,0.041007996,19.87314224243164,4874.287109,4187.152344,4c52984538d98245
108.57722306251526,108.57729219800012,1789785153,0.067472458,20.163536071777344,4874.287109,4188.781738,4c52984541e68245
108.59718799591064,108.59723866200011,1789785153.124675,0.049114227294921875,19.964933395385742,4874.287109,4190.410645,4c52984549f38245
108.6172103881836,108.61724764400014,1789785153.1446974,0.035524368,20.02239227294922,4874.287109,4192.063965,4c52984583008345
108.63718152046204,108.63722003400017,1789785153.1646686,0.03695488,19.971132278442383,4874.287109,4193.693359,4c5298458c0d8345
108.65713381767273,108.65717073800033,1789785153.1846209,0.03528595,19.95229721069336,4874.287109,4195.322266,4c529845941a8345
108.67713928222656,108.67717649900032,1789785153.2046263,0.035762786865234375,20.005464553833008,4874.287109,4196.95166,4c5298459d278345
108.69718670845032,108.69722924000007,1789785153.2246737,0.040769577,20.047426223754883,4874.287109,4198.604492,4c529845d6348345
108.71717023849487,108.71720648200017,1789785153.2446573,0.034809112548828125,19.983530044555664,4874.287109,4200.233887,4c529845df418345
108.73713755607605,108.73717818600016,1789785153.2646246,0.038862228,19.967317581176758,4880.001465,4201.862793,03809845e74e8345
108.75717067718506,108.75720942800035,1789785153.2846577,0.03695488,20.03312110900879,4880.001465,4203.516113,03809845215c8345
108.7771315574646,108.7771712990002,1789785153.3046186,0.038146973,19.960880279541016,4874.287109,4205.14502,4c52984529698345
108.7972092628479,108.79724596699998,1789785153.3246963,0.035047531,20.07770538330078,4874.287109,4206.774414,4c52984532768345
108.81718373298645,108.81721930100002,1789785153.3446708,0.034093857,19.974470138549805,4874.287109,4208.427734,4c5298456c838345
108.83713984489441,108.83717678300036,1789785153.364627,0.03528595,19.956111907958984,4880.001465,4210.056641,0380984574908345
108.85721111297607,108.85724791400025,1789785153.3846982,0.035047531,20.07126808166504,4880.001465,4211.686035,038098457d9d8345
108.8771767616272,108.87721663699995,1789785153.4046638,0.038146973,19.965648651123047,4880.001465,4213.314941,0380984585aa8345
108.89721584320068,108.89733628600015,1789785153.424703,0.11920928955078125,20.039081573486328,4874.287109,4214.968262,4c529845bfb78345
108.91720628738403,108.91732623200005,1789785153.4446933,0.118255615,19.99044418334961,4874.287109,4216.597168,4c529845c7c48345
108.93719983100891,108.93725771400022,1789785153.4646869,0.056266785,19.99354362487793,4880.001465,4218.226563,03809845d0d18345
108.95717906951904,108.95724095600008,1789785153.484666,0.060319901,19.979238510131836,4880.001465,4219.879395,0380984509df8345
108.9771728515625,108.97723893800003,1789785154,0.064373016,19.99378204345703,4880.001465,4221.508789,0380984512ec8345
108.99716973304749,108.99723603100028,1789785153.5246568,0.064611435,19.99688148498535,4874.287109,4223.138184,4c5298451bf98345
109.0172209739685,109.01728860599997,1789785153.544708,0.065803528,20.051240921020508,4880.001465,4224.76709,0380984523068445
109.0371367931366,109.03718453300007,1789785153.5646238,0.046014786,19.91581916809082,4880.001465,4226.42041,038098455d138445
109.05717086791992,109.05723827500015,1789785153.584658,0.065803528,20.034074783325195,4880.001465,4228.049316,0380984565208445
109.07717394828796,109.07723079400012,1789785153.604661,0.05531311,20.003080368041992,4880.001465,4229.702637,038098459f2d8445
109.097168,109.09723362800014,1789785153.624655,0.064134598,19.994020462036133,4880.001465,4231.331543,03809845a73a8445
109.11717295646667,109.11724112900038,1789785154,0.066518784,20.004987716674805,4880.001465,4232.960938,03809845b0478445
109.13721060752869,109.13727711199999,1789785153.6646976,0.065088272,20.03765106201172,4880.001465,4234.61377,03809845e9548445
109.15720915794373,109.15727683500018,1789785153.6846962,0.065803528,19.998550415039062,4880.001465,4236.243164,03809845f2618445
109.17717862129211,109.1772354,1789785153.7046657,0.055074692,19.969463348388672,4880.001465,4237.872559,03809845fb6e8445
109.19721055030823,109.19727570700024,1789785153.7246976,0.063419342,20.03192901611328,4880.001465,4239.525391,03809845347c8445
109.21720695495605,109.21727565200035,1789785153.744694,0.066995621,19.99640464782715,4880.001465,4241.154785,038098453d898445
109.23718929290771,109.23729026399997,1789785153.7646763,0.099420547,19.982337951660156,4885.71582,4242.783691,baad984545968445
109.2571656703949,109.25721654300014,1789785153.7846527,0.049352646,19.976377487182617,4885.71582,4244.437012,baad98457fa38445
109.27716827392578,109.27722784000025,1789785153.8046553,0.057935715,20.00260353088379,4885.71582,4246.065918,baad984587b08445
109.29718804359436,109.29723786000022,1789785153.824675,0.048160552978515625,20.01976967,4885.71582,4247.719238,baad9845c1bd8445
109.31712937355042,109.31717893400037,1789785153.8446164,0.047922134,19.941329956054688,4885.71582,4249.348145,baad9845c9ca8445
109.33716487884521,109.33730491699998,1789785153.864652,0.13828277587890625,20.035505294799805,4880.001465,4250.977539,03809845d2d78445
109.35716795921326,109.3572335660001,1789785153.884655,0.063896179,20.003080368041992,4880.001465,4252.630859,038098450ce58445
109.37716484069824,109.37722132600038,1789785153.9046519,0.054836273193359375,19.99688148498535,4880.001465,4254.259766,0380984514f28445
109.39721608161926,109.39728262300014,1789785153.9247031,0.064849854,20.051240921020508,4885.71582,4255.88916,baad98451dff8445
109.41716504096985,109.41730616099994,1789785153.944652,0.13947486877441406,19.948959350585938,4885.71582,4257.541992,baad9845560c8545
109.43715858459473,109.43720797700007,1789785153.9646456,0.056266785,19.99354362487793,4885.71582,4259.171387,baad98455f198545
109.45720529556274,109.45727210700034,1789785153.9846923,0.065088272,20.046710968017578,4885.71582,4260.824219,baad984598268545
109.47716546058655,109.47722496000006,1789785154.0046525,0.057935715,19.96016502380371,4885.71582,4262.453613,baad9845a1338545
109.4972071647644,109.49727214600034,1789785154.0246942,0.063180923,20.041704177856445,4885.71582,4264.08252,baad9845a9408545
109.51712584495544,109.51718070200013,1789785154.044613,0.053405762,19.91868019104004,4880.001465,4265.73584,03809845e34d8545
109.53712248802185,109.53717390700012,1789785154.0646095,0.049829483,19.99664306640625,4880.001465,4267.365234,03809845ec5a8545
109.55720019340515,109.55726590800032,1789785154.0846872,0.064134598,20.07770538330078,4880.001465,4268.994141,03809845f4678545
109.57716035842896,109.5772134,1789785154.1046474,0.051498413,19.96016502380371,4885.71582,4270.647461,baad98452e758545
109.59715676307678,109.59723252100002,1789785154.1246438,0.07390976,19.99640464782715,4885.71582,4272.276367,baad984536828545
109.61720323562622,109.61727191099999,1789785154.1446903,0.066995621,20.046472549438477,4885.71582,4273.905762,baad98453f8f8545
109.63701963424683,109.63712626300003,1789785154.1645067,0.10514259338378906,19.81639862060547,4885.71582,4275.534668,baad9845479c8545
109.65720129013062,109.65726717200005,1789785154.1846883,0.064373016,20.181655883789062,4880.001465,4277.187988,0380984581a98545
109.67720079421997,109.67726691300004,1789785154.2046878,0.064611435,19.99950408935547,4880.001465,4278.816895,0380984589b68545
109.69716024398804,109.69723261800027,1789785154.2246473,0.070810318,19.959449768066406,4880.001465,4280.446289,0380984592c38545
109.71716380119324,109.71721486000024,1789785154.2446508,0.049352646,20.003557205200195,4880.001465,4282.099609,03809845ccd08545
109.73715424537659,109.73721071199998,1789785154.2646413,0.054836273193359375,19.99044418334961,4874.287109,4283.728516,4c529845d4dd8545
109.75712251663208,109.75717810200013,1789785154.2846096,0.053882598876953125,19.968271255493164,4874.287109,4285.35791,4c529845ddea8545
109.77720522880554,109.77727123300019,1789785154.3046923,0.064373016,20.082712173461914,4880.001465,4287.010742,0380984516f88545
109.79719758033752,109.79726247400004,1789785154.3246846,0.063180923,19.992351531982422,4880.001465,4288.640137,038098451f058645
109.81711602210999,109.81719712300037,1789785154.344603,0.079393387,19.918441772460938,4880.001465,4290.269043,0380984527128645
109.83697700500488,109.83710990200007,1789785154.364464,0.13136863708496094,19.86098289489746,4874.287109,4291.898438,4c529845301f8645
109.85719776153564,109.85727168100038,1789785154.3846848,0.072240829,20.22075653076172,4874.287109,4293.55127,4c529845692c8645
109.87715411186218,109.8772070150003,1789785154.4046412,0.051259995,19.956350326538086,4874.287109,4295.180664,4c52984572398645
109.89719486236572,109.89726162700026,1789785154.424682,0.065088272,20.04075050354004,4880.001465,4296.810059,038098457b468645
109.91720747947693,109.91727398000012,1789785154.4446945,0.064849854,20.012617111206055,4880.001465,4298.462891,03809845b4538645
109.93734192848206,109.93740679600023,1789785154.464829,0.063180923,20.134449005126953,4880.001465,4300.092285,03809845bd608645
109.95715165138245,109.9572169,1789785154.4846387,0.063419342,19.809722900390625,4874.287109,4301.721191,4c529845c56d8645
109.97719073295593,109.9772550560001,1789785154.5046778,0.062465667724609375,20.039081573486328,4874.287109,4303.374512,4c529845ff7a8645
109.99724864959717,109.99731385400037,1789785154.5247357,0.063657761,20.05791664123535,4880.001465,4305.003418,0380984507888645
110.0171856880188,110.01725059499995,1789785154.5446727,0.063180923,19.93703842163086,4880.001465,4306.632813,0380984510958645
110.03730511665344,110.03737078200038,1789785154.5647922,0.063896179,20.119428634643555,4880.001465,4308.261719,0380984518a28645
110.05740404129028,110.05746919000012,1789785154.584891,0.063657761,20.09892463684082,4880.001465,4309.915039,0380984552af8645
110.07722687721252,110.07729119100031,1789785154.604714,0.062704086,19.82283592224121,4880.001465,4311.544434,038098455bbc8645
110.09740161895752,110.09746650700026,1789785154.6248887,0.063180923,20.174741744995117,4880.001465,4313.17334,0380984563c98645
110.11721682548523,110.11728145200004,1789785154.6447039,0.062942505,19.81520652770996,4880.001465,4314.82666,038098459dd68645
110.13710856437683,110.13719695200007,1789785154.6645956,0.0872612,19.891738891601562,4880.001465,4316.455566,03809845a5e38645
110.15714693069458,110.15724978700018,1789785154.684634,0.10156631469726562,20.038366317749023,4880.001465,4318.084961,03809845aef08645
110.17715811729431,110.17727915800015,1789785154.7046452,0.11920928955078125,20.011186599731445,4880.001465,4319.737793,03809845e7fd8645
110.19715237617493,110.19721997400029,1789785154.7246394,0.065803528,19.994258880615234,4880.001465,4321.367188,03809845f00a8745
110.21719765663147,110.21726360399998,1789785154.7446847,0.064373016,20.04528045654297,4880.001465,4322.996094,03809845f8178745
110.23714804649353,110.23721488299998,1789785154.764635,0.065326691,19.950389862060547,4880.001465,4324.649414,0380984532258745
110.25715208053589,110.2572038,1789785154.7846391,0.050067901611328125,20.00403404,4880.001465,4326.278809,038098453b328745
110.2771999835968,110.27726588500036,1789785154.804687,0.064373016,20.047903060913086,4880.001465,4327.907715,03809845433f8745
110.2971498966217,110.29721944100038,1789785154.824637,0.067949295,19.949913024902344,4880.001465,4329.561035,038098457d4c8745
110.31715655326843,110.31720597899994,1789785154.8446436,0.047922134,20.006656646728516,4880.001465,4331.189941,0380984585598745
110.33714652061462,110.33728175800024,1789785154.8646336,0.133514404,19.989967346191406,4880.001465,4332.819336,038098458e668745
110.35715818405151,110.35720831400022,1789785154.8846452,0.04863739,20.01166343688965,4880.001465,4334.472168,03809845c7738745
110.37714648246765,110.37720827800013,1789785154.9046335,0.060319901,19.988298416137695,4880.001465,4336.101563,03809845d0808745
110.39716815948486,110.39722837099998,1789785154.9246552,0.058412552,20.021677017211914,4880.001465,4337.754395,03809845098e8745
110.41719150543213,110.41736894700034,1789785154.9446785,0.17571449279785156,20.023345947265625,4880.001465,4339.383789,03809845129b8745
110.43711233139038,110.43721142899994,1789785154.9645994,0.097513199,19.920825958251953,4880.001465,4341.013184,038098451ba88745
110.45715165138245,110.45737168899996,1789785154.9846387,0.21839141845703125,20.03931999206543,4885.71582,4342.666016,baad984554b58745
110.47710299491882,110.47715250400006,1789785155,0.047922134,19.951343536376953,4885.71582,4344.29541,baad98455dc28745
110.49715185165405,110.49720261600032,1789785155.024639,0.049352646,20.048856735229492,4885.71582,4345.924316,baad984565cf8745
110.51711010932922,110.51715646900038,1789785155.0445971,0.044584274,19.95825768,4880.001465,4347.577637,038098459fdc8745
110.53714036941528,110.5371815440003,1789785155.0646274,0.039577484130859375,20.03026008605957,4880.001465,4349.206543,03809845a7e98745
110.55718088150024,110.55722676699997,1789785155.084668,0.044345855712890625,20.040512084960938,4880.001465,4350.859863,03809845e1f68745
110.57711029052734,110.57715036100035,1789785155.1045973,0.038385391,19.92940902709961,4885.71582,4352.48877,baad9845e9038845
110.59719467163086,110.59730264000018,1789785155.1246817,0.10633468627929688,20.084381103515625,4885.71582,4354.118164,baad9845f2108845
110.61713862419128,110.61717678800005,1789785155.1446257,0.036239624,19.943952560424805,4885.71582,4355.771484,baad98452c1e8845
110.63709688186646,110.6371333080001,1789785155.164584,0.034809112548828125,19.95825768,4885.71582,4357.400391,baad9845342b8845
110.65720391273499,110.65723975300034,1789785155.184691,0.034093857,20.107030868530273,4885.71582,4359.053711,baad98456e388845
110.6771137714386,110.6771550870003,1789785155.2046008,0.039815903,19.90985870361328,4885.71582,4360.682617,baad984576458845
110.69715571403503,110.69719703300007,1789785155.2246428,0.039815903,20.041942596435547,4885.71582,4362.312012,baad98457f528845
110.71720314025879,110.71725486700007,1789785155.2446902,0.050067901611328125,20.047426223754883,4885.71582,4363.964844,baad9845b85f8845
110.73714542388916,110.73718716400026,1789785155.2646325,0.040054321,19.942283630371094,4885.71582,4365.594238,baad9845c16c8845
110.75714802742004,110.75718485000016,1789785155.284635,0.035047531,20.00260353088379,4885.71582,4367.223145,baad9845c9798845
110.77714204788208,110.77718114700019,1789785155.304629,0.037431717,19.994020462036133,4885.71582,4368.876465,baad984503878845
110.79713702201843,110.79717487000016,1789785155.324624,0.036239624,19.99497413635254,4885.71582,4370.505859,baad98450c948845
110.81713771820068,110.81717535300004,1789785155.3446248,0.036001205,20.000696182250977,4885.71582,4372.158691,baad984545a18845
110.83714938163757,110.83719039100015,1789785155.3646364,0.039339066,20.01166343688965,4885.71582,4373.788086,baad98454eae8845
110.85710430145264,110.85714422499996,1789785155.3845913,0.038146973,19.954919815063477,4885.71582,4375.416992,baad984556bb8845
110.87710213661194,110.87713639200001,1789785155.4045892,0.032663345,19.997835159301758,4885.71582,4377.070313,baad984590c88845
110.89713978767395,110.89717922700038,1789785155.4246268,0.037670135498046875,20.03765106201172,4885.71582,4378.699219,baad984598d58845
110.91715145111084,110.91719991300033,1789785155.4446385,0.046730042,20.01166343688965,4885.71582,4380.352539,baad9845d2e28845
110.9371337890625,110.93717339500017,1789785155.4646208,0.037908554,19.982337951660156,4885.71582,4381.981934,baad9845dbef8845
110.9570951461792,110.95713241400017,1789785155.4845822,0.035524368,19.96135711669922,4880.001465,4383.61084,03809845e3fc8845
110.97714066505432,110.97717621200036,1789785155.5046277,0.033855438232421875,20.04551887512207,4880.001465,4385.26416,038098451d0a8945
110.99713230133057,110.99716778700031,1789785155.5246193,0.03361702,19.991636276245117,4880.001465,4386.893066,0380984525178945
111.0171730518341,111.0172145280003,1789785156,0.039815903,20.04075050354004,4885.71582,4388.522461,baad98452e248945
111.0371482372284,111.03719121400036,1789785155.5646353,0.041246414,19.97518539428711,4885.71582,4390.175293,baad984567318945
111.05709552764893,111.0571316,1789785155.5845826,0.034332275,19.947290420532227,4885.71582,4391.804688,baad9845703e8945
111.07712912559509,111.07716816100037,1789785155.6046162,0.037431717,20.033597946166992,4880.001465,4393.433594,03809845784b8945
111.09709072113037,111.0971272730003,1789785155.6245778,0.034809112548828125,19.96159553527832,4880.001465,4395.062988,0380984581588945
111.11717748641968,111.117215,1789785155.6446645,0.036001205,20.08676528930664,4880.001465,4396.716309,03809845bb658945
111.13712811470032,111.1371643110001,1789785155.6646152,0.034570694,19.95062828063965,4880.001465,4398.345215,03809845c3728945
111.15708756446838,111.15712486800021,1789785155.6845746,0.035762786865234375,19.959449768066406,4880.001465,4399.974609,03809845cc7f8945
111.17715120315552,111.17718912800001,1789785155.7046382,0.036239624,20.06363868713379,4874.287109,4401.627441,4c529845058d8945
111.1971321105957,111.19716849900033,1789785155.7246192,0.034570694,19.980907440185547,4874.287109,4403.256836,4c5298450e9a8945
111.21695184707642,111.21699318500032,1789785155.744439,0.039577484130859375,19.81973648071289,4880.001465,4404.885742,0380984516a78945
111.23712754249573,111.23716272299998,1789785155.7646146,0.03361702,20.175695419311523,4880.001465,4406.515137,038098451fb48945
111.25713992118835,111.25718105800024,1789785155.784627,0.039339066,20.012378692626953,4880.001465,4408.167969,0380984558c18945
111.27712821960449,111.27716700300016,1789785155.8046153,0.03695488,19.988298416137695,4874.287109,4409.797363,4c52984561ce8945
111.29708170890808,111.29711909600019,1789785155.8245687,0.035762786865234375,19.953489303588867,4874.287109,4411.42627,4c52984569db8945
111.31708574295044,111.3171240050001,1789785155.8445728,0.036478043,20.00403404,4874.287109,4413.055664,4c52984572e88945
111.33712244033813,111.33716059800008,1789785155.8646095,0.036478043,20.036697387695312,4880.001465,4414.708984,03809845acf58945
111.35712575912476,111.3571996,1789785155.8846128,0.072240829,20.003318786621094,4880.001465,4416.337891,03809845b4028a45
111.37713360786438,111.37717524800019,1789785155.9046206,0.040054321,20.007848739624023,4880.001465,4417.967285,03809845bd0f8a45
111.39710235595703,111.39714519300014,1789785155.9245894,0.041246414,19.968748092651367,4874.287109,4419.620117,4c529845f61c8a45
111.41713547706604,111.41717302799998,1789785155.9446225,0.036001205,20.03312110900879,4874.287109,4421.249512,4c529845ff298a45
111.43717169761658,111.43723562100013,1789785155.9646587,0.062227249,20.03622055053711,4880.001465,4422.878418,0380984507378a45
111.45709300041199,111.45713304800029,1789785156,0.038385391,19.921302795410156,4880.001465,4424.531738,0380984541448a45
111.47708654403687,111.47712658599994,1789785156.0045736,0.038623809814453125,19.99354362487793,4880.001465,4426.160645,0380984549518a45
111.49708151817322,111.4971192160001,1789785156.0245686,0.036001205,19.99497413635254,4880.001465,4427.790039,03809845525e8a45
111.51712727546692,111.5171662910002,1789785156.0446143,0.037431717,20.045757293701172,4880.001465,4429.443359,038098458c6b8a45
111.53708720207214,111.53712336600029,1789785156.0645742,0.034570694,19.95992660522461,4880.001465,4431.072266,0380984594788a45
111.5570809841156,111.55711727400012,1789785156.084568,0.034570694,19.99378204345703,4880.001465,4432.70166,038098459d858a45
111.57713437080383,111.57717601600007,1789785156.1046214,0.040054321,20.053386688232422,4880.001465,4434.354492,03809845d6928a45
111.59715843200684,111.59724311000036,1789785156.1246455,0.083208084,20.02406120300293,4880.001465,4435.983887,03809845df9f8a45
111.61714577674866,111.61719203600023,1789785156.1446328,0.044584274,19.98734474182129,4880.001465,4437.612793,03809845e7ac8a45
111.63708400726318,111.63714796300019,1789785156.164571,0.062227249,19.938230514526367,4880.001465,4439.266113,0380984521ba8a45
111.65711784362793,111.65715453800021,1789785156.184605,0.035047531,20.033836364746094,4885.71582,4440.89502,baad984529c78a45
111.67713189125061,111.67716900200003,1789785156.204619,0.035524368,20.014047622680664,4880.001465,4442.54834,0380984563d48a45
111.69712018966675,111.69715865100034,1789785156.2246072,0.03695488,19.988298416137695,4880.001465,4444.177734,038098456ce18a45
111.71715641021729,111.71719426300024,1789785156.2446434,0.036239624,20.03622055053711,4880.001465,4445.806641,0380984574ee8a45
111.73721647262573,111.73725750500034,1789785156.2647035,0.039339066,20.060062408447266,4880.001465,4447.459961,03809845aefb8a45
111.75711798667908,111.7571564130003,1789785156.284605,0.036716461181640625,19.901514053344727,4880.001465,4449.088867,03809845b6088b45
111.7770767211914,111.77711708000015,1789785156.3045638,0.038623809814453125,19.95873451,4885.71582,4450.718262,baad9845bf158b45
111.79716086387634,111.79719965599998,1789785156.324648,0.037193298,20.084142684936523,4885.71582,4452.371094,baad9845f8228b45
111.81711268424988,111.81714841600024,1789785156.3445997,0.034093857,19.951820373535156,4885.71582,4454.000488,baad984501308b45
111.83712410926819,111.83715945400036,1789785156.3646111,0.03361702,20.011425018310547,4885.71582,4455.653809,baad98453b3d8b45
111.85712194442749,111.85716247300024,1789785156.384609,0.038862228,19.997835159301758,4885.71582,4457.282715,baad9845434a8b45
111.87716460227966,111.87720536300003,1789785156.4046516,0.039100647,20.04265785217285,4885.71582,4458.936035,baad98457d578b45
111.89711308479309,111.89715103000026,1789785156.4246001,0.036239624,19.948482513427734,4880.001465,4460.564941,0380984585648b45
111.91708612442017,111.9171265,1789785156.4445732,0.038623809814453125,19.973039627075195,4880.001465,4462.194336,038098458e718b45
111.93712568283081,111.93716340300034,1789785156.4646127,0.036001205,20.03955841064453,4891.430176,4463.847168,71db9845c77e8b45
111.95715951919556,111.95719720000034,1789785156.4846466,0.036001205,20.033836364746094,4891.430176,4465.476563,71db9845d08b8b45
111.9771158695221,111.97715214500022,1789785156.504603,0.034570694,19.956350326538086,4891.430176,4467.129395,71db984509998b45
111.99711060523987,111.99714646100028,1789785156.5245976,0.034093857,19.994735717773438,4891.430176,4468.758789,71db984512a68b45
112.01707410812378,112.01713333199996,1789785156.5445611,0.057697296142578125,19.963502883911133,4885.71582,4470.412109,baad98454cb38b45
112.03708028793335,112.03713768500029,1789785156.5645673,0.055789947509765625,20.006179809570312,4885.71582,4472.041016,baad984554c08b45
112.05711078643799,112.05716827800006,1789785156.5845978,0.056028366,20.030498504638672,4885.71582,4473.694336,baad98458ecd8b45
112.07711291313171,112.07716885300033,1789785157,0.054359436,20.002126693725586,4885.71582,4475.323242,baad984596da8b45
112.09712386131287,112.09717981700032,1789785156.624611,0.054359436,20.010948181152344,4885.71582,4476.976563,baad9845d0e78b45
112.11711478233337,112.11716565100005,1789785156.6446018,0.049114227294921875,19.990921020507812,4885.71582,4478.605469,baad9845d8f48b45
112.1371202468872,112.13717118900013,1789785156.6646073,0.049352646,20.005464553833008,4885.71582,4480.234863,baad9845e1018c45
112.15715861320496,112.15722430100004,1789785156.6846457,0.063896179,20.038366317749023,4891.430176,4481.888184,71db98451b0f8c45
112.1770703792572,112.17712656100002,1789785156.7045574,0.054359436,19.911766052246094,4885.71582,4483.51709,baad9845231c8c45
112.19715094566345,112.19721541400031,1789785156.724638,0.062704086,20.08056641,4885.71582,4485.17041,baad98455d298c45
112.21707892417908,112.21716939600037,1789785156.744566,0.08893013,19.92797852,4885.71582,4486.799316,baad984565368c45
112.23707246780396,112.23714074899999,1789785156.7645595,0.066757202,19.99354362487793,4885.71582,4488.452637,baad98459f438c45
112.25710940361023,112.25717049100012,1789785156.7845964,0.059366226,20.036935806274414,4885.71582,4490.081543,baad9845a7508c45
112.2771668434143,112.27722393600015,1789785156.804654,0.055551529,20.05743980407715,4891.430176,4491.734863,71db9845e15d8c45
112.29706263542175,112.2971193440003,1789785156.8245497,0.055074692,19.89579200744629,4891.430176,4493.36377,71db9845e96a8c45
112.31711721420288,112.317165,1789785156.8446043,0.046253204345703125,20.05457878112793,4891.430176,4495.01709,71db984523788c45
112.33711051940918,112.33716190199993,1789785156.8645976,0.049591064,19.993305206298828,4891.430176,4496.646484,71db98452c858c45
112.35710835456848,112.35726725500035,1789785156.8845954,0.15735626220703125,19.997835159301758,4891.430176,4498.275391,71db984534928c45
112.37707042694092,112.3771266,1789785156.9045575,0.054597855,19.962072372436523,4891.430176,4499.928711,71db98456e9f8c45
112.39706373214722,112.39711108900019,1789785156.9245508,0.045776367,19.993305206298828,4891.430176,4501.557617,71db984576ac8c45
112.41710782051086,112.41715947900002,1789785156.9445949,0.05030632,20.04408836364746,4891.430176,4503.210938,71db9845b0b98c45
112.43708276748657,112.43720744300026,1789785156.9645698,0.12302398681640625,19.974946975708008,4891.430176,4504.839844,71db9845b8c68c45
112.45706605911255,112.45711559200026,1789785156.984553,0.047922134,19.983291625976562,4891.430176,4506.469238,71db9845c1d38c45
112.47711300849915,112.4771800010003,1789785157,0.065326691,20.04694938659668,4891.430176,4508.122559,71db9845fbe08c45
112.49714183807373,112.49720659400009,1789785157.0246289,0.063180923,20.02882957458496,4885.71582,4509.751465,baad984503ee8c45
112.51714515686035,112.51721198400037,1789785157.0446322,0.065088272,20.003318786621094,4885.71582,4511.404785,baad98453dfb8c45
112.53710341453552,112.53716774400027,1789785157.0645905,0.062704086,19.95825768,4885.71582,4513.033691,baad984545088d45
112.55705833435059,112.55711407800027,1789785157.0845454,0.054121017,19.954919815063477,4885.71582,4514.663086,baad98454e158d45
112.57710409164429,112.57716148600002,1789785157.1045911,0.055789947509765625,20.045757293701172,4885.71582,4516.315918,baad984587228d45
112.59715175628662,112.5972176170003,1789785157.1246388,0.064134598,20.047664642333984,4885.71582,4517.945313,baad9845902f8d45
112.61710834503174,112.61719452500029,1789785157.1445954,0.084638596,19.956588745117188,4885.71582,4519.598145,baad9845c93c8d45
112.63709950447083,112.63715504500033,1789785157.1645865,0.053882598876953125,19.991159439086914,4885.71582,4521.227539,baad9845d2498d45
112.65705966949463,112.65711006400034,1789785157.1845467,0.04863739,19.96016502380371,4885.71582,4522.880859,baad98450c578d45
112.67706274986267,112.67712338000001,1789785157.2045498,0.058889389,20.003080368041992,4885.71582,4524.509766,baad984514648d45
112.69711303710938,112.69717264000019,1789785157,0.057935715,20.05028725,4885.71582,4526.163086,baad98454e718d45
112.71710300445557,112.71716999299997,1789785157,0.065326691,19.989967346191406,4885.71582,4527.791992,baad9845567e8d45
112.7371392250061,112.7372038640001,1789785157.2646263,0.062942505,20.03622055053711,4891.430176,4529.445313,71db9845908b8d45
112.75710916519165,112.75716479100038,1789785157.2845962,0.054121017,19.969940185546875,4891.430176,4531.074219,71db984598988d45
112.77714562416077,112.77721034700016,1789785157.3046327,0.063180923,20.03645896911621,4891.430176,4532.727539,71db9845d2a58d45
112.79709887504578,112.79716329300027,1789785157.324586,0.062704086,19.953250885009766,4891.430176,4534.356934,71db9845dbb28d45
112.8171238899231,112.81719736800005,1789785157.344611,0.071763992,20.025014877319336,4891.430176,4536.009766,71db984514c08d45
112.8372471,112.83731344300031,1789785157.3647342,0.064611435,20.12324333190918,4891.430176,4537.63916,71db98451dcd8d45
112.85715389251709,112.85723970300023,1789785157.384641,0.084161758,19.90675926208496,4891.430176,4539.291992,71db984556da8d45
112.8773398399353,112.87740235199999,1789785157.4048269,0.061035156,20.18594741821289,4891.430176,4540.921387,71db98455fe78d45
112.89707493782043,112.89712672300038,1789785157.424562,0.050067901611328125,19.735097885131836,4891.430176,4542.550293,71db984567f48d45
112.91710376739502,112.917226,1789785157.4445908,0.12063980102539062,20.02882957458496,4891.430176,4544.203613,71db9845a1018e45
112.93707489967346,112.9372109840001,1789785157.464562,0.13446807861328125,19.971132278442383,4891.430176,4545.83252,71db9845a90e8e45
112.95710873603821,112.95716339199998,1789785157.4845958,0.052928924560546875,20.033836364746094,4891.430176,4547.461914,71db9845b21b8e45
112.97709894180298,112.97715672599998,1789785157.504586,0.056028366,19.990205764770508,4891.430176,4549.115234,71db9845ec288e45
112.9970953464508,112.99714330100005,1789785157.5245824,0.046253204345703125,19.99640464782715,4885.71582,4550.744141,baad9845f4358e45
113.01710486412048,113.01715772800026,1789785157.544592,0.051259995,20.009517669677734,4885.71582,4552.397461,baad98452e438e45
113.03707265853882,113.03713513599996,1789785157.5645597,0.060796738,19.96779441833496,4885.71582,4554.026367,baad984536508e45
113.05711674690247,113.05717960000038,1789785157.5846038,0.061273575,20.04408836364746,4885.71582,4555.655762,baad98453f5d8e45
113.07705426216125,113.07710689700025,1789785157.6045413,0.051021575927734375,19.937515258789062,4885.71582,4557.308594,baad9845786a8e45
113.09709572792053,113.09714643500001,1789785157.6245828,0.049114227294921875,20.041465759277344,4885.71582,4558.937988,baad984581778e45
113.1171543598175,113.11721039900021,1789785157.6446414,0.054359436,20.058631896972656,4885.71582,4560.591309,baad9845bb848e45
113.13705658912659,113.13711956700035,1789785157.6645436,0.061273575,19.90222930908203,4885.71582,4562.220215,baad9845c3918e45
113.15705490112305,113.15711936400021,1789785157.684542,0.062704086,19.99831199645996,4885.71582,4563.849609,baad9845cc9e8e45
113.17709922790527,113.17715382799997,1789785157.7045863,0.052928924560546875,20.044326782226562,4885.71582,4565.502441,baad984505ac8e45
113.19705700874329,113.19710716200007,1789785157.724544,0.04863739,19.957780838012695,4885.71582,4567.131836,baad98450eb98e45
113.2171003818512,113.21714955200014,1789785157.7445874,0.047445297,20.043373107910156,4885.71582,4568.784668,baad984547c68e45
113.2370924949646,113.23715675600033,1789785157.7645795,0.062465667724609375,19.99211311340332,4885.71582,4570.414063,baad984550d38e45
113.25709986686707,113.25715146100038,1789785157.784587,0.050067901611328125,20.00737190246582,4885.71582,4572.042969,baad984558e08e45
113.2770574092865,113.27710807300036,1789785157.8045444,0.048875809,19.957542419433594,4885.71582,4573.696289,baad984592ed8e45
113.29709720611572,113.29714957400029,1789785157.8245842,0.050544739,20.039796829223633,4885.71582,4575.325684,baad98459bfa8e45
113.3170907497406,113.3171398530003,1789785157.8445778,0.047683716,19.99354362487793,4885.71582,4576.978516,baad9845d4078f45
113.33705043792725,113.33710346500038,1789785157.8645375,0.051259995,19.959688186645508,4885.71582,4578.60791,baad9845dd148f45
113.35708999633789,113.35724611400019,1789785157.884577,0.1544952392578125,20.03955841064453,4885.71582,4580.260742,baad984516228f45
113.37705659866333,113.37710437400028,1789785157.9045436,0.046253204345703125,19.966602325439453,4885.71582,4581.890137,baad98451f2f8f45
113.39710783958435,113.39716300400005,1789785157.9245949,0.05364418,20.051240921020508,4885.71582,4583.542969,baad9845583c8f45
113.41710758209229,113.4172049130002,1789785157.9445946,0.095844269,19.99974250793457,4885.71582,4585.172363,baad984561498f45
113.43708848953247,113.43722880300038,1789785157.9645755,0.13875961303710938,19.980907440185547,4885.71582,4586.80127,baad984569568f45
113.45709013938904,113.45716106300006,1789785157.9845772,0.069141388,20.001649856567383,4885.71582,4588.45459,baad9845a3638f45
113.4770495891571,113.47729576700021,1789785158.0045366,0.24461746215820312,19.959449768066406,4885.71582,4590.083984,baad9845ac708f45
113.49709820747375,113.49714586100026,1789785158.0245852,0.046014786,20.04861831665039,4891.430176,4591.736816,71db9845e57d8f45
113.51708507537842,113.51714560200026,1789785158.044572,0.058889389,19.986867904663086,4891.430176,4593.366211,71db9845ee8a8f45
113.53710007667542,113.53715478799995,1789785158.064587,0.053167343,20.01500129699707,4891.430176,4594.995117,71db9845f6978f45
113.55708694458008,113.55714016000002,1789785158.084574,0.051498413,19.986867904663086,4891.430176,4596.648438,71db984530a58f45
113.57709789276123,113.57715106800015,1789785158.104585,0.051498413,20.010948181152344,4885.71582,4598.277344,baad984538b28f45
113.5971086025238,113.59716753200019,1789785158.1245956,0.057458878,20.010709762573242,4885.71582,4599.930664,baad984572bf8f45
113.61712622642517,113.61728697700028,1789785158.1446133,0.1590251922607422,20.017623901367188,4885.71582,4601.560059,baad98457bcc8f45
113.63704681396484,113.6371434040002,1789785158.1645339,0.094890594,19.92058753967285,4885.71582,4603.188965,baad984583d98f45
113.65705275535583,113.65712099700022,1789785158.1845398,0.066757202,20.00594139099121,4885.71582,4604.842285,baad9845bde68f45
113.67708253860474,113.67714903500018,1789785158.2045696,0.064849854,20.029783248901367,4885.71582,4606.471191,baad9845c5f38f45
113.69710564613342,113.69715592500006,1789785158.2245927,0.04863739,20.023107528686523,4885.71582,4608.100586,baad9845ce009045
113.71712636947632,113.7171938700003,1789785158.2446134,0.066041946,20.020723342895508,4885.71582,4609.753418,baad9845070e9045
113.73708629608154,113.73713689000033,1789785158.2645733,0.049114227294921875,19.95992660522461,4885.71582,4611.382813,baad9845101b9045
113.75709366798401,113.7571433170001,1789785158.2845807,0.047922134,20.00737190246582,4885.71582,4613.035645,baad984549289045
113.77708721160889,113.77715166899998,1789785158.3045743,0.062942505,19.99354362487793,4885.71582,4614.665039,baad984552359045
113.79708313941956,113.79714783700001,1789785158.3245702,0.063180923,19.995927810668945,4880.001465,4616.294434,038098455b429045
113.81708288192749,113.81714909700031,1789785158,0.064611435,19.99974250793457,4880.001465,4617.92334,03809845634f9045
113.83708310127258,113.83713172700027,1789785158.3645701,0.04696846,20.000219345092773,4885.71582,4619.57666,baad98459d5c9045
113.85712051391602,113.85720411700004,1789785158.3846076,0.082015991,20.037412643432617,4885.71582,4621.205566,baad9845a5699045
113.87707710266113,113.8771264510001,1789785158.4045641,0.047683716,19.956588745117188,4885.71582,4622.858887,baad9845df769045
113.89708304405212,113.89712028600024,1789785158,0.035524368,20.00594139099121,4880.001465,4624.487793,03809845e7839045
113.91705060005188,113.91709243500009,1789785158.4445376,0.040054321,19.96755599975586,4880.001465,4626.117188,03809845f0909045
113.93709063529968,113.9371297130001,1789785158.4645777,0.037431717,20.040035247802734,4880.001465,4627.77002,03809845299e9045
113.95703458786011,113.9570721770001,1789785158.4845216,0.036001205,19.943952560424805,4880.001465,4629.399414,0380984532ab9045
113.97707867622375,113.97711417800019,1789785158.5045657,0.033855438232421875,20.04408836364746,4880.001465,4631.028809,038098453bb89045
113.9970760345459,113.99711182700003,1789785158.524563,0.034093857,19.997358322143555,4880.001465,4632.681641,0380984574c59045
114.01721239089966,114.01755051400005,1789785158.5446994,0.3380775451660156,20.136356353759766,4880.001465,4634.334961,03809845aed29045
114.0370659828186,114.03716051400033,1789785158.564553,0.092983246,19.853591918945312,4880.001465,4636.011719,0380984518e09045
114.05703258514404,114.05707040400011,1789785158.5845196,0.036239624,19.966602325439453,4902.858398,4637.712891,de369945b4ed9045
114.07707858085632,114.0771178,1789785158.6045656,0.037431717,20.045995712280273,4931.429688,4639.437988,701b9a4581fb9045
114.09711456298828,114.09715075800023,1789785158.6246016,0.034570694,20.035982131958008,4931.429688,4641.163086,701b9a454e099145
114.1170323,114.11707449899995,1789785158.6445193,0.040531158447265625,19.917726516723633,4960.000977,4642.888184,02009b451b179145
114.13707089424133,114.13710727800026,1789785158.664558,0.034809112548828125,20.038604736328125,4960.000977,4644.612793,02009b45e7249145
114.15708494186401,114.15712203800013,1789785158.684572,0.035524368,20.014047622680664,5000.000977,4646.337891,02409c45b4329145
114.17703676223755,114.17708302000028,1789785158.7045238,0.044584274,19.951820373535156,5034.286621,4648.062988,4b529d4581409145
114.19703555107117,114.19707491000008,1789785158.7245226,0.037908554,19.998788833618164,5034.286621,4649.788086,4b529d454e4e9145
114.2170717716217,114.21710842900029,1789785158.7445588,0.035047531,20.03622055053711,5062.85791,4651.537109,dd369e454c5c9145
114.23708271980286,114.23711893000018,1789785158.7645698,0.034332275,20.010948181152344,5097.143555,4653.261719,26499f45186a9145
114.25708222389221,114.25712172800013,1789785158.7845693,0.037670135498046875,19.99950408935547,5097.143555,4654.986816,26499f45e5779145
114.27706789970398,114.27710667300016,1789785158.804555,0.037193298,19.985675811767578,5131.429199,4656.711914,6f5ba045b2859145
114.29707384109497,114.2971097110003,1789785158.8245609,0.034332275,20.00594139099121,5142.85791,4658.437012,ddb6a0457f939145
114.31708002090454,114.31712245200015,1789785158.844567,0.040769577,20.006179809570312,5142.85791,4660.162109,ddb6a0454ca19145
114.33703327178955,114.33706991600002,1789785158.8645203,0.035047531,19.953250885009766,5148.572266,4661.886719,94e4a04518af9145
114.35702919960022,114.35706573200014,1789785158.8845162,0.035047531,19.995927810668945,5154.286621,4663.611816,4b12a145e5bc9145
114.37706780433655,114.37713847400028,1789785158.9045548,0.069141388,20.038604736328125,5154.286621,4665.336914,4b12a145b2ca9145
114.39707922935486,114.39712125200003,1789785158.9245663,0.040531158447265625,20.011425018310547,5148.572266,4667.085938,94e4a045b0d89145
114.41710448265076,114.41713949400037,1789785158.9445915,0.033378601,20.025253295898438,5148.572266,4668.811035,94e4a0457de69145
114.43707704544067,114.43711619900023,1789785158.964564,0.037431717,19.972562789916992,5148.572266,4670.535645,94e4a04549f49145
114.45709133148193,114.45715482900005,1789785158.9845784,0.061988831,20.014286041259766,5154.286621,4672.260742,4b12a14516029245
114.4770667552948,114.47710292300007,1789785159.0045538,0.034570694,19.97542381286621,5154.286621,4673.98584,4b12a145e30f9245
114.4970269203186,114.49706438600015,1789785159.024514,0.036001205,19.96016502380371,5148.572266,4675.710938,94e4a045b01d9245
114.51703143119812,114.5170735910001,1789785159.0445185,0.04029274,20.00451088,5148.572266,4677.436035,94e4a0457d2b9245
114.53707504272461,114.53711153600034,1789785159.064562,0.034809112548828125,20.043611526489258,5148.572266,4679.160645,94e4a04549399245
114.5570285320282,114.55706335200011,1789785159.0845156,0.033140182,19.953489303588867,5154.286621,4680.885742,4b12a14516479245
114.5770332813263,114.57706905600025,1789785159.1045203,0.034093857,20.004749298095703,5148.572266,4682.61084,94e4a045e3549245
114.59708714485168,114.5971271870003,1789785159.1245742,0.038385391,20.053863525390625,5148.572266,4684.335938,94e4a045b0629245
114.61716032028198,114.6173261,1789785159.1446474,0.16427040100097656,20.07317543029785,5148.572266,4686.084961,94e4a045ae709245
114.63703393936157,114.63712243000009,1789785159.164521,0.086784363,19.873619079589844,5148.572266,4687.810059,94e4a0457b7e9245
114.65703296661377,114.65710670800036,1789785159,0.072240829,19.999027252197266,5154.286621,4689.534668,4b12a145478c9245
114.67706418037415,114.67712726500031,1789785159.2045512,0.061273575,20.031213760375977,5148.572266,4691.259766,94e4a045149a9245
114.69704461097717,114.69712111700028,1789785159.2245317,0.074863434,19.980430603027344,5148.572266,4692.984863,94e4a045e1a79245
114.71707534790039,114.71713511799999,1789785159.2445624,0.058174133,20.030736923217773,5148.572266,4694.733887,94e4a045dfb59245
114.73713493347168,114.73718884200025,1789785159.264622,0.052213669,20.059585571289062,5154.286621,4696.458984,4b12a145acc39245
114.75706458091736,114.7571242680001,1789785159.2845516,0.058174133,19.92964744567871,5154.286621,4698.183594,4b12a14578d19245
114.77706599235535,114.77712258400015,1789785159.304553,0.055074692,20.00141143798828,5154.286621,4699.908691,4b12a14545df9245
114.79688286781311,114.79696878799996,1789785159,0.084400177,19.816875457763672,5154.286621,4701.633789,4b12a14512ed9245
114.81706357002258,114.8171296,1789785159.3445506,0.064611435,20.180702209472656,5154.286621,4703.358887,4b12a145dffa9245
114.83706021308899,114.83711082700029,1789785159.3645473,0.048875809,19.99664306640625,5154.286621,4705.10791,4b12a145dd089345
114.85717916488647,114.85728925500007,1789785159.3846662,0.10848045349121094,20.11895179748535,5154.286621,4706.83252,4b12a145a9169345
114.87701773643494,114.8770847740002,1789785159.4045048,0.065326691,19.838571548461914,5154.286621,4708.557617,4b12a14576249345
114.89705753326416,114.8971075710001,1789785159.4245446,0.048398972,20.039796829223633,5154.286621,4710.282715,4b12a14543329345
114.91707348823547,114.91713225700005,1789785159.4445605,0.057220459,20.015954971313477,5154.286621,4712.007813,4b12a14510409345
114.9370744228363,114.93713399900025,1789785159.4645615,0.058174133,20.000934600830078,5154.286621,4713.73291,4b12a145dd4d9345
114.95703315734863,114.95709149899994,1789785159.4845202,0.056505203,19.95873451,5154.286621,4715.45752,4b12a145a95b9345
114.97705841064453,114.97711364800034,1789785159.5045455,0.05364418,20.025253295898438,5154.286621,4717.182617,4b12a14576699345
114.99701404571533,114.99706968600003,1789785159.524501,0.053882598876953125,19.95563507080078,5154.286621,4718.907715,4b12a14543779345
115.01705718040466,115.01712002100021,1789785159.5445442,0.061273575,20.043134689331055,5148.572266,4720.632813,94e4a04510859345
115.03701972961426,115.03707061400019,1789785159.5645068,0.049352646,19.962549209594727,5148.572266,4722.35791,94e4a045dd929345
115.05710673332214,115.05717294800024,1789785159.5845938,0.064611435,20.087003707885742,5148.572266,4724.106934,94e4a045dba09345
115.07709622383118,115.07716107900023,1789785159.6045833,0.063180923,19.989490509033203,5148.572266,4725.831543,94e4a045a7ae9345
115.09709644317627,115.09716126500007,1789785159.6245835,0.063180923,20.000219345092773,5148.572266,4727.556641,94e4a04574bc9345
115.11703133583069,115.11707952500001,1789785159.6445184,0.046730042,19.934892654418945,5148.572266,4729.281738,94e4a04541ca9345
115.1370587348938,115.13710880400004,1789785159.6645458,0.048398972,20.02739906311035,5148.572266,4731.006836,94e4a0450ed89345
115.15705823898315,115.15711182300038,1789785159.6845453,0.051975250244140625,19.99950408935547,5148.572266,4732.731934,94e4a045dbe59345
115.17702054977417,115.17707658300014,1789785159.7045076,0.054359436,19.962310791015625,5148.572266,4734.456543,94e4a045a7f39345
115.1970567703247,115.19711323199999,1789785159.7245438,0.054836273193359375,20.03622055053711,5148.572266,4736.181641,94e4a04574019445
115.2170901298523,115.21723128900021,1789785159.7445772,0.13947486877441406,20.03335952758789,5148.572266,4737.906738,94e4a045410f9445
115.23705863952637,115.23713367800019,1789785159.7645457,0.073432922,19.968509674072266,5148.572266,4739.631836,94e4a0450e1d9445
115.25701665878296,115.25707503100011,1789785159.7845037,0.056743621826171875,19.958019256591797,5148.572266,4741.356934,94e4a045db2a9445
115.27687883377075,115.27697279099993,1789785159.8043659,0.09226799,19.86217498779297,5148.572266,4743.081543,94e4a045a7389445
115.29706311225891,115.29713073700032,1789785159.8245502,0.066041946,20.18427848815918,5148.572266,4744.806641,94e4a04574469445
115.31705951690674,115.31710783000017,1789785159.8445466,0.046491623,19.99640464782715,5148.572266,4746.555664,94e4a04572549445
115.33705568313599,115.33711162700001,1789785159.8645427,0.054359436,19.996166229248047,5148.572266,4748.280762,94e4a0453f629445
115.35705161094666,115.35710746200039,1789785159.8845387,0.054359436,19.995927810668945,5148.572266,4750.005859,94e4a0450c709445
115.37709045410156,115.37723051800003,1789785159.9045775,0.1385211944580078,20.038843154907227,5148.572266,4751.730469,94e4a045d87d9445
115.3970274925232,115.39708279700017,1789785159.9245145,0.05364418,19.93703842163086,5148.572266,4753.455566,94e4a045a58b9445
115.41705441474915,115.41710526099996,1789785159.9445415,0.049114227294921875,20.02692222595215,5148.572266,4755.180664,94e4a04572999445
115.43705153465271,115.43710172400006,1789785159.9645386,0.048398972,19.997119903564453,5154.286621,4756.929688,4b12a14570a79445
115.45708632469177,115.45722694799997,1789785159.9845734,0.13875961303710938,20.03479004,5148.572266,4758.654785,94e4a0453db59445
115.4770667552948,115.47711261500035,1789785160.0045538,0.044107437,19.980430603027344,5148.572266,4760.379395,94e4a04509c39445
115.49707174301147,115.49711520900019,1789785160.0245588,0.041723251,20.004987716674805,5148.572266,4762.104492,94e4a045d6d09445
115.51702785491943,115.51707115399995,1789785160.044515,0.041723251,19.956111907958984,5154.286621,4763.82959,4b12a145a3de9445
115.53701734542847,115.53706882100005,1789785160.0645044,0.049829483,19.989490509033203,5154.286621,4765.554688,4b12a14570ec9445
115.55705070495605,115.55711567400022,1789785160.0845377,0.063419342,20.03335952758789,5154.286621,4767.279785,4b12a1453dfa9445
115.57704997062683,115.57710569400024,1789785160.104537,0.054121017,19.999265670776367,5154.286621,4769.004395,4b12a14509089545
115.59705853462219,115.59711347200027,1789785160.1245456,0.053167343,20.008563995361328,5154.286621,4770.729492,4b12a145d6159545
115.61705493927002,115.61714714000027,1789785160.144542,0.09059906,19.99640464782715,5154.286621,4772.478516,4b12a145d4239545
115.63704562187195,115.63709577000009,1789785160.1645327,0.048398972,19.99068260192871,5154.286621,4774.203613,4b12a145a1319545
115.65700483322144,115.65706340099996,1789785160.1844919,0.05698204,19.959211349487305,5154.286621,4775.928711,4b12a1456e3f9545
115.67708659172058,115.67715118000024,1789785160.2045736,0.062942505,20.081758499145508,5148.572266,4777.653809,94e4a0453b4d9545
115.69706153869629,115.69711106900013,1789785160.2245486,0.047922134,19.974946975708008,5148.572266,4779.378418,94e4a045075b9545
115.71704959869385,115.7171029,1789785160.2445366,0.051736832,19.988059997558594,5154.286621,4781.103516,4b12a145d4689545
115.73705291748047,115.7371093300003,1789785160,0.054836273193359375,20.003318786621094,5154.286621,4782.828613,4b12a145a1769545
115.75708675384521,115.75715022000031,1789785160.2845738,0.061750412,20.033836364746094,5154.286621,4784.577637,4b12a1459f849545
115.77704405784607,115.77709979500014,1789785160.304531,0.054121017,19.957304000854492,5154.286621,4786.302734,4b12a1456c929545
115.79704236984253,115.79710542600014,1789785160.3245294,0.061511993408203125,19.99831199645996,5148.572266,4788.027344,94e4a04538a09545
115.81707310676575,115.81717698200009,1789785160.3445601,0.10204315185546875,20.030736923217773,5148.572266,4789.752441,94e4a04505ae9545
115.83700466156006,115.83705940900018,1789785160.3644917,0.053167343,19.931554794311523,5154.286621,4791.477539,4b12a145d2bb9545
115.85715866088867,115.85723092800026,1789785160.3846457,0.070810318,20.15399932861328,5154.286621,4793.202637,4b12a1459fc99545
115.87704348564148,115.87710061400003,1789785160.4045305,0.055551529,19.884824752807617,5154.286621,4794.95166,4b12a1459dd79545
115.89700174331665,115.89705037400017,1789785160.4244888,0.04696846,19.95825768,5148.572266,4796.67627,94e4a04569e59545
115.9170024394989,115.91705883800023,1789785160.4444895,0.054836273193359375,20.000696182250977,5148.572266,4798.401367,94e4a04536f39545
115.93708372116089,115.93714967300002,1789785160.4645708,0.064373016,20.081281661987305,5154.286621,4800.126465,4b12a14503019645
115.95700073242188,115.95705672900021,1789785160.4844878,0.054359436,19.917011260986328,5154.286621,4801.851563,4b12a145d00e9645
115.97704195976257,115.97709691499995,1789785160.504529,0.053167343,20.041227340698242,5154.286621,4803.600586,4b12a145ce1c9645
115.99704337120056,115.9970996750003,1789785160.5245304,0.054597855,20.00141143798828,5154.286621,4805.325684,4b12a1459b2a9645
116.01708126068115,116.01714739800036,1789785160.5445683,0.064611435,20.03788948059082,5154.286621,4807.050293,4b12a14567389645
116.03704237937927,116.03710764000016,1789785160.5645294,0.063657761,19.961118698120117,5154.286621,4808.775391,4b12a14534469645
116.05708813667297,116.05715293699996,1789785160.5845752,0.063180923,20.045757293701172,5154.286621,4810.524414,4b12a14532549645
116.07708859443665,116.07715293800038,1789785160.6045756,0.062942505,20.000457763671875,5154.286621,4812.249512,4b12a145ff619645
116.0970811843872,116.09714629100017,1789785160.6245682,0.063657761,19.992589950561523,5154.286621,4813.974609,4b12a145cc6f9645
116.11713409423828,116.11719908800023,1789785160.6446211,0.063419342,20.05290985107422,5154.286621,4815.699219,4b12a145987d9645
116.13716101646423,116.13722679300008,1789785160.664648,0.064134598,20.02692222595215,5154.286621,4817.424316,4b12a145658b9645
116.15686202049255,116.15694671900019,1789785160.684349,0.082969666,19.701004028320312,5160.000977,4819.149414,0240a14532999645
116.1771388053894,116.17720457199994,1789785160.7046258,0.064134598,20.276784896850586,5160.000977,4820.898438,0240a14530a79645
116.19720649719238,116.19727161000037,1789785160.7246935,0.063419342,20.067691802978516,5160.000977,4822.623535,0240a145fdb49645
116.21728587150574,116.21735350000017,1789785160.744773,0.066041946,20.079374313354492,5154.286621,4824.348145,4b12a145c9c29645
116.23705673217773,116.2371120380003,1789785160.7645438,0.05364418,19.77086067199707,5154.286621,4826.073242,4b12a14596d09645
116.25699543952942,116.25710483500006,1789785160.7844825,0.10752677917480469,19.93870735168457,5154.286621,4827.79834,4b12a14563de9645
116.27704095840454,116.27710470600005,1789785160.804528,0.061988831,20.04551887512207,5154.286621,4829.523438,4b12a14530ec9645
116.29704117774963,116.2971074850002,1789785160.8245282,0.064611435,20.000219345092773,5160.000977,4831.248535,0240a145fdf99645
116.31707406044006,116.31714200400029,1789785160.844561,0.066280365,20.032882690429688,5160.000977,4832.973145,0240a145c9079745
116.33704590797424,116.3371083940001,1789785160.864533,0.061035156,19.971847534179688,5154.286621,4834.698242,4b12a14596159745
116.35699224472046,116.35704361700027,1789785160.8844793,0.049591064,19.94633674621582,5154.286621,4836.42334,4b12a14563239745
116.37704801559448,116.37720408099995,1789785160.904535,0.1544952392578125,20.055770874023438,5154.286621,4838.172363,4b12a14561319745
116.39705181121826,116.39711532299998,1789785160.9245389,0.061988831,20.003795623779297,5148.572266,4839.897461,94e4a0452e3f9745
116.41713809967041,116.41723036100029,1789785160.9446251,0.09059906,20.086288452148438,5148.572266,4841.622559,94e4a045fb4c9745
116.43703866004944,116.43709904600018,1789785160.9645257,0.058650970458984375,19.90056037902832,5148.572266,4843.347168,94e4a045c75a9745
116.4570300579071,116.4571735100003,1789785160.984517,0.1418590545654297,19.991397857666016,5154.286621,4845.072266,4b12a14594689745
116.4770450592041,116.47712671499994,1789785161.004532,0.080108643,20.01500129699707,5154.286621,4846.797363,4b12a14561769745
116.4970383644104,116.49710251200031,1789785161.0245254,0.062465667724609375,19.993305206298828,5148.572266,4848.522461,94e4a0452e849745
116.51707863807678,116.5171454020001,1789785161.0445657,0.065088272,20.040273666381836,5148.572266,4850.247559,94e4a045fb919745
116.5370044708252,116.53706423600033,1789785161.0644915,0.058174133,19.925832748413086,5148.572266,4851.972168,94e4a045c79f9745
116.55685138702393,116.55695706999995,1789785161.0843384,0.10418891906738281,19.84691619873047,5142.85791,4853.697266,ddb6a04594ad9745
116.57699775695801,116.57705386700036,1789785161.1044848,0.054597855,20.14636993408203,5148.572266,4855.422363,94e4a04561bb9745
116.59703922271729,116.59708996100017,1789785161.1245263,0.049114227294921875,20.041465759277344,5148.572266,4857.171387,94e4a0455fc99745
116.61707401275635,116.61722944400026,1789785161.144561,0.1537799835205078,20.03479004,5148.572266,4858.896484,94e4a0452cd79745
116.63699126243591,116.63707411099995,1789785161.1644783,0.081300735,19.91724967956543,5148.572266,4860.621094,94e4a045f8e49745
116.65700769424438,116.65710083400018,1789785161.1844947,0.091552734,20.01643180847168,5154.286621,4862.346191,4b12a145c5f29745
116.67698836326599,116.67706444600026,1789785161.2044754,0.074386597,19.980669021606445,5154.286621,4864.071289,4b12a14592009845
116.69703197479248,116.69708409500026,1789785161.224519,0.050544739,20.043611526489258,5154.286621,4865.820313,4b12a145900e9845
116.71699023246765,116.7170450030003,1789785161.2444773,0.053167343,19.95825768,5148.572266,4867.54541,94e4a0455d1c9845
116.73703026771545,116.73709844900031,1789785161.2645173,0.066518784,20.040035247802734,5154.286621,4869.27002,4b12a145292a9845
116.7570264339447,116.75707522700031,1789785161.2845135,0.047206878662109375,19.996166229248047,5154.286621,4870.995117,4b12a145f6379845
116.77703356742859,116.77708659900009,1789785161.3045206,0.051259995,20.00713348388672,5154.286621,4872.720215,4b12a145c3459845
116.79698944091797,116.79704098799994,1789785161.3244765,0.049829483,19.955873489379883,5160.000977,4874.445313,0240a14590539845
116.81706690788269,116.81713245200035,1789785161.344554,0.063896179,20.07746696472168,5160.000977,4876.194336,0240a1458e619845
116.83706665039062,116.83713330499995,1789785161.3645537,0.065088272,19.99974250793457,5160.000977,4877.919434,0240a1455b6f9845
116.85706233978271,116.85719487999995,1789785161.3845494,0.13113021850585938,19.995689392089844,5154.286621,4879.644043,4b12a145277d9845
116.87698578834534,116.87706947300012,1789785161.4044728,0.082015991,19.92344856262207,5154.286621,4881.369141,4b12a145f48a9845
116.8970274925232,116.89709315900018,1789785161.4245145,0.064134598,20.041704177856445,5154.286621,4883.094238,4b12a145c1989845
116.91699004173279,116.9170457160003,1789785161.444477,0.054121017,19.962549209594727,5154.286621,4884.819336,4b12a1458ea69845
116.93699049949646,116.9370401430001,1789785161.4644775,0.047922134,20.000457763671875,5148.572266,4886.544434,94e4a0455bb49845
116.95704102516174,116.95709769900031,1789785161.484528,0.055074692,20.050525665283203,5154.286621,4888.269043,4b12a14527c29845
116.97698950767517,116.97704231100033,1789785161.5044765,0.051021575927734375,19.948482513427734,5154.286621,4889.994141,4b12a145f4cf9845
116.99702954292297,116.99708284899998,1789785161.5245166,0.051736832,20.040035247802734,5154.286621,4891.743164,4b12a145f2dd9845
117.01714968681335,117.01721101700014,1789785161.5446367,0.059604644775390625,20.12014389038086,5154.286621,4893.468262,4b12a145bfeb9845
117.03698563575745,117.03704972100013,1789785161.5644727,0.062465667724609375,19.835948944091797,5154.286621,4895.193359,4b12a1458cf99845
117.05703902244568,117.05709848100014,1789785161.584526,0.057935715,20.053386688232422,5148.572266,4896.917969,94e4a04558079945
117.07702732086182,117.07707607500015,1789785161.6045144,0.04696846,19.988298416137695,5148.572266,4898.643066,94e4a04525159945
117.09707117080688,117.0971374830001,1789785161.6245582,0.064611435,20.04384994506836,5148.572266,4900.368164,94e4a045f2229945
117.1170244216919,117.11707259500008,1789785161.6445115,0.046730042,19.953250885009766,5154.286621,4902.117188,4b12a145f0309945
117.13708472251892,117.13713830000006,1789785161.6645718,0.051736832,20.060300827026367,5154.286621,4903.842285,4b12a145bd3e9945
117.15701627731323,117.15706407800008,1789785161.6845033,0.046253204345703125,19.931554794311523,5154.286621,4905.566895,4b12a145894c9945
117.17698097229004,117.17703539400009,1789785161.704468,0.052690506,19.96469497680664,5160.000977,4907.291992,0240a145565a9945
117.19697833061218,117.19703452500016,1789785161.7244654,0.054597855,19.997358322143555,5160.000977,4909.01709,0240a14523689945
117.21702671051025,117.21708928500038,1789785161.7445138,0.061035156,20.04837989807129,5154.286621,4910.766113,4b12a14521769945
117.23698163032532,117.23704293400033,1789785161.7644687,0.059604644775390625,19.954919815063477,5154.286621,4912.491211,4b12a145ee839945
117.2570173740387,117.25706732400022,1789785161.7845044,0.048398972,20.035743713378906,5154.286621,4914.216309,4b12a145bb919945
117.27702140808105,117.27707925000004,1789785161.8045084,0.056266785,20.00403404,5154.286621,4915.940918,4b12a145879f9945
117.29697871208191,117.29703445500036,1789785161.8244658,0.054121017,19.957304000854492,5160.000977,4917.666016,0240a14554ad9945
117.31703042984009,117.31709512299994,1789785161.8445175,0.063180923,20.05171775817871,5160.000977,4919.415039,0240a14552bb9945
117.33698034286499,117.33703384599994,1789785161.8644674,0.051736832,19.949913024902344,5160.000977,4921.140137,0240a1451fc99945
117.3569769859314,117.3570296060002,1789785161.884464,0.051021575927734375,19.99664306640625,5154.286621,4922.865234,4b12a145ecd69945
117.37701463699341,117.37715973600007,1789785161.9045017,0.14352798461914062,20.03765106201172,5154.286621,4924.589844,4b12a145b8e49945
117.39703416824341,117.3970897930003,1789785161.9245212,0.054121017,20.01953125,5154.286621,4926.314941,4b12a14585f29945
117.41701889038086,117.41706977500007,1789785161.944506,0.049352646,19.984722137451172,5154.286621,4928.063965,4b12a14583009a45
117.4369797706604,117.4370368320001,1789785161.9644668,0.05531311,19.960880279541016,5154.286621,4929.789063,4b12a145500e9a45
117.45705389976501,117.45717422200005,1789785161.984541,0.11873245239257812,20.074129104614258,5160.000977,4931.51416,0240a1451d1c9a45
117.47697639465332,117.47703607400035,1789785162.0044634,0.057935715,19.922494888305664,5160.000977,4933.23877,0240a145e9299a45
117.4969814,117.49703390800005,1789785162.0244684,0.050783157,20.004987716674805,5160.000977,4934.963867,0240a145b6379a45
117.51697778701782,117.51703002000022,1789785162.0444648,0.050544739,19.99640464782715,5154.286621,4936.688965,4b12a14583459a45
117.5370204,117.53708042900007,1789785162.0645075,0.058174133,20.04265785217285,5154.286621,4938.437988,4b12a14581539a45
117.55701875686646,117.55707170699998,1789785162.0845058,0.051259995,19.99831199645996,5154.286621,4940.163086,4b12a1454e619a45
117.57703423500061,117.57708750400025,1789785162.1045213,0.051736832,20.015478134155273,5148.572266,4941.888184,94e4a0451b6f9a45
117.59702324867249,117.59708159799993,1789785162.1245103,0.056743621826171875,19.98901367,5148.572266,4943.612793,94e4a045e77c9a45
117.61706066131592,117.61721991400009,1789785162.1445477,0.1575946807861328,20.037412643432617,5154.286621,4945.337891,4b12a145b48a9a45
117.6370153427124,117.6370916740002,1789785162.1645024,0.074625015,19.954681396484375,5154.286621,4947.062988,4b12a14581989a45
117.65703082084656,117.65711374900002,1789785162.1845179,0.081062317,20.015478134155273,5154.286621,4948.788086,4b12a1454ea69a45
117.67698216438293,117.67705975000035,1789785162.2044692,0.076055527,19.951343536376953,5148.572266,4950.513184,94e4a0451bb49a45
117.6969723701477,117.69702062100032,1789785162.2244594,0.046730042,19.990205764770508,5148.572266,4952.237793,94e4a045e7c19a45
117.71701407432556,117.71707132500023,1789785162.244501,0.055789947509765625,20.041704177856445,5148.572266,4953.962891,94e4a045b4cf9a45
117.73698353767395,117.73704617800013,1789785162.2644706,0.060796738,19.969463348388672,5148.572266,4955.687988,94e4a04581dd9a45
117.75705337524414,117.75712099400016,1789785162.2845404,0.066041946,20.06983757019043,5148.572266,4957.437012,94e4a0457feb9a45
117.77704429626465,117.77711005000037,1789785162.3045313,0.064134598,19.990921020507812,5154.286621,4959.162109,4b12a1454cf99a45
117.7971043586731,117.79716907000011,1789785162.3245914,0.063180923,20.060062408447266,5148.572266,4960.886719,94e4a04518079b45
117.81696367263794,117.81701340400014,1789785162.3444507,0.048160552978515625,19.85931396484375,5148.572266,4962.611816,94e4a045e5149b45
117.83700609207153,117.83705566400022,1789785162.3644931,0.048160552978515625,20.04241943359375,5154.286621,4964.336914,4b12a145b2229b45
117.85696911811829,117.85703181300005,1789785162.3844562,0.061035156,19.96302604675293,5154.286621,4966.062012,4b12a1457f309b45
117.87701272964478,117.87710103600011,1789785162.4044998,0.086784363,20.043611526489258,5154.286621,4967.811035,4b12a1457d3e9b45
117.89700126647949,117.89705785200022,1789785162.4244883,0.054836273193359375,19.988536834716797,5148.572266,4969.535645,94e4a045494c9b45
117.91700577735901,117.91706716800036,1789785162.4444928,0.059843063,20.00451088,5148.572266,4971.260742,94e4a045165a9b45
117.93696975708008,117.93702118700003,1789785162.4644568,0.049829483,19.963979721069336,5154.286621,4972.98584,4b12a145e3679b45
117.95714712142944,117.95907552500012,1789785162.4846342,1.9268989562988281,20.177364349365234,5154.286621,4974.710938,4b12a145b0759b45
117.97706937789917,117.97724187400036,1789785162.5045564,0.1709461212158203,19.922256469726562,5154.286621,4976.459961,4b12a145ae839b45
117.99708557128906,117.99724235700023,1789785162.5245726,0.15497207641601562,20.016193389892578,5154.286621,4978.185059,4b12a1457b919b45
118.01704907417297,118.01722202400015,1789785162.544536,0.17118453979492188,19.963502883911133,5154.286621,4979.909668,4b12a145479f9b45
118.03708529472351,118.03727413600018,1789785162.5645723,0.18715858459472656,20.03622055053711,5154.286621,4981.658691,4b12a14545ad9b45
118.05729460716248,118.06004645700023,1789785162.5847816,2.7501583099365234,20.209312438964844,5160.000977,4983.383789,0240a14512bb9b45
118.0770194530487,118.07713793400035,1789785162.6045065,0.11658668518066406,19.72484588623047,5160.000977,4985.108887,0240a145dfc89b45
118.09699559211731,118.0970389160002,1789785162.6244826,0.041723251,19.976139068603516,5160.000977,4986.833984,0240a145acd69b45
118.11700630187988,118.11704086200007,1789785162.6444933,0.032901763916015625,20.010709762573242,5160.000977,4988.558594,0240a14578e49b45
118.13699746131897,118.13703762200021,1789785162.6644845,0.038623809814453125,19.991159439086914,5160.000977,4990.307617,0240a14576f29b45
118.15703678131104,118.15707869700009,1789785162.6845238,0.040054321,20.03931999206543,5165.715332,4992.032715,b96da14543009c45
118.1769917011261,118.17702882699996,1789785162.7044787,0.035524368,19.954919815063477,5165.715332,4993.757813,b96da145100e9c45
118.19699764251709,118.19703458699996,1789785162.7244847,0.03528595,20.00594139099121,5165.715332,4995.506836,b96da1450e1c9c45
118.21700525283813,118.21704108800031,1789785162.7444923,0.034093857,20.007610321044922,5165.715332,4997.231934,b96da145db299c45
118.23703908920288,118.23708036700009,1789785162.7645261,0.039577484130859375,20.033836364746094,5160.000977,4998.956543,0240a145a7379c45
118.2570436000824,118.25707973800036,1789785162.7845306,0.034332275,20.00451088,5160.000977,5000.681641,0240a14574459c45
118.27704095840454,118.27707716500026,1789785162.804528,0.034332275,19.997358322143555,5160.000977,5002.430664,0240a14572539c45
118.29703521728516,118.29707172200006,1789785162.8245223,0.034809112548828125,19.994258880615234,5160.000977,5004.155762,0240a1453f619c45
118.31703090667725,118.31706670400035,1789785162.844518,0.034093857,19.995689392089844,5160.000977,5005.880859,0240a1450c6f9c45
118.33699345588684,118.33703276000006,1789785162.8644805,0.037670135498046875,19.962549209594727,5160.000977,5007.605469,0240a145d87c9c45
118.3569905757904,118.35702761300035,1789785162.8844776,0.035524368,19.997119903564453,5160.000977,5009.354492,0240a145d68a9c45
118.37703323364258,118.37707854000018,1789785162.9045203,0.0436306,20.04265785217285,5160.000977,5011.07959,0240a145a3989c45
118.39696478843689,118.39700811500006,1789785162.9244518,0.041723251,19.931554794311523,5160.000977,5012.804688,0240a14570a69c45
118.41702938079834,118.41706789399996,1789785162.9445164,0.036716461181640625,20.064592361450195,5160.000977,5014.529785,0240a1453db49c45
118.43703746795654,118.43707678300007,1789785162.9645245,0.037670135498046875,20.008087158203125,5160.000977,5016.254395,0240a14509c29c45
118.45705246925354,118.45709245100034,1789785162.9845395,0.038385391,20.01500129699707,5160.000977,5018.003418,0240a14507d09c45
118.47715377807617,118.47719098900006,1789785163.0046408,0.035524368,20.101308822631836,5160.000977,5019.728516,0240a145d4dd9c45
118.49697923660278,118.4974134160002,1789785163.0244663,0.4324913024902344,19.825458526611328,5165.715332,5021.453613,b96da145a1eb9c45
118.51704335212708,118.51708004600005,1789785163.0445304,0.035047531,20.064115524291992,5160.000977,5023.202637,0240a1459ff99c45
118.53720307350159,118.53724228800002,1789785163,0.037670135498046875,20.15972137451172,5160.000977,5024.927734,0240a1456c079d45
118.55701780319214,118.55705384400017,1789785163.0845048,0.034332275,19.814729690551758,5160.000977,5026.652344,0240a14538159d45
118.57700967788696,118.57704499300007,1789785163.1044967,0.03361702,19.99187469482422,5160.000977,5028.401367,0240a14536239d45
118.59700179100037,118.59704317900014,1789785163.1244888,0.039815903,19.99211311340332,5160.000977,5030.126465,0240a14503319d45
118.6169970035553,118.61704212500035,1789785163.144484,0.0436306,19.99521255493164,5160.000977,5031.851563,0240a145d03e9d45
118.63703560829163,118.63722240400011,1789785163.1645226,0.18525123596191406,20.038604736328125,5160.000977,5033.57666,0240a1459d4c9d45
118.65699553489685,118.65703325599998,1789785163.1844826,0.036001205,19.95992660522461,5160.000977,5035.325684,0240a1459b5a9d45
118.67699217796326,118.67703446099995,1789785163.2044792,0.040769577,19.99664306640625,5160.000977,5037.050293,0240a14567689d45
118.6969518661499,118.69699429499997,1789785163.224439,0.040769577,19.959688186645508,5160.000977,5038.775391,0240a14534769d45
118.71694779396057,118.71698929600007,1789785163.2444348,0.039815903,19.995927810668945,5160.000977,5040.500488,0240a14501849d45
118.7369556427002,118.73699622200002,1789785163.2644427,0.039100647,20.007848739624023,5160.000977,5042.249512,0240a145ff919d45
118.75702691078186,118.75706324200019,1789785163.284514,0.034570694,20.07126808166504,5160.000977,5043.974609,0240a145cc9f9d45
118.77694940567017,118.77698727999996,1789785163.3044364,0.036239624,19.922494888305664,5165.715332,5045.699219,b96da14598ad9d45
118.79694509506226,118.79698176200009,1789785163.3244321,0.035047531,19.995689392089844,5165.715332,5047.448242,b96da14596bb9d45
118.81698513031006,118.81702081899994,1789785163.3444722,0.033855438232421875,20.040035247802734,5165.715332,5049.17334,b96da14563c99d45
118.83697175979614,118.83705500500037,1789785163.3644588,0.081539154,19.986629486083984,5165.715332,5050.898438,b96da14530d79d45
118.85699224472046,118.85703113499994,1789785163.3844793,0.037431717,20.020484924316406,5165.715332,5052.647461,b96da1452ee59d45
118.87705373764038,118.87712663599996,1789785163.4045408,0.071287155,20.061492919921875,5165.715332,5054.372559,b96da145fbf29d45
118.89695644378662,118.89699723000012,1789785163.4244435,0.039100647,19.902706146240234,5165.715332,5056.097168,b96da145c7009e45
118.91698265075684,118.91702534200022,1789785163.4444697,0.041007996,20.026206970214844,5165.715332,5057.846191,b96da145c50e9e45
118.93698740005493,118.93702825000037,1789785163.4644744,0.039100647,20.004749298095703,5165.715332,5059.571289,b96da145921c9e45
118.95694732666016,118.95698580600038,1789785163.4844344,0.03695488,19.95992660522461,5165.715332,5061.296387,b96da1455f2a9e45
118.97684907913208,118.97689891800019,1789785163.504336,0.048398972,19.901752471923828,5165.715332,5063.021484,b96da1452c389e45
118.99699521064758,118.99703612300027,1789785163.5244823,0.039339066,20.14613151550293,5165.715332,5064.77002,b96da14529469e45
119.01702165603638,119.01706056800003,1789785163.5445087,0.037431717,20.026445388793945,5165.715332,5066.495117,b96da145f6539e45
119.03698706626892,119.03702342099996,1789785163.564474,0.034570694,19.965410232543945,5165.715332,5068.244141,b96da145f4619e45
119.05702662467957,119.05706394000026,1789785163.5845137,0.035762786865234375,20.03955841064453,5165.715332,5069.969238,b96da145c16f9e45
119.07697916030884,119.07701442300004,1789785163.6044662,0.03361702,19.95253562927246,5165.715332,5071.694336,b96da1458e7d9e45
119.09693694114685,119.09697296100012,1789785163.624424,0.034332275,19.957780838012695,5165.715332,5073.419434,b96da1455b8b9e45
119.1170346736908,119.11707001700006,1789785163.6445217,0.03361702,20.097732543945312,5165.715332,5075.167969,b96da14558999e45
119.13697981834412,119.13701848100027,1789785163.6644669,0.03695488,19.945144653320312,5165.715332,5076.893066,b96da14525a79e45
119.1569402217865,119.15698199999997,1789785163.6844273,0.04029274,19.960403442382812,5165.715332,5078.618164,b96da145f2b49e45
119.17697882652283,119.17701926100017,1789785163.7044659,0.038623809814453125,20.038604736328125,5165.715332,5080.367188,b96da145f0c29e45
119.19697833061218,119.19701566899994,1789785163.7244654,0.035524368,19.99950408935547,5165.715332,5082.092285,b96da145bdd09e45
119.21693992614746,119.21697602099994,1789785163.744427,0.034332275,19.96159553527832,5165.715332,5083.816895,b96da14589de9e45
119.23693919181824,119.23697483700016,1789785163.7644262,0.034093857,19.999265670776367,5160.000977,5085.541992,0240a14556ec9e45
119.25698566436768,119.25702657900001,1789785163.7844727,0.039339066,20.046472549438477,5160.000977,5087.26709,0240a14523fa9e45
119.27701997756958,119.27705802400033,1789785163.804507,0.036478043,20.034313201904297,5160.000977,5089.016113,0240a14521089f45
119.29702353477478,119.29705987700027,1789785163.8245106,0.034809112548828125,20.003557205200195,5160.000977,5090.741211,0240a145ee159f45
119.31698560714722,119.31702556300024,1789785163.8444726,0.038385391,19.962072372436523,5160.000977,5092.466309,0240a145bb239f45
119.33697772026062,119.33701634199997,1789785163.8644648,0.03695488,19.99211311340332,5160.000977,5094.190918,0240a14587319f45
119.35702085494995,119.3570576760003,1789785163.884508,0.035047531,20.043134689331055,5160.000977,5095.939941,0240a145853f9f45
119.37694001197815,119.37704104700015,1789785163.904427,0.099182129,19.919157028198242,5160.000977,5097.665039,0240a145524d9f45
119.39694738388062,119.39698169600024,1789785163.9244344,0.032424927,20.00737190246582,5160.000977,5099.390137,0240a1451f5b9f45
119.41701292991638,119.41705195600025,1789785164,0.037431717,20.06554604,5160.000977,5101.115234,0240a145ec689f45
119.43698072433472,119.4370213090001,1789785163.9644678,0.038862228,19.96779441833496,5160.000977,5102.86377,0240a145e9769f45
119.45696973800659,119.45703338400017,1789785163.9844568,0.062227249,19.98901367,5160.000977,5104.588867,0240a145b6849f45
119.47701478004456,119.47705051499997,1789785164.0045018,0.034093857,20.045042037963867,5160.000977,5106.313965,0240a14583929f45
119.49697709083557,119.49711234899996,1789785164.0244641,0.133514404,19.962310791015625,5165.715332,5108.039063,b96da14550a09f45
119.51702213287354,119.51705881299995,1789785164.0445092,0.035047531,20.045042037963867,5160.000977,5109.76416,0240a1451dae9f45
119.5368070602417,119.53685996100012,1789785164.064294,0.051259995,19.784927368164062,5160.000977,5111.513184,0240a1451bbc9f45
119.55694246292114,119.55697933300007,1789785164.0844295,0.035047531,20.13540267944336,5160.000977,5113.237793,0240a145e7c99f45
119.5769853591919,119.57702227800019,1789785164.1044724,0.03528595,20.042896270751953,5160.000977,5114.962891,0240a145b4d79f45
119.59698700904846,119.59702915000025,1789785164.124474,0.040531158447265625,20.001649856567383,5160.000977,5116.687988,0240a14581e59f45
119.61701989173889,119.61705603900009,1789785164.144507,0.034570694,20.032882690429688,5160.000977,5118.437012,0240a1457ff39f45
119.63693928718567,119.63704050300021,1789785164.1644263,0.099420547,19.919395446777344,5160.000977,5120.162109,0240a1454c01a045
119.6570143699646,119.65705254100021,1789785164.1845014,0.036478043,20.075082778930664,5160.000977,5121.886719,0240a145180fa045
119.6769814491272,119.67702680100001,1789785164.2044685,0.043869019,19.967079162597656,5154.286621,5123.611816,4b12a145e51ca045
119.69699931144714,119.6970328020002,1789785164.2244864,0.031709671,20.01786231994629,5154.286621,5125.336914,4b12a145b22aa045
119.7169349193573,119.7169757290003,1789785164.244422,0.039339066,19.93560791015625,5154.286621,5127.085938,4b12a145b038a045
119.73697805404663,119.7370198220001,1789785164.264465,0.04029274,20.043134689331055,5154.286621,5128.811035,4b12a1457d46a045
119.75697469711304,119.75701134200017,1789785164.2844617,0.034809112548828125,19.99664306640625,5154.286621,5130.535645,4b12a1454954a045
119.77700448036194,119.77704312100013,1789785164.3044915,0.03695488,20.029783248901367,5160.000977,5132.260742,0240a1451662a045
119.79692935943604,119.79696482500003,1789785164.3244164,0.033855438232421875,19.92487907409668,5160.000977,5133.98584,0240a145e36fa045
119.81701493263245,119.81705054800022,1789785164.344502,0.033855438232421875,20.085573196411133,5160.000977,5135.734863,0240a145e17da045
119.83706498146057,119.83710017900012,1789785164.364552,0.033378601,20.05004883,5160.000977,5137.459961,0240a145ae8ba045
119.85693144798279,119.85696686500023,1789785164.3844185,0.03361702,19.866466522216797,5154.286621,5139.185059,4b12a1457b99a045
119.8769679069519,119.87709666199999,1789785164.404455,0.12731552124023438,20.03645896911621,5154.286621,5140.909668,4b12a14547a7a045
119.89697360992432,119.89704631099994,1789785164.4244606,0.071048737,20.00570297241211,5154.286621,5142.634766,4b12a14514b5a045
119.9169659614563,119.91701770100008,1789785164.444453,0.050067901611328125,19.992351531982422,5154.286621,5144.383789,4b12a14512c3a045
119.93696808815002,119.93703166500018,1789785164.4644551,0.061988831,20.002126693725586,5160.000977,5146.108887,0240a145dfd0a045
119.95698022842407,119.95705757300038,1789785164.4844673,0.075817108,20.01214027404785,5160.000977,5147.833984,0240a145acdea045
119.97693133354187,119.97698790699997,1789785164.5044184,0.055074692,19.95110511779785,5160.000977,5149.558594,0240a14578eca045
119.99701476097107,119.99707772300007,1789785164.5245018,0.061511993408203125,20.08342742919922,5160.000977,5151.283691,0240a14545faa045
120.01698422431946,120.01709824199997,1789785164.5444713,0.1125335693359375,19.969463348388672,5160.000977,5153.032715,0240a1454308a145
120.0368344783783,120.03698144700002,1789785164.5643215,0.14591217041015625,19.85025405883789,5160.000977,5154.805664,0240a1457216a145
120.05692934989929,120.05702341100005,1789785164.5844164,0.09226799,20.094871520996094,5177.144043,5156.626465,27c9a1450325a145
120.07692551612854,120.07697596700018,1789785164.6044126,0.04863739,19.996166229248047,5205.715332,5158.42334,b9ada2456333a145
120.09693312644958,120.09698867199995,1789785164.6244202,0.053882598876953125,20.007610321044922,5205.715332,5160.244141,b9ada245f441a145
120.11697721481323,120.11703035800019,1789785164.6444643,0.051498413,20.04408836364746,5245.715332,5162.088867,b9eda345b650a145
120.13697648048401,120.13702908100004,1789785164.6644635,0.051021575927734375,19.999265670776367,5245.715332,5163.909668,b9eda345475fa145
120.15696382522583,120.15702521100002,1789785164.6844509,0.059843063,19.98734474182129,5280.000977,5165.730469,0200a545d86da145
120.17700672149658,120.17713671199999,1789785164.7044938,0.12826919555664062,20.042896270751953,5314.286621,5167.551758,4b12a6456a7ca145
120.19696354866028,120.19702645400002,1789785164.7244506,0.061273575,19.95682716369629,5314.286621,5169.372559,4b12a645fb8aa145
120.21697354316711,120.21702754700027,1789785164.7444606,0.052452087,20.009994506835938,5348.572266,5171.217285,9424a745bd99a145
120.23692417144775,120.23697806700011,1789785164.7644112,0.052213669,19.95062828063965,5382.85791,5173.038086,dd36a8454ea8a145
120.25691843032837,120.25697021600035,1789785164.7844055,0.05030632,19.994258880615234,5382.85791,5174.858887,dd36a845dfb6a145
120.27692103385925,120.2769746240001,1789785164.804408,0.051975250244140625,20.00260353088379,5417.143555,5176.679688,2649a94570c5a145
120.2969639,120.29701923600032,1789785164.824451,0.05364418,20.042896270751953,5434.286133,5178.500488,4ad2a94501d4a145
120.31695556640625,120.31700968099994,1789785164.8444426,0.052452087,19.991636276245117,5434.286133,5180.345215,4ad2a945c3e2a145
120.33695578575134,120.33701775600002,1789785164.8644428,0.060319901,20.000219345092773,5440.000488,5182.166016,0100aa4554f1a145
120.3569643497467,120.35702585000035,1789785164.8844514,0.059843063,20.008563995361328,5445.714844,5183.986816,b82daa45e5ffa145
120.37695574760437,120.37700836900012,1789785164.9044428,0.051021575927734375,19.991397857666016,5445.714844,5185.831543,b82daa45a70ea245
120.39696955680847,120.39710120400014,1789785164.9244566,0.12993812561035156,20.013809204101562,5445.714844,5187.652344,b82daa45381da245
120.41692161560059,120.41697870400003,1789785164.9444087,0.055551529,19.952058792114258,5445.714844,5189.473633,b82daa45ca2ba245
120.43691849708557,120.43697416800023,1789785164.9644055,0.053882598876953125,19.99688148498535,5445.714844,5191.294434,b82daa455b3aa245
120.45692157745361,120.45697598400011,1789785164.9844086,0.052690506,20.003080368041992,5445.714844,5193.13916,b82daa451d49a245
120.47700214385986,120.47713368900031,1789785165.0044892,0.12993812561035156,20.08056641,5445.714844,5194.959961,b82daa45ae57a245
120.49699115753174,120.49718372699999,1789785165.0244782,0.19097328186035156,19.98901367,5445.714844,5196.780762,b82daa453f66a245
120.51699447631836,120.51705820899997,1789785165.0444815,0.061988831,20.003318786621094,5445.714844,5198.601563,b82daa45d074a245
120.53695893287659,120.5370222470001,1789785165.064446,0.061750412,19.96445655822754,5445.714844,5200.422363,b82daa456183a245
120.55698370933533,120.55703532200005,1789785165.0844707,0.050067901611328125,20.024776458740234,5445.714844,5202.26709,b82daa452392a245
120.57696580886841,120.57702348900011,1789785165.1044528,0.056028366,19.982099533081055,5445.714844,5204.087891,b82daa45b4a0a245
120.59693121910095,120.59699334200013,1789785165.1244183,0.060558319091796875,19.965410232543945,5445.714844,5205.908691,b82daa4545afa245
120.61694502830505,120.61700843500012,1789785165.144432,0.061750412,20.013809204101562,5440.000488,5207.729492,0100aa45d6bda245
120.63692307472229,120.63702397299994,1789785165,0.099420547,19.978046417236328,5440.000488,5209.550293,0100aa4567cca245
120.65699100494385,120.65705545600031,1789785165.184478,0.062942505,20.067930221557617,5440.000488,5211.371094,0100aa45f8daa245
120.67691612243652,120.67697153100016,1789785165.2044032,0.053882598876953125,19.92511749267578,5440.000488,5213.192383,0100aa458ae9a245
120.69697046279907,120.69702421700003,1789785165.2244575,0.052213669,20.054340362548828,5440.000488,5215.037109,0100aa454cf8a245
120.71699047088623,120.71705808800016,1789785165.2444775,0.066041946,20.020008087158203,5440.000488,5216.85791,0100aa45dd06a345
120.73698806762695,120.73705047800013,1789785165.264475,0.060796738,19.997596740722656,5440.000488,5218.678711,0100aa456e15a345
120.7569522857666,120.75701560800007,1789785165.2844393,0.061750412,19.964218139648438,5440.000488,5220.499512,0100aa45ff23a345
120.77695631980896,120.7770227,1789785165.3044434,0.064849854,20.00403404,5440.000488,5222.320313,0100aa459032a345
120.79695224761963,120.79701551800008,1789785165.3244393,0.061750412,19.995927810668945,5440.000488,5224.141113,0100aa452141a345
120.81699442863464,120.81705731500006,1789785165.3444815,0.061273575,20.04218101501465,5440.000488,5225.98584,0100aa45e34fa345
120.8369529247284,120.83701548199997,1789785165,0.061035156,19.95849609,5440.000488,5227.806641,0100aa45745ea345
120.85694861412048,120.85701120500016,1789785165.3844357,0.061035156,19.995689392089844,5440.000488,5229.627441,0100aa45056da345
120.87698459625244,120.87712833600017,1789785165.4044716,0.14209747314453125,20.035982131958008,5440.000488,5231.448242,0100aa45967ba345
120.89694547653198,120.89701205900019,1789785165.4244325,0.064849854,19.960880279541016,5440.000488,5233.269043,0100aa45278aa345
120.91699862480164,120.91706265300036,1789785165.4444857,0.062465667724609375,20.05314826965332,5440.000488,5235.089844,0100aa45b898a345
120.93698787689209,120.93705094999996,1789785165.464475,0.061511993408203125,19.98925209,5440.000488,5236.935059,0100aa457ba7a345
120.9569468,120.95700945099998,1789785165.484434,0.061035156,19.958972930908203,5440.000488,5238.755859,0100aa450cb6a345
120.97694778442383,120.97701035900036,1789785165.5044348,0.060796738,20.000934600830078,5440.000488,5240.57666,0100aa459dc4a345
120.99698495864868,120.99704669300036,1789785165.524472,0.060081482,20.037174224853516,5440.000488,5242.397461,0100aa452ed3a345
121.01691937446594,121.01697300900014,1789785165.5444064,0.051975250244140625,19.934415817260742,5440.000488,5244.218262,0100aa45bfe1a345
121.03692054748535,121.03697412100018,1789785165.5644076,0.051975250244140625,20.00117301940918,5440.000488,5246.039063,0100aa4550f0a345
121.05696153640747,121.05701458500016,1789785165.5844486,0.051498413,20.04098892211914,5440.000488,5247.883789,0100aa4512ffa345
121.07695627212524,121.0770122,1789785165.6044433,0.054359436,19.994735717773438,5440.000488,5249.70459,0100aa45a30da445
121.0969889163971,121.09705195700008,1789785165.624476,0.061273575,20.032644271850586,5440.000488,5251.525391,0100aa45341ca445
121.11694502830505,121.1170080500001,1789785165.644432,0.061511993408203125,19.956111907958984,5440.000488,5253.346191,0100aa45c52aa445
121.13698387145996,121.13704525499998,1789785165.664471,0.059843063,20.038843154907227,5440.000488,5255.166992,0100aa455639a445
121.15694427490234,121.15700679300016,1789785165.6844313,0.061035156,19.960403442382812,5440.000488,5256.987793,0100aa45e747a445
121.1769027709961,121.17695566400016,1789785165.7043898,0.051259995,19.95849609,5440.000488,5258.808594,0100aa457856a445
121.1969382762909,121.19700044299998,1789785165.7244253,0.060558319091796875,20.035505294799805,5440.000488,5260.629883,0100aa450a65a445
121.2169873714447,121.21705738800028,1789785165.7444744,0.068426132,20.049095153808594,5440.000488,5262.474609,0100aa45cc73a445
121.2369475364685,121.23701131500002,1789785165.7644346,0.061988831,19.96016502380371,5440.000488,5264.29541,0100aa455d82a445
121.25694346427917,121.25700961200027,1789785165.7844305,0.064611435,19.995927810668945,5440.000488,5266.116211,0100aa45ee90a445
121.27698278427124,121.27704748299993,1789785165.8044698,0.063180923,20.03931999206543,5440.000488,5267.937012,0100aa457f9fa445
121.29690384864807,121.29695750300016,1789785165.824391,0.051975250244140625,19.921064376831055,5440.000488,5269.757813,0100aa4510aea445
121.31698751449585,121.31704987400008,1789785165.8444746,0.060796738,20.08366584777832,5440.000488,5271.578613,0100aa45a1bca445
121.33694767951965,121.33700057900023,1789785165.8644347,0.051259995,19.96016502380371,5440.000488,5273.42334,0100aa4563cba445
121.35698366165161,121.35704600500003,1789785165.8844707,0.060796738,20.035982131958008,5440.000488,5275.244141,0100aa45f4d9a445
121.3769359588623,121.37698900600026,1789785165.904423,0.051259995,19.95229721069336,5440.000488,5277.064941,0100aa4585e8a445
121.39691853523254,121.3970814700001,1789785165.9244056,0.16117095947265625,19.982576370239258,5440.000488,5278.885742,0100aa4516f7a445
121.41698026657104,121.41704458200002,1789785165.9444673,0.062704086,20.061731338500977,5440.000488,5280.706543,0100aa45a705a545
121.43694233894348,121.43700575000003,1789785165.9644294,0.061511993408203125,19.962072372436523,5440.000488,5282.527344,0100aa453814a545
121.45693778991699,121.45700001000023,1789785165.9844248,0.060558319091796875,19.995450973510742,5440.000488,5284.348633,0100aa45ca22a545
121.47701001167297,121.47717099200008,1789785166.004497,0.15926361083984375,20.072221755981445,5440.000488,5286.193359,0100aa458c31a545
121.49697804450989,121.49704269700032,1789785166.024465,0.062942505,19.968032836914062,5440.000488,5288.01416,0100aa451d40a545
121.51693606376648,121.51700064200031,1789785166.044423,0.062942505,19.958019256591797,5440.000488,5289.834961,0100aa45ae4ea545
121.53697657585144,121.53703919899999,1789785166.0644636,0.061035156,20.040512084960938,5440.000488,5291.655762,0100aa453f5da545
121.55693793296814,121.55700275500021,1789785166.084425,0.063180923,19.96135711669922,5440.000488,5293.476563,0100aa45d06ba545
121.57690334320068,121.57697334800014,1789785166.1043904,0.068426132,19.965410232543945,5440.000488,5295.297363,0100aa45617aa545
121.59698104858398,121.59704568300003,1789785166.124468,0.063180923,20.07770538330078,5440.000488,5297.14209,0100aa452389a545
121.61690211296082,121.61695585000007,1789785166.1443892,0.051975250244140625,19.921064376831055,5440.000488,5298.962891,0100aa45b497a545
121.63692998886108,121.63701129600031,1789785166.164417,0.079631805,20.027875900268555,5440.000488,5300.783691,0100aa4545a6a545
121.65693879127502,121.65699240799995,1789785166.1844258,0.052213669,20.00880241394043,5440.000488,5302.604492,0100aa45d6b4a545
121.67698526382446,121.6770503900002,1789785166.2044723,0.063419342,20.046472549438477,5440.000488,5304.425293,0100aa4567c3a545
121.69693684577942,121.69700009400003,1789785166.224424,0.061511993408203125,19.951581954956055,5440.000488,5306.270508,0100aa452ad2a545
121.71690845489502,121.71696239200037,1789785166.2443955,0.052213669,19.971609115600586,5440.000488,5308.091309,0100aa45bbe0a545
121.7369372844696,121.73699185500027,1789785166.2644243,0.052928924560546875,20.02882957458496,5440.000488,5309.912109,0100aa454cefa545
121.75698637962341,121.75705117100006,1789785166.2844734,0.063180923,20.049095153808594,5440.000488,5311.756836,0100aa450efea545
121.77689337730408,121.77694769100026,1789785166.3043804,0.052690506,19.906997680664062,5445.714844,5313.577637,b82daa459f0ca645
121.79693555831909,121.79698898800007,1789785166.3244226,0.051736832,20.04218101501465,5440.000488,5315.398438,0100aa45301ba645
121.81689310073853,121.81700087800027,1789785166.3443801,0.10609626770019531,19.957542419433594,5440.000488,5317.219238,0100aa45c129a645
121.83693432807922,121.83700467500012,1789785166.3644214,0.068664551,20.041227340698242,5445.714844,5319.040039,b82daa455238a645
121.85693168640137,121.85699473100021,1789785166.3844187,0.061273575,19.997358322143555,5440.000488,5320.86084,0100aa45e346a645
121.87702989578247,121.87714862100029,1789785166.404517,0.11706352233886719,20.098209381103516,5440.000488,5322.681641,0100aa457455a645
121.89698052406311,121.89701865899997,1789785166.4244676,0.036478043,19.95062828063965,5440.000488,5324.526367,0100aa453664a645
121.9169352054596,121.91697891900003,1789785166.4444222,0.042200089,19.954681396484375,5440.000488,5326.347168,0100aa45c772a645
121.93693208694458,121.93697284600012,1789785166.4644191,0.039100647,19.99688148498535,5440.000488,5328.167969,0100aa455881a645
121.95692849159241,121.95696803200008,1789785166.4844155,0.037908554,19.99640464782715,5440.000488,5329.989258,0100aa45ea8fa645
121.9769664,121.97700562499995,1789785166.5044534,0.037670135498046875,20.03788948059082,5440.000488,5331.810059,0100aa457b9ea645
121.99696040153503,121.99699936700017,1789785166.5244474,0.037431717,19.994020462036133,5440.000488,5333.630859,0100aa450cada645
122.01693391799927,122.01697305300013,1789785166.544421,0.037431717,19.97351646,5434.286133,5335.45166,4ad2a9459dbba645
122.03696489334106,122.03700357300022,1789785166.564452,0.03695488,20.030975341796875,5434.286133,5337.296387,4ad2a9455fcaa645
122.05696201324463,122.05700179600035,1789785166.584449,0.038146973,19.997119903564453,5440.000488,5339.117188,0100aa45f0d8a645
122.07693243026733,122.07697027800032,1789785166.6044195,0.036239624,19.970417022705078,5434.286133,5340.937988,4ad2a94581e7a645
122.0970721244812,122.09711166800025,1789785166.6245592,0.037908554,20.139694213867188,5434.286133,5342.758789,4ad2a94512f6a645
122.1169445514679,122.11698316900038,1789785166.6444316,0.03695488,19.872426986694336,5440.000488,5344.57959,0100aa45a304a745
122.13699460029602,122.13703404000034,1789785166.6644816,0.037670135498046875,20.05004883,5440.000488,5346.400391,0100aa453413a745
122.15717029571533,122.15720852300001,1789785166.6846573,0.036716461181640625,20.175695419311523,5440.000488,5348.245117,0100aa45f621a745
122.17701768875122,122.17705644900025,1789785166.7045047,0.037193298,19.847393035888672,5440.000488,5350.065918,0100aa458730a745
122.19692349433899,122.19696248700029,1789785166.7244105,0.037193298,19.905805587768555,5440.000488,5351.886719,0100aa45183fa745
122.21692419052124,122.2170505250001,1789785166.7444112,0.1251697540283203,20.000696182250977,5440.000488,5353.708008,0100aa45aa4da745
122.23692464828491,122.23699180400035,1789785166.7644117,0.065565109,20.000457763671875,5440.000488,5355.528809,0100aa453b5ca745
122.2569375038147,122.25699760099997,1789785166.7844245,0.058412552,20.012855529785156,5440.000488,5357.373535,0100aa45fd6aa745
122.27696633338928,122.27702904600028,1789785166.8044534,0.061273575,20.02882957458496,5440.000488,5359.194336,0100aa458e79a745
122.29692077636719,122.29698332500038,1789785166.8244078,0.061035156,19.954442977905273,5440.000488,5361.015137,0100aa451f88a745
122.31692433357239,122.31698619600002,1789785166.8444114,0.060081482,20.003557205200195,5440.000488,5362.835938,0100aa45b096a745
122.33693480491638,122.33698866000032,1789785166.8644218,0.052213669,20.01047134399414,5440.000488,5364.656738,0100aa4541a5a745
122.35693526268005,122.35698890100002,1789785166.8844223,0.051975250244140625,20.000457763671875,5440.000488,5366.477539,0100aa45d2b3a745
122.37693476676941,122.37698749500032,1789785166.9044218,0.051021575927734375,19.99950408935547,5440.000488,5368.29834,0100aa4563c2a745
122.3969407081604,122.39709592200006,1789785166.9244277,0.15354156494140625,20.00594139099121,5440.000488,5370.143066,0100aa4525d1a745
122.41695213317871,122.4170934040003,1789785166.9444392,0.13971328735351562,20.011425018310547,5440.000488,5371.963867,0100aa45b6dfa745
122.43689060211182,122.43697447900013,1789785166.9643776,0.082015991,19.93846893310547,5440.000488,5373.784668,0100aa4547eea745
122.45695805549622,122.45701948000033,1789785166.984445,0.059843063,20.067453384399414,5440.000488,5375.605469,0100aa45d8fca745
122.4769229888916,122.47705648100009,1789785167,0.13184547424316406,19.964933395385742,5440.000488,5377.426758,0100aa456a0ba845
122.4969174861908,122.4969811850001,1789785167.0244045,0.062227249,19.994497299194336,5440.000488,5379.247559,0100aa45fb19a845
122.5169346,122.5169889,1789785167.0444217,0.052690506,20.017147064208984,5440.000488,5381.068359,0100aa458c28a845
122.53692555427551,122.53697926099994,1789785167.0644126,0.051975250244140625,19.990921020507812,5440.000488,5382.913086,0100aa454e37a845
122.55692386627197,122.55697665100024,1789785167.084411,0.051259995,19.99831199645996,5440.000488,5384.733887,0100aa45df45a845
122.57688999176025,122.5769509300003,1789785167.104377,0.059127808,19.96612548828125,5440.000488,5386.554688,0100aa457054a845
122.59692978858948,122.59700022700008,1789785167.1244168,0.068902969,20.039796829223633,5440.000488,5388.375488,0100aa450163a845
122.6169126033783,122.61697713500007,1789785167.1443996,0.062942505,19.98281478881836,5440.000488,5390.196289,0100aa459271a845
122.63695478439331,122.63709593300018,1789785167.1644418,0.13947486877441406,20.04218101501465,5440.000488,5392.01709,0100aa452380a845
122.65688681602478,122.65695550700002,1789785167.1843739,0.066995621,19.932031631469727,5440.000488,5393.837891,0100aa45b48ea845
122.67691922187805,122.67700706400001,1789785167.2044063,0.086307526,20.032405853271484,5440.000488,5395.682617,0100aa45769da845
122.69696092605591,122.69702560199994,1789785167.224448,0.062942505,20.041704177856445,5440.000488,5397.503418,0100aa4507aca845
122.71691298484802,122.71697521400029,1789785167,0.060558319091796875,19.952058792114258,5440.000488,5399.324219,0100aa4598baa845
122.73689246177673,122.73694491800006,1789785167.2643795,0.050783157,19.979476928710938,5440.000488,5401.145508,0100aa452ac9a845
122.75687885284424,122.75694095600011,1789785167.284366,0.060558319091796875,19.986391067504883,5440.000488,5402.966309,0100aa45bbd7a845
122.77688384056091,122.77693941999996,1789785167.3043709,0.053882598876953125,20.004987716674805,5440.000488,5404.787109,0100aa454ce6a845
122.79696226119995,122.79702581000038,1789785167.3244493,0.061988831,20.078420639038086,5440.000488,5406.60791,0100aa45ddf4a845
122.81695032119751,122.81701314400016,1789785167.3444374,0.061035156,19.988059997558594,5440.000488,5408.452637,0100aa459f03a945
122.83694958686829,122.83701221900037,1789785167.3644366,0.061035156,19.999265670776367,5440.000488,5410.273438,0100aa453012a945
122.85695195198059,122.85701316400036,1789785167.384439,0.059366226,20.002365112304688,5440.000488,5412.094238,0100aa45c120a945
122.87693381309509,122.87699459100031,1789785167.4044209,0.059127808,19.981861114501953,5440.000488,5413.915039,0100aa45522fa945
122.89687943458557,122.89691979600002,1789785167.4243665,0.038862228,19.945621490478516,5440.000488,5415.73584,0100aa45e33da945
122.91691040992737,122.91695088899996,1789785167.4443974,0.038862228,20.030975341796875,5440.000488,5417.556641,0100aa45744ca945
122.93687677383423,122.93691994600022,1789785167.4643638,0.041484832763671875,19.96636390686035,5440.000488,5419.377441,0100aa45055ba945
122.95694947242737,122.9569871,1789785167.4844365,0.036001205,20.07269859313965,5440.000488,5421.222168,0100aa45c769a945
122.97687888145447,122.97691537300034,1789785167.504366,0.034809112548828125,19.92940902709961,5440.000488,5423.042969,0100aa455878a945
122.9969129562378,122.99694865200036,1789785168,0.033855438232421875,20.034074783325195,5440.000488,5424.864258,0100aa45ea86a945
123.01690602302551,123.01694446800002,1789785167.544393,0.036716461181640625,19.993066787719727,5440.000488,5426.685059,0100aa457b95a945
123.03687810897827,123.0369208760003,1789785167.5643651,0.041007996,19.97208595275879,5440.000488,5428.505859,0100aa450ca4a945
123.05687284469604,123.05690932100015,1789785168,0.034809112548828125,19.994735717773438,5440.000488,5430.32666,0100aa459db2a945
123.07690978050232,123.07694874800018,1789785167.6043968,0.037431717,20.036935806274414,5440.000488,5432.147461,0100aa452ec1a945
123.09677457809448,123.09681569300028,1789785167.6242616,0.039339066,19.864797592163086,5440.000488,5433.968262,0100aa45bfcfa945
123.1169023513794,123.11696441699996,1789785167.6443894,0.060319901,20.12777328491211,5440.000488,5435.812988,0100aa4581dea945
123.13673734664917,123.13680489900025,1789785167.6642244,0.066280365,19.83499526977539,5440.000488,5437.633789,0100aa4512eda945
123.15694403648376,123.15698308500032,1789785167.684431,0.037431717,20.206689834594727,5440.000488,5439.45459,0100aa45a3fba945
123.17686581611633,123.17690417800031,1789785167.7043529,0.036716461181640625,19.92177963256836,5440.000488,5441.275391,0100aa45340aaa45
123.19691371917725,123.19695519800007,1789785167.7244008,0.039815903,20.047903060913086,5440.000488,5443.096191,0100aa45c518aa45
123.21690392494202,123.21694045799995,1789785167.744391,0.034809112548828125,19.990205764770508,5440.000488,5444.916992,0100aa455627aa45
123.2369499206543,123.23698823700033,1789785167.764437,0.036716461181640625,20.045995712280273,5440.000488,5446.761719,0100aa451836aa45
123.25694227218628,123.25697901500007,1789785167.7844293,0.035047531,19.992351531982422,5440.000488,5448.583008,0100aa45aa44aa45
123.27687191963196,123.27691722000009,1789785167.804359,0.0436306,19.92964744567871,5440.000488,5450.403809,0100aa453b53aa45
123.2969024181366,123.29693886900031,1789785167.8243895,0.034809112548828125,20.030498504638672,5440.000488,5452.224609,0100aa45cc61aa45
123.31694746017456,123.31698411100024,1789785167.8444345,0.035047531,20.045042037963867,5440.000488,5454.04541,0100aa455d70aa45
123.33691048622131,123.33695492600009,1789785167.8643975,0.042676926,19.96302604675293,5440.000488,5455.890137,0100aa451f7faa45
123.35693955421448,123.35697753800014,1789785167.8844266,0.036478043,20.029067993164062,5440.000488,5457.710938,0100aa45b08daa45
123.37690377235413,123.37693963200036,1789785167.9043908,0.034093857,19.964218139648438,5440.000488,5459.531738,0100aa45419caa45
123.39691019058228,123.39702672500016,1789785167.9243972,0.11467933654785156,20.006418228149414,5440.000488,5461.352539,0100aa45d2aaaa45
123.41689944267273,123.4169394,1789785167.9443865,0.038385391,19.98925209,5440.000488,5463.17334,0100aa4563b9aa45
123.43693804740906,123.43697293100013,1789785167.964425,0.033140182,20.038604736328125,5440.000488,5465.018066,0100aa4525c8aa45
123.45689582824707,123.4569336720001,1789785167.9843829,0.036239624,19.957780838012695,5440.000488,5466.838867,0100aa45b6d6aa45
123.4769082069397,123.4769825440003,1789785168.0043952,0.072717667,20.012378692626953,5440.000488,5468.659668,0100aa4547e5aa45
123.49690079689026,123.4969358960002,1789785168.0243878,0.03361702,19.992589950561523,5440.000488,5470.480469,0100aa45d8f3aa45
123.51686549186707,123.51690552700029,1789785168.0443525,0.038385391,19.96469497680664,5440.000488,5472.301758,0100aa456a02ab45
123.53690481185913,123.53694908300031,1789785168.0643919,0.042676926,20.03931999206543,5440.000488,5474.146484,0100aa452c11ab45
123.5568835735321,123.55692849200022,1789785168.0843706,0.043392181396484375,19.978761672973633,5440.000488,5475.967285,0100aa45bd1fab45
123.57673192024231,123.5767783260003,1789785168.104219,0.044822693,19.848346710205078,5445.714844,5477.788086,b82daa454e2eab45
123.59687376022339,123.59692266000002,1789785168.1243608,0.047206878662109375,20.14183998,5445.714844,5479.608887,b82daa45df3cab45
123.61689233779907,123.61695247600028,1789785168.1443794,0.058412552,20.018577575683594,5445.714844,5481.453613,b82daa45a14bab45
123.63690257072449,123.63700856900005,1789785168.1643896,0.10418891906738281,20.01023292541504,5445.714844,5483.274414,b82daa45325aab45
123.65690469741821,123.65693942200005,1789785168.1843917,0.032901763916015625,20.002126693725586,5445.714844,5485.095215,b82daa45c368ab45
123.67686939239502,123.67691251500037,1789785168.2043564,0.041723251,19.96469497680664,5445.714844,5486.939941,b82daa458577ab45
123.69689869880676,123.69693753499996,1789785168.2243857,0.037193298,20.029306411743164,5445.714844,5488.760742,b82daa451686ab45
123.71685361862183,123.71689018400002,1789785168.2443407,0.034809112548828125,19.954919815063477,5445.714844,5490.581543,b82daa45a794ab45
123.73672771453857,123.7368051100002,1789785168.2642148,0.076055527,19.874095916748047,5451.429199,5492.402344,6f5baa4538a3ab45
123.75685834884644,123.75690061200021,1789785168.2843454,0.040769577,20.130634307861328,5451.429199,5494.247559,6f5baa45fbb1ab45
123.77685475349426,123.77689692700005,1789785168.3043418,0.040769577,19.99640464782715,5451.429199,5496.068359,6f5baa458cc0ab45
123.79689884185791,123.79693783600032,1789785168.324386,0.037193298,20.04408836364746,5451.429199,5497.88916,6f5baa451dcfab45
123.81689691543579,123.81693376200019,1789785168.344384,0.035047531,19.99807357788086,5451.429199,5499.733887,6f5baa45dfddab45
123.83685183525085,123.83688967100034,1789785168.3643389,0.036239624,19.954919815063477,5445.714844,5501.554688,b82daa4570ecab45
123.85689878463745,123.85693569000023,1789785168.3843858,0.03528595,20.04694938659668,5451.429199,5503.399414,6f5baa4532fbab45
123.8768527507782,123.87688819100003,1789785168.4043398,0.03361702,19.95396614074707,5451.429199,5505.220215,6f5baa45c309ac45
123.89689469337463,123.89693791400032,1789785168.4243817,0.041484832763671875,20.041942596435547,5451.429199,5507.041016,6f5baa455418ac45
123.91693139076233,123.91696882299993,1789785168.4444184,0.035762786865234375,20.036697387695312,5451.429199,5508.885742,6f5baa451627ac45
123.93689560890198,123.93694558300012,1789785168.4643826,0.048160552978515625,19.964218139648438,5451.429199,5510.706543,6f5baa45a735ac45
123.95685410499573,123.95690876900017,1789785168.4843411,0.053167343,19.95849609,5451.429199,5512.527344,6f5baa453844ac45
123.97689962387085,123.97701158500013,1789785168.5043867,0.11014938354492188,20.04551887512207,5451.429199,5514.348633,6f5baa45ca52ac45
123.9968900680542,123.99694293700031,1789785168.524377,0.051259995,19.99044418334961,5451.429199,5516.193359,6f5baa458c61ac45
124.01685285568237,124.0169127160002,1789785169,0.058174133,19.962787628173828,5451.429199,5518.01416,6f5baa451d70ac45
124.03685259819031,124.03690999400033,1789785168.5643396,0.055551529,19.99974250793457,5451.429199,5519.834961,6f5baa45ae7eac45
124.05689787864685,124.05695406900031,1789785168.584385,0.054597855,20.04528045654297,5451.429199,5521.679688,6f5baa45708dac45
124.0768940448761,124.07695760700017,1789785168.604381,0.061750412,19.996166229248047,5451.429199,5523.500488,6f5baa45019cac45
124.09685397148132,124.09690733000025,1789785168.624341,0.051736832,19.95992660522461,5451.429199,5525.321289,6f5baa4592aaac45
124.11688661575317,124.1169489050003,1789785168.6443737,0.060796738,20.032644271850586,5445.714844,5527.14209,b82daa4523b9ac45
124.1368899345398,124.13694346200009,1789785168.664377,0.051736832,20.003318786621094,5445.714844,5528.986816,b82daa45e5c7ac45
124.15688490867615,124.15693788900035,1789785168.684372,0.051259995,19.99497413635254,5445.714844,5530.807617,b82daa4576d6ac45
124.17685294151306,124.17691250100006,1789785169,0.057935715,19.968032836914062,5451.429199,5532.628418,6f5baa4507e5ac45
124.19685530662537,124.19691053900033,1789785168.7243423,0.05364418,20.002365112304688,5451.429199,5534.449219,6f5baa4598f3ac45
124.2168607711792,124.21697311400021,1789785168.7443478,0.110626221,20.005464553833008,5451.429199,5536.270508,6f5baa452a02ad45
124.23689079284668,124.23695120699995,1789785168.7643778,0.058650970458984375,20.03002166748047,5445.714844,5538.115234,b82daa45ec10ad45
124.25686454772949,124.25693250400036,1789785168.7843516,0.066280365,19.97375488,5445.714844,5539.936035,b82daa457d1fad45
124.27685689926147,124.27691476400014,1789785168.804344,0.056266785,19.992351531982422,5445.714844,5541.756836,b82daa450e2ead45
124.29688453674316,124.29694711699995,1789785168.8243716,0.060796738,20.027637481689453,5445.714844,5543.577637,b82daa459f3cad45
124.31688833236694,124.31695078500024,1789785168.8443754,0.060796738,20.003795623779297,5445.714844,5545.398438,b82daa45304bad45
124.33684778213501,124.33689939700025,1789785168.8643348,0.049829483,19.959449768066406,5445.714844,5547.219238,b82daa45c159ad45
124.35692644119263,124.35698949000016,1789785168.8844135,0.061511993408203125,20.078659057617188,5445.714844,5549.063965,b82daa458368ad45
124.37684798240662,124.37690130600004,1789785168.904335,0.051498413,19.921541213989258,5445.714844,5550.86084,b82daa45e376ad45
124.39686107635498,124.39702141800035,1789785168.924348,0.15878677368164062,20.013093948364258,5445.714844,5552.705566,b82daa45a585ad45
124.41689133644104,124.41695797400007,1789785168.9443784,0.065088272,20.03026008605957,5445.714844,5554.526367,b82daa453694ad45
124.43684601783752,124.43689612300022,1789785168.964333,0.048398972,19.954681396484375,5440.000488,5556.347168,0100aa45c7a2ad45
124.4567060470581,124.45677982799998,1789785168.984193,0.072240829,19.860029220581055,5440.000488,5558.167969,0100aa4558b1ad45
124.47691655158997,124.47704532900025,1789785169.0044036,0.1270771026611328,20.21050453186035,5440.000488,5560.013184,0100aa451bc0ad45
124.49692463874817,124.49699088500029,1789785169.0244117,0.064849854,20.008087158203125,5440.000488,5561.833984,0100aa45accead45
124.5168821811676,124.51694681200024,1789785169.0443692,0.062942505,19.957542419433594,5440.000488,5563.654785,0100aa453dddad45
124.53688478469849,124.53695066499995,1789785169.0643718,0.064134598,20.00260353088379,5440.000488,5565.475586,0100aa45ceebad45
124.55691742897034,124.55698035100022,1789785169.0844045,0.061273575,20.032644271850586,5440.000488,5567.296387,0100aa455ffaad45
124.57688689231873,124.57695159200011,1789785169.104374,0.062942505,19.969463348388672,5440.000488,5569.117188,0100aa45f008ae45
124.59688758850098,124.59695968599999,1789785169.1243746,0.070571899,20.000696182250977,5440.000488,5570.961914,0100aa45b217ae45
124.61691880226135,124.61698235400036,1789785169.1444058,0.061988831,20.031213760375977,5440.000488,5572.782715,0100aa454326ae45
124.6368579864502,124.63691705800011,1789785169.164345,0.057458878,19.939184188842773,5440.000488,5574.603516,0100aa45d434ae45
124.65687298774719,124.65692363300013,1789785169,0.049114227294921875,20.01500129699707,5440.000488,5576.424316,0100aa456543ae45
124.67691850662231,124.67695883800025,1789785169.2044055,0.038623809814453125,20.04551887512207,5440.000488,5578.269043,0100aa452752ae45
124.69688391685486,124.69695432000026,1789785169.224371,0.068902969,19.965410232543945,5440.000488,5580.089844,0100aa45b860ae45
124.7169144153595,124.71697639500007,1789785169.2444015,0.060319901,20.030498504638672,5440.000488,5581.911133,0100aa454a6fae45
124.73687148094177,124.73693845100024,1789785169.2643585,0.065326691,19.95706558227539,5440.000488,5583.731934,0100aa45db7dae45
124.75691747665405,124.75698048899994,1789785169.2844045,0.061511993408203125,20.045995712280273,5440.000488,5585.57666,0100aa459d8cae45
124.77691626548767,124.77698036100037,1789785169.3044033,0.062465667724609375,19.998788833618164,5440.000488,5587.397461,0100aa452e9bae45
124.79687523841858,124.79694571300024,1789785169.3243623,0.069141388,19.958972930908203,5445.714844,5589.218262,b82daa45bfa9ae45
124.81688284873962,124.8169761590002,1789785169,0.091791153,20.007610321044922,5445.714844,5591.039063,b82daa4550b8ae45
124.83687329292297,124.83693764100008,1789785169.3643603,0.062465667724609375,19.99044418334961,5445.714844,5592.859863,b82daa45e1c6ae45
124.85692071914673,124.85698432700019,1789785169.3844078,0.061988831,20.047426223754883,5445.714844,5594.70459,b82daa45a3d5ae45
124.8769326210022,124.87698564300035,1789785169.4044197,0.051498413,20.01190185546875,5445.714844,5596.525391,b82daa4534e4ae45
124.89702153205872,124.89709131100017,1789785169.4245086,0.068187714,20.088911056518555,5445.714844,5598.346191,b82daa45c5f2ae45
124.91691136360168,124.91695988500032,1789785169.4443984,0.046730042,19.88983154296875,5445.714844,5600.166992,b82daa455601af45
124.93696856498718,124.9370205350001,1789785169.4644556,0.05030632,20.057201385498047,5445.714844,5601.987793,b82daa45e70faf45
124.95712208747864,124.95718512800022,1789785169.4846091,0.061273575,20.153522491455078,5445.714844,5603.808594,b82daa45781eaf45
124.97670888900757,124.97678438799994,1789785169.504196,0.07390976,19.586801528930664,5445.714844,5605.629883,b82daa450a2daf45
124.99688577651978,124.99694035200037,1789785169.5243728,0.052928924560546875,20.17688751220703,5445.714844,5607.474609,b82daa45cc3baf45
125.01687431335449,125.01694522300022,1789785169.5443614,0.069141388,19.988536834716797,5445.714844,5609.29541,b82daa455d4aaf45
125.03684401512146,125.03689705700026,1789785169.564331,0.051498413,19.969701766967773,5445.714844,5611.116211,b82daa45ee58af45
125.05692267417908,125.05698509500007,1789785169.5844097,0.060796738,20.078659057617188,5440.000488,5612.937012,0100aa457f67af45
125.07687997817993,125.07693222600028,1789785169.604367,0.050544739,19.957304000854492,5440.000488,5614.781738,0100aa454176af45
125.09687209129333,125.09692455999993,1789785169.6243591,0.050783157,19.99211311340332,5440.000488,5616.602539,0100aa45d284af45
125.11690974235535,125.11697161600023,1789785169.6443968,0.060081482,20.03765106201172,5440.000488,5618.42334,0100aa456393af45
125.13691687583923,125.13698580300024,1789785169.664404,0.067472458,20.00713348388672,5440.000488,5620.244141,0100aa45f4a1af45
125.15691113471985,125.15697760000012,1789785169.6843982,0.064849854,19.994258880615234,5440.000488,5622.088867,0100aa45b6b0af45
125.17687678337097,125.17693921199998,1789785169.7043638,0.060796738,19.965648651123047,5440.000488,5623.909668,0100aa4547bfaf45
125.19683337211609,125.1968896010003,1789785169.7243204,0.054597855,19.956588745117188,5440.000488,5625.730469,0100aa45d8cdaf45
125.21687698364258,125.21693171300012,1789785169.744364,0.052928924560546875,20.043611526489258,5445.714844,5627.551758,b82daa456adcaf45
125.23686647415161,125.23692047400027,1789785169.7643535,0.052213669,19.989490509033203,5445.714844,5629.396484,b82daa452cebaf45
125.2568690776825,125.25693219699997,1789785169.784356,0.061511993408203125,20.00260353088379,5445.714844,5631.217285,b82daa45bdf9af45
125.27686810493469,125.27692153099997,1789785169.8043551,0.051736832,19.999027252197266,5445.714844,5633.038086,b82daa454e08b045
125.29691505432129,125.29697643899999,1789785169.824402,0.059843063,20.04694938659668,5445.714844,5634.858887,b82daa45df16b045
125.31690382957458,125.31696507000015,1789785169.8443909,0.059604644775390625,19.98877525,5445.714844,5636.703613,b82daa45a125b045
125.33683061599731,125.33687897800019,1789785169.8643177,0.046730042,19.926786422729492,5445.714844,5638.524414,b82daa453234b045
125.35686492919922,125.35692903400013,1789785169.884352,0.062465667724609375,20.034313201904297,5445.714844,5640.345215,b82daa45c342b045
125.37686824798584,125.37693468299994,1789785169.9043553,0.064849854,20.003318786621094,5445.714844,5642.166016,b82daa455451b045
125.39685225486755,125.39701133300014,1789785169.9243393,0.15735626220703125,19.984006881713867,5445.714844,5644.010742,b82daa451660b045
125.41686916351318,125.41703926000037,1789785169.9443562,0.16832351684570312,20.016908645629883,5445.714844,5645.831543,b82daa45a76eb045
125.43688154220581,125.4369806120003,1789785169.9643686,0.09727478,20.012378692626953,5451.429199,5647.652344,6f5baa45387db045
125.456867,125.45693329799997,1789785169.984354,0.064849854,19.985437393188477,5445.714844,5649.473633,b82daa45ca8bb045
125.4769127368927,125.47703881799998,1789785170.0043998,0.12445449829101562,20.045757293701172,5445.714844,5651.318359,b82daa458c9ab045
125.49689936637878,125.49695954100025,1789785170.0243864,0.058412552,19.986629486083984,5445.714844,5653.13916,b82daa451da9b045
125.51686000823975,125.51704759700033,1789785170.044347,0.18596649169921875,19.960641860961914,5445.714844,5654.959961,b82daa45aeb7b045
125.53683137893677,125.53689217200008,1789785170.0643184,0.059127808,19.971370697021484,5445.714844,5656.780762,b82daa453fc6b045
125.55691170692444,125.55697659900034,1789785170.0843987,0.063419342,20.08032799,5445.714844,5658.625488,b82daa4501d5b045
125.57684302330017,125.57691289600007,1789785170,0.068902969,19.931316375732422,5445.714844,5660.446289,b82daa4592e3b045
125.59687280654907,125.59693519300026,1789785170.1243598,0.060796738,20.029783248901367,5445.714844,5662.26709,b82daa4523f2b045
125.61685967445374,125.61692467600005,1789785170.1443467,0.063419342,19.986867904663086,5445.714844,5664.087891,b82daa45b400b145
125.6368658542633,125.63692852800023,1789785170.164353,0.061035156,20.006179809570312,5445.714844,5665.908691,b82daa45450fb145
125.65689444541931,125.65701354800012,1789785170.1843815,0.11754035949707031,20.02859115600586,5445.714844,5667.753418,b82daa45071eb145
125.67683100700378,125.67693110400023,1789785170.204318,0.098466873,19.936561584472656,5440.000488,5669.574219,0100aa45982cb145
125.69686317443848,125.69692551200023,1789785170.2243502,0.060558319091796875,20.032167434692383,5440.000488,5671.395508,0100aa452a3bb145
125.71668004989624,125.71676669800036,1789785170.244167,0.085115433,19.816875457763672,5445.714844,5673.216309,b82daa45bb49b145
125.73686647415161,125.73692701400023,1789785170.2643535,0.058889389,20.186424255371094,5445.714844,5675.061035,b82daa457d58b145
125.75686264038086,125.75691847799999,1789785170.2843497,0.054359436,19.996166229248047,5445.714844,5676.881836,b82daa450e67b145
125.77685928344727,125.77691375700033,1789785170.3043463,0.052690506,19.99664306640625,5445.714844,5678.702637,b82daa459f75b145
125.79681849479675,125.79688803499994,1789785170.3243055,0.067949295,19.959211349487305,5445.714844,5680.523438,b82daa453084b145
125.81685996055603,125.81693549900001,1789785170.344347,0.07390976,20.041465759277344,5445.714844,5682.344238,b82daa45c192b145
125.83689594268799,125.83695975900037,1789785170.364383,0.062227249,20.035982131958008,5445.714844,5684.188965,b82daa4583a1b145
125.85681653022766,125.8568728160003,1789785170.3843036,0.054597855,19.92058753967285,5445.714844,5686.009766,b82daa4514b0b145
125.87682008743286,125.8768744,1789785170.4043071,0.052452087,20.003557205200195,5445.714844,5687.830566,b82daa45a5beb145
125.89686632156372,125.89701744700005,1789785170.4243534,0.1494884490966797,20.046234130859375,5445.714844,5689.651367,b82daa4536cdb145
125.91686296463013,125.91694213300025,1789785170,0.077486038,19.99664306640625,5445.714844,5691.496094,b82daa45f8dbb145
125.93685674667358,125.93693663400018,1789785170.4643438,0.078439713,19.99378204345703,5445.714844,5693.317383,b82daa458aeab145
125.95685601234436,125.95691169100019,1789785170.484343,0.054121017,19.999265670776367,5440.000488,5695.138184,0100aa451bf9b145
125.97682547569275,125.97687991400016,1789785170.5043125,0.052690506,19.969463348388672,5440.000488,5696.958984,0100aa45ac07b245
125.9968159198761,125.99686969200002,1789785170.524303,0.052213669,19.99044418334961,5445.714844,5698.779785,b82daa453d16b245
126.01682686805725,126.01692841600016,1789785170.544314,0.099897385,20.010948181152344,5417.143555,5700.384766,2649a9451423b245
126.03685140609741,126.0370201390001,1789785170.5643384,0.16689300537109375,20.024538040161133,5417.143555,5701.151367,2649a9453629b245
126.0568196773529,126.05691045399999,1789785170.5843067,0.089168549,19.968271255493164,5005.714844,5701.199219,b86d9c459829b245
126.07689571380615,126.07696136300001,1789785170.6043828,0.063896179,20.07603645324707,4325.714844,5701.199219,b82d87459829b245
126.09686088562012,126.09692532600002,1789785170.624348,0.062704086,19.965171813964844,4325.714844,5701.199219,b82d87459829b245
126.11685514450073,126.11690840100027,1789785170.6443422,0.051498413,19.994258880615234,3645.714844,5701.199219,70db63459829b245
126.13682198524475,126.13687166099999,1789785170.664309,0.048160552978515625,19.966840744018555,3645.714844,5701.199219,70db63459829b245
126.15700602531433,126.15817038700015,1789785170.684493,1.1630058288574219,20.184040069580078,2965.714844,5701.199219,705b39459829b245
126.17690324783325,126.17714821900017,1789785170.7043903,0.2434253692626953,19.89722252,2285.714844,5701.199219,70db0e459829b245
126.19693088531494,126.19708985000034,1789785170.724418,0.15735626220703125,20.027637481689453,2285.714844,5701.199219,70db0e459829b245
126.21689248085022,126.21705686900032,1789785170.7443795,0.16260147094726562,19.96159553527832,1605.714844,5701.199219,e0b6c8449829b245
126.23693180084229,126.23712818500007,1789785170.7644188,0.19478797912597656,20.03931999206543,920.0005493164062,5701.199219,090066449829b245
126.25689053535461,126.25712814899998,1789785170.7843776,0.2357959747314453,19.95873451,920.0005493164062,5701.199219,090066449829b245
126.27704286575317,126.27735355799996,1789785171,0.308990479,20.15233039855957,268.57196044921875,5701.199219,364986439829b245
126.29683780670166,126.29687290900029,1789785170.8243248,0.033378601,19.794940948486328,0.000518799,5701.199219,0000083a9829b245
126.31682848930359,126.31686089200002,1789785170.8443155,0.030517578,19.99068260192871,0.000518799,5701.199219,0000083a9829b245
126.33685517311096,126.33689787399999,1789785170.8643422,0.041007996,20.026683807373047,0.000518799,5701.199219,0000083a9829b245
126.35689091682434,126.35693204200015,1789785170.884378,0.039577484130859375,20.035743713378906,0.000518799,5701.199219,0000083a9829b245
126.37689661979675,126.37693732000025,1789785170.9043837,0.039100647,20.00570297241211,0.000518799,5701.199219,0000083a9829b245
126.39682674407959,126.39687209900012,1789785170.9243138,0.0436306,19.930124282836914,0.000518799,5701.199219,0000083a9829b245
126.41684699058533,126.41688876700027,1789785170.944334,0.04029274,20.020246505737305,0.000518799,5701.199219,0000083a9829b245
126.43685269355774,126.43689576700035,1789785170.9643397,0.041484832763671875,20.00570297241211,0.000518799,5701.199219,0000083a9829b245
126.45689129829407,126.45693002799999,1789785170.9843783,0.037193298,20.038604736328125,0.000518799,5701.199219,0000083a9829b245
126.47685289382935,126.47689095400028,1789785171,0.036478043,19.96159553527832,0.000518799,5701.199219,0000083a9829b245
126.4968466758728,126.49689602900025,1789785171.0243337,0.047683716,19.99378204345703,0.000518799,5701.199219,0000083a9829b245
126.51684784889221,126.51688873400008,1789785171.044335,0.039100647,20.00117301940918,0.000518799,5701.199219,0000083a9829b245
126.53684949874878,126.53689190100022,1789785171.0643365,0.040769577,20.001649856567383,0.000518799,5701.199219,0000083a9829b245
126.55684685707092,126.55688590199998,1789785171.084334,0.037193298,19.997358322143555,0.000518799,5701.199219,0000083a9829b245
126.5768883228302,126.57700955200016,1789785171.1043754,0.11944770812988281,20.041465759277344,0.000518799,5701.199219,0000083a9829b245
126.5968508720398,126.59689155200022,1789785171.124338,0.038862228,19.962549209594727,0.000518799,5701.199219,0000083a9829b245
126.61681532859802,126.61693416400021,1789785171.1443024,0.11730194091796875,19.96445655822754,0.000518799,5701.199219,0000083a9829b245
126.63685250282288,126.63689416500029,1789785171.1643395,0.040054321,20.037174224853516,0.000518799,5701.199219,0000083a9829b245
126.65684390068054,126.65688198099997,1789785171.184331,0.036478043,19.991397857666016,0.000518799,5701.199219,0000083a9829b245
126.67684745788574,126.67689374100019,1789785171.2043345,0.044584274,20.003557205200195,0.000518799,5701.199219,0000083a9829b245
126.69685006141663,126.69688940900005,1789785171.224337,0.037670135498046875,20.00260353088379,0.000518799,5701.199219,0000083a9829b245
126.71688318252563,126.71692452100024,1789785171.2443702,0.039577484130859375,20.03312110900879,0.000518799,5701.199219,0000083a9829b245
126.73689007759094,126.73693009600038,1789785171.264377,0.038385391,20.006895065307617,0.000518799,5701.199219,0000083a9829b245
126.75684642791748,126.75688604100014,1789785171.2843335,0.037908554,19.956350326538086,0.000518799,5701.199219,0000083a9829b245
126.77684330940247,126.7768831530002,1789785171.3043303,0.038385391,19.99688148498535,0.000518799,5701.199219,0000083a9829b245
126.7968361377716,126.79687485700015,1789785171.3243232,0.03695488,19.992828369140625,0.000518799,5701.199219,0000083a9829b245
126.81684160232544,126.81688163600029,1789785171.3443286,0.038385391,20.005464553833008,0.000518799,5701.199219,0000083a9829b245
126.83684372901917,126.8368803,1789785171.3643308,0.034809112548828125,20.002126693725586,0.000518799,5701.199219,0000083a9829b245
126.85688185691833,126.85691984200002,1789785171.384369,0.036239624,20.038127899169922,0.000518799,5701.199219,0000083a9829b245
126.87684202194214,126.87688108300017,1789785171.404329,0.037431717,19.96016502380371,0.000518799,5701.199219,0000083a9829b245
126.89692687988281,126.8971892,1789785171.424414,0.2605915069580078,20.084857940673828,0.000518799,5701.199219,0000083a9829b245
126.91688895225525,126.91717697400009,1789785171.444376,0.28634071350097656,19.962072372436523,0.000518799,5701.199219,0000083a9829b245
126.93687844276428,126.93705410500024,1789785171.4643655,0.17380714416503906,19.989490509033203,0.000518799,5701.199219,0000083a9829b245
126.95688223838806,126.95703442000013,1789785171.4843693,0.15044212341308594,20.003795623779297,0.000518799,5701.199219,0000083a9829b245
126.97685098648071,126.97699992100024,1789785171.504338,0.14710426330566406,19.968748092651367,0.000518799,5701.199219,0000083a9829b245
126.9969584941864,126.99814657200022,1789785171.5244455,1.196146011352539,20.107507705688477,0.000518799,5701.199219,0000083a9829b245
127.0168457,127.01692760800006,1789785171.5443327,0.080108643,19.887208938598633,0.000518799,5701.199219,0000083a9829b245
127.03684949874878,127.03689357200028,1789785171.5643365,0.042676926,20.003795623779297,0.000518799,5701.199219,0000083a9829b245
127.05687665939331,127.05691953600035,1789785171.5843637,0.041246414,20.02716064453125,0.000518799,5701.199219,0000083a9829b245
127.07684588432312,127.0768892,1789785171.604333,0.041723251,19.96922492980957,0.000518799,5701.199219,0000083a9829b245
127.09684133529663,127.09688324100034,1789785171.6243284,0.04029274,19.995450973510742,0.000518799,5701.199219,0000083a9829b245
127.11684393882751,127.11688539000033,1789785171.644331,0.039815903,20.00260353088379,0.000518799,5701.199219,0000083a9829b245
127.136874,127.13691468700017,1789785171.664361,0.039100647,20.03002166748047,0.000518799,5701.199219,0000083a9829b245
127.15683484077454,127.15687689200013,1789785171.6843219,0.04029274,19.960880279541016,0.000518799,5701.199219,0000083a9829b245
127.17683625221252,127.17688293000037,1789785171.7043233,0.045061111,20.00141143798828,0.000518799,5701.199219,0000083a9829b245
127.19684290885925,127.1968840970003,1789785172,0.039577484130859375,20.006656646728516,0.000518799,5701.199219,0000083a9829b245
127.21685719490051,127.21698121000009,1789785171.7443442,0.12254714965820312,20.014286041259766,0.000518799,5701.199219,0000083a9829b245
127.2368323802948,127.23686985800032,1789785171.7643194,0.036001205,19.97518539428711,0.000518799,5701.199219,0000083a9829b245
127.2568314,127.25687367399996,1789785171.7843184,0.040769577,19.999027252197266,0.000518799,5701.199219,0000083a9829b245
127.2768063545227,127.27684845300018,1789785171.8042934,0.040531158447265625,19.974946975708008,0.000518799,5701.199219,0000083a9829b245
127.29684233665466,127.29688395400035,1789785171.8243294,0.040054321,20.035982131958008,0.000518799,5701.199219,0000083a9829b245
127.31684136390686,127.31688169500012,1789785171.8443284,0.038623809814453125,19.999027252197266,0.000518799,5701.199219,0000083a9829b245
127.3368297,127.33687025200015,1789785171.8643167,0.038862228,19.988298416137695,0.000518799,5701.199219,0000083a9829b245
127.35683512687683,127.35687606700003,1789785171.8843222,0.039339066,20.005464553833008,0.000518799,5701.199219,0000083a9829b245
127.37684154510498,127.37688288300023,1789785171.9043286,0.039815903,20.006418228149414,0.000518799,5701.199219,0000083a9829b245
127.39680528640747,127.39684695799997,1789785171.9242923,0.040054321,19.963741302490234,0.000518799,5701.199219,0000083a9829b245
127.4168291091919,127.41687134800031,1789785171.9443161,0.040769577,20.023822784423828,0.000518799,5701.199219,0000083a9829b245
127.43680953979492,127.43685092300029,1789785171.9642966,0.039815903,19.980430603027344,0.000518799,5701.199219,0000083a9829b245
127.45683526992798,127.45687531300018,1789785171.9843223,0.038385391,20.02573013305664,0.000518799,5701.199219,0000083a9829b245
127.47687101364136,127.47691144300006,1789785172.004358,0.038862228,20.035743713378906,0.000518799,5701.199219,0000083a9829b245
127.49682903289795,127.49686931400038,1789785172.024316,0.038862228,19.958019256591797,0.000518799,5701.199219,0000083a9829b245
127.5168240070343,127.51686477800013,1789785172.044311,0.039100647,19.99497413635254,0.000518799,5701.199219,0000083a9829b245
127.53683257102966,127.53687518700008,1789785172.0643196,0.041007996,20.008563995361328,0.000518799,5701.199219,0000083a9829b245
127.55686831474304,127.55690877999996,1789785172.0843554,0.038862228,20.035743713378906,0.000518799,5701.199219,0000083a9829b245
127.57680702209473,127.57685113300022,1789785172.104294,0.042438507080078125,19.93870735168457,0.000518799,5701.199219,0000083a9829b245
127.59684348106384,127.59688559699998,1789785172.1243305,0.040531158447265625,20.03645896911621,0.000518799,5701.199219,0000083a9829b245
127.61683487892151,127.61687976400026,1789785172.144322,0.043153763,19.991397857666016,0.000518799,5701.199219,0000083a9829b245
127.63682627677917,127.63686735800002,1789785172.1643133,0.039339066,19.991397857666016,0.000518799,5701.199219,0000083a9829b245
127.65683269500732,127.65687456200021,1789785172.1843197,0.04029274,20.006418228149414,0.000518799,5701.199219,0000083a9829b245
127.67687153816223,127.6769135630002,1789785172.2043586,0.04029274,20.038843154907227,0.000518799,5701.199219,0000083a9829b245
127.69686555862427,127.69690513800015,1789785172.2243526,0.037908554,19.994020462036133,0.000518799,5701.199219,0000083a9829b245
127.7168242931366,127.7168656570002,1789785172.2443113,0.039577484130859375,19.95873451,0.000518799,5701.199219,0000083a9829b245
127.7367959022522,127.73683673200003,1789785172.264283,0.039100647,19.971609115600586,0.000518799,5701.199219,0000083a9829b245
127.75686264038086,127.75690467799996,1789785172.2843497,0.040531158447265625,20.06673812866211,0.000518799,5701.199219,0000083a9829b245
127.77682399749756,127.7769392160003,1789785172.304311,0.11396408081054688,19.96135711669922,0.000518799,5701.199219,0000083a9829b245
127.79683256149292,127.79690336500016,1789785172.3243196,0.069379807,20.008563995361328,0.000518799,5701.199219,0000083a9829b245
127.81679081916809,127.8168850510001,1789785172.3442779,0.092506409,19.95825768,0.000518799,5701.199219,0000083a9829b245
127.83686065673828,127.83692223700018,1789785172.3643477,0.059843063,20.06983757019043,0.000518799,5701.199219,0000083a9829b245
127.85682129859924,127.85694046000026,1789785172.3843083,0.11730194091796875,19.960641860961914,0.000518799,5701.199219,0000083a9829b245
127.87682223320007,127.87688336800011,1789785172.4043093,0.059604644775390625,20.000934600830078,0.000518799,5701.199219,0000083a9829b245
127.89686250686646,127.89692612900035,1789785172.4243495,0.061988831,20.040273666381836,0.000518799,5701.199219,0000083a9829b245
127.9168221950531,127.91688540700034,1789785172.4443092,0.061511993408203125,19.959688186645508,0.000518799,5701.199219,0000083a9829b245
127.93683218955994,127.9368817970003,1789785172.4643192,0.047922134,20.009994506835938,0.000518799,5701.199219,0000083a9829b245
127.95686626434326,127.95693448300017,1789785172.4843533,0.066518784,20.034074783325195,0.000518799,5701.199219,0000083a9829b245
127.97686290740967,127.9769073360003,1789785173,0.042676926,19.99664306640625,0.000518799,5701.199219,0000083a9829b245
127.99681782722473,127.99685991100023,1789785172.5243049,0.040531158447265625,19.954919815063477,0.000518799,5701.199219,0000083a9829b245
128.01685667037964,128.01689524500034,1789785172.5443437,0.03695488,20.038843154907227,0.000518799,5701.199219,0000083a9829b245
128.03681921958923,128.03685932000008,1789785172.5643063,0.038385391,19.962549209594727,0.000518799,5701.199219,0000083a9829b245
128.0568163394928,128.0568559870003,1789785172.5843034,0.038146973,19.997119903564453,0.000518799,5701.199219,0000083a9829b245
128.0768222808838,128.0768590810003,1789785172.6043093,0.035047531,20.00594139099121,0.000518799,5701.199219,0000083a9829b245
128.09685707092285,128.09689419300003,1789785172.624344,0.035524368,20.03479004,0.000518799,5701.199219,0000083a9829b245
128.11685609817505,128.1168929,1789785172.6443431,0.03528595,19.999027252197266,0.000518799,5701.199219,0000083a9829b245
128.13685607910156,128.13689254600013,1789785172.664343,0.034809112548828125,19.999980926513672,0.000518799,5701.199219,0000083a9829b245
128.15681838989258,128.15685858400002,1789785172.6843054,0.038623809814453125,19.962310791015625,0.000518799,5701.199219,0000083a9829b245
128.17682099342346,128.1768584370002,1789785172.704308,0.035762786865234375,20.00260353088379,0.000518799,5701.199219,0000083a9829b245
128.19685792922974,128.19689677099996,1789785172.724345,0.037193298,20.036935806274414,0.000518799,5701.199219,0000083a9829b245
128.2168128490448,128.2168659570002,1789785173,0.051259995,19.954919815063477,0.000518799,5701.199219,0000083a9829b245
128.2368175983429,128.23685719900004,1789785172.7643046,0.037908554,20.004749298095703,0.000518799,5701.199219,0000083a9829b245
128.25681066513062,128.25684773700004,1789785172.7842977,0.03528595,19.993066787719727,0.000518799,5701.199219,0000083a9829b245
128.27681350708008,128.27685129300016,1789785172.8043005,0.036001205,20.00284194946289,0.000518799,5701.199219,0000083a9829b245
128.29681587219238,128.29685381300033,1789785172.824303,0.036239624,20.002365112304688,0.000518799,5701.199219,0000083a9829b245
128.31681871414185,128.31685518400036,1789785172.8443058,0.034809112548828125,20.00284194946289,0.000518799,5701.199219,0000083a9829b245
128.3368115,128.33684746300014,1789785172.8642986,0.034332275,19.992828369140625,0.000518799,5701.199219,0000083a9829b245
128.35681438446045,128.35685529700004,1789785172.8843014,0.039339066,20.00284194946289,0.000518799,5701.199219,0000083a9829b245
128.37681198120117,128.3768497240003,1789785172.904299,0.036001205,19.997596740722656,0.000518799,5701.199219,0000083a9829b245
128.39682722091675,128.3968687800002,1789785172.9243143,0.040054321,20.015239715576172,0.000518799,5701.199219,0000083a9829b245
128.41681933403015,128.41685742900017,1789785172.9443064,0.036478043,19.99211311340332,0.000518799,5701.199219,0000083a9829b245
128.43681287765503,128.43685256000026,1789785173,0.037908554,19.99354362487793,0.000518799,5701.199219,0000083a9829b245
128.45681953430176,128.45685680099996,1789785172.9843066,0.035762786865234375,20.006656646728516,0.000518799,5701.199219,0000083a9829b245
128.47681498527527,128.47685146899994,1789785173.004302,0.034809112548828125,19.995450973510742,0.000518799,5701.199219,0000083a9829b245
128.49680924415588,128.49684708099994,1789785173.0242963,0.036239624,19.994258880615234,0.000518799,5701.199219,0000083a9829b245
128.51680660247803,128.51684386000034,1789785173.0442936,0.035524368,19.997358322143555,0.000518799,5701.199219,0000083a9829b245
128.53681755065918,128.5368609530001,1789785173.0643046,0.041723251,20.010948181152344,0.000518799,5701.199219,0000083a9829b245
128.55680990219116,128.5568485470003,1789785173.084297,0.037193298,19.992351531982422,0.000518799,5701.199219,0000083a9829b245
128.57678747177124,128.57682438100028,1789785173.1042745,0.03528595,19.977569580078125,0.000518799,5701.199219,0000083a9829b245
128.59678721427917,128.59683130700023,1789785173.1242743,0.042438507080078125,19.99974250793457,0.000518799,5701.199219,0000083a9829b245
128.61685061454773,128.61689030900015,1789785173.1443377,0.037908554,20.063400268554688,0.000518799,5701.199219,0000083a9829b245
128.6368067264557,128.63684577200002,1789785173.1642938,0.037431717,19.956111907958984,0.000518799,5701.199219,0000083a9829b245
128.65681099891663,128.6568474400001,1789785173.184298,0.034809112548828125,20.00427246,0.000518799,5701.199219,0000083a9829b245
128.6768114566803,128.67684820000022,1789785173.2042985,0.035047531,20.000457763671875,0.000518799,5701.199219,0000083a9829b245
128.69681310653687,128.69685184900027,1789785173.2243001,0.03695488,20.001649856567383,0.000518799,5701.199219,0000083a9829b245
128.71684575080872,128.71688342400012,1789785173.2443328,0.036001205,20.032644271850586,0.000518799,5701.199219,0000083a9829b245
128.73680758476257,128.73684751700011,1789785173.2642946,0.038146973,19.961833953857422,0.000518799,5701.199219,0000083a9829b245
128.75680565834045,128.75684555500038,1789785173.2842927,0.038385391,19.99807357788086,0.000518799,5701.199219,0000083a9829b245
128.77680563926697,128.77684376000025,1789785173.3042927,0.036478043,19.999980926513672,0.000518799,5701.199219,0000083a9829b245
128.79680824279785,128.79684690900012,1789785173.3242953,0.03695488,20.00260353088379,0.000518799,5701.199219,0000083a9829b245
128.8168432712555,128.8168801,1789785173.3443303,0.03528595,20.03502846,0.000518799,5701.199219,0000083a9829b245
128.83684277534485,128.8368798370002,1789785173.3643298,0.03528595,19.99950408935547,0.000518799,5701.199219,0000083a9829b245
128.85682821273804,128.8568841340002,1789785173.3843153,0.054121017,19.985437393188477,0.000518799,5701.199219,0000083a9829b245
128.87680792808533,128.8768468940002,1789785173.404295,0.037431717,19.97971534729004,0.000518799,5701.199219,0000083a9829b245
128.8968424797058,128.89688171000034,1789785173.4243295,0.037670135498046875,20.03455162,0.000518799,5701.199219,0000083a9829b245
128.91684484481812,128.91688480300036,1789785173.444332,0.038385391,20.002365112304688,0.000518799,5701.199219,0000083a9829b245
128.93680334091187,128.93684330400038,1789785173.4642904,0.038385391,19.95849609,0.000518799,5701.199219,0000083a9829b245
128.9568064212799,128.95684545300037,1789785173.4842935,0.037193298,20.003080368041992,0.000518799,5701.199219,0000083a9829b245
128.97684144973755,128.97688113899994,1789785173.5043285,0.038146973,20.03502846,0.000518799,5701.199219,0000083a9829b245
128.99680399894714,128.99684449200004,1789785173.524291,0.038862228,19.962549209594727,0.000518799,5701.199219,0000083a9829b245
129.0167751312256,129.01681780800027,1789785173.5442622,0.041007996,19.971132278442383,0.000518799,5701.199219,0000083a9829b245
129.03679966926575,129.03683206799997,1789785173.5642867,0.030755996704101562,20.024538040161133,0.000518799,5701.199219,0000083a9829b245
129.05680537223816,129.05684184600022,1789785173.5842924,0.034809112548828125,20.00570297241211,0.000518799,5701.199219,0000083a9829b245
129.0768005847931,129.0768378470002,1789785173.6042876,0.035524368,19.99521255493164,0.000518799,5701.199219,0000083a9829b245
129.09680032730103,129.09683742200014,1789785173.6242874,0.035524368,19.99974250793457,0.000518799,5701.199219,0000083a9829b245
129.1168053150177,129.11684221900032,1789785173.6442924,0.03528595,20.004987716674805,0.000518799,5701.199219,0000083a9829b245
129.1368055343628,129.1368414,1789785173.6642926,0.034093857,20.000219345092773,0.000518799,5701.199219,0000083a9829b245
129.1568410396576,129.15688009199994,1789785173.684328,0.037431717,20.035505294799805,0.000518799,5701.199219,0000083a9829b245
129.17680311203003,129.17684068500012,1789785173.7042902,0.036001205,19.962072372436523,0.000518799,5701.199219,0000083a9829b245
129.19680285453796,129.1968434270002,1789785174,0.038862228,19.99974250793457,0.000518799,5701.199219,0000083a9829b245
129.21683597564697,129.21687424200036,1789785173.744323,0.036716461181640625,20.03312110900879,0.000518799,5701.199219,0000083a9829b245
129.23679375648499,129.23682989100007,1789785173.7642808,0.034332275,19.957780838012695,0.000518799,5701.199219,0000083a9829b245
129.25680303573608,129.25683957800038,1789785174,0.034809112548828125,20.009279251098633,0.000518799,5701.199219,0000083a9829b245
129.27683639526367,129.2768762820001,1789785173.8043234,0.038385391,20.03335952758789,0.000518799,5701.199219,0000083a9829b245
129.29679584503174,129.29683306100014,1789785173.824283,0.035524368,19.959449768066406,0.000518799,5701.199219,0000083a9829b245
129.31679248809814,129.31682967300003,1789785173.8442795,0.035524368,19.99664306640625,0.000518799,5701.199219,0000083a9829b245
129.3368318080902,129.33687130299995,1789785173.8643188,0.037670135498046875,20.03931999206543,0.000518799,5701.199219,0000083a9829b245
129.35680055618286,129.35683913799994,1789785173.8842876,0.03695488,19.968748092651367,0.000518799,5701.199219,0000083a9829b245
129.3767945766449,129.37683180500017,1789785173.9042816,0.035524368,19.994020462036133,0.000518799,5701.199219,0000083a9829b245
129.39682912826538,129.39686760200038,1789785173.9243162,0.03695488,20.03455162,0.000518799,5701.199219,0000083a9829b245
129.41678977012634,129.4168279180003,1789785173.9442768,0.036478043,19.960641860961914,0.000518799,5701.199219,0000083a9829b245
129.4367904663086,129.4368281410002,1789785173.9642775,0.036001205,20.000696182250977,0.000518799,5701.199219,0000083a9829b245
129.45679450035095,129.4568310310001,1789785173.9842815,0.034809112548828125,20.00403404,0.000518799,5701.199219,0000083a9829b245
129.47679495811462,129.47683393900024,1789785174.004282,0.037193298,20.000457763671875,0.000518799,5701.199219,0000083a9829b245
129.49682545661926,129.49686242200005,1789785174.0243125,0.035524368,20.030498504638672,0.000518799,5701.199219,0000083a9829b245
129.51684713363647,129.51688720000038,1789785174.0443342,0.038385391,20.021677017211914,0.000518799,5701.199219,0000083a9829b245
129.53684377670288,129.5368827010002,1789785174.0643308,0.037193298,19.99664306640625,0.000518799,5701.199219,0000083a9829b245
129.55680775642395,129.5568474060001,1789785174.0842948,0.037908554,19.963979721069336,0.000518799,5701.199219,0000083a9829b245
129.57687067985535,129.57690722100006,1789785174.1043577,0.034809112548828125,20.062923431396484,0.000518799,5701.199219,0000083a9829b245
129.59694695472717,129.59698729699994,1789785174.124434,0.038623809814453125,20.076274871826172,0.000518799,5701.199219,0000083a9829b245
129.61679029464722,129.61683433400003,1789785174.1442773,0.042438507080078125,19.843339920043945,0.000518799,5701.199219,0000083a9829b245
129.6367688179016,129.6369293910002,1789785174.1642559,0.15878677368164062,19.97852325439453,0.000518799,5701.199219,0000083a9829b245
129.65676259994507,129.6568000770003,1789785174.1842496,0.035762786865234375,19.99378204345703,0.000518799,5701.199219,0000083a9829b245
129.67682790756226,129.67686637400038,1789785174.204315,0.036716461181640625,20.06530762,0.000518799,5701.199219,0000083a9829b245
129.6967728,129.69684626400021,1789785174.2242599,0.071763992,19.94490623474121,0.000518799,5701.199219,0000083a9829b245
129.71678805351257,129.7168289680003,1789785174.244275,0.039339066,20.015239715576172,0.000518799,5701.199219,0000083a9829b245
129.73677253723145,129.73682056200005,1789785174.2642596,0.046491623,19.98448371887207,0.000518799,5701.199219,0000083a9829b245
129.75677037239075,129.75680461799993,1789785174.2842574,0.032663345,19.997835159301758,0.000518799,5701.199219,0000083a9829b245
129.77679061889648,129.77682980400004,1789785174.3042777,0.037431717,20.020246505737305,0.000518799,5701.199219,0000083a9829b245
129.79678988456726,129.7968303980001,1789785174.324277,0.038862228,19.999265670776367,0.000518799,5701.199219,0000083a9829b245
129.81682515144348,129.81686402800005,1789785174.3443122,0.037193298,20.035266876220703,0.000518799,5701.199219,0000083a9829b245
129.83678936958313,129.8368270660003,1789785174.3642764,0.036001205,19.964218139648438,0.000518799,5701.199219,0000083a9829b245
129.85682582855225,129.85686890000034,1789785174.3843129,0.041484832763671875,20.03645896911621,0.000518799,5701.199219,0000083a9829b245
129.8768129348755,129.87690092000003,1789785174,0.086307526,19.987106323242188,0.000518799,5701.199219,0000083a9829b245
129.8967900276184,129.89683071700028,1789785174.424277,0.039100647,19.977092742919922,0.000518799,5701.199219,0000083a9829b245
129.91678595542908,129.91682445900005,1789785174.444273,0.036716461181640625,19.995927810668945,0.000518799,5701.199219,0000083a9829b245
129.93680429458618,129.93684168200025,1789785174.4642913,0.035762786865234375,20.018339157104492,0.000518799,5701.199219,0000083a9829b245
129.95678162574768,129.95682114600004,1789785174.4842687,0.037670135498046875,19.977331161499023,0.000518799,5701.199219,0000083a9829b245
129.97678542137146,129.97682375800014,1789785174.5042725,0.036716461181640625,20.003795623779297,0.000518799,5701.199219,0000083a9829b245
129.9967896938324,129.99682977700013,1789785174.5242767,0.038385391,20.00427246,0.000518799,5701.199219,0000083a9829b245
130.01678681373596,130.01682888899995,1789785174.5442739,0.040531158447265625,19.997119903564453,0.000518799,5701.199219,0000083a9829b245
130.03680229187012,130.03684076000036,1789785174.5642893,0.036716461181640625,20.015478134155273,0.000518799,5701.199219,0000083a9829b245
130.0567877292633,130.05682550200027,1789785174.5842748,0.036001205,19.985437393188477,0.000518799,5701.199219,0000083a9829b245
130.07682466506958,130.0768613360001,1789785174.6043117,0.034809112548828125,20.036935806274414,0.000518799,5701.199219,0000083a9829b245
130.09682321548462,130.0968599480002,1789785174.6243103,0.035047531,19.998550415039062,0.000518799,5701.199219,0000083a9829b245
130.11678314208984,130.11682093000036,1789785174.6442702,0.036239624,19.95992660522461,0.000518799,5701.199219,0000083a9829b245
130.13678550720215,130.13682269100036,1789785174.6642725,0.035524368,20.002365112304688,0.000518799,5701.199219,0000083a9829b245
130.15678453445435,130.15682739500016,1789785174.6842716,0.041246414,19.999027252197266,0.000518799,5701.199219,0000083a9829b245
130.1768205165863,130.17685963700023,1789785174.7043076,0.037431717,20.035982131958008,0.000518799,5701.199219,0000083a9829b245
130.19682264328003,130.19685935999996,1789785174.7243097,0.035047531,20.002126693725586,0.000518799,5701.199219,0000083a9829b245
130.2167785167694,130.21681843500028,1789785174.7442656,0.038385391,19.955873489379883,0.000518799,5701.199219,0000083a9829b245
130.23678159713745,130.23682071400026,1789785174.7642686,0.037431717,20.003080368041992,0.000518799,5701.199219,0000083a9829b245
130.2567789554596,130.2568189550002,1789785174.784266,0.038385391,19.997358322143555,0.000518799,5701.199219,0000083a9829b245
130.27677512168884,130.27681788200016,1789785174.8042622,0.041246414,19.996166229248047,0.000518799,5701.199219,0000083a9829b245
130.29678225517273,130.29682343800005,1789785174.8242693,0.039339066,20.00713348388672,0.000518799,5701.199219,0000083a9829b245
130.31678318977356,130.31682143900025,1789785174.8442702,0.036716461181640625,20.000934600830078,0.000518799,5701.199219,0000083a9829b245
130.3367748260498,130.33681369900023,1789785174.8642619,0.037193298,19.991636276245117,0.000518799,5701.199219,0000083a9829b245
130.3567819595337,130.3568228,1789785174.884269,0.039339066,20.00713348388672,0.000518799,5701.199219,0000083a9829b245
130.37681341171265,130.37685023800032,1789785174.9043005,0.035047531,20.031452178955078,0.000518799,5701.199219,0000083a9829b245
130.39678812026978,130.39683023900034,1789785174.9242752,0.040531158447265625,19.974708557128906,0.000518799,5701.199219,0000083a9829b245
130.41681385040283,130.41685414700032,1789785174.944301,0.038623809814453125,20.02573013305664,0.000518799,5701.199219,0000083a9829b245
130.43674421310425,130.43678142600038,1789785174.9642313,0.035524368,19.930362701416016,0.000518799,5701.199219,0000083a9829b245
130.45677947998047,130.45681748300012,1789785174.9842665,0.036239624,20.035266876220703,0.000518799,5701.199219,0000083a9829b245
130.47681283950806,130.4768483910002,1789785175.0042999,0.033855438232421875,20.03335952758789,0.000518799,5701.199219,0000083a9829b245
130.4968126,130.49684868800023,1789785175.0242996,0.034570694,19.99974250793457,0.000518799,5701.199219,0000083a9829b245
130.51677870750427,130.5168153740001,1789785175.0442657,0.035047531,19.96612548828125,0.000518799,5701.199219,0000083a9829b245
130.53681421279907,130.53693015299996,1789785175.0643013,0.114440918,20.035505294799805,0.000518799,5701.199219,0000083a9829b245
130.5567491054535,130.55679287600015,1789785175.0842361,0.042200089,19.934892654418945,0.000518799,5701.199219,0000083a9829b245
130.57674527168274,130.57678593200035,1789785175.1042323,0.039100647,19.996166229248047,0.000518799,5701.199219,0000083a9829b245
130.59675002098083,130.59679476600013,1789785175.124237,0.042915344,20.004749298095703,0.000518799,5701.199219,0000083a9829b245
130.61680221557617,130.61687224900015,1789785175.1442893,0.068426132,20.052194595336914,0.000518799,5701.199219,0000083a9829b245
130.6368077,130.63684452799998,1789785175.1642947,0.03528595,20.005464553833008,0.000518799,5701.199219,0000083a9829b245
130.65681385993958,130.65685082500022,1789785175.184301,0.03528595,20.006179809570312,0.000518799,5701.199219,0000083a9829b245
130.67677783966064,130.67681821500037,1789785175.2042649,0.038623809814453125,19.963979721069336,0.000518799,5701.199219,0000083a9829b245
130.69678449630737,130.69683473400028,1789785175.2242715,0.04863739,20.006656646728516,0.000518799,5701.199219,0000083a9829b245
130.7167685031891,130.7168104,1789785175.2442555,0.040054321,19.984006881713867,0.000518799,5701.199219,0000083a9829b245
130.7367353439331,130.73677888400016,1789785175.2642224,0.041723251,19.966840744018555,0.000518799,5701.199219,0000083a9829b245
130.7567777633667,130.7568173110003,1789785175.2842648,0.037670135498046875,20.04241943359375,0.000518799,5701.199219,0000083a9829b245
130.7767677307129,130.77680964499996,1789785175.3042548,0.040054321,19.989967346191406,0.000518799,5701.199219,0000083a9829b245
130.79680728912354,130.79684607200033,1789785175.3242943,0.037193298,20.03955841064453,0.000518799,5701.199219,0000083a9829b245
130.81676983833313,130.8168084240001,1789785175.3442569,0.03695488,19.962549209594727,0.000518799,5701.199219,0000083a9829b245
130.83680653572083,130.8368460920001,1789785175.3642936,0.037908554,20.036697387695312,0.000518799,5701.199219,0000083a9829b245
130.8567705154419,130.8568092,1789785175.3842576,0.037193298,19.963979721069336,0.000518799,5701.199219,0000083a9829b245
130.87676882743835,130.87681077900015,1789785175.4042559,0.04029274,19.99831199645996,0.000518799,5701.199219,0000083a9829b245
130.89674305915833,130.89678681700025,1789785175,0.04196167,19.974231719970703,0.000518799,5701.199219,0000083a9829b245
130.91680717468262,130.91684591000012,1789785175.4442942,0.03695488,20.064115524291992,0.000518799,5701.199219,0000083a9829b245
130.93673968315125,130.93678191100025,1789785175.4642267,0.040531158447265625,19.93250846862793,0.000518799,5701.199219,0000083a9829b245
130.95677208900452,130.95681926399993,1789785175.4842591,0.045537949,20.032405853271484,0.000518799,5701.199219,0000083a9829b245
130.97676920890808,130.97680878300025,1789785175.5042562,0.037908554,19.997119903564453,0.000518799,5701.199219,0000083a9829b245
130.9968066215515,130.99684495100018,1789785175.5242937,0.036478043,20.037412643432617,0.000518799,5701.199219,0000083a9829b245
131.01677203178406,131.0168156740001,1789785175.544259,0.04196167,19.965410232543945,0.000518799,5701.199219,0000083a9829b245
131.03676223754883,131.03679984200016,1789785175.5642493,0.036001205,19.990205764770508,0.000518799,5701.199219,0000083a9829b245
131.05675983428955,131.0567991390003,1789785175.5842469,0.037431717,19.997596740722656,0.000518799,5701.199219,0000083a9829b245
131.0767674446106,131.07680491700012,1789785175.6042545,0.035762786865234375,20.007610321044922,0.000518799,5701.199219,0000083a9829b245
131.09676790237427,131.09680543700006,1789785175.624255,0.035762786865234375,20.000457763671875,0.000518799,5701.199219,0000083a9829b245
131.1168065071106,131.11684434500012,1789785175.6442935,0.036239624,20.038604736328125,0.000518799,5701.199219,0000083a9829b245
131.1368043422699,131.1368408,1789785175.6642914,0.034809112548828125,19.997835159301758,0.000518799,5701.199219,0000083a9829b245
131.1567633152008,131.15680681000003,1789785175.6842504,0.041723251,19.958972930908203,0.000518799,5701.199219,0000083a9829b245
131.1767659187317,131.17680616300004,1789785175.704253,0.038623809814453125,20.00260353088379,0.000518799,5701.199219,0000083a9829b245
131.19680285453796,131.19684081200012,1789785176,0.036239624,20.036935806274414,0.000518799,5701.199219,0000083a9829b245
131.21675825119019,131.2167950160001,1789785175.7442453,0.035047531,19.95539665222168,0.000518799,5701.199219,0000083a9829b245
131.23676133155823,131.2367976280002,1789785175.7642484,0.034570694,20.003080368041992,0.000518799,5701.199219,0000083a9829b245
131.25675868988037,131.25679549899996,1789785175.7842457,0.035047531,19.997358322143555,0.000518799,5701.199219,0000083a9829b245
131.2768054008484,131.2768424,1789785175.8042924,0.03528595,20.046710968017578,0.000518799,5701.199219,0000083a9829b245
131.29676175117493,131.29679824200002,1789785175.8242488,0.034809112548828125,19.956350326538086,0.000518799,5701.199219,0000083a9829b245
131.3167622089386,131.31679813200026,1789785175.8442492,0.034093857,20.000457763671875,0.000518799,5701.199219,0000083a9829b245
131.33675599098206,131.33679205900035,1789785175.864243,0.034570694,19.99378204345703,0.000518799,5701.199219,0000083a9829b245
131.3567566871643,131.35680017100003,1789785175.8842437,0.04196167,20.000696182250977,0.000518799,5701.199219,0000083a9829b245
131.37675619125366,131.37679932000037,1789785175.9042432,0.041484832763671875,19.99950408935547,0.000518799,5701.199219,0000083a9829b245
131.3967409133911,131.3967852650003,1789785175.924228,0.042676926,19.984722137451172,0.000518799,5701.199219,0000083a9829b245
131.41676092147827,131.41680158100007,1789785175.944248,0.039100647,20.020008087158203,0.000518799,5701.199219,0000083a9829b245
131.43676257133484,131.43680169300023,1789785175.9642496,0.037431717,20.001649856567383,0.000518799,5701.199219,0000083a9829b245
131.4567587375641,131.456797,1789785175.9842458,0.036478043,19.996166229248047,0.000518799,5701.199219,0000083a9829b245
131.4767587184906,131.47679628700007,1789785176.0042458,0.035762786865234375,19.999980926513672,0.000518799,5701.199219,0000083a9829b245
131.49675464630127,131.49679443600007,1789785176.0242417,0.038146973,19.995927810668945,0.000518799,5701.199219,0000083a9829b245
131.5167520046234,131.51678923300005,1789785176.044239,0.035762786865234375,19.997358322143555,0.000518799,5701.199219,0000083a9829b245
131.5367591381073,131.53679625300038,1789785176.0642462,0.035524368,20.00713348388672,0.000518799,5701.199219,0000083a9829b245
131.5567548274994,131.55679751300022,1789785176.0842419,0.041007996,19.995689392089844,0.000518799,5701.199219,0000083a9829b245
131.5767321586609,131.57677384700037,1789785176.1042192,0.040054321,19.977331161499023,0.000518799,5701.199219,0000083a9829b245
131.5967297554016,131.5967711440003,1789785176.1242168,0.039815903,19.997596740722656,0.000518799,5701.199219,0000083a9829b245
131.6167767047882,131.6168587750003,1789785176.1442637,0.080347061,20.04694938659668,0.000518799,5701.199219,0000083a9829b245
131.63674998283386,131.63678660899996,1789785176.164237,0.035047531,19.973278045654297,0.000518799,5701.199219,0000083a9829b245
131.6567554473877,131.65679431300032,1789785176.1842425,0.037431717,20.005464553833008,0.000518799,5701.199219,0000083a9829b245
131.67679572105408,131.676833,1789785176.2042828,0.035762786865234375,20.040273666381836,0.000518799,5701.199219,0000083a9829b245
131.69678902626038,131.6968262600003,1789785176.224276,0.035524368,19.993305206298828,0.000518799,5701.199219,0000083a9829b245
131.7167899608612,131.71682753799996,1789785176.244277,0.035762786865234375,20.000934600830078,0.000518799,5701.199219,0000083a9829b245
131.73672723770142,131.73676433500032,1789785176.2642143,0.03528595,19.93727684020996,0.000518799,5701.199219,0000083a9829b245
131.75674867630005,131.75678879900033,1789785176.2842357,0.038385391,20.021438598632812,0.000518799,5701.199219,0000083a9829b245
131.77674770355225,131.77678500399998,1789785176.3042347,0.035524368,19.999027252197266,0.000518799,5701.199219,0000083a9829b245
131.7967529296875,131.7967921530003,1789785176,0.037431717,20.005226135253906,0.000518799,5701.199219,0000083a9829b245
131.8167519569397,131.81678933900002,1789785176.344239,0.035762786865234375,19.999027252197266,0.000518799,5701.199219,0000083a9829b245
131.83678531646729,131.83682215499994,1789785176.3642724,0.035047531,20.03335952758789,0.000518799,5701.199219,0000083a9829b245
131.8567464351654,131.8567827300003,1789785176.3842335,0.034570694,19.961118698120117,0.000518799,5701.199219,0000083a9829b245
131.87676095962524,131.87680224900032,1789785176.404248,0.039815903,20.014524459838867,0.000518799,5701.199219,0000083a9829b245
131.8967854976654,131.89682739800037,1789785176.4242725,0.04029274,20.024538040161133,0.000518799,5701.199219,0000083a9829b245
131.9167399406433,131.91677436200007,1789785176.444227,0.032663345,19.954442977905273,0.000518799,5701.199219,0000083a9829b245
131.93672561645508,131.93675443700022,1789785176.4642127,0.027179718017578125,19.985675811767578,0.000518799,5701.199219,0000083a9829b245
131.95672965049744,131.9567575860001,1789785176.4842167,0.026226043701171875,20.00403404,0.000518799,5701.199219,0000083a9829b245
131.97675323486328,131.97679310500007,1789785176.5042403,0.038146973,20.023584365844727,0.000518799,5701.199219,0000083a9829b245
131.99678468704224,131.99682447700025,1789785176.5242717,0.038146973,20.031452178955078,0.000518799,5701.199219,0000083a9829b245
