(1789442126.603603) can0 01011840#FFFFFFFFFFFFFFFF
(1789442126.604081) can0 02051081#0000000000000000
(1789442126.623247) can0 0205B801#00006D0600182000
(1789442126.623677) can0 01011840#FFFFFFFFFFFFFFFF
(1789442126.624073) can0 02051081#0000000000000000
(1789442126.643204) can0 0205B801#00006D0600182000
(1789442126.643652) can0 01011840#FFFFFFFFFFFFFFFF
(1789442126.644047) can0 02051081#0000000000000000
(1789442126.663197) can0 0205B801#00006E0600182000
(1789442126.663640) can0 01011840#FFFFFFFFFFFFFFFF
(1789442126.664033) can0 02051081#0000000000000000
(1789442126.683234) can0 0205B801#00006D0600182000
(1789442126.683673) can0 01011840#FFFFFFFFFFFFFFFF
(1789442126.684064) can0 02051081#0000000000000000
(1789442126.703194) can0 0205B801#00006E0600182000
(1789442126.703659) can0 01011840#FFFFFFFFFFFFFFFF
(1789442126.704101) can0 02051081#0000000000000000
(1789442126.723383) can0 0205B801#00006D0600182000
(1789442126.723827) can0 01011840#FFFFFFFFFFFFFFFF
(1789442126.724211) can0 02051081#0000000000000000
(1789442126.743196) can0 0205B801#00006D0600182000
(1789442126.743645) can0 01011840#FFFFFFFFFFFFFFFF
(1789442126.744036) can0 02051081#0000000000000000
(1789442126.763198) can0 0205B801#00006E0600182000
(1789442126.763638) can0 01011840#FFFFFFFFFFFFFFFF
(1789442126.764048) can0 02051081#0000000000000000
(1789442126.783274) can0 0205B801#00006D0600182000
(1789442126.783729) can0 01011840#FFFFFFFFFFFFFFFF
(1789442126.784124) can0 02051081#0000000000000000
(1789442126.803227) can0 0205B801#00006D0600182000
(1789442126.803651) can0 01011840#FFFFFFFFFFFFFFFF
(1789442126.804041) can0 02051081#0000000000000000
(1789442126.823231) can0 0205B801#00006D0600182000
(1789442126.823674) can0 01011840#FFFFFFFFFFFFFFFF
(1789442126.824064) can0 02051081#0000000000000000
(1789442126.843258) can0 0205B801#00006D0600182000
(1789442126.843709) can0 01011840#FFFFFFFFFFFFFFFF
(1789442126.844103) can0 02051081#0000000000000000
(1789442126.856206) can0 0205B841#0000000000400000
(1789442126.863199) can0 0205B801#00006E0600182000
(1789442126.863643) can0 01011840#FFFFFFFFFFFFFFFF
(1789442126.864036) can0 02051081#0000000000000000
(1789442126.883191) can0 0205B801#00006D0600182000
(1789442126.883628) can0 01011840#FFFFFFFFFFFFFFFF
(1789442126.884017) can0 02051081#0000000000000000
(1789442126.903235) can0 0205B801#00006D0600182000
(1789442126.903677) can0 01011840#FFFFFFFFFFFFFFFF
(1789442126.904066) can0 02051081#0000000000000000
(1789442126.923194) can0 0205B801#00006D0600182000
(1789442126.923634) can0 01011840#FFFFFFFFFFFFFFFF
(1789442126.924024) can0 02051081#0000000000000000
(1789442126.943229) can0 0205B801#00006E0600182000
(1789442126.943666) can0 01011840#FFFFFFFFFFFFFFFF
(1789442126.944055) can0 02051081#0000000000000000
(1789442126.963359) can0 0205B801#00006E0600182000
(1789442126.963447) can0 01011840#FFFFFFFFFFFFFFFF
(1789442126.963836) can0 02051081#0000000000000000
(1789442126.983226) can0 0205B801#00006D0600182000
(1789442126.983658) can0 01011840#FFFFFFFFFFFFFFFF
(1789442126.984047) can0 02051081#0000000000000000
(1789442127.003189) can0 0205B801#00006D0600182000
(1789442127.003622) can0 01011840#FFFFFFFFFFFFFFFF
(1789442127.004011) can0 02051081#0000000000000000
(1789442127.023376) can0 0205B801#00006E0600182000
(1789442127.023831) can0 01011840#FFFFFFFFFFFFFFFF
(1789442127.024230) can0 02051081#0000000000000000
(1789442127.043195) can0 0205B801#00006D0600182000
(1789442127.043635) can0 01011840#FFFFFFFFFFFFFFFF
(1789442127.044028) can0 02051081#0000000000000000
(1789442127.063201) can0 0205B801#00006D0600182000
(1789442127.063649) can0 01011840#FFFFFFFFFFFFFFFF
(1789442127.064040) can0 02051081#0000000000000000
(1789442127.083265) can0 0205B801#00006D0600182000
(1789442127.083832) can0 01011840#FFFFFFFFFFFFFFFF
(1789442127.084230) can0 02051081#0000000000000000
(1789442127.103180) can0 0205B801#00006D0600182000
(1789442127.103633) can0 01011840#FFFFFFFFFFFFFFFF
(1789442127.104023) can0 02051081#0000000000000000
(1789442127.106221) can0 0205B841#0000000000400000
(1789442127.123180) can0 0205B801#00006D0600182000
(1789442127.123622) can0 01011840#FFFFFFFFFFFFFFFF
(1789442127.124021) can0 02051081#0000000000000000
(1789442127.143254) can0 0205B801#00006E0600182000
(1789442127.143735) can0 01011840#FFFFFFFFFFFFFFFF
(1789442127.144120) can0 02051081#0000000000000000
(1789442127.163184) can0 0205B801#00006D0600182000
(1789442127.163634) can0 01011840#FFFFFFFFFFFFFFFF
(1789442127.164023) can0 02051081#0000000000000000
(1789442127.183219) can0 0205B801#00006D0600182000
(1789442127.183660) can0 01011840#FFFFFFFFFFFFFFFF
(1789442127.184049) can0 02051081#0000000000000000
(1789442127.203282) can0 0205B801#00006E0600182000
(1789442127.203819) can0 01011840#FFFFFFFFFFFFFFFF
(1789442127.204228) can0 02051081#0000000000000000
(1789442127.223246) can0 0205B801#00006D0600182000
(1789442127.223694) can0 01011840#FFFFFFFFFFFFFFFF
(1789442127.224082) can0 02051081#0000000000000000
(1789442127.243186) can0 0205B801#00006D0600182000
(1789442127.243625) can0 01011840#FFFFFFFFFFFFFFFF
(1789442127.244016) can0 02051081#0000000000000000
(1789442127.263365) can0 0205B801#00006E0600182000
(1789442127.263461) can0 01011840#FFFFFFFFFFFFFFFF
(1789442127.263854) can0 02051081#0000000000000000
(1789442127.283203) can0 0205B801#00006D0600182000
(1789442127.283649) can0 01011840#FFFFFFFFFFFFFFFF
(1789442127.284042) can0 02051081#0000000000000000
(1789442127.303177) can0 0205B801#00006D0600182000
(1789442127.303614) can0 01011840#FFFFFFFFFFFFFFFF
(1789442127.304005) can0 02051081#0000000000000000
(1789442127.323342) can0 0205B801#00006E0600182000
(1789442127.323432) can0 01011840#FFFFFFFFFFFFFFFF
(1789442127.323822) can0 02051081#0000000000000000
(1789442127.343178) can0 0205B801#00006E0600182000
(1789442127.343618) can0 01011840#FFFFFFFFFFFFFFFF
(1789442127.344010) can0 02051081#0000000000000000
(1789442127.356184) can0 0205B841#0000000000400000
(1789442127.363179) can0 0205B801#00006D0600182000
(1789442127.363615) can0 01011840#FFFFFFFFFFFFFFFF
(1789442127.364007) can0 02051081#0000000000000000
(1789442127.383176) can0 0205B801#00006E0600182000
(1789442127.383612) can0 01011840#FFFFFFFFFFFFFFFF
(1789442127.384003) can0 02051081#0000000000000000
(1789442127.403184) can0 0205B801#00006C0600182000
(1789442127.403620) can0 01011840#FFFFFFFFFFFFFFFF
(1789442127.404015) can0 02051081#0000000000000000
(1789442127.423232) can0 0205B801#00006D0600182000
(1789442127.423687) can0 01011840#FFFFFFFFFFFFFFFF
(1789442127.424080) can0 02051081#0000000000000000
(1789442127.443385) can0 0205B801#00006E0600182000
(1789442127.443481) can0 01011840#FFFFFFFFFFFFFFFF
(1789442127.443871) can0 02051081#0000000000000000
(1789442127.463234) can0 0205B801#00006D0600182000
(1789442127.463692) can0 01011840#FFFFFFFFFFFFFFFF
(1789442127.464087) can0 02051081#0000000000000000
(1789442127.483218) can0 0205B801#00006E0600182000
(1789442127.483656) can0 01011840#FFFFFFFFFFFFFFFF
(1789442127.484046) can0 02051081#0000000000000000
(1789442127.503347) can0 0205B801#00006D0600182000
(1789442127.503438) can0 01011840#FFFFFFFFFFFFFFFF
(1789442127.503829) can0 02051081#0000000000000000
(1789442127.523180) can0 0205B801#00006E0600182000
(1789442127.523621) can0 01011840#FFFFFFFFFFFFFFFF
(1789442127.524012) can0 02051081#0000000000000000
(1789442127.543176) can0 0205B801#00006D0600182000
(1789442127.543616) can0 01011840#FFFFFFFFFFFFFFFF
(1789442127.544005) can0 02051081#0000000000000000
(1789442127.563343) can0 0205B801#00006D0600182000
(1789442127.563434) can0 01011840#FFFFFFFFFFFFFFFF
(1789442127.563823) can0 02051081#0000000000000000
(1789442127.583182) can0 0205B801#00006E0600182000
(1789442127.583625) can0 01011840#FFFFFFFFFFFFFFFF
(1789442127.584018) can0 02051081#0000000000000000
(1789442127.603215) can0 0205B801#00006D0600182000
(1789442127.603652) can0 01011840#FFFFFFFFFFFFFFFF
(1789442127.604042) can0 02051081#0000000000000000
(1789442127.606183) can0 0205B841#0000000000400000
(1789442127.620252) can0 02051801#0000FFFFFFFF0000
(1789442127.622148) can0 0205BC01#6B392E9A
(1789442127.623227) can0 0205B801#00006E0600182000
(1789442127.623679) can0 01011840#FFFFFFFFFFFFFFFF
(1789442127.624079) can0 02051081#0000000000000000
(1789442127.643178) can0 0205B801#00006E0600182000
(1789442127.643611) can0 01011840#FFFFFFFFFFFFFFFF
(1789442127.643995) can0 02051081#0000000000000000
(1789442127.663225) can0 0205B801#00006E0600182000
(1789442127.663677) can0 01011840#FFFFFFFFFFFFFFFF
(1789442127.664073) can0 02051081#0000000000000000
(1789442127.683328) can0 0205B801#00006F0600182000
(1789442127.683423) can0 01011840#FFFFFFFFFFFFFFFF
(1789442127.683813) can0 02051081#0000000000000000
(1789442127.703326) can0 0205B801#00006E0600182000
(1789442127.703421) can0 01011840#FFFFFFFFFFFFFFFF
(1789442127.703812) can0 02051081#0000000000000000
(1789442127.723339) can0 0205B801#00006D0600182000
(1789442127.723430) can0 01011840#FFFFFFFFFFFFFFFF
(1789442127.723826) can0 02051081#0000000000000000
(1789442127.743388) can0 0205B801#00006D0600182000
(1789442127.743853) can0 01011840#FFFFFFFFFFFFFFFF
(1789442127.744236) can0 02051081#0000000000000000
(1789442127.763183) can0 0205B801#00006D0600182000
(1789442127.763623) can0 01011840#FFFFFFFFFFFFFFFF
(1789442127.764011) can0 02051081#0000000000000000
(1789442127.783181) can0 0205B801#00006D0600182000
(1789442127.783622) can0 01011840#FFFFFFFFFFFFFFFF
(1789442127.784014) can0 02051081#0000000000000000
(1789442127.803255) can0 0205B801#00006D0600182000
(1789442127.803707) can0 01011840#FFFFFFFFFFFFFFFF
(1789442127.804099) can0 02051081#0000000000000000
(1789442127.823170) can0 0205B801#00006D0600182000
(1789442127.823601) can0 01011840#FFFFFFFFFFFFFFFF
(1789442127.823988) can0 02051081#0000000000000000
(1789442127.843217) can0 0205B801#00006D0600182000
(1789442127.843657) can0 01011840#FFFFFFFFFFFFFFFF
(1789442127.844045) can0 02051081#0000000000000000
(1789442127.856226) can0 0205B841#0000000000400000
(1789442127.863337) can0 0205B801#00006D0600182000
(1789442127.863425) can0 01011840#FFFFFFFFFFFFFFFF
(1789442127.863818) can0 02051081#0000000000000000
(1789442127.883182) can0 0205B801#00006E0600182000
(1789442127.883624) can0 01011840#FFFFFFFFFFFFFFFF
(1789442127.884014) can0 02051081#0000000000000000
(1789442127.903169) can0 0205B801#00006E0600182000
(1789442127.903605) can0 01011840#FFFFFFFFFFFFFFFF
(1789442127.903992) can0 02051081#0000000000000000
(1789442127.923374) can0 0205B801#00006E0600182000
(1789442127.923465) can0 01011840#FFFFFFFFFFFFFFFF
(1789442127.923854) can0 02051081#0000000000000000
(1789442127.943223) can0 0205B801#00006D0600182000
(1789442127.943674) can0 01011840#FFFFFFFFFFFFFFFF
(1789442127.944067) can0 02051081#0000000000000000
(1789442127.963244) can0 0205B801#00006E0600182000
(1789442127.963701) can0 01011840#FFFFFFFFFFFFFFFF
(1789442127.964097) can0 02051081#0000000000000000
(1789442127.983346) can0 0205B801#00006E0600182000
(1789442127.983436) can0 01011840#FFFFFFFFFFFFFFFF
(1789442127.983826) can0 02051081#0000000000000000
(1789442128.003212) can0 0205B801#00006E0600182000
(1789442128.003645) can0 01011840#FFFFFFFFFFFFFFFF
(1789442128.004036) can0 02051081#0000000000000000
(1789442128.023172) can0 0205B801#00006E0600182000
(1789442128.023603) can0 01011840#FFFFFFFFFFFFFFFF
(1789442128.023993) can0 02051081#0000000000000000
(1789442128.043367) can0 0205B801#00006E0600182000
(1789442128.043459) can0 01011840#FFFFFFFFFFFFFFFF
(1789442128.043851) can0 02051081#0000000000000000
(1789442128.063201) can0 0205B801#00006C0600182000
(1789442128.063653) can0 01011840#FFFFFFFFFFFFFFFF
(1789442128.064044) can0 02051081#0000000000000000
(1789442128.083179) can0 0205B801#00006E0600182000
(1789442128.083624) can0 01011840#FFFFFFFFFFFFFFFF
(1789442128.084017) can0 02051081#0000000000000000
(1789442128.103218) can0 0205B801#00006D0600182000
(1789442128.103654) can0 01011840#FFFFFFFFFFFFFFFF
(1789442128.104044) can0 02051081#0000000000000000
(1789442128.106211) can0 0205B841#0000000000400000
(1789442128.123208) can0 0205B801#00006E0600182000
(1789442128.123642) can0 01011840#FFFFFFFFFFFFFFFF
(1789442128.124032) can0 02051081#0000000000000000
(1789442128.143169) can0 0205B801#00006E0600182000
(1789442128.143616) can0 01011840#FFFFFFFFFFFFFFFF
(1789442128.144006) can0 02051081#0000000000000000
(1789442128.163222) can0 0205B801#00006D0600182000
(1789442128.163658) can0 01011840#FFFFFFFFFFFFFFFF
(1789442128.164048) can0 02051081#0000000000000000
(1789442128.183169) can0 0205B801#00006E0600182000
(1789442128.183602) can0 01011840#FFFFFFFFFFFFFFFF
(1789442128.183991) can0 02051081#0000000000000000
(1789442128.203169) can0 0205B801#00006D0600182000
(1789442128.203606) can0 01011840#FFFFFFFFFFFFFFFF
(1789442128.203998) can0 02051081#0000000000000000
(1789442128.223243) can0 0205B801#00006D0600182000
(1789442128.223688) can0 01011840#FFFFFFFFFFFFFFFF
(1789442128.224076) can0 02051081#0000000000000000
(1789442128.243225) can0 0205B801#00006D0600182000
(1789442128.243678) can0 01011840#FFFFFFFFFFFFFFFF
(1789442128.244069) can0 02051081#0000000000000000
(1789442128.263206) can0 0205B801#00006D0600182000
(1789442128.263636) can0 01011840#FFFFFFFFFFFFFFFF
(1789442128.264135) can0 02051081#0000000000000000
(1789442128.283396) can0 0205B801#00006D0600182000
(1789442128.283491) can0 01011840#FFFFFFFFFFFFFFFF
(1789442128.283883) can0 02051081#0000000000000000
(1789442128.303217) can0 0205B801#00006E0600182000
(1789442128.303661) can0 01011840#FFFFFFFFFFFFFFFF
(1789442128.304053) can0 02051081#0000000000000000
(1789442128.323214) can0 0205B801#00006D0600182000
(1789442128.323689) can0 01011840#FFFFFFFFFFFFFFFF
(1789442128.324086) can0 02051081#0000000000000000
(1789442128.343412) can0 0205B801#00006E0600182000
(1789442128.344093) can0 01011840#FFFFFFFFFFFFFFFF
(1789442128.344534) can0 02051081#0000000000000000
(1789442128.356365) can0 0205B841#0000000000400000
(1789442128.363218) can0 0205B801#00006E0600182000
(1789442128.363702) can0 01011840#FFFFFFFFFFFFFFFF
(1789442128.364099) can0 02051081#0000000000000000
(1789442128.383262) can0 0205B801#00006E0600182000
(1789442128.384051) can0 01011840#FFFFFFFFFFFFFFFF
(1789442128.384836) can0 02051081#0000000000000000
(1789442128.403394) can0 0205B801#00006E0600182000
(1789442128.404070) can0 01011840#FFFFFFFFFFFFFFFF
(1789442128.404540) can0 02051081#0000000000000000
(1789442128.423390) can0 0205B801#00006D0600182000
(1789442128.425062) can0 01011840#FFFFFFFFFFFFFFFF
(1789442128.425635) can0 02051081#0000000000000000
(1789442128.443272) can0 0205B801#00006E0600182000
(1789442128.445005) can0 01011840#FFFFFFFFFFFFFFFF
(1789442128.446625) can0 02051081#0000000000000000
(1789442128.463459) can0 0205B801#00006E0600182000
(1789442128.464579) can0 01011840#FFFFFFFFFFFFFFFF
(1789442128.465795) can0 02051081#0000000000000000
(1789442128.483379) can0 0205B801#00006D0600182000
(1789442128.484042) can0 01011840#FFFFFFFFFFFFFFFF
(1789442128.484686) can0 02051081#0000000000000000
(1789442128.503241) can0 0205B801#00006D0600182000
(1789442128.503847) can0 01011840#FFFFFFFFFFFFFFFF
(1789442128.504290) can0 02051081#0000000000000000
(1789442128.523555) can0 0205B801#00006E0600182000
(1789442128.524441) can0 01011840#FFFFFFFFFFFFFFFF
(1789442128.527867) can0 02051081#0000000000000000
(1789442128.543247) can0 0205B801#00006D0600182000
(1789442128.543768) can0 01011840#FFFFFFFFFFFFFFFF
(1789442128.546821) can0 02051081#0000000000000000
(1789442128.563249) can0 0205B801#00006E0600182000
(1789442128.563911) can0 01011840#FFFFFFFFFFFFFFFF
(1789442128.564369) can0 02051081#0000000000000000
(1789442128.583452) can0 0205B801#00006E0600182000
(1789442128.583970) can0 01011840#FFFFFFFFFFFFFFFF
(1789442128.584463) can0 02051081#0000000000000000
(1789442128.603258) can0 0205B801#00006E0600182000
(1789442128.606197) can0 0205B841#0000000000400000
(1789442128.607122) can0 01011840#FFFFFFFFFFFFFFFF
(1789442128.607561) can0 02051081#0000000000000000
(1789442128.620237) can0 02051801#0000FFFFFFFF0000
(1789442128.622263) can0 0205BC01#6B392E9A
(1789442128.623351) can0 0205B801#00006E0600182000
(1789442128.624135) can0 01011840#FFFFFFFFFFFFFFFF
(1789442128.624538) can0 02051081#0000000000000000
(1789442128.643434) can0 0205B801#00006D0600182000
(1789442128.643928) can0 01011840#FFFFFFFFFFFFFFFF
(1789442128.644368) can0 02051081#0000000000000000
(1789442128.663284) can0 0205B801#00006D0600182000
(1789442128.663836) can0 01011840#FFFFFFFFFFFFFFFF
(1789442128.664247) can0 02051081#0000000000000000
(1789442128.683231) can0 0205B801#00006D0600182000
(1789442128.683738) can0 01011840#FFFFFFFFFFFFFFFF
(1789442128.684129) can0 02051081#0000000000000000
(1789442128.703234) can0 0205B801#00006E0600182000
(1789442128.703804) can0 01011840#FFFFFFFFFFFFFFFF
(1789442128.704199) can0 02051081#0000000000000000
(1789442128.723231) can0 0205B801#00006E0600182000
(1789442128.723746) can0 01011840#FFFFFFFFFFFFFFFF
(1789442128.724206) can0 02051081#0000000000000000
(1789442128.743270) can0 0205B801#00006D0600182000
(1789442128.743866) can0 01011840#FFFFFFFFFFFFFFFF
(1789442128.744278) can0 02051081#0000000000000000
(1789442128.763431) can0 0205B801#00006E0600182000
(1789442128.763900) can0 01011840#FFFFFFFFFFFFFFFF
(1789442128.764288) can0 02051081#0000000000000000
(1789442128.783278) can0 0205B801#00006D0600182000
(1789442128.783800) can0 01011840#FFFFFFFFFFFFFFFF
(1789442128.784353) can0 02051081#0000000000000000
(1789442128.803239) can0 0205B801#00006D0600182000
(1789442128.803792) can0 01011840#FFFFFFFFFFFFFFFF
(1789442128.804209) can0 02051081#0000000000000000
(1789442128.823424) can0 0205B801#00006E0600182000
(1789442128.823972) can0 01011840#FFFFFFFFFFFFFFFF
(1789442128.824411) can0 02051081#0000000000000000
(1789442128.843222) can0 0205B801#00006E0600182000
(1789442128.844524) can0 01011840#FFFFFFFFFFFFFFFF
(1789442128.844924) can0 02051081#0000000000000000
(1789442128.856263) can0 0205B841#0000000000400000
(1789442128.863215) can0 0205B801#00006D0600182000
(1789442128.863703) can0 01011840#FFFFFFFFFFFFFFFF
(1789442128.864889) can0 02051081#0000000000000000
(1789442128.883489) can0 0205B801#00006E0600182000
(1789442128.884088) can0 01011840#FFFFFFFFFFFFFFFF
(1789442128.885689) can0 02051081#0000000000000000
(1789442128.903227) can0 0205B801#00006D0600182000
(1789442128.903665) can0 01011840#FFFFFFFFFFFFFFFF
(1789442128.904038) can0 02051081#0000000000000000
(1789442128.923208) can0 0205B801#00006E0600182000
(1789442128.923692) can0 01011840#FFFFFFFFFFFFFFFF
(1789442128.924073) can0 02051081#0000000000000000
(1789442128.943482) can0 0205B801#00006E0600182000
(1789442128.943606) can0 01011840#FFFFFFFFFFFFFFFF
(1789442128.944055) can0 02051081#0000000000000000
(1789442128.963281) can0 0205B801#00006D0600182000
(1789442128.963862) can0 01011840#FFFFFFFFFFFFFFFF
(1789442128.964329) can0 02051081#0000000000000000
(1789442128.983182) can0 0205B801#00006E0600182000
(1789442128.983608) can0 01011840#FFFFFFFFFFFFFFFF
(1789442128.983978) can0 02051081#0000000000000000
(1789442129.003232) can0 0205B801#00006E0600182000
(1789442129.003690) can0 01011840#FFFFFFFFFFFFFFFF
(1789442129.004081) can0 02051081#0000000000000000
(1789442129.023186) can0 0205B801#00006D0600182000
(1789442129.023699) can0 01011840#FFFFFFFFFFFFFFFF
(1789442129.024120) can0 02051081#0000000000000000
(1789442129.043182) can0 0205B801#00006E0600182000
(1789442129.043627) can0 01011840#FFFFFFFFFFFFFFFF
(1789442129.044010) can0 02051081#0000000000000000
(1789442129.063235) can0 0205B801#00006D0600182000
(1789442129.064108) can0 01011840#FFFFFFFFFFFFFFFF
(1789442129.064611) can0 02051081#0000000000000000
(1789442129.083226) can0 0205B801#00006E0600182000
(1789442129.083669) can0 01011840#FFFFFFFFFFFFFFFF
(1789442129.084050) can0 02051081#0000000000000000
(1789442129.103237) can0 0205B801#00006D0600182000
(1789442129.103713) can0 01011840#FFFFFFFFFFFFFFFF
(1789442129.104118) can0 02051081#0000000000000000
(1789442129.106157) can0 0205B841#0000000000400000
(1789442129.123405) can0 0205B801#00006E0600182000
(1789442129.123494) can0 01011840#FFFFFFFFFFFFFFFF
(1789442129.123876) can0 02051081#0000000000000000
(1789442129.143182) can0 0205B801#00006D0600182000
(1789442129.143620) can0 01011840#FFFFFFFFFFFFFFFF
(1789442129.144011) can0 02051081#0000000000000000
(1789442129.163179) can0 0205B801#00006E0600182000
(1789442129.163622) can0 01011840#FFFFFFFFFFFFFFFF
(1789442129.164014) can0 02051081#0000000000000000
(1789442129.183395) can0 0205B801#00006E0600182000
(1789442129.183487) can0 01011840#FFFFFFFFFFFFFFFF
(1789442129.183878) can0 02051081#0000000000000000
(1789442129.203231) can0 0205B801#00006D0600182000
(1789442129.203682) can0 01011840#FFFFFFFFFFFFFFFF
(1789442129.204060) can0 02051081#0000000000000000
(1789442129.223230) can0 0205B801#00006D0600182000
(1789442129.223668) can0 01011840#FFFFFFFFFFFFFFFF
(1789442129.224043) can0 02051081#0000000000000000
(1789442129.243355) can0 0205B801#00006D0600182000
(1789442129.243872) can0 01011840#FFFFFFFFFFFFFFFF
(1789442129.244261) can0 02051081#0000000000000000
(1789442129.263285) can0 0205B801#00006D0600182000
(1789442129.266028) can0 01011840#FFFFFFFFFFFFFFFF
(1789442129.266485) can0 02051081#0000000000000000
(1789442129.283410) can0 0205B801#00006D0600182000
(1789442129.284767) can0 01011840#FFFFFFFFFFFFFFFF
(1789442129.285566) can0 02051081#0000000000000000
(1789442129.303398) can0 0205B801#00006D0600182000
(1789442129.304420) can0 01011840#FFFFFFFFFFFFFFFF
(1789442129.307007) can0 02051081#0000000000000000
(1789442129.323299) can0 0205B801#00006D0600182000
(1789442129.327171) can0 01011840#FFFFFFFFFFFFFFFF
(1789442129.329194) can0 02051081#0000000000000000
(1789442129.343221) can0 0205B801#00006D0600182000
(1789442129.344141) can0 01011840#FFFFFFFFFFFFFFFF
(1789442129.344560) can0 02051081#0000000000000000
(1789442129.356242) can0 0205B841#0000000000400000
(1789442129.363489) can0 0205B801#00006D0600182000
(1789442129.366115) can0 01011840#FFFFFFFFFFFFFFFF
(1789442129.366632) can0 02051081#0000000000000000
(1789442129.383237) can0 0205B801#00006E0600182000
(1789442129.383766) can0 01011840#FFFFFFFFFFFFFFFF
(1789442129.384186) can0 02051081#0000000000000000
(1789442129.403264) can0 0205B801#00006E0600182000
(1789442129.404175) can0 01011840#FFFFFFFFFFFFFFFF
(1789442129.404686) can0 02051081#0000000000000000
(1789442129.423353) can0 0205B801#00006D0600182000
(1789442129.424934) can0 01011840#FFFFFFFFFFFFFFFF
(1789442129.425413) can0 02051081#0000000000000000
(1789442129.443475) can0 0205B801#00006D0600182000
(1789442129.446708) can0 01011840#FFFFFFFFFFFFFFFF
(1789442129.448035) can0 02051081#0000000000000000
(1789442129.463257) can0 0205B801#00006E0600182000
(1789442129.463791) can0 01011840#FFFFFFFFFFFFFFFF
(1789442129.466415) can0 02051081#0000000000000000
(1789442129.483474) can0 0205B801#00006F0600182000
(1789442129.485319) can0 01011840#FFFFFFFFFFFFFFFF
(1789442129.488212) can0 02051081#0000000000000000
(1789442129.503293) can0 0205B801#00006D0600182000
(1789442129.503875) can0 01011840#FFFFFFFFFFFFFFFF
(1789442129.504293) can0 02051081#0000000000000000
(1789442129.523223) can0 0205B801#00006E0600182000
(1789442129.525284) can0 01011840#FFFFFFFFFFFFFFFF
(1789442129.525771) can0 02051081#0000000000000000
(1789442129.543382) can0 0205B801#00006E0600182000
(1789442129.543849) can0 01011840#FFFFFFFFFFFFFFFF
(1789442129.544227) can0 02051081#0000000000000000
(1789442129.563252) can0 0205B801#00006D0600182000
(1789442129.563900) can0 01011840#FFFFFFFFFFFFFFFF
(1789442129.565243) can0 02051081#0000000000000000
(1789442129.583221) can0 0205B801#00006E0600182000
(1789442129.583747) can0 01011840#FFFFFFFFFFFFFFFF
(1789442129.584218) can0 02051081#0000000000000000
(1789442129.603222) can0 0205B801#00006D0600182000
(1789442129.603915) can0 01011840#FFFFFFFFFFFFFFFF
(1789442129.604328) can0 02051081#0000000000000000
(1789442129.606191) can0 0205B841#0000000000400000
(1789442129.620198) can0 02051801#0000FFFFFFFF0000
(1789442129.622125) can0 0205BC01#6B392E9A
(1789442129.623210) can0 0205B801#00006E0600182000
(1789442129.623650) can0 01011840#FFFFFFFFFFFFFFFF
(1789442129.624037) can0 02051081#0000000000000000
(1789442129.643185) can0 0205B801#00006E0600182000
(1789442129.643659) can0 01011840#FFFFFFFFFFFFFFFF
(1789442129.644048) can0 02051081#0000000000000000
(1789442129.663221) can0 0205B801#00006E0600182000
(1789442129.663711) can0 01011840#FFFFFFFFFFFFFFFF
(1789442129.664138) can0 02051081#0000000000000000
(1789442129.683189) can0 0205B801#00006D0600182000
(1789442129.683707) can0 01011840#FFFFFFFFFFFFFFFF
(1789442129.684101) can0 02051081#0000000000000000
(1789442129.703153) can0 0205B801#00006E0600182000
(1789442129.703761) can0 01011840#FFFFFFFFFFFFFFFF
(1789442129.704151) can0 02051081#0000000000000000
(1789442129.723221) can0 0205B801#00006E0600182000
(1789442129.723726) can0 01011840#FFFFFFFFFFFFFFFF
(1789442129.724117) can0 02051081#0000000000000000
(1789442129.743236) can0 0205B801#00006D0600182000
(1789442129.743798) can0 01011840#FFFFFFFFFFFFFFFF
(1789442129.744202) can0 02051081#0000000000000000
(1789442129.763210) can0 0205B801#00006E0600182000
(1789442129.763706) can0 01011840#FFFFFFFFFFFFFFFF
(1789442129.764093) can0 02051081#0000000000000000
(1789442129.783244) can0 0205B801#00006D0600182000
(1789442129.783698) can0 01011840#FFFFFFFFFFFFFFFF
(1789442129.784101) can0 02051081#0000000000000000
(1789442129.803215) can0 0205B801#00006E0600182000
(1789442129.803666) can0 01011840#FFFFFFFFFFFFFFFF
(1789442129.804158) can0 02051081#0000000000000000
(1789442129.823175) can0 0205B801#00006E0600182000
(1789442129.823612) can0 01011840#FFFFFFFFFFFFFFFF
(1789442129.823994) can0 02051081#0000000000000000
(1789442129.843436) can0 0205B801#00006E0600182000
(1789442129.843534) can0 01011840#FFFFFFFFFFFFFFFF
(1789442129.843927) can0 02051081#0000000000000000
(1789442129.856168) can0 0205B841#0000000000400000
(1789442129.863188) can0 0205B801#00006E0600182000
(1789442129.863648) can0 01011840#FFFFFFFFFFFFFFFF
(1789442129.864046) can0 02051081#0000000000000000
(1789442129.883209) can0 0205B801#00006E0600182000
(1789442129.883656) can0 01011840#FFFFFFFFFFFFFFFF
(1789442129.884052) can0 02051081#0000000000000000
(1789442129.903220) can0 0205B801#00006E0600182000
(1789442129.903681) can0 01011840#FFFFFFFFFFFFFFFF
(1789442129.904074) can0 02051081#0000000000000000
(1789442129.923206) can0 0205B801#00006E0600182000
(1789442129.923651) can0 01011840#FFFFFFFFFFFFFFFF
(1789442129.924041) can0 02051081#0000000000000000
(1789442129.943202) can0 0205B801#00006E0600182000
(1789442129.943648) can0 01011840#FFFFFFFFFFFFFFFF
(1789442129.944038) can0 02051081#0000000000000000
(1789442129.963154) can0 0205B801#00006D0600182000
(1789442129.963606) can0 01011840#FFFFFFFFFFFFFFFF
(1789442129.964000) can0 02051081#0000000000000000
(1789442129.983211) can0 0205B801#00006E0600182000
(1789442129.983673) can0 01011840#FFFFFFFFFFFFFFFF
(1789442129.984056) can0 02051081#0000000000000000
(1789442130.003173) can0 0205B801#00006E0600182000
(1789442130.003617) can0 01011840#FFFFFFFFFFFFFFFF
(1789442130.004003) can0 02051081#0000000000000000
(1789442130.023208) can0 0205B801#00006D0600182000
(1789442130.023654) can0 01011840#FFFFFFFFFFFFFFFF
(1789442130.024045) can0 02051081#0000000000000000
(1789442130.043204) can0 0205B801#00006D0600182000
(1789442130.043652) can0 01011840#FFFFFFFFFFFFFFFF
(1789442130.044046) can0 02051081#0000000000000000
(1789442130.063214) can0 0205B801#00006E0600182000
(1789442130.063657) can0 01011840#FFFFFFFFFFFFFFFF
(1789442130.064043) can0 02051081#0000000000000000
(1789442130.083326) can0 0205B801#00006E0600182000
(1789442130.083783) can0 01011840#FFFFFFFFFFFFFFFF
(1789442130.084178) can0 02051081#0000000000000000
(1789442130.103173) can0 0205B801#00006E0600182000
(1789442130.103618) can0 01011840#FFFFFFFFFFFFFFFF
(1789442130.104006) can0 02051081#0000000000000000
(1789442130.106154) can0 0205B841#0000000000400000
(1789442130.123219) can0 0205B801#00006D0600182000
(1789442130.123679) can0 01011840#FFFFFFFFFFFFFFFF
(1789442130.124074) can0 02051081#0000000000000000
(1789442130.143389) can0 0205B801#00006E0600182000
(1789442130.143481) can0 01011840#FFFFFFFFFFFFFFFF
(1789442130.143870) can0 02051081#0000000000000000
(1789442130.163194) can0 0205B801#00006E0600182000
(1789442130.163640) can0 01011840#FFFFFFFFFFFFFFFF
(1789442130.164032) can0 02051081#0000000000000000
(1789442130.183192) can0 0205B801#00006D0600182000
(1789442130.183779) can0 01011840#FFFFFFFFFFFFFFFF
(1789442130.184186) can0 02051081#0000000000000000
(1789442130.203318) can0 0205B801#00006D0600182000
(1789442130.203762) can0 01011840#FFFFFFFFFFFFFFFF
(1789442130.204148) can0 02051081#0000000000000000
(1789442130.223198) can0 0205B801#00006D0600182000
(1789442130.223646) can0 01011840#FFFFFFFFFFFFFFFF
(1789442130.224041) can0 02051081#0000000000000000
(1789442130.243154) can0 0205B801#00006E0600182000
(1789442130.243612) can0 01011840#FFFFFFFFFFFFFFFF
(1789442130.244005) can0 02051081#0000000000000000
(1789442130.263225) can0 0205B801#00006E0600182000
(1789442130.263683) can0 01011840#FFFFFFFFFFFFFFFF
(1789442130.264080) can0 02051081#0000000000000000
(1789442130.283168) can0 0205B801#00006E0600182000
(1789442130.283615) can0 01011840#FFFFFFFFFFFFFFFF
(1789442130.284009) can0 02051081#0000000000000000
(1789442130.303207) can0 0205B801#00006D0600182000
(1789442130.303654) can0 01011840#FFFFFFFFFFFFFFFF
(1789442130.304047) can0 02051081#0000000000000000
(1789442130.323210) can0 0205B801#00006E0600182000
(1789442130.323660) can0 01011840#FFFFFFFFFFFFFFFF
(1789442130.324053) can0 02051081#0000000000000000
(1789442130.343196) can0 0205B801#00006D0600182000
(1789442130.343639) can0 01011840#FFFFFFFFFFFFFFFF
(1789442130.344030) can0 02051081#0000000000000000
(1789442130.356154) can0 0205B841#0000000000400000
(1789442130.363151) can0 0205B801#00006D0600182000
(1789442130.363617) can0 01011840#FFFFFFFFFFFFFFFF
(1789442130.364015) can0 02051081#0000000000000000
(1789442130.383232) can0 0205B801#00006E0600182000
(1789442130.383710) can0 01011840#FFFFFFFFFFFFFFFF
(1789442130.384112) can0 02051081#0000000000000000
(1789442130.403171) can0 0205B801#00006E0600182000
(1789442130.403627) can0 01011840#FFFFFFFFFFFFFFFF
(1789442130.404015) can0 02051081#0000000000000000
(1789442130.423179) can0 0205B801#00006E0600182000
(1789442130.423643) can0 01011840#FFFFFFFFFFFFFFFF
(1789442130.424039) can0 02051081#0000000000000000
(1789442130.443389) can0 0205B801#00006E0600182000
(1789442130.443479) can0 01011840#FFFFFFFFFFFFFFFF
(1789442130.443871) can0 02051081#0000000000000000
(1789442130.463204) can0 0205B801#00006E0600182000
(1789442130.463656) can0 01011840#FFFFFFFFFFFFFFFF
(1789442130.464048) can0 02051081#0000000000000000
(1789442130.483202) can0 0205B801#00006D0600182000
(1789442130.483784) can0 01011840#FFFFFFFFFFFFFFFF
(1789442130.484180) can0 02051081#0000000000000000
(1789442130.503424) can0 0205B801#00006E0600182000
(1789442130.503516) can0 01011840#FFFFFFFFFFFFFFFF
(1789442130.503906) can0 02051081#0000000000000000
(1789442130.523192) can0 0205B801#00006E0600182000
(1789442130.523629) can0 01011840#FFFFFFFFFFFFFFFF
(1789442130.524019) can0 02051081#0000000000000000
(1789442130.543154) can0 0205B801#00006E0600182000
(1789442130.543593) can0 01011840#FFFFFFFFFFFFFFFF
(1789442130.543984) can0 02051081#0000000000000000
(1789442130.563380) can0 0205B801#00006D0600182000
(1789442130.563471) can0 01011840#FFFFFFFFFFFFFFFF
(1789442130.563862) can0 02051081#0000000000000000
(1789442130.583181) can0 0205B801#00006D0600182000
(1789442130.583648) can0 01011840#FFFFFFFFFFFFFFFF
(1789442130.584244) can0 02051081#0000000000000000
(1789442130.603162) can0 0205B801#00006E0600182000
(1789442130.603605) can0 01011840#FFFFFFFFFFFFFFFF
(1789442130.603983) can0 02051081#0000000000000000
(1789442130.606153) can0 0205B841#0000000000400000
(1789442130.620189) can0 02051801#0000FFFFFFFF0000
(1789442130.622133) can0 0205BC01#6B392E9A
(1789442130.623389) can0 0205B801#00006F0600182000
(1789442130.623477) can0 01011840#FFFFFFFFFFFFFFFF
(1789442130.623866) can0 02051081#0000000000000000
(1789442130.643163) can0 0205B801#00006E0600182000
(1789442130.643620) can0 01011840#FFFFFFFFFFFFFFFF
(1789442130.644015) can0 02051081#0000000000000000
(1789442130.663151) can0 0205B801#00006F0600182000
(1789442130.663596) can0 01011840#FFFFFFFFFFFFFFFF
(1789442130.663987) can0 02051081#0000000000000000
(1789442130.683211) can0 0205B801#00006E0600182000
(1789442130.683659) can0 01011840#FFFFFFFFFFFFFFFF
(1789442130.684052) can0 02051081#0000000000000000
(1789442130.703154) can0 0205B801#00006D0600182000
(1789442130.703607) can0 01011840#FFFFFFFFFFFFFFFF
(1789442130.703999) can0 02051081#0000000000000000
(1789442130.723155) can0 0205B801#00006D0600182000
(1789442130.723624) can0 01011840#FFFFFFFFFFFFFFFF
(1789442130.724019) can0 02051081#0000000000000000
(1789442130.743403) can0 0205B801#00006E0600182000
(1789442130.743495) can0 01011840#FFFFFFFFFFFFFFFF
(1789442130.743888) can0 02051081#0000000000000000
(1789442130.763196) can0 0205B801#00006D0600182000
(1789442130.763638) can0 01011840#FFFFFFFFFFFFFFFF
(1789442130.764030) can0 02051081#0000000000000000
(1789442130.783217) can0 0205B801#00006D0600182000
(1789442130.783730) can0 01011840#FFFFFFFFFFFFFFFF
(1789442130.784160) can0 02051081#0000000000000000
(1789442130.803347) can0 0205B801#00006D0600182000
(1789442130.803782) can0 01011840#FFFFFFFFFFFFFFFF
(1789442130.804167) can0 02051081#0000000000000000
(1789442130.823194) can0 0205B801#00006D0600182000
(1789442130.823636) can0 01011840#FFFFFFFFFFFFFFFF
(1789442130.824030) can0 02051081#0000000000000000
(1789442130.843159) can0 0205B801#00006E0600182000
(1789442130.843596) can0 01011840#FFFFFFFFFFFFFFFF
(1789442130.843971) can0 02051081#0000000000000000
(1789442130.856152) can0 0205B841#0000000000400000
(1789442130.863394) can0 0205B801#00006D0600182000
(1789442130.863483) can0 01011840#FFFFFFFFFFFFFFFF
(1789442130.863871) can0 02051081#0000000000000000
(1789442130.883155) can0 0205B801#00006D0600182000
(1789442130.883603) can0 01011840#FFFFFFFFFFFFFFFF
(1789442130.883993) can0 02051081#0000000000000000
(1789442130.903171) can0 0205B801#00006E0600182000
(1789442130.903620) can0 01011840#FFFFFFFFFFFFFFFF
(1789442130.904011) can0 02051081#0000000000000000
(1789442130.923432) can0 0205B801#00006E0600182000
(1789442130.923525) can0 01011840#FFFFFFFFFFFFFFFF
(1789442130.923914) can0 02051081#0000000000000000
(1789442130.943185) can0 0205B801#00006E0600182000
(1789442130.943649) can0 01011840#FFFFFFFFFFFFFFFF
(1789442130.944050) can0 02051081#0000000000000000
(1789442130.963222) can0 0205B801#00006E0600182000
(1789442130.963679) can0 01011840#FFFFFFFFFFFFFFFF
(1789442130.964062) can0 02051081#0000000000000000
(1789442130.983391) can0 0205B801#00006E0600182000
(1789442130.983883) can0 01011840#FFFFFFFFFFFFFFFF
(1789442130.984294) can0 02051081#0000000000000000
(1789442131.003210) can0 0205B801#00006E0600182000
(1789442131.003727) can0 01011840#FFFFFFFFFFFFFFFF
(1789442131.004131) can0 02051081#0000000000000000
(1789442131.023193) can0 0205B801#00006D0600182000
(1789442131.024105) can0 01011840#FFFFFFFFFFFFFFFF
(1789442131.024503) can0 02051081#0000000000000000
(1789442131.043334) can0 0205B801#00006E0600182000
(1789442131.043786) can0 01011840#FFFFFFFFFFFFFFFF
(1789442131.044173) can0 02051081#0000000000000000
(1789442131.063201) can0 0205B801#00006D0600182000
(1789442131.063699) can0 01011840#FFFFFFFFFFFFFFFF
(1789442131.064214) can0 02051081#0000000000000000
(1789442131.083163) can0 0205B801#00006E0600182000
(1789442131.083647) can0 01011840#FFFFFFFFFFFFFFFF
(1789442131.084030) can0 02051081#0000000000000000
(1789442131.103224) can0 0205B801#00006D0600182000
(1789442131.103724) can0 01011840#FFFFFFFFFFFFFFFF
(1789442131.104131) can0 02051081#0000000000000000
(1789442131.106171) can0 0205B841#0000000000400000
(1789442131.123218) can0 0205B801#00006E0600182000
(1789442131.123760) can0 01011840#FFFFFFFFFFFFFFFF
(1789442131.124144) can0 02051081#0000000000000000
(1789442131.143164) can0 0205B801#00006E0600182000
(1789442131.143824) can0 01011840#FFFFFFFFFFFFFFFF
(1789442131.144245) can0 02051081#0000000000000000
(1789442131.163229) can0 0205B801#00006D0600182000
(1789442131.163896) can0 01011840#FFFFFFFFFFFFFFFF
(1789442131.164289) can0 02051081#0000000000000000
(1789442131.183181) can0 0205B801#00006E0600182000
(1789442131.183646) can0 01011840#FFFFFFFFFFFFFFFF
(1789442131.184038) can0 02051081#0000000000000000
(1789442131.203178) can0 0205B801#00006E0600182000
(1789442131.203637) can0 01011840#FFFFFFFFFFFFFFFF
(1789442131.204038) can0 02051081#0000000000000000
(1789442131.223257) can0 0205B801#00006E0600182000
(1789442131.223818) can0 01011840#FFFFFFFFFFFFFFFF
(1789442131.224316) can0 02051081#0000000000000000
(1789442131.243234) can0 0205B801#00006E0600182000
(1789442131.243706) can0 01011840#FFFFFFFFFFFFFFFF
(1789442131.244095) can0 02051081#0000000000000000
(1789442131.263209) can0 0205B801#00006D0600182000
(1789442131.263687) can0 01011840#FFFFFFFFFFFFFFFF
(1789442131.264081) can0 02051081#0000000000000000
(1789442131.283249) can0 0205B801#00006D0600182000
(1789442131.284289) can0 01011840#FFFFFFFFFFFFFFFF
(1789442131.284949) can0 02051081#0000000000000000
(1789442131.303229) can0 0205B801#00006E0600182000
(1789442131.303850) can0 01011840#FFFFFFFFFFFFFFFF
(1789442131.304229) can0 02051081#0000000000000000
(1789442131.323178) can0 0205B801#00006E0600182000
(1789442131.323649) can0 01011840#FFFFFFFFFFFFFFFF
(1789442131.324035) can0 02051081#0000000000000000
(1789442131.343357) can0 0205B801#00006F0600182000
(1789442131.343846) can0 01011840#FFFFFFFFFFFFFFFF
(1789442131.344257) can0 02051081#0000000000000000
(1789442131.356170) can0 0205B841#0000000000400000
(1789442131.363158) can0 0205B801#00006D0600182000
(1789442131.363900) can0 01011840#FFFFFFFFFFFFFFFF
(1789442131.364319) can0 02051081#0000000000000000
(1789442131.383225) can0 0205B801#00006E0600182000
(1789442131.383696) can0 01011840#FFFFFFFFFFFFFFFF
(1789442131.384083) can0 02051081#0000000000000000
(1789442131.403392) can0 0205B801#00006E0600182000
(1789442131.404143) can0 01011840#FFFFFFFFFFFFFFFF
(1789442131.404556) can0 02051081#0000000000000000
(1789442131.423276) can0 0205B801#00006E0600182000
(1789442131.423743) can0 01011840#FFFFFFFFFFFFFFFF
(1789442131.424139) can0 02051081#0000000000000000
(1789442131.443223) can0 0205B801#00006D0600182000
(1789442131.443725) can0 01011840#FFFFFFFFFFFFFFFF
(1789442131.444140) can0 02051081#0000000000000000
(1789442131.463318) can0 0205B801#00006E0600182000
(1789442131.463782) can0 01011840#FFFFFFFFFFFFFFFF
(1789442131.464159) can0 02051081#0000000000000000
(1789442131.483190) can0 0205B801#00006E0600182000
(1789442131.483667) can0 01011840#FFFFFFFFFFFFFFFF
(1789442131.484076) can0 02051081#0000000000000000
(1789442131.503180) can0 0205B801#00006E0600182000
(1789442131.503897) can0 01011840#FFFFFFFFFFFFFFFF
(1789442131.504290) can0 02051081#0000000000000000
(1789442131.523234) can0 0205B801#00006E0600182000
(1789442131.523704) can0 01011840#FFFFFFFFFFFFFFFF
(1789442131.524096) can0 02051081#0000000000000000
(1789442131.543156) can0 0205B801#00006E0600182000
(1789442131.543615) can0 01011840#FFFFFFFFFFFFFFFF
(1789442131.544010) can0 02051081#0000000000000000
(1789442131.563155) can0 0205B801#00006D0600182000
(1789442131.563632) can0 01011840#FFFFFFFFFFFFFFFF
(1789442131.564156) can0 02051081#0000000000000000
(1789442131.583211) can0 0205B801#00006E0600182000
(1789442131.583663) can0 01011840#FFFFFFFFFFFFFFFF
(1789442131.584053) can0 02051081#0000000000000000
(1789442131.603197) can0 0205B801#00006D0600182000
(1789442131.603647) can0 01011840#FFFFFFFFFFFFFFFF
(1789442131.604039) can0 02051081#0000000000000000
(1789442131.606135) can0 0205B841#0000000000400000
(1789442131.620168) can0 02051801#0000FFFFFFFF0000
(1789442131.622108) can0 0205BC01#6B392E9A
(1789442131.623140) can0 0205B801#00006D0600182000
(1789442131.623579) can0 01011840#FFFFFFFFFFFFFFFF
(1789442131.623968) can0 02051081#0000000000000000
(1789442131.643195) can0 0205B801#00006E0600182000
(1789442131.643651) can0 01011840#FFFFFFFFFFFFFFFF
(1789442131.644044) can0 02051081#0000000000000000
(1789442131.663148) can0 0205B801#00006D0600182000
(1789442131.663590) can0 01011840#FFFFFFFFFFFFFFFF
(1789442131.663981) can0 02051081#0000000000000000
(1789442131.683148) can0 0205B801#00006E0600182000
(1789442131.683616) can0 01011840#FFFFFFFFFFFFFFFF
(1789442131.684607) can0 02051081#0000000000000000
(1789442131.703402) can0 0205B801#00006E0600182000
(1789442131.703493) can0 01011840#FFFFFFFFFFFFFFFF
(1789442131.703882) can0 02051081#0000000000000000
(1789442131.723179) can0 0205B801#00006E0600182000
(1789442131.723619) can0 01011840#FFFFFFFFFFFFFFFF
(1789442131.724007) can0 02051081#0000000000000000
(1789442131.743182) can0 0205B801#00006D0600182000
(1789442131.743682) can0 01011840#FFFFFFFFFFFFFFFF
(1789442131.744117) can0 02051081#0000000000000000
(1789442131.763214) can0 0205B801#00006E0600182000
(1789442131.763669) can0 01011840#FFFFFFFFFFFFFFFF
(1789442131.764056) can0 02051081#0000000000000000
(1789442131.783154) can0 0205B801#00006E0600182000
(1789442131.783605) can0 01011840#FFFFFFFFFFFFFFFF
(1789442131.783994) can0 02051081#0000000000000000
(1789442131.803188) can0 0205B801#00006E0600182000
(1789442131.803635) can0 01011840#FFFFFFFFFFFFFFFF
(1789442131.804029) can0 02051081#0000000000000000
(1789442131.823189) can0 0205B801#00006E0600182000
(1789442131.823635) can0 01011840#FFFFFFFFFFFFFFFF
(1789442131.824028) can0 02051081#0000000000000000
(1789442131.843181) can0 0205B801#00006E0600182000
(1789442131.843635) can0 01011840#FFFFFFFFFFFFFFFF
(1789442131.844032) can0 02051081#0000000000000000
(1789442131.856200) can0 0205B841#0000000000400000
(1789442131.863173) can0 0205B801#00006E0600182000
(1789442131.863642) can0 01011840#FFFFFFFFFFFFFFFF
(1789442131.864047) can0 02051081#0000000000000000
(1789442131.883206) can0 0205B801#00006E0600182000
(1789442131.883651) can0 01011840#FFFFFFFFFFFFFFFF
(1789442131.884029) can0 02051081#0000000000000000
(1789442131.903148) can0 0205B801#00006D0600182000
(1789442131.903596) can0 01011840#FFFFFFFFFFFFFFFF
(1789442131.903974) can0 02051081#0000000000000000
(1789442131.923160) can0 0205B801#00006E0600182000
(1789442131.923620) can0 01011840#FFFFFFFFFFFFFFFF
(1789442131.924017) can0 02051081#0000000000000000
(1789442131.943353) can0 0205B801#00006E0600182000
(1789442131.943795) can0 01011840#FFFFFFFFFFFFFFFF
(1789442131.944187) can0 02051081#0000000000000000
(1789442131.963211) can0 0205B801#00006E0600182000
(1789442131.963694) can0 01011840#FFFFFFFFFFFFFFFF
(1789442131.964093) can0 02051081#0000000000000000
(1789442131.983183) can0 0205B801#00006E0600182000
(1789442131.983617) can0 01011840#FFFFFFFFFFFFFFFF
(1789442131.983996) can0 02051081#0000000000000000
(1789442132.003293) can0 0205B801#00006E0600182000
(1789442132.003736) can0 01011840#FFFFFFFFFFFFFFFF
(1789442132.004125) can0 02051081#0000000000000000
(1789442132.023143) can0 0205B801#00006E0600182000
(1789442132.023586) can0 01011840#FFFFFFFFFFFFFFFF
(1789442132.023967) can0 02051081#0000000000000000
(1789442132.043137) can0 0205B801#00006E0600182000
(1789442132.043590) can0 01011840#FFFFFFFFFFFFFFFF
(1789442132.043991) can0 02051081#0000000000000000
(1789442132.063192) can0 0205B801#00006E0600182000
(1789442132.063636) can0 01011840#FFFFFFFFFFFFFFFF
(1789442132.064028) can0 02051081#0000000000000000
(1789442132.083178) can0 0205B801#00006E0600182000
(1789442132.083622) can0 01011840#FFFFFFFFFFFFFFFF
(1789442132.084013) can0 02051081#0000000000000000
(1789442132.103138) can0 0205B801#00006E0600182000
(1789442132.103595) can0 01011840#FFFFFFFFFFFFFFFF
(1789442132.103987) can0 02051081#0000000000000000
(1789442132.106174) can0 0205B841#0000000000400000
(1789442132.123180) can0 0205B801#00006E0600182000
(1789442132.123625) can0 01011840#FFFFFFFFFFFFFFFF
(1789442132.124017) can0 02051081#0000000000000000
(1789442132.143128) can0 0205B801#00006D0600182000
(1789442132.143575) can0 01011840#FFFFFFFFFFFFFFFF
(1789442132.143966) can0 02051081#0000000000000000
(1789442132.163190) can0 0205B801#00006E0600182000
(1789442132.163654) can0 01011840#FFFFFFFFFFFFFFFF
(1789442132.164050) can0 02051081#0000000000000000
(1789442132.183295) can0 0205B801#00006E0600182000
(1789442132.183729) can0 01011840#FFFFFFFFFFFFFFFF
(1789442132.184110) can0 02051081#0000000000000000
(1789442132.203193) can0 0205B801#00006E0600182000
(1789442132.203637) can0 01011840#FFFFFFFFFFFFFFFF
(1789442132.204025) can0 02051081#0000000000000000
(1789442132.223162) can0 0205B801#00006D0600182000
(1789442132.223639) can0 01011840#FFFFFFFFFFFFFFFF
(1789442132.224043) can0 02051081#0000000000000000
(1789442132.243219) can0 0205B801#00006D0600182000
(1789442132.243677) can0 01011840#FFFFFFFFFFFFFFFF
(1789442132.244067) can0 02051081#0000000000000000
(1789442132.263203) can0 0205B801#00006E0600182000
(1789442132.263916) can0 01011840#FFFFFFFFFFFFFFFF
(1789442132.264377) can0 02051081#0000000000000000
(1789442132.283166) can0 0205B801#00006D0600182000
(1789442132.283703) can0 01011840#FFFFFFFFFFFFFFFF
(1789442132.284089) can0 02051081#0000000000000000
(1789442132.303207) can0 0205B801#00006D0600182000
(1789442132.303668) can0 01011840#FFFFFFFFFFFFFFFF
(1789442132.304059) can0 02051081#0000000000000000
(1789442132.323178) can0 0205B801#00006D0600182000
(1789442132.323679) can0 01011840#FFFFFFFFFFFFFFFF
(1789442132.324103) can0 02051081#0000000000000000
(1789442132.343209) can0 0205B801#00006E0600182000
(1789442132.343668) can0 01011840#FFFFFFFFFFFFFFFF
(1789442132.344056) can0 02051081#0000000000000000
(1789442132.356187) can0 0205B841#0000000000400000
(1789442132.363186) can0 0205B801#00006E0600182000
(1789442132.363632) can0 01011840#FFFFFFFFFFFFFFFF
(1789442132.364030) can0 02051081#0000000000000000
(1789442132.383142) can0 0205B801#00006D0600182000
(1789442132.383591) can0 01011840#FFFFFFFFFFFFFFFF
(1789442132.383978) can0 02051081#0000000000000000
(1789442132.403188) can0 0205B801#00006E0600182000
(1789442132.403709) can0 01011840#FFFFFFFFFFFFFFFF
(1789442132.405412) can0 02051081#0000000000000000
(1789442132.423213) can0 0205B801#00006D0600182000
(1789442132.423721) can0 01011840#FFFFFFFFFFFFFFFF
(1789442132.424139) can0 02051081#0000000000000000
(1789442132.443169) can0 0205B801#00006E0600182000
(1789442132.443614) can0 01011840#FFFFFFFFFFFFFFFF
(1789442132.443993) can0 02051081#0000000000000000
(1789442132.463183) can0 0205B801#00006D0600182000
(1789442132.463627) can0 01011840#FFFFFFFFFFFFFFFF
(1789442132.464017) can0 02051081#0000000000000000
(1789442132.483297) can0 0205B801#00006E0600182000
(1789442132.483737) can0 01011840#FFFFFFFFFFFFFFFF
(1789442132.484125) can0 02051081#0000000000000000
(1789442132.503186) can0 0205B801#00006E0600182000
(1789442132.503643) can0 01011840#FFFFFFFFFFFFFFFF
(1789442132.504032) can0 02051081#0000000000000000
(1789442132.523161) can0 0205B801#00006D0600182000
(1789442132.523649) can0 01011840#FFFFFFFFFFFFFFFF
(1789442132.525030) can0 02051081#0000000000000000
(1789442132.543311) can0 0205B801#00006E0600182000
(1789442132.543783) can0 01011840#FFFFFFFFFFFFFFFF
(1789442132.544173) can0 02051081#0000000000000000
(1789442132.563158) can0 0205B801#00006E0600182000
(1789442132.563638) can0 01011840#FFFFFFFFFFFFFFFF
(1789442132.564029) can0 02051081#0000000000000000
(1789442132.583142) can0 0205B801#00006E0600182000
(1789442132.583607) can0 01011840#FFFFFFFFFFFFFFFF
(1789442132.583999) can0 02051081#0000000000000000
(1789442132.603192) can0 0205B801#00006D0600182000
(1789442132.603631) can0 01011840#FFFFFFFFFFFFFFFF
(1789442132.604028) can0 02051081#0000000000000000
(1789442132.606190) can0 0205B841#0000000000400000
(1789442132.620137) can0 02051801#0000FFFFFFFF0000
(1789442132.622137) can0 0205BC01#6B392E9A
(1789442132.623181) can0 0205B801#00006D0600182000
(1789442132.623655) can0 01011840#FFFFFFFFFFFFFFFF
(1789442132.624436) can0 02051081#0000000000000000
(1789442132.643148) can0 0205B801#00006D0600182000
(1789442132.643661) can0 01011840#FFFFFFFFFFFFFFFF
(1789442132.644061) can0 02051081#0000000000000000
(1789442132.663189) can0 0205B801#00006E0600182000
(1789442132.663623) can0 01011840#FFFFFFFFFFFFFFFF
(1789442132.664000) can0 02051081#0000000000000000
(1789442132.683140) can0 0205B801#00006E0600182000
(1789442132.683601) can0 01011840#FFFFFFFFFFFFFFFF
(1789442132.683986) can0 02051081#0000000000000000
(1789442132.703185) can0 0205B801#00006E0600182000
(1789442132.703629) can0 01011840#FFFFFFFFFFFFFFFF
(1789442132.704241) can0 02051081#0000000000000000
(1789442132.723180) can0 0205B801#00006E0600182000
(1789442132.723643) can0 01011840#FFFFFFFFFFFFFFFF
(1789442132.724039) can0 02051081#0000000000000000
(1789442132.743180) can0 0205B801#00006E0600182000
(1789442132.743622) can0 01011840#FFFFFFFFFFFFFFFF
(1789442132.744013) can0 02051081#0000000000000000
(1789442132.763187) can0 0205B801#00006E0600182000
(1789442132.763649) can0 01011840#FFFFFFFFFFFFFFFF
(1789442132.764046) can0 02051081#0000000000000000
(1789442132.783298) can0 0205B801#00006D0600182000
(1789442132.783868) can0 01011840#FFFFFFFFFFFFFFFF
(1789442132.784300) can0 02051081#0000000000000000
(1789442132.803212) can0 0205B801#00006D0600182000
(1789442132.803721) can0 01011840#FFFFFFFFFFFFFFFF
(1789442132.806653) can0 02051081#0000000000000000
(1789442132.823171) can0 0205B801#00006E0600182000
(1789442132.826488) can0 01011840#FFFFFFFFFFFFFFFF
(1789442132.826919) can0 02051081#0000000000000000
(1789442132.843146) can0 0205B801#00006E0600182000
(1789442132.844985) can0 01011840#FFFFFFFFFFFFFFFF
(1789442132.845377) can0 02051081#0000000000000000
(1789442132.856162) can0 0205B841#0000000000400000
(1789442132.863178) can0 0205B801#00006E0600182000
(1789442132.864003) can0 01011840#FFFFFFFFFFFFFFFF
(1789442132.864431) can0 02051081#0000000000000000
(1789442132.883151) can0 0205B801#00006E0600182000
(1789442132.883757) can0 01011840#FFFFFFFFFFFFFFFF
(1789442132.884808) can0 02051081#0000000000000000
(1789442132.903262) can0 0205B801#00006E0600182000
(1789442132.903939) can0 01011840#FFFFFFFFFFFFFFFF
(1789442132.905662) can0 02051081#0000000000000000
(1789442132.923150) can0 0205B801#00006E0600182000
(1789442132.923771) can0 01011840#FFFFFFFFFFFFFFFF
(1789442132.924162) can0 02051081#0000000000000000
(1789442132.943286) can0 0205B801#00006D0600182000
(1789442132.944124) can0 01011840#FFFFFFFFFFFFFFFF
(1789442132.944696) can0 02051081#0000000000000000
(1789442132.963306) can0 0205B801#00006E0600182000
(1789442132.963750) can0 01011840#FFFFFFFFFFFFFFFF
(1789442132.964131) can0 02051081#0000000000000000
(1789442132.983210) can0 0205B801#00006D0600182000
(1789442132.983732) can0 01011840#FFFFFFFFFFFFFFFF
(1789442132.984172) can0 02051081#0000000000000000
(1789442133.003170) can0 0205B801#00006E0600182000
(1789442133.003689) can0 01011840#FFFFFFFFFFFFFFFF
(1789442133.004087) can0 02051081#0000000000000000
(1789442133.023206) can0 0205B801#00006E0600182000
(1789442133.023717) can0 01011840#FFFFFFFFFFFFFFFF
(1789442133.024102) can0 02051081#0000000000000000
(1789442133.043142) can0 0205B801#00006D0600182000
(1789442133.043600) can0 01011840#FFFFFFFFFFFFFFFF
(1789442133.043993) can0 02051081#0000000000000000
(1789442133.063135) can0 0205B801#00006E0600182000
(1789442133.063585) can0 01011840#FFFFFFFFFFFFFFFF
(1789442133.063966) can0 02051081#0000000000000000
(1789442133.083239) can0 0205B801#00006D0600182000
(1789442133.083833) can0 01011840#FFFFFFFFFFFFFFFF
(1789442133.084225) can0 02051081#0000000000000000
(1789442133.103217) can0 0205B801#00006D0600182000
(1789442133.103755) can0 01011840#FFFFFFFFFFFFFFFF
(1789442133.104146) can0 02051081#0000000000000000
(1789442133.106122) can0 0205B841#0000000000400000
(1789442133.123159) can0 0205B801#00006E0600182000
(1789442133.123687) can0 01011840#FFFFFFFFFFFFFFFF
(1789442133.124080) can0 02051081#0000000000000000
(1789442133.143178) can0 0205B801#00006D0600182000
(1789442133.143626) can0 01011840#FFFFFFFFFFFFFFFF
(1789442133.144016) can0 02051081#0000000000000000
(1789442133.163129) can0 0205B801#00006E0600182000
(1789442133.163575) can0 01011840#FFFFFFFFFFFFFFFF
(1789442133.163965) can0 02051081#0000000000000000
(1789442133.183182) can0 0205B801#00006E0600182000
(1789442133.184703) can0 01011840#FFFFFFFFFFFFFFFF
(1789442133.185134) can0 02051081#0000000000000000
(1789442133.203271) can0 0205B801#00006E0600182000
(1789442133.203705) can0 01011840#FFFFFFFFFFFFFFFF
(1789442133.204092) can0 02051081#0000000000000000
(1789442133.223153) can0 0205B801#00006D0600182000
(1789442133.223594) can0 01011840#FFFFFFFFFFFFFFFF
(1789442133.223986) can0 02051081#0000000000000000
(1789442133.243139) can0 0205B801#00006D0600182000
(1789442133.243595) can0 01011840#FFFFFFFFFFFFFFFF
(1789442133.243987) can0 02051081#0000000000000000
(1789442133.263158) can0 0205B801#00006D0600182000
(1789442133.263593) can0 01011840#FFFFFFFFFFFFFFFF
(1789442133.263983) can0 02051081#0000000000000000
(1789442133.283118) can0 0205B801#00006E0600182000
(1789442133.283561) can0 01011840#FFFFFFFFFFFFFFFF
(1789442133.283955) can0 02051081#0000000000000000
(1789442133.303165) can0 0205B801#00006D0600182000
(1789442133.303740) can0 01011840#FFFFFFFFFFFFFFFF
(1789442133.304132) can0 02051081#0000000000000000
(1789442133.323153) can0 0205B801#00006E0600182000
(1789442133.323588) can0 01011840#FFFFFFFFFFFFFFFF
(1789442133.323976) can0 02051081#0000000000000000
(1789442133.343169) can0 0205B801#00006C0600182000
(1789442133.343607) can0 01011840#FFFFFFFFFFFFFFFF
(1789442133.343987) can0 02051081#0000000000000000
(1789442133.356107) can0 0205B841#0000000000400000
(1789442133.363102) can0 0205B801#00006E0600182000
(1789442133.363533) can0 01011840#FFFFFFFFFFFFFFFF
(1789442133.363923) can0 02051081#0000000000000000
(1789442133.383157) can0 0205B801#00006E0600182000
(1789442133.383596) can0 01011840#FFFFFFFFFFFFFFFF
(1789442133.383987) can0 02051081#0000000000000000
(1789442133.403108) can0 0205B801#00006E0600182000
(1789442133.403543) can0 01011840#FFFFFFFFFFFFFFFF
(1789442133.403947) can0 02051081#0000000000000000
(1789442133.423148) can0 0205B801#00006E0600182000
(1789442133.423592) can0 01011840#FFFFFFFFFFFFFFFF
(1789442133.423985) can0 02051081#0000000000000000
(1789442133.443154) can0 0205B801#00006E0600182000
(1789442133.443593) can0 01011840#FFFFFFFFFFFFFFFF
(1789442133.443983) can0 02051081#0000000000000000
(1789442133.463147) can0 0205B801#00006E0600182000
(1789442133.463581) can0 01011840#FFFFFFFFFFFFFFFF
(1789442133.463971) can0 02051081#0000000000000000
(1789442133.483194) can0 0205B801#00006E0600182000
(1789442133.483677) can0 01011840#FFFFFFFFFFFFFFFF
(1789442133.484078) can0 02051081#0000000000000000
(1789442133.503378) can0 0205B801#00006E0600182000
(1789442133.503468) can0 01011840#FFFFFFFFFFFFFFFF
(1789442133.503853) can0 02051081#0000000000000000
(1789442133.523147) can0 0205B801#00006D0600182000
(1789442133.523593) can0 01011840#FFFFFFFFFFFFFFFF
(1789442133.523985) can0 02051081#0000000000000000
(1789442133.543109) can0 0205B801#00006E0600182000
(1789442133.543543) can0 01011840#FFFFFFFFFFFFFFFF
(1789442133.543933) can0 02051081#0000000000000000
(1789442133.563394) can0 0205B801#00006E0600182000
(1789442133.563492) can0 01011840#FFFFFFFFFFFFFFFF
(1789442133.563892) can0 02051081#0000000000000000
(1789442133.583111) can0 0205B801#00006E0600182000
(1789442133.583557) can0 01011840#FFFFFFFFFFFFFFFF
(1789442133.583950) can0 02051081#0000000000000000
(1789442133.603110) can0 0205B801#00006E0600182000
(1789442133.603551) can0 01011840#FFFFFFFFFFFFFFFF
(1789442133.603944) can0 02051081#0000000000000000
(1789442133.606112) can0 0205B841#0000000000400000
(1789442133.620148) can0 02051801#0000FFFFFFFF0000
(1789442133.622100) can0 0205BC01#6B392E9A
(1789442133.623368) can0 0205B801#00006F0600182000
(1789442133.623457) can0 01011840#FFFFFFFFFFFFFFFF
(1789442133.623850) can0 02051081#0000000000000000
(1789442133.643109) can0 0205B801#00006E0600182000
(1789442133.643544) can0 01011840#FFFFFFFFFFFFFFFF
(1789442133.643935) can0 02051081#0000000000000000
(1789442133.663103) can0 0205B801#00006D0600182000
(1789442133.663535) can0 01011840#FFFFFFFFFFFFFFFF
(1789442133.663925) can0 02051081#0000000000000000
(1789442133.683159) can0 0205B801#00006E0600182000
(1789442133.683597) can0 01011840#FFFFFFFFFFFFFFFF
(1789442133.683988) can0 02051081#0000000000000000
(1789442133.703105) can0 0205B801#00006E0600182000
(1789442133.703541) can0 01011840#FFFFFFFFFFFFFFFF
(1789442133.703931) can0 02051081#0000000000000000
(1789442133.723102) can0 0205B801#00006E0600182000
(1789442133.723534) can0 01011840#FFFFFFFFFFFFFFFF
(1789442133.723924) can0 02051081#0000000000000000
(1789442133.743343) can0 0205B801#00006E0600182000
(1789442133.743432) can0 01011840#FFFFFFFFFFFFFFFF
(1789442133.743823) can0 02051081#0000000000000000
(1789442133.763144) can0 0205B801#00006E0600182000
(1789442133.763583) can0 01011840#FFFFFFFFFFFFFFFF
(1789442133.763974) can0 02051081#0000000000000000
(1789442133.783168) can0 0205B801#00006E0600182000
(1789442133.783623) can0 01011840#FFFFFFFFFFFFFFFF
(1789442133.784019) can0 02051081#0000000000000000
(1789442133.803408) can0 0205B801#00006E0600182000
(1789442133.803502) can0 01011840#FFFFFFFFFFFFFFFF
(1789442133.803894) can0 02051081#0000000000000000
(1789442133.823154) can0 0205B801#00006E0600182000
(1789442133.823595) can0 01011840#FFFFFFFFFFFFFFFF
(1789442133.823986) can0 02051081#0000000000000000
(1789442133.843113) can0 0205B801#00006E0600182000
(1789442133.843558) can0 01011840#FFFFFFFFFFFFFFFF
(1789442133.843952) can0 02051081#0000000000000000
(1789442133.856106) can0 0205B841#0000000000400000
(1789442133.863367) can0 0205B801#00006E0600182000
(1789442133.863455) can0 01011840#FFFFFFFFFFFFFFFF
(1789442133.863845) can0 02051081#0000000000000000
(1789442133.883106) can0 0205B801#00006E0600182000
(1789442133.883553) can0 01011840#FFFFFFFFFFFFFFFF
(1789442133.883946) can0 02051081#0000000000000000
(1789442133.903103) can0 0205B801#00006D0600182000
(1789442133.903535) can0 01011840#FFFFFFFFFFFFFFFF
(1789442133.903925) can0 02051081#0000000000000000
(1789442133.923341) can0 0205B801#00006D0600182000
(1789442133.923435) can0 01011840#FFFFFFFFFFFFFFFF
(1789442133.923828) can0 02051081#0000000000000000
(1789442133.943122) can0 0205B801#00006E0600182000
(1789442133.943568) can0 01011840#FFFFFFFFFFFFFFFF
(1789442133.943964) can0 02051081#0000000000000000
(1789442133.963112) can0 0205B801#00006E0600182000
(1789442133.963542) can0 01011840#FFFFFFFFFFFFFFFF
(1789442133.963910) can0 02051081#0000000000000000
(1789442133.983145) can0 0205B801#00006E0600182000
(1789442133.983559) can0 01011840#FFFFFFFFFFFFFFFF
(1789442133.983931) can0 02051081#0000000000000000
(1789442134.003126) can0 0205B801#00006E0600182000
(1789442134.003589) can0 01011840#FFFFFFFFFFFFFFFF
(1789442134.003980) can0 02051081#0000000000000000
(1789442134.023139) can0 0205B801#00006E0600182000
(1789442134.023563) can0 01011840#FFFFFFFFFFFFFFFF
(1789442134.023947) can0 02051081#0000000000000000
(1789442134.043155) can0 0205B801#00006E0600182000
(1789442134.043594) can0 01011840#FFFFFFFFFFFFFFFF
(1789442134.043995) can0 02051081#0000000000000000
(1789442134.063164) can0 0205B801#00006E0600182000
(1789442134.063613) can0 01011840#FFFFFFFFFFFFFFFF
(1789442134.064009) can0 02051081#0000000000000000
(1789442134.083161) can0 0205B801#00006E0600182000
(1789442134.083751) can0 01011840#FFFFFFFFFFFFFFFF
(1789442134.084161) can0 02051081#0000000000000000
(1789442134.103380) can0 0205B801#00006E0600182000
(1789442134.103475) can0 01011840#FFFFFFFFFFFFFFFF
(1789442134.103864) can0 02051081#0000000000000000
(1789442134.106100) can0 0205B841#0000000000400000
(1789442134.123099) can0 0205B801#00006E0600182000
(1789442134.123532) can0 01011840#FFFFFFFFFFFFFFFF
(1789442134.123922) can0 02051081#0000000000000000
(1789442134.143140) can0 0205B801#00006E0600182000
(1789442134.143576) can0 01011840#FFFFFFFFFFFFFFFF
(1789442134.143966) can0 02051081#0000000000000000
(1789442134.163146) can0 0205B801#00006E0600182000
(1789442134.163589) can0 01011840#FFFFFFFFFFFFFFFF
(1789442134.163980) can0 02051081#0000000000000000
(1789442134.183149) can0 0205B801#00006D0600182000
(1789442134.183597) can0 01011840#FFFFFFFFFFFFFFFF
(1789442134.183989) can0 02051081#0000000000000000
(1789442134.203101) can0 0205B801#00006E0600182000
(1789442134.203536) can0 01011840#FFFFFFFFFFFFFFFF
(1789442134.203926) can0 02051081#0000000000000000
(1789442134.223341) can0 0205B801#00006E0600182000
(1789442134.223437) can0 01011840#FFFFFFFFFFFFFFFF
(1789442134.223830) can0 02051081#0000000000000000
(1789442134.243101) can0 0205B801#00006E0600182000
(1789442134.243533) can0 01011840#FFFFFFFFFFFFFFFF
(1789442134.243923) can0 02051081#0000000000000000
(1789442134.263130) can0 0205B801#00006E0600182000
(1789442134.263598) can0 01011840#FFFFFFFFFFFFFFFF
(1789442134.263995) can0 02051081#0000000000000000
(1789442134.283152) can0 0205B801#00006D0600182000
(1789442134.283595) can0 01011840#FFFFFFFFFFFFFFFF
(1789442134.283986) can0 02051081#0000000000000000
(1789442134.303164) can0 0205B801#00006D0600182000
(1789442134.303614) can0 01011840#FFFFFFFFFFFFFFFF
(1789442134.304007) can0 02051081#0000000000000000
(1789442134.323145) can0 0205B801#00006E0600182000
(1789442134.323589) can0 01011840#FFFFFFFFFFFFFFFF
(1789442134.323979) can0 02051081#0000000000000000
(1789442134.343197) can0 0205B801#00006E0600182000
(1789442134.343673) can0 01011840#FFFFFFFFFFFFFFFF
(1789442134.344079) can0 02051081#0000000000000000
(1789442134.356142) can0 0205B841#0000000000400000
(1789442134.363122) can0 0205B801#00006E0600182000
(1789442134.363571) can0 01011840#FFFFFFFFFFFFFFFF
(1789442134.363965) can0 02051081#0000000000000000
(1789442134.383148) can0 0205B801#00006E0600182000
(1789442134.383586) can0 01011840#FFFFFFFFFFFFFFFF
(1789442134.383970) can0 02051081#0000000000000000
(1789442134.403142) can0 0205B801#00006E0600182000
(1789442134.403566) can0 01011840#FFFFFFFFFFFFFFFF
(1789442134.403951) can0 02051081#0000000000000000
(1789442134.423094) can0 0205B801#00006E0600182000
(1789442134.423535) can0 01011840#FFFFFFFFFFFFFFFF
(1789442134.423926) can0 02051081#0000000000000000
(1789442134.443141) can0 0205B801#00006D0600182000
(1789442134.443592) can0 01011840#FFFFFFFFFFFFFFFF
(1789442134.443984) can0 02051081#0000000000000000
(1789442134.463254) can0 0205B801#00006E0600182000
(1789442134.463692) can0 01011840#FFFFFFFFFFFFFFFF
(1789442134.464082) can0 02051081#0000000000000000
(1789442134.483137) can0 0205B801#00006E0600182000
(1789442134.483578) can0 01011840#FFFFFFFFFFFFFFFF
(1789442134.483972) can0 02051081#0000000000000000
(1789442134.503105) can0 0205B801#00006E0600182000
(1789442134.503541) can0 01011840#FFFFFFFFFFFFFFFF
(1789442134.503933) can0 02051081#0000000000000000
(1789442134.523146) can0 0205B801#00006E0600182000
(1789442134.523577) can0 01011840#FFFFFFFFFFFFFFFF
(1789442134.523968) can0 02051081#0000000000000000
(1789442134.543095) can0 0205B801#00006E0600182000
(1789442134.543535) can0 01011840#FFFFFFFFFFFFFFFF
(1789442134.543926) can0 02051081#0000000000000000
(1789442134.563101) can0 0205B801#00006E0600182000
(1789442134.563537) can0 01011840#FFFFFFFFFFFFFFFF
(1789442134.563928) can0 02051081#0000000000000000
(1789442134.583146) can0 0205B801#00006E0600182000
(1789442134.583590) can0 01011840#FFFFFFFFFFFFFFFF
(1789442134.583981) can0 02051081#0000000000000000
(1789442134.603137) can0 0205B801#00006E0600182000
(1789442134.603571) can0 01011840#FFFFFFFFFFFFFFFF
(1789442134.603961) can0 02051081#0000000000000000
(1789442134.606102) can0 0205B841#0000000000400000
(1789442134.620142) can0 02051801#0000FFFFFFFF0000
(1789442134.622051) can0 0205BC01#6B392E9A
(1789442134.623087) can0 0205B801#00006E0600182000
(1789442134.623520) can0 01011840#FFFFFFFFFFFFFFFF
(1789442134.623912) can0 02051081#0000000000000000
(1789442134.643140) can0 0205B801#00006D0600182000
(1789442134.643576) can0 01011840#FFFFFFFFFFFFFFFF
(1789442134.643966) can0 02051081#0000000000000000
(1789442134.663100) can0 0205B801#00006E0600182000
(1789442134.663537) can0 01011840#FFFFFFFFFFFFFFFF
(1789442134.663929) can0 02051081#0000000000000000
(1789442134.683122) can0 0205B801#00006D0600182000
(1789442134.683606) can0 01011840#FFFFFFFFFFFFFFFF
(1789442134.684016) can0 02051081#0000000000000000
(1789442134.703259) can0 0205B801#00006F0600182000
(1789442134.703691) can0 01011840#FFFFFFFFFFFFFFFF
(1789442134.704074) can0 02051081#0000000000000000
(1789442134.723137) can0 0205B801#00006E0600182000
(1789442134.723574) can0 01011840#FFFFFFFFFFFFFFFF
(1789442134.723964) can0 02051081#0000000000000000
(1789442134.743108) can0 0205B801#00006E0600182000
(1789442134.743555) can0 01011840#FFFFFFFFFFFFFFFF
(1789442134.743948) can0 02051081#0000000000000000
(1789442134.763149) can0 0205B801#00006D0600182000
(1789442134.763592) can0 01011840#FFFFFFFFFFFFFFFF
(1789442134.763985) can0 02051081#0000000000000000
(1789442134.783093) can0 0205B801#00006E0600182000
(1789442134.783530) can0 01011840#FFFFFFFFFFFFFFFF
(1789442134.783921) can0 02051081#0000000000000000
(1789442134.803141) can0 0205B801#00006E0600182000
(1789442134.803591) can0 01011840#FFFFFFFFFFFFFFFF
(1789442134.803984) can0 02051081#0000000000000000
(1789442134.823154) can0 0205B801#00006E0600182000
(1789442134.823604) can0 01011840#FFFFFFFFFFFFFFFF
(1789442134.823997) can0 02051081#0000000000000000
(1789442134.843092) can0 0205B801#00006E0600182000
(1789442134.843535) can0 01011840#FFFFFFFFFFFFFFFF
(1789442134.843930) can0 02051081#0000000000000000
(1789442134.856094) can0 0205B841#0000000000400000
(1789442134.863097) can0 0205B801#00006D0600182000
(1789442134.863539) can0 01011840#FFFFFFFFFFFFFFFF
(1789442134.863932) can0 02051081#0000000000000000
(1789442134.883371) can0 0205B801#00006E0600182000
(1789442134.883465) can0 01011840#FFFFFFFFFFFFFFFF
(1789442134.883860) can0 02051081#0000000000000000
(1789442134.903092) can0 0205B801#00006E0600182000
(1789442134.903528) can0 01011840#FFFFFFFFFFFFFFFF
(1789442134.903918) can0 02051081#0000000000000000
(1789442134.923139) can0 0205B801#00006E0600182000
(1789442134.923578) can0 01011840#FFFFFFFFFFFFFFFF
(1789442134.923969) can0 02051081#0000000000000000
(1789442134.943138) can0 0205B801#00006D0600182000
(1789442134.943571) can0 01011840#FFFFFFFFFFFFFFFF
(1789442134.943961) can0 02051081#0000000000000000
(1789442134.963131) can0 0205B801#00006E0600182000
(1789442134.963563) can0 01011840#FFFFFFFFFFFFFFFF
(1789442134.963953) can0 02051081#0000000000000000
(1789442134.983130) can0 0205B801#00006E0600182000
(1789442134.983583) can0 01011840#FFFFFFFFFFFFFFFF
(1789442134.984039) can0 02051081#0000000000000000
(1789442135.003287) can0 0205B801#00006E0600182000
(1789442135.003925) can0 01011840#FFFFFFFFFFFFFFFF
(1789442135.004299) can0 02051081#0000000000000000
(1789442135.023122) can0 0205B801#00006E0600182000
(1789442135.023561) can0 01011840#FFFFFFFFFFFFFFFF
(1789442135.023952) can0 02051081#0000000000000000
(1789442135.043098) can0 0205B801#00006E0600182000
(1789442135.043544) can0 01011840#FFFFFFFFFFFFFFFF
(1789442135.043936) can0 02051081#0000000000000000
(1789442135.063277) can0 0205B801#00006F0600182000
(1789442135.063733) can0 01011840#FFFFFFFFFFFFFFFF
(1789442135.064129) can0 02051081#0000000000000000
(1789442135.083102) can0 0205B801#00006E0600182000
(1789442135.083557) can0 01011840#FFFFFFFFFFFFFFFF
(1789442135.083950) can0 02051081#0000000000000000
(1789442135.103096) can0 0205B801#00006E0600182000
(1789442135.103552) can0 01011840#FFFFFFFFFFFFFFFF
(1789442135.103943) can0 02051081#0000000000000000
(1789442135.106091) can0 0205B841#0000000000400000
(1789442135.123147) can0 0205B801#00006E0600182000
(1789442135.123602) can0 01011840#FFFFFFFFFFFFFFFF
(1789442135.123995) can0 02051081#0000000000000000
(1789442135.143139) can0 0205B801#00006E0600182000
(1789442135.143593) can0 01011840#FFFFFFFFFFFFFFFF
(1789442135.143985) can0 02051081#0000000000000000
(1789442135.163100) can0 0205B801#00006E0600182000
(1789442135.163547) can0 01011840#FFFFFFFFFFFFFFFF
(1789442135.163940) can0 02051081#0000000000000000
(1789442135.183243) can0 0205B801#00006E0600182000
(1789442135.183683) can0 01011840#FFFFFFFFFFFFFFFF
(1789442135.184072) can0 02051081#0000000000000000
(1789442135.203095) can0 0205B801#00006E0600182000
(1789442135.203539) can0 01011840#FFFFFFFFFFFFFFFF
(1789442135.203931) can0 02051081#0000000000000000
(1789442135.223088) can0 0205B801#00006E0600182000
(1789442135.223523) can0 01011840#FFFFFFFFFFFFFFFF
(1789442135.223914) can0 02051081#0000000000000000
(1789442135.243136) can0 0205B801#00006E0600182000
(1789442135.243573) can0 01011840#FFFFFFFFFFFFFFFF
(1789442135.243964) can0 02051081#0000000000000000
(1789442135.263086) can0 0205B801#00006E0600182000
(1789442135.263518) can0 01011840#FFFFFFFFFFFFFFFF
(1789442135.263908) can0 02051081#0000000000000000
(1789442135.283150) can0 0205B801#00006E0600182000
(1789442135.283616) can0 01011840#FFFFFFFFFFFFFFFF
(1789442135.284029) can0 02051081#0000000000000000
(1789442135.303283) can0 0205B801#00006F0600182000
(1789442135.303726) can0 01011840#FFFFFFFFFFFFFFFF
(1789442135.304112) can0 02051081#0000000000000000
(1789442135.323151) can0 0205B801#00006F0600182000
(1789442135.323612) can0 01011840#FFFFFFFFFFFFFFFF
(1789442135.324008) can0 02051081#0000000000000000
(1789442135.343096) can0 0205B801#00006E0600182000
(1789442135.343536) can0 01011840#FFFFFFFFFFFFFFFF
(1789442135.343929) can0 02051081#0000000000000000
(1789442135.356091) can0 0205B841#0000000000400000
(1789442135.363143) can0 0205B801#00006E0600182000
(1789442135.363585) can0 01011840#FFFFFFFFFFFFFFFF
(1789442135.363977) can0 02051081#0000000000000000
(1789442135.383083) can0 0205B801#00006E0600182000
(1789442135.383520) can0 01011840#FFFFFFFFFFFFFFFF
(1789442135.383910) can0 02051081#0000000000000000
(1789442135.403085) can0 0205B801#00006E0600182000
(1789442135.403517) can0 01011840#FFFFFFFFFFFFFFFF
(1789442135.403909) can0 02051081#0000000000000000
(1789442135.423328) can0 0205B801#00006E0600182000
(1789442135.423425) can0 01011840#FFFFFFFFFFFFFFFF
(1789442135.423815) can0 02051081#0000000000000000
(1789442135.443088) can0 0205B801#00006E0600182000
(1789442135.443537) can0 01011840#FFFFFFFFFFFFFFFF
(1789442135.443931) can0 02051081#0000000000000000
(1789442135.463140) can0 0205B801#00006E0600182000
(1789442135.463576) can0 01011840#FFFFFFFFFFFFFFFF
(1789442135.463966) can0 02051081#0000000000000000
(1789442135.483338) can0 0205B801#00006F0600182000
(1789442135.483431) can0 01011840#FFFFFFFFFFFFFFFF
(1789442135.483822) can0 02051081#0000000000000000
(1789442135.503087) can0 0205B801#00006E0600182000
(1789442135.503518) can0 01011840#FFFFFFFFFFFFFFFF
(1789442135.503911) can0 02051081#0000000000000000
(1789442135.523129) can0 0205B801#00006E0600182000
(1789442135.523563) can0 01011840#FFFFFFFFFFFFFFFF
(1789442135.523954) can0 02051081#0000000000000000
(1789442135.543145) can0 0205B801#00006E0600182000
(1789442135.543592) can0 01011840#FFFFFFFFFFFFFFFF
(1789442135.543983) can0 02051081#0000000000000000
(1789442135.563140) can0 0205B801#00006E0600182000
(1789442135.563580) can0 01011840#FFFFFFFFFFFFFFFF
(1789442135.563971) can0 02051081#0000000000000000
(1789442135.583091) can0 0205B801#00006D0600182000
(1789442135.583525) can0 01011840#FFFFFFFFFFFFFFFF
(1789442135.583916) can0 02051081#0000000000000000
(1789442135.603355) can0 0205B801#00006F0600182000
(1789442135.603461) can0 01011840#FFFFFFFFFFFFFFFF
(1789442135.603884) can0 02051081#0000000000000000
(1789442135.606126) can0 0205B841#0000000000400000
(1789442135.620195) can0 02051801#0000FFFFFFFF0000
(1789442135.622083) can0 0205BC01#6B392E9A
(1789442135.623107) can0 0205B801#00006F0600182000
(1789442135.623799) can0 01011840#FFFFFFFFFFFFFFFF
(1789442135.624203) can0 02051081#0000000000000000
(1789442135.643157) can0 0205B801#00006E0600182000
(1789442135.643791) can0 01011840#FFFFFFFFFFFFFFFF
(1789442135.644229) can0 02051081#0000000000000000
(1789442135.663389) can0 0205B801#00006E0600182000
(1789442135.664379) can0 01011840#FFFFFFFFFFFFFFFF
(1789442135.665634) can0 02051081#0000000000000000
(1789442135.683145) can0 0205B801#00006E0600182000
(1789442135.683607) can0 01011840#FFFFFFFFFFFFFFFF
(1789442135.683999) can0 02051081#0000000000000000
(1789442135.703093) can0 0205B801#00006E0600182000
(1789442135.703522) can0 01011840#FFFFFFFFFFFFFFFF
(1789442135.703893) can0 02051081#0000000000000000
(1789442135.723259) can0 0205B801#00006D0600182000
(1789442135.723973) can0 01011840#FFFFFFFFFFFFFFFF
(1789442135.724437) can0 02051081#0000000000000000
(1789442135.743203) can0 0205B801#00006F0600182000
(1789442135.743952) can0 01011840#FFFFFFFFFFFFFFFF
(1789442135.744462) can0 02051081#0000000000000000
(1789442135.763127) can0 0205B801#00006E0600182000
(1789442135.763613) can0 01011840#FFFFFFFFFFFFFFFF
(1789442135.764007) can0 02051081#0000000000000000
(1789442135.783265) can0 0205B801#00006E0600182000
(1789442135.784122) can0 01011840#FFFFFFFFFFFFFFFF
(1789442135.784521) can0 02051081#0000000000000000
(1789442135.803146) can0 0205B801#00006D0600182000
(1789442135.803695) can0 01011840#FFFFFFFFFFFFFFFF
(1789442135.804073) can0 02051081#0000000000000000
(1789442135.823167) can0 0205B801#00006E0600182000
(1789442135.823815) can0 01011840#FFFFFFFFFFFFFFFF
(1789442135.824195) can0 02051081#0000000000000000
(1789442135.843585) can0 0205B801#00006F0600182000
(1789442135.844766) can0 01011840#FFFFFFFFFFFFFFFF
(1789442135.845233) can0 02051081#0000000000000000
(1789442135.856127) can0 0205B841#0000000000400000
(1789442135.863120) can0 0205B801#00006E0600182000
(1789442135.863596) can0 01011840#FFFFFFFFFFFFFFFF
(1789442135.863975) can0 02051081#0000000000000000
(1789442135.883127) can0 0205B801#00006E0600182000
(1789442135.883621) can0 01011840#FFFFFFFFFFFFFFFF
(1789442135.884012) can0 02051081#0000000000000000
(1789442135.903114) can0 0205B801#00006E0600182000
(1789442135.903604) can0 01011840#FFFFFFFFFFFFFFFF
(1789442135.904008) can0 02051081#0000000000000000
(1789442135.923103) can0 0205B801#00006F0600182000
(1789442135.923586) can0 01011840#FFFFFFFFFFFFFFFF
(1789442135.924010) can0 02051081#0000000000000000
(1789442135.943183) can0 0205B801#00006E0600182000
(1789442135.943656) can0 01011840#FFFFFFFFFFFFFFFF
(1789442135.944052) can0 02051081#0000000000000000
(1789442135.963306) can0 0205B801#00006F0600182000
(1789442135.963761) can0 01011840#FFFFFFFFFFFFFFFF
(1789442135.964151) can0 02051081#0000000000000000
(1789442135.983153) can0 0205B801#00006E0600182000
(1789442135.984499) can0 01011840#FFFFFFFFFFFFFFFF
(1789442135.984902) can0 02051081#0000000000000000
(1789442136.003154) can0 0205B801#00006E0600182000
(1789442136.003645) can0 01011840#FFFFFFFFFFFFFFFF
(1789442136.004056) can0 02051081#0000000000000000
(1789442136.023517) can0 0205B801#00006F0600182000
(1789442136.023626) can0 01011840#FFFFFFFFFFFFFFFF
(1789442136.024292) can0 02051081#0000000000000000
(1789442136.043181) can0 0205B801#00006F0600182000
(1789442136.044150) can0 01011840#FFFFFFFFFFFFFFFF
(1789442136.044595) can0 02051081#0000000000000000
(1789442136.063150) can0 0205B801#00006E0600182000
(1789442136.063625) can0 01011840#FFFFFFFFFFFFFFFF
(1789442136.064009) can0 02051081#0000000000000000
(1789442136.083248) can0 0205B801#00006F0600182000
(1789442136.083696) can0 01011840#FFFFFFFFFFFFFFFF
(1789442136.084087) can0 02051081#0000000000000000
(1789442136.103115) can0 0205B801#00006E0600182000
(1789442136.103626) can0 01011840#FFFFFFFFFFFFFFFF
(1789442136.104020) can0 02051081#0000000000000000
(1789442136.106070) can0 0205B841#0000000000400000
(1789442136.123114) can0 0205B801#00006E0600182000
(1789442136.123544) can0 01011840#FFFFFFFFFFFFFFFF
(1789442136.123938) can0 02051081#0000000000000000
(1789442136.143339) can0 0205B801#00006F0600182000
(1789442136.143431) can0 01011840#FFFFFFFFFFFFFFFF
(1789442136.143823) can0 02051081#0000000000000000
(1789442136.163113) can0 0205B801#00006F0600182000
(1789442136.163548) can0 01011840#FFFFFFFFFFFFFFFF
(1789442136.163937) can0 02051081#0000000000000000
(1789442136.183071) can0 0205B801#00006E0600182000
(1789442136.183507) can0 01011840#FFFFFFFFFFFFFFFF
(1789442136.183896) can0 02051081#0000000000000000
(1789442136.203070) can0 0205B801#00006E0600182000
(1789442136.203500) can0 01011840#FFFFFFFFFFFFFFFF
(1789442136.203888) can0 02051081#0000000000000000
(1789442136.223097) can0 0205B801#00006E0600182000
(1789442136.223538) can0 01011840#FFFFFFFFFFFFFFFF
(1789442136.223923) can0 02051081#0000000000000000
(1789442136.243064) can0 0205B801#00006E0600182000
(1789442136.243484) can0 01011840#FFFFFFFFFFFFFFFF
(1789442136.243863) can0 02051081#0000000000000000
(1789442136.263120) can0 0205B801#00006E0600182000
(1789442136.263552) can0 01011840#FFFFFFFFFFFFFFFF
(1789442136.263941) can0 02051081#0000000000000000
(1789442136.283074) can0 0205B801#00006E0600182000
(1789442136.283511) can0 01011840#FFFFFFFFFFFFFFFF
(1789442136.283900) can0 02051081#0000000000000000
(1789442136.303115) can0 0205B801#00006E0600182000
(1789442136.303557) can0 01011840#FFFFFFFFFFFFFFFF
(1789442136.303946) can0 02051081#0000000000000000
(1789442136.323146) can0 0205B801#00006E0600182000
(1789442136.323602) can0 01011840#FFFFFFFFFFFFFFFF
(1789442136.323995) can0 02051081#0000000000000000
(1789442136.343138) can0 0205B801#00006E0600182000
(1789442136.343581) can0 01011840#FFFFFFFFFFFFFFFF
(1789442136.343963) can0 02051081#0000000000000000
(1789442136.356090) can0 0205B841#0000000000400000
(1789442136.363074) can0 0205B801#00006E0600182000
(1789442136.363541) can0 01011840#FFFFFFFFFFFFFFFF
(1789442136.363930) can0 02051081#0000000000000000
(1789442136.383136) can0 0205B801#00006E0600182000
(1789442136.383580) can0 01011840#FFFFFFFFFFFFFFFF
(1789442136.383971) can0 02051081#0000000000000000
(1789442136.403070) can0 0205B801#00006F0600182000
(1789442136.403502) can0 01011840#FFFFFFFFFFFFFFFF
(1789442136.403891) can0 02051081#0000000000000000
(1789442136.423075) can0 0205B801#00006E0600182000
(1789442136.423512) can0 01011840#FFFFFFFFFFFFFFFF
(1789442136.423901) can0 02051081#0000000000000000
(1789442136.443382) can0 0205B801#00006F0600182000
(1789442136.443476) can0 01011840#FFFFFFFFFFFFFFFF
(1789442136.443864) can0 02051081#0000000000000000
(1789442136.463110) can0 0205B801#00006E0600182000
(1789442136.463551) can0 01011840#FFFFFFFFFFFFFFFF
(1789442136.463940) can0 02051081#0000000000000000
(1789442136.483071) can0 0205B801#00006E0600182000
(1789442136.483506) can0 01011840#FFFFFFFFFFFFFFFF
(1789442136.483902) can0 02051081#0000000000000000
(1789442136.503120) can0 0205B801#00006E0600182000
(1789442136.503560) can0 01011840#FFFFFFFFFFFFFFFF
(1789442136.503948) can0 02051081#0000000000000000
(1789442136.523069) can0 0205B801#00006D0600182000
(1789442136.523500) can0 01011840#FFFFFFFFFFFFFFFF
(1789442136.523889) can0 02051081#0000000000000000
(1789442136.543073) can0 0205B801#00006E0600182000
(1789442136.543508) can0 01011840#FFFFFFFFFFFFFFFF
(1789442136.543898) can0 02051081#0000000000000000
(1789442136.563120) can0 0205B801#00006E0600182000
(1789442136.563552) can0 01011840#FFFFFFFFFFFFFFFF
(1789442136.563938) can0 02051081#0000000000000000
(1789442136.583067) can0 0205B801#00006E0600182000
(1789442136.583503) can0 01011840#FFFFFFFFFFFFFFFF
(1789442136.583892) can0 02051081#0000000000000000
(1789442136.603116) can0 0205B801#00006E0600182000
(1789442136.603553) can0 01011840#FFFFFFFFFFFFFFFF
(1789442136.603944) can0 02051081#0000000000000000
(1789442136.606070) can0 0205B841#0000000000400000
(1789442136.620076) can0 02051801#0000FFFFFFFF0000
(1789442136.622025) can0 0205BC01#6B392E9A
(1789442136.623116) can0 0205B801#00006F0600182000
(1789442136.623550) can0 01011840#FFFFFFFFFFFFFFFF
(1789442136.623940) can0 02051081#0000000000000000
(1789442136.643067) can0 0205B801#00006E0600182000
(1789442136.643499) can0 01011840#FFFFFFFFFFFFFFFF
(1789442136.643889) can0 02051081#0000000000000000
(1789442136.663108) can0 0205B801#00006E0600182000
(1789442136.663540) can0 01011840#FFFFFFFFFFFFFFFF
(1789442136.663929) can0 02051081#0000000000000000
(1789442136.683268) can0 0205B801#00006F0600182000
(1789442136.683809) can0 01011840#FFFFFFFFFFFFFFFF
(1789442136.684634) can0 02051081#0000000000000000
(1789442136.703158) can0 0205B801#00006E0600182000
(1789442136.703646) can0 01011840#FFFFFFFFFFFFFFFF
(1789442136.704050) can0 02051081#0000000000000000
(1789442136.723079) can0 0205B801#00006E0600182000
(1789442136.723518) can0 01011840#FFFFFFFFFFFFFFFF
(1789442136.723902) can0 02051081#0000000000000000
(1789442136.743063) can0 0205B801#00006E0600182000
(1789442136.743497) can0 01011840#FFFFFFFFFFFFFFFF
(1789442136.743887) can0 02051081#0000000000000000
(1789442136.763081) can0 0205B801#00006E0600182000
(1789442136.763569) can0 01011840#FFFFFFFFFFFFFFFF
(1789442136.763979) can0 02051081#0000000000000000
(1789442136.783081) can0 0205B801#00006E0600182000
(1789442136.783543) can0 01011840#FFFFFFFFFFFFFFFF
(1789442136.783938) can0 02051081#0000000000000000
(1789442136.803125) can0 0205B801#00006E0600182000
(1789442136.803569) can0 01011840#FFFFFFFFFFFFFFFF
(1789442136.803962) can0 02051081#0000000000000000
(1789442136.823062) can0 0205B801#00006E0600182000
(1789442136.823495) can0 01011840#FFFFFFFFFFFFFFFF
(1789442136.823885) can0 02051081#0000000000000000
(1789442136.843115) can0 0205B801#00006E0600182000
(1789442136.843595) can0 01011840#FFFFFFFFFFFFFFFF
(1789442136.844003) can0 02051081#0000000000000000
(1789442136.856118) can0 0205B841#0000000000400000
(1789442136.863121) can0 0205B801#00006E0600182000
(1789442136.863558) can0 01011840#FFFFFFFFFFFFFFFF
(1789442136.863948) can0 02051081#0000000000000000
(1789442136.883068) can0 0205B801#00006E0600182000
(1789442136.883504) can0 01011840#FFFFFFFFFFFFFFFF
(1789442136.883894) can0 02051081#0000000000000000
(1789442136.903064) can0 0205B801#00006F0600182000
(1789442136.903504) can0 01011840#FFFFFFFFFFFFFFFF
(1789442136.903894) can0 02051081#0000000000000000
(1789442136.923123) can0 0205B801#00006E0600182000
(1789442136.923564) can0 01011840#FFFFFFFFFFFFFFFF
(1789442136.923957) can0 02051081#0000000000000000
(1789442136.943073) can0 0205B801#00006F0600182000
(1789442136.943512) can0 01011840#FFFFFFFFFFFFFFFF
(1789442136.943904) can0 02051081#0000000000000000
(1789442136.963117) can0 0205B801#00006E0600182000
(1789442136.963662) can0 01011840#FFFFFFFFFFFFFFFF
(1789442136.964208) can0 02051081#0000000000000000
(1789442136.983271) can0 0205B801#00006F0600182000
(1789442136.983792) can0 01011840#FFFFFFFFFFFFFFFF
(1789442136.984164) can0 02051081#0000000000000000
(1789442137.003060) can0 0205B801#00006F0600182000
(1789442137.003497) can0 01011840#FFFFFFFFFFFFFFFF
(1789442137.003885) can0 02051081#0000000000000000
(1789442137.023103) can0 0205B801#00006E0600182000
(1789442137.023542) can0 01011840#FFFFFFFFFFFFFFFF
(1789442137.023932) can0 02051081#0000000000000000
(1789442137.043116) can0 0205B801#00006E0600182000
(1789442137.043554) can0 01011840#FFFFFFFFFFFFFFFF
(1789442137.043945) can0 02051081#0000000000000000
(1789442137.063133) can0 0205B801#00006E0600182000
(1789442137.063614) can0 01011840#FFFFFFFFFFFFFFFF
(1789442137.064026) can0 02051081#0000000000000000
(1789442137.083107) can0 0205B801#00006E0600182000
(1789442137.083613) can0 01011840#FFFFFFFFFFFFFFFF
(1789442137.083998) can0 02051081#0000000000000000
(1789442137.103356) can0 0205B801#00006E0600182000
(1789442137.103449) can0 01011840#FFFFFFFFFFFFFFFF
(1789442137.103836) can0 02051081#0000000000000000
(1789442137.106065) can0 0205B841#0000000000400000
(1789442137.123079) can0 0205B801#00006F0600182000
(1789442137.123527) can0 01011840#FFFFFFFFFFFFFFFF
(1789442137.123918) can0 02051081#0000000000000000
(1789442137.143138) can0 0205B801#00006E0600182000
(1789442137.143609) can0 01011840#FFFFFFFFFFFFFFFF
(1789442137.144004) can0 02051081#0000000000000000
(1789442137.163343) can0 0205B801#00006E0600182000
(1789442137.163431) can0 01011840#FFFFFFFFFFFFFFFF
(1789442137.163821) can0 02051081#0000000000000000
(1789442137.183109) can0 0205B801#00006F0600182000
(1789442137.183541) can0 01011840#FFFFFFFFFFFFFFFF
(1789442137.183928) can0 02051081#0000000000000000
(1789442137.203063) can0 0205B801#00006F0600182000
(1789442137.203495) can0 01011840#FFFFFFFFFFFFFFFF
(1789442137.203884) can0 02051081#0000000000000000
(1789442137.223233) can0 0205B801#00006F0600182000
(1789442137.223684) can0 01011840#FFFFFFFFFFFFFFFF
(1789442137.224076) can0 02051081#0000000000000000
(1789442137.243067) can0 0205B801#00006E0600182000
(1789442137.243500) can0 01011840#FFFFFFFFFFFFFFFF
(1789442137.243892) can0 02051081#0000000000000000
(1789442137.263056) can0 0205B801#00006E0600182000
(1789442137.263480) can0 01011840#FFFFFFFFFFFFFFFF
(1789442137.263861) can0 02051081#0000000000000000
(1789442137.283123) can0 0205B801#00006E0600182000
(1789442137.283601) can0 01011840#FFFFFFFFFFFFFFFF
(1789442137.283992) can0 02051081#0000000000000000
(1789442137.303108) can0 0205B801#00006E0600182000
(1789442137.303546) can0 01011840#FFFFFFFFFFFFFFFF
(1789442137.303936) can0 02051081#0000000000000000
(1789442137.323102) can0 0205B801#00006F0600182000
(1789442137.323535) can0 01011840#FFFFFFFFFFFFFFFF
(1789442137.323924) can0 02051081#0000000000000000
(1789442137.343147) can0 0205B801#00006E0600182000
(1789442137.345500) can0 01011840#FFFFFFFFFFFFFFFF
(1789442137.345927) can0 02051081#0000000000000000
(1789442137.356088) can0 0205B841#0000000000400000
(1789442137.363062) can0 0205B801#00006F0600182000
(1789442137.363498) can0 01011840#FFFFFFFFFFFFFFFF
(1789442137.363889) can0 02051081#0000000000000000
(1789442137.383066) can0 0205B801#00006E0600182000
(1789442137.383532) can0 01011840#FFFFFFFFFFFFFFFF
(1789442137.383928) can0 02051081#0000000000000000
(1789442137.403090) can0 0205B801#00006E0600182000
(1789442137.403570) can0 01011840#FFFFFFFFFFFFFFFF
(1789442137.403963) can0 02051081#0000000000000000
(1789442137.423062) can0 0205B801#00006E0600182000
(1789442137.423497) can0 01011840#FFFFFFFFFFFFFFFF
(1789442137.423883) can0 02051081#0000000000000000
(1789442137.443100) can0 0205B801#00006E0600182000
(1789442137.443538) can0 01011840#FFFFFFFFFFFFFFFF
(1789442137.443928) can0 02051081#0000000000000000
(1789442137.463251) can0 0205B801#00006F0600182000
(1789442137.463693) can0 01011840#FFFFFFFFFFFFFFFF
(1789442137.464085) can0 02051081#0000000000000000
(1789442137.483103) can0 0205B801#00006E0600182000
(1789442137.483544) can0 01011840#FFFFFFFFFFFFFFFF
(1789442137.483933) can0 02051081#0000000000000000
(1789442137.503067) can0 0205B801#00006E0600182000
(1789442137.503507) can0 01011840#FFFFFFFFFFFFFFFF
(1789442137.503898) can0 02051081#0000000000000000
(1789442137.523108) can0 0205B801#00006E0600182000
(1789442137.523538) can0 01011840#FFFFFFFFFFFFFFFF
(1789442137.523927) can0 02051081#0000000000000000
(1789442137.543058) can0 0205B801#00006F0600182000
(1789442137.543499) can0 01011840#FFFFFFFFFFFFFFFF
(1789442137.543891) can0 02051081#0000000000000000
(1789442137.563065) can0 0205B801#00006E0600182000
(1789442137.563501) can0 01011840#FFFFFFFFFFFFFFFF
(1789442137.563891) can0 02051081#0000000000000000
(1789442137.583121) can0 0205B801#00006E0600182000
(1789442137.583562) can0 01011840#FFFFFFFFFFFFFFFF
(1789442137.583949) can0 02051081#0000000000000000
(1789442137.603106) can0 0205B801#00006E0600182000
(1789442137.603552) can0 01011840#FFFFFFFFFFFFFFFF
(1789442137.603943) can0 02051081#0000000000000000
(1789442137.606064) can0 0205B841#0000000000400000
(1789442137.620109) can0 02051801#0000FFFFFFFF0000
(1789442137.622014) can0 0205BC01#6B392E9A
(1789442137.623049) can0 0205B801#00006E0600182000
(1789442137.623488) can0 01011840#FFFFFFFFFFFFFFFF
(1789442137.623878) can0 02051081#0000000000000000
(1789442137.643114) can0 0205B801#00006E0600182000
(1789442137.643560) can0 01011840#FFFFFFFFFFFFFFFF
(1789442137.643952) can0 02051081#0000000000000000
(1789442137.663058) can0 0205B801#00006E0600182000
(1789442137.663495) can0 01011840#FFFFFFFFFFFFFFFF
(1789442137.663885) can0 02051081#0000000000000000
(1789442137.683095) can0 0205B801#00006E0600182000
(1789442137.683666) can0 01011840#FFFFFFFFFFFFFFFF
(1789442137.684055) can0 02051081#0000000000000000
(1789442137.703104) can0 0205B801#00006F0600182000
(1789442137.703539) can0 01011840#FFFFFFFFFFFFFFFF
(1789442137.703928) can0 02051081#0000000000000000
(1789442137.723096) can0 0205B801#00006E0600182000
(1789442137.723529) can0 01011840#FFFFFFFFFFFFFFFF
(1789442137.723918) can0 02051081#0000000000000000
(1789442137.743093) can0 0205B801#00006D0600182000
(1789442137.743527) can0 01011840#FFFFFFFFFFFFFFFF
(1789442137.743917) can0 02051081#0000000000000000
(1789442137.763208) can0 0205B801#00006F0600182000
(1789442137.763649) can0 01011840#FFFFFFFFFFFFFFFF
(1789442137.764038) can0 02051081#0000000000000000
(1789442137.783097) can0 0205B801#00006D0600182000
(1789442137.783530) can0 01011840#FFFFFFFFFFFFFFFF
(1789442137.783919) can0 02051081#0000000000000000
(1789442137.803058) can0 0205B801#00006F0600182000
(1789442137.803489) can0 01011840#FFFFFFFFFFFFFFFF
(1789442137.803874) can0 02051081#0000000000000000
(1789442137.823206) can0 0205B801#00006E0600182000
(1789442137.823641) can0 01011840#FFFFFFFFFFFFFFFF
(1789442137.824030) can0 02051081#0000000000000000
(1789442137.843055) can0 0205B801#00006F0600182000
(1789442137.843492) can0 01011840#FFFFFFFFFFFFFFFF
(1789442137.843892) can0 02051081#0000000000000000
(1789442137.856119) can0 0205B841#0000000000400000
(1789442137.863070) can0 0205B801#00006E0600182000
(1789442137.863511) can0 01011840#FFFFFFFFFFFFFFFF
(1789442137.863901) can0 02051081#0000000000000000
(1789442137.883257) can0 0205B801#00006E0600182000
(1789442137.883700) can0 01011840#FFFFFFFFFFFFFFFF
(1789442137.884089) can0 02051081#0000000000000000
(1789442137.903096) can0 0205B801#00006F0600182000
(1789442137.903564) can0 01011840#FFFFFFFFFFFFFFFF
(1789442137.903972) can0 02051081#0000000000000000
(1789442137.923060) can0 0205B801#00006F0600182000
(1789442137.923515) can0 01011840#FFFFFFFFFFFFFFFF
(1789442137.923909) can0 02051081#0000000000000000
(1789442137.943419) can0 0205B801#00006E0600182000
(1789442137.944607) can0 01011840#FFFFFFFFFFFFFFFF
(1789442137.945141) can0 02051081#0000000000000000
(1789442137.963135) can0 0205B801#00006E0600182000
(1789442137.963619) can0 01011840#FFFFFFFFFFFFFFFF
(1789442137.964005) can0 02051081#0000000000000000
(1789442137.983098) can0 0205B801#00006E0600182000
(1789442137.983532) can0 01011840#FFFFFFFFFFFFFFFF
(1789442137.983918) can0 02051081#0000000000000000
(1789442138.003226) can0 0205B801#00006F0600182000
(1789442138.003686) can0 01011840#FFFFFFFFFFFFFFFF
(1789442138.004081) can0 02051081#0000000000000000
(1789442138.023057) can0 0205B801#00006E0600182000
(1789442138.023501) can0 01011840#FFFFFFFFFFFFFFFF
(1789442138.023896) can0 02051081#0000000000000000
(1789442138.043062) can0 0205B801#00006E0600182000
(1789442138.043507) can0 01011840#FFFFFFFFFFFFFFFF
(1789442138.043898) can0 02051081#0000000000000000
(1789442138.063222) can0 0205B801#00006F0600182000
(1789442138.063678) can0 01011840#FFFFFFFFFFFFFFFF
(1789442138.064068) can0 02051081#0000000000000000
(1789442138.083058) can0 0205B801#00006F0600182000
(1789442138.083501) can0 01011840#FFFFFFFFFFFFFFFF
(1789442138.083894) can0 02051081#0000000000000000
(1789442138.103051) can0 0205B801#00006E0600182000
(1789442138.103508) can0 01011840#FFFFFFFFFFFFFFFF
(1789442138.103933) can0 02051081#0000000000000000
(1789442138.106188) can0 0205B841#0000000000400000
(1789442138.123142) can0 0205B801#00006E0600182000
(1789442138.123630) can0 01011840#FFFFFFFFFFFFFFFF
(1789442138.124023) can0 02051081#0000000000000000
(1789442138.143106) can0 0205B801#00006F0600182000
(1789442138.143554) can0 01011840#FFFFFFFFFFFFFFFF
(1789442138.143948) can0 02051081#0000000000000000
(1789442138.163052) can0 0205B801#00006E0600182000
(1789442138.163496) can0 01011840#FFFFFFFFFFFFFFFF
(1789442138.163890) can0 02051081#0000000000000000
(1789442138.183140) can0 0205B801#00006D0600182000
(1789442138.183604) can0 01011840#FFFFFFFFFFFFFFFF
(1789442138.183997) can0 02051081#0000000000000000
(1789442138.203052) can0 0205B801#00006E0600182000
(1789442138.203480) can0 01011840#FFFFFFFFFFFFFFFF
(1789442138.203864) can0 02051081#0000000000000000
(1789442138.223050) can0 0205B801#00006E0600182000
(1789442138.223475) can0 01011840#FFFFFFFFFFFFFFFF
(1789442138.223859) can0 02051081#0000000000000000
(1789442138.243098) can0 0205B801#00006E0600182000
(1789442138.243535) can0 01011840#FFFFFFFFFFFFFFFF
(1789442138.243926) can0 02051081#0000000000000000
(1789442138.263050) can0 0205B801#00006E0600182000
(1789442138.263483) can0 01011840#FFFFFFFFFFFFFFFF
(1789442138.263873) can0 02051081#0000000000000000
(1789442138.283256) can0 0205B801#00006E0600182000
(1789442138.284205) can0 01011840#FFFFFFFFFFFFFFFF
(1789442138.284856) can0 02051081#0000003F00000000
(1789442138.303233) can0 0205B801#00006E0600182000
(1789442138.303908) can0 01011840#FFFFFFFFFFFFFFFF
(1789442138.304345) can0 02051081#0000003F00000000
(1789442138.323074) can0 0205B801#00006E0600182000
(1789442138.323614) can0 01011840#FFFFFFFFFFFFFFFF
(1789442138.324013) can0 02051081#0000003F00000000
(1789442138.343115) can0 0205B801#00006E0600182000
(1789442138.343577) can0 01011840#FFFFFFFFFFFFFFFF
(1789442138.343970) can0 02051081#0000003F00000000
(1789442138.356103) can0 0205B841#0000000000400000
(1789442138.363100) can0 0205B801#00006E0600182000
(1789442138.363535) can0 01011840#FFFFFFFFFFFFFFFF
(1789442138.363921) can0 02051081#0000003F00000000
(1789442138.383061) can0 0205B801#00006E0600182000
(1789442138.383505) can0 01011840#FFFFFFFFFFFFFFFF
(1789442138.383893) can0 02051081#0000003F00000000
(1789442138.403098) can0 0205B801#00006E0600182000
(1789442138.403535) can0 01011840#FFFFFFFFFFFFFFFF
(1789442138.403925) can0 02051081#0000003F00000000
(1789442138.423209) can0 0205B801#0000700600182000
(1789442138.423653) can0 01011840#FFFFFFFFFFFFFFFF
(1789442138.424044) can0 02051081#0000003F00000000
(1789442138.443109) can0 0205B801#00006F0600182000
(1789442138.443564) can0 01011840#FFFFFFFFFFFFFFFF
(1789442138.443953) can0 02051081#0000003F00000000
(1789442138.463048) can0 0205B801#00006E0600182000
(1789442138.463485) can0 01011840#FFFFFFFFFFFFFFFF
(1789442138.463870) can0 02051081#0000003F00000000
(1789442138.483049) can0 0205B801#00006E0600182000
(1789442138.483574) can0 01011840#FFFFFFFFFFFFFFFF
(1789442138.483966) can0 02051081#0000003F00000000
(1789442138.503054) can0 0205B801#00006E0600182000
(1789442138.503502) can0 01011840#FFFFFFFFFFFFFFFF
(1789442138.503893) can0 02051081#0000003F00000000
(1789442138.523089) can0 0205B801#00006E0600182000
(1789442138.523521) can0 01011840#FFFFFFFFFFFFFFFF
(1789442138.523909) can0 02051081#0000003F00000000
(1789442138.543094) can0 0205B801#00006E0600182000
(1789442138.543530) can0 01011840#FFFFFFFFFFFFFFFF
(1789442138.543921) can0 02051081#0000003F00000000
(1789442138.563060) can0 0205B801#00006E0600182000
(1789442138.563520) can0 01011840#FFFFFFFFFFFFFFFF
(1789442138.563915) can0 02051081#0000003F00000000
(1789442138.583053) can0 0205B801#00006E0600182000
(1789442138.583494) can0 01011840#FFFFFFFFFFFFFFFF
(1789442138.583883) can0 02051081#0000003F00000000
(1789442138.603346) can0 0205B801#00006F0600182000
(1789442138.603436) can0 01011840#FFFFFFFFFFFFFFFF
(1789442138.603823) can0 02051081#0000003F00000000
(1789442138.606054) can0 0205B841#0000000000400000
(1789442138.620049) can0 02051801#0000FFFFFFFF0000
(1789442138.622004) can0 0205BC01#6B392E9A
(1789442138.623041) can0 0205B801#00006E0600182000
(1789442138.623518) can0 01011840#FFFFFFFFFFFFFFFF
(1789442138.623919) can0 02051081#0000003F00000000
(1789442138.643053) can0 0205B801#00006E0600182000
(1789442138.643492) can0 01011840#FFFFFFFFFFFFFFFF
(1789442138.643880) can0 02051081#0000003F00000000
(1789442138.663347) can0 0205B801#00006E0600182000
(1789442138.663438) can0 01011840#FFFFFFFFFFFFFFFF
(1789442138.663826) can0 02051081#0000003F00000000
(1789442138.683092) can0 0205B801#00006E0600182000
(1789442138.683530) can0 01011840#FFFFFFFFFFFFFFFF
(1789442138.683920) can0 02051081#0000003F00000000
(1789442138.703056) can0 0205B801#00006E0600182000
(1789442138.703496) can0 01011840#FFFFFFFFFFFFFFFF
(1789442138.703887) can0 02051081#0000003F00000000
(1789442138.723194) can0 0205B801#00006F0600182000
(1789442138.723628) can0 01011840#FFFFFFFFFFFFFFFF
(1789442138.724016) can0 02051081#0000003F00000000
(1789442138.743045) can0 0205B801#00006E0600182000
(1789442138.743483) can0 01011840#FFFFFFFFFFFFFFFF
(1789442138.743874) can0 02051081#0000003F00000000
(1789442138.763046) can0 0205B801#00006E0600182000
(1789442138.763482) can0 01011840#FFFFFFFFFFFFFFFF
(1789442138.763873) can0 02051081#0000003F00000000
(1789442138.783268) can0 0205B801#00006E0600182000
(1789442138.783988) can0 01011840#FFFFFFFFFFFFFFFF
(1789442138.784478) can0 02051081#0000003F00000000
(1789442138.803098) can0 0205B801#00006E0600182000
(1789442138.803545) can0 01011840#FFFFFFFFFFFFFFFF
(1789442138.803934) can0 02051081#0000003F00000000
(1789442138.823081) can0 0205B801#00006E0600182000
(1789442138.823515) can0 01011840#FFFFFFFFFFFFFFFF
(1789442138.823899) can0 02051081#0000003F00000000
(1789442138.843089) can0 0205B801#00006F0600182000
(1789442138.843521) can0 01011840#FFFFFFFFFFFFFFFF
(1789442138.843910) can0 02051081#0000003F00000000
(1789442138.856054) can0 0205B841#0000000000400000
(1789442138.863051) can0 0205B801#00006F0600182000
(1789442138.863497) can0 01011840#FFFFFFFFFFFFFFFF
(1789442138.863888) can0 02051081#0000003F00000000
(1789442138.883114) can0 0205B801#00006E0600182000
(1789442138.884003) can0 01011840#FFFFFFFFFFFFFFFF
(1789442138.884401) can0 02051081#0000003F00000000
(1789442138.903102) can0 0205B801#00006E0600182000
(1789442138.903540) can0 01011840#FFFFFFFFFFFFFFFF
(1789442138.903929) can0 02051081#0000003F00000000
(1789442138.923057) can0 0205B801#00006F0600182000
(1789442138.923510) can0 01011840#FFFFFFFFFFFFFFFF
(1789442138.923901) can0 02051081#0000003F00000000
(1789442138.943097) can0 0205B801#00006E0600182000
(1789442138.943544) can0 01011840#FFFFFFFFFFFFFFFF
(1789442138.943934) can0 02051081#0000003F00000000
(1789442138.963348) can0 0205B801#00006F0600182000
(1789442138.963442) can0 01011840#FFFFFFFFFFFFFFFF
(1789442138.963829) can0 02051081#0000003F00000000
(1789442138.983086) can0 0205B801#00006E0600182000
(1789442138.983520) can0 01011840#FFFFFFFFFFFFFFFF
(1789442138.983908) can0 02051081#0000003F00000000
(1789442139.003082) can0 0205B801#00006F0600182000
(1789442139.003510) can0 01011840#FFFFFFFFFFFFFFFF
(1789442139.003899) can0 02051081#0000003F00000000
(1789442139.023194) can0 0205B801#00006E0600182000
(1789442139.023621) can0 01011840#FFFFFFFFFFFFFFFF
(1789442139.024010) can0 02051081#0000003F00000000
(1789442139.043053) can0 0205B801#00006E0600182000
(1789442139.043498) can0 01011840#FFFFFFFFFFFFFFFF
(1789442139.043888) can0 02051081#0000003F00000000
(1789442139.063058) can0 0205B801#00006E0600182000
(1789442139.063557) can0 01011840#FFFFFFFFFFFFFFFF
(1789442139.063948) can0 02051081#0000003F00000000
(1789442139.083116) can0 0205B801#00006E0600182000
(1789442139.083577) can0 01011840#FFFFFFFFFFFFFFFF
(1789442139.083980) can0 02051081#0000003F00000000
(1789442139.103059) can0 0205B801#00006E0600182000
(1789442139.103540) can0 01011840#FFFFFFFFFFFFFFFF
(1789442139.103941) can0 02051081#0000003F00000000
(1789442139.106071) can0 0205B841#0000000000400000
(1789442139.123076) can0 0205B801#00006F0600182000
(1789442139.123517) can0 01011840#FFFFFFFFFFFFFFFF
(1789442139.123904) can0 02051081#0000003F00000000
(1789442139.143200) can0 0205B801#00006F0600182000
(1789442139.143665) can0 01011840#FFFFFFFFFFFFFFFF
(1789442139.144087) can0 02051081#0000003F00000000
(1789442139.163112) can0 0205B801#00006F0600182000
(1789442139.163624) can0 01011840#FFFFFFFFFFFFFFFF
(1789442139.164010) can0 02051081#0000003F00000000
(1789442139.183049) can0 0205B801#00006F0600182000
(1789442139.183497) can0 01011840#FFFFFFFFFFFFFFFF
(1789442139.183889) can0 02051081#0000003F00000000
(1789442139.203230) can0 0205B801#00006E0600182000
(1789442139.203691) can0 01011840#FFFFFFFFFFFFFFFF
(1789442139.204087) can0 02051081#0000003F00000000
(1789442139.223083) can0 0205B801#00006E0600182000
(1789442139.223525) can0 01011840#FFFFFFFFFFFFFFFF
(1789442139.223918) can0 02051081#0000003F00000000
(1789442139.243040) can0 0205B801#00006F0600182000
(1789442139.243472) can0 01011840#FFFFFFFFFFFFFFFF
(1789442139.243861) can0 02051081#0000003F00000000
(1789442139.263090) can0 0205B801#00006D0600182000
(1789442139.263525) can0 01011840#FFFFFFFFFFFFFFFF
(1789442139.263913) can0 02051081#0000003F00000000
(1789442139.283039) can0 0205B801#00006E0600182000
(1789442139.283478) can0 01011840#FFFFFFFFFFFFFFFF
(1789442139.283870) can0 02051081#0000003F00000000
(1789442139.303092) can0 0205B801#00006D0600182000
(1789442139.303532) can0 01011840#FFFFFFFFFFFFFFFF
(1789442139.303921) can0 02051081#0000003F00000000
(1789442139.323090) can0 0205B801#00006E0600182000
(1789442139.323519) can0 01011840#FFFFFFFFFFFFFFFF
(1789442139.323908) can0 02051081#0000003F00000000
(1789442139.343050) can0 0205B801#00006E0600182000
(1789442139.343499) can0 01011840#FFFFFFFFFFFFFFFF
(1789442139.343890) can0 02051081#0000003F00000000
(1789442139.356094) can0 0205B841#0000000000400000
(1789442139.363078) can0 0205B801#00006F0600182000
(1789442139.363581) can0 01011840#FFFFFFFFFFFFFFFF
(1789442139.363982) can0 02051081#0000003F00000000
(1789442139.383211) can0 0205B801#00006E0600182000
(1789442139.383660) can0 01011840#FFFFFFFFFFFFFFFF
(1789442139.384051) can0 02051081#0000003F00000000
(1789442139.403056) can0 0205B801#00006D0600182000
(1789442139.403502) can0 01011840#FFFFFFFFFFFFFFFF
(1789442139.403895) can0 02051081#0000003F00000000
(1789442139.423090) can0 0205B801#00006E0600182000
(1789442139.423534) can0 01011840#FFFFFFFFFFFFFFFF
(1789442139.423926) can0 02051081#0000003F00000000
(1789442139.443081) can0 0205B801#00006D0600182000
(1789442139.443553) can0 01011840#FFFFFFFFFFFFFFFF
(1789442139.443944) can0 02051081#0000003F00000000
(1789442139.463115) can0 0205B801#00006D0600182000
(1789442139.463567) can0 01011840#FFFFFFFFFFFFFFFF
(1789442139.463958) can0 02051081#0000003F00000000
(1789442139.483110) can0 0205B801#00006E0600182000
(1789442139.483607) can0 01011840#FFFFFFFFFFFFFFFF
(1789442139.484000) can0 02051081#0000003F00000000
(1789442139.503205) can0 0205B801#00006E0600182000
(1789442139.503653) can0 01011840#FFFFFFFFFFFFFFFF
(1789442139.504043) can0 02051081#0000003F00000000
(1789442139.523075) can0 0205B801#00006D0600182000
(1789442139.523516) can0 01011840#FFFFFFFFFFFFFFFF
(1789442139.523907) can0 02051081#0000003F00000000
(1789442139.543035) can0 0205B801#00006E0600182000
(1789442139.543471) can0 01011840#FFFFFFFFFFFFFFFF
(1789442139.543859) can0 02051081#0000003F00000000
(1789442139.563186) can0 0205B801#00006F0600182000
(1789442139.563621) can0 01011840#FFFFFFFFFFFFFFFF
(1789442139.564010) can0 02051081#0000003F00000000
(1789442139.583034) can0 0205B801#00006D0600182000
(1789442139.583470) can0 01011840#FFFFFFFFFFFFFFFF
(1789442139.583858) can0 02051081#0000003F00000000
(1789442139.603032) can0 0205B801#00006E0600182000
(1789442139.603463) can0 01011840#FFFFFFFFFFFFFFFF
(1789442139.603852) can0 02051081#0000003F00000000
(1789442139.606069) can0 0205B841#0000000000400000
(1789442139.620040) can0 02051801#0000FFFFFFFF0000
(1789442139.621984) can0 0205BC01#6B392E9A
(1789442139.623220) can0 0205B801#00006E0600182000
(1789442139.623657) can0 01011840#FFFFFFFFFFFFFFFF
(1789442139.624048) can0 02051081#0000003F00000000
(1789442139.643081) can0 0205B801#00006E0600182000
(1789442139.643519) can0 01011840#FFFFFFFFFFFFFFFF
(1789442139.643909) can0 02051081#0000003F00000000
(1789442139.663039) can0 0205B801#00006E0600182000
(1789442139.663493) can0 01011840#FFFFFFFFFFFFFFFF
(1789442139.663883) can0 02051081#0000003F00000000
(1789442139.683183) can0 0205B801#00006E0600182000
(1789442139.683619) can0 01011840#FFFFFFFFFFFFFFFF
(1789442139.684009) can0 02051081#0000003F00000000
(1789442139.703041) can0 0205B801#00006E0600182000
(1789442139.703481) can0 01011840#FFFFFFFFFFFFFFFF
(1789442139.703873) can0 02051081#0000003F00000000
(1789442139.723042) can0 0205B801#00006E0600182000
(1789442139.723482) can0 01011840#FFFFFFFFFFFFFFFF
(1789442139.723873) can0 02051081#0000003F00000000
(1789442139.743082) can0 0205B801#00006E0600182000
(1789442139.743513) can0 01011840#FFFFFFFFFFFFFFFF
(1789442139.743902) can0 02051081#0000003F00000000
(1789442139.763031) can0 0205B801#00006E0600182000
(1789442139.763467) can0 01011840#FFFFFFFFFFFFFFFF
(1789442139.763856) can0 02051081#0000003F00000000
(1789442139.783028) can0 0205B801#00006D0600182000
(1789442139.783468) can0 01011840#FFFFFFFFFFFFFFFF
(1789442139.783858) can0 02051081#0000003F00000000
(1789442139.803219) can0 0205B801#00006E0600182000
(1789442139.803656) can0 01011840#FFFFFFFFFFFFFFFF
(1789442139.804044) can0 02051081#0000003F00000000
(1789442139.823071) can0 0205B801#00006E0600182000
(1789442139.823504) can0 01011840#FFFFFFFFFFFFFFFF
(1789442139.823894) can0 02051081#0000003F00000000
(1789442139.843032) can0 0205B801#00006E0600182000
(1789442139.843464) can0 01011840#FFFFFFFFFFFFFFFF
(1789442139.843853) can0 02051081#0000003F00000000
(1789442139.856037) can0 0205B841#0000000000400000
(1789442139.863215) can0 0205B801#00006D0600182000
(1789442139.863647) can0 01011840#FFFFFFFFFFFFFFFF
(1789442139.864032) can0 02051081#0000003F00000000
(1789442139.883038) can0 0205B801#00006E0600182000
(1789442139.883491) can0 01011840#FFFFFFFFFFFFFFFF
(1789442139.883889) can0 02051081#0000003F00000000
(1789442139.903050) can0 0205B801#00006E0600182000
(1789442139.903492) can0 01011840#FFFFFFFFFFFFFFFF
(1789442139.903881) can0 02051081#0000003F00000000
(1789442139.923029) can0 0205B801#00006F0600182000
(1789442139.923488) can0 01011840#FFFFFFFFFFFFFFFF
(1789442139.923877) can0 02051081#0000003F00000000
(1789442139.943041) can0 0205B801#00006E0600182000
(1789442139.943516) can0 01011840#FFFFFFFFFFFFFFFF
(1789442139.943907) can0 02051081#0000003F00000000
(1789442139.963027) can0 0205B801#00006E0600182000
(1789442139.963456) can0 01011840#FFFFFFFFFFFFFFFF
(1789442139.963848) can0 02051081#0000003F00000000
(1789442139.983077) can0 0205B801#00006E0600182000
(1789442139.983512) can0 01011840#FFFFFFFFFFFFFFFF
(1789442139.983902) can0 02051081#0000003F00000000
(1789442140.003027) can0 0205B801#00006E0600182000
(1789442140.003464) can0 01011840#FFFFFFFFFFFFFFFF
(1789442140.003853) can0 02051081#0000003F00000000
(1789442140.023069) can0 0205B801#00006E0600182000
(1789442140.023499) can0 01011840#FFFFFFFFFFFFFFFF
(1789442140.023889) can0 02051081#0000003F00000000
(1789442140.043074) can0 0205B801#00006E0600182000
(1789442140.043513) can0 01011840#FFFFFFFFFFFFFFFF
(1789442140.043902) can0 02051081#0000003F00000000
(1789442140.063076) can0 0205B801#00006E0600182000
(1789442140.063517) can0 01011840#FFFFFFFFFFFFFFFF
(1789442140.063909) can0 02051081#0000003F00000000
(1789442140.083062) can0 0205B801#00006E0600182000
(1789442140.083636) can0 01011840#FFFFFFFFFFFFFFFF
(1789442140.084036) can0 02051081#0000003F00000000
(1789442140.103230) can0 0205B801#00006F0600182000
(1789442140.103685) can0 01011840#FFFFFFFFFFFFFFFF
(1789442140.104080) can0 02051081#0000003F00000000
(1789442140.106030) can0 0205B841#0000000000400000
(1789442140.123024) can0 0205B801#00006E0600182000
(1789442140.123489) can0 01011840#FFFFFFFFFFFFFFFF
(1789442140.123875) can0 02051081#0000003F00000000
(1789442140.143073) can0 0205B801#00006E0600182000
(1789442140.143512) can0 01011840#FFFFFFFFFFFFFFFF
(1789442140.143902) can0 02051081#0000003F00000000
(1789442140.163079) can0 0205B801#00006E0600182000
(1789442140.163517) can0 01011840#FFFFFFFFFFFFFFFF
(1789442140.163908) can0 02051081#0000003F00000000
(1789442140.183111) can0 0205B801#00006E0600182000
(1789442140.183608) can0 01011840#FFFFFFFFFFFFFFFF
(1789442140.183994) can0 02051081#0000003F00000000
(1789442140.203071) can0 0205B801#00006D0600182000
(1789442140.203511) can0 01011840#FFFFFFFFFFFFFFFF
(1789442140.203901) can0 02051081#0000003F00000000
(1789442140.223186) can0 0205B801#00006E0600182000
(1789442140.223629) can0 01011840#FFFFFFFFFFFFFFFF
(1789442140.224021) can0 02051081#0000003F00000000
(1789442140.243098) can0 0205B801#00006E0600182000
(1789442140.244083) can0 01011840#FFFFFFFFFFFFFFFF
(1789442140.244806) can0 02051081#0000003F00000000
(1789442140.263022) can0 0205B801#00006E0600182000
(1789442140.263472) can0 01011840#FFFFFFFFFFFFFFFF
(1789442140.263856) can0 02051081#0000003F00000000
(1789442140.283078) can0 0205B801#00006E0600182000
(1789442140.283516) can0 01011840#FFFFFFFFFFFFFFFF
(1789442140.283907) can0 02051081#0000003F00000000
(1789442140.303078) can0 0205B801#00006E0600182000
(1789442140.303524) can0 01011840#FFFFFFFFFFFFFFFF
(1789442140.303918) can0 02051081#0000003F00000000
(1789442140.323064) can0 0205B801#00006D0600182000
(1789442140.323499) can0 01011840#FFFFFFFFFFFFFFFF
(1789442140.323889) can0 02051081#0000003F00000000
(1789442140.343334) can0 0205B801#00006E0600182000
(1789442140.343423) can0 01011840#FFFFFFFFFFFFFFFF
(1789442140.343811) can0 02051081#0000003F00000000
(1789442140.356030) can0 0205B841#0000000000400000
(1789442140.363030) can0 0205B801#00006E0600182000
(1789442140.363484) can0 01011840#FFFFFFFFFFFFFFFF
(1789442140.363878) can0 02051081#0000003F00000000
(1789442140.383034) can0 0205B801#00006E0600182000
(1789442140.383484) can0 01011840#FFFFFFFFFFFFFFFF
(1789442140.383882) can0 02051081#0000003F00000000
(1789442140.403079) can0 0205B801#00006E0600182000
(1789442140.403510) can0 01011840#FFFFFFFFFFFFFFFF
(1789442140.403897) can0 02051081#0000003F00000000
(1789442140.423022) can0 0205B801#00006E0600182000
(1789442140.423459) can0 01011840#FFFFFFFFFFFFFFFF
(1789442140.423849) can0 02051081#0000003F00000000
(1789442140.443066) can0 0205B801#00006E0600182000
(1789442140.443507) can0 01011840#FFFFFFFFFFFFFFFF
(1789442140.443898) can0 02051081#0000003F00000000
(1789442140.463184) can0 0205B801#00006F0600182000
(1789442140.463614) can0 01011840#FFFFFFFFFFFFFFFF
(1789442140.464004) can0 02051081#0000003F00000000
(1789442140.483065) can0 0205B801#00006E0600182000
(1789442140.483500) can0 01011840#FFFFFFFFFFFFFFFF
(1789442140.483887) can0 02051081#0000003F00000000
(1789442140.503056) can0 0205B801#00006E0600182000
(1789442140.503543) can0 01011840#FFFFFFFFFFFFFFFF
(1789442140.503937) can0 02051081#0000003F00000000
(1789442140.523079) can0 0205B801#00006E0600182000
(1789442140.523510) can0 01011840#FFFFFFFFFFFFFFFF
(1789442140.523896) can0 02051081#0000003F00000000
(1789442140.543022) can0 0205B801#00006E0600182000
(1789442140.543459) can0 01011840#FFFFFFFFFFFFFFFF
(1789442140.543848) can0 02051081#0000003F00000000
(1789442140.563025) can0 0205B801#00006E0600182000
(1789442140.563474) can0 01011840#FFFFFFFFFFFFFFFF
(1789442140.563864) can0 02051081#0000003F00000000
(1789442140.583068) can0 0205B801#00006E0600182000
(1789442140.583504) can0 01011840#FFFFFFFFFFFFFFFF
(1789442140.583891) can0 02051081#0000003F00000000
(1789442140.603058) can0 0205B801#00006D0600182000
(1789442140.603493) can0 01011840#FFFFFFFFFFFFFFFF
(1789442140.603881) can0 02051081#0000003F00000000
(1789442140.606022) can0 0205B841#0000000000400000
(1789442140.620028) can0 02051801#0000FFFFFFFF0000
(1789442140.621976) can0 0205BC01#6B392E9A
(1789442140.623058) can0 0205B801#00006E0600182000
(1789442140.623488) can0 01011840#FFFFFFFFFFFFFFFF
(1789442140.623876) can0 02051081#0000003F00000000
(1789442140.643216) can0 0205B801#00006F0600182000
(1789442140.643656) can0 01011840#FFFFFFFFFFFFFFFF
(1789442140.644046) can0 02051081#0000003F00000000
(1789442140.663024) can0 0205B801#00006D0600182000
(1789442140.663464) can0 01011840#FFFFFFFFFFFFFFFF
(1789442140.663853) can0 02051081#0000003F00000000
(1789442140.683055) can0 0205B801#00006E0600182000
(1789442140.683573) can0 01011840#FFFFFFFFFFFFFFFF
(1789442140.683973) can0 02051081#0000003F00000000
(1789442140.703179) can0 0205B801#00006F0600182000
(1789442140.703621) can0 01011840#FFFFFFFFFFFFFFFF
(1789442140.704011) can0 02051081#0000003F00000000
(1789442140.723063) can0 0205B801#00006E0600182000
(1789442140.723515) can0 01011840#FFFFFFFFFFFFFFFF
(1789442140.723907) can0 02051081#0000003F00000000
(1789442140.743021) can0 0205B801#00006E0600182000
(1789442140.743458) can0 01011840#FFFFFFFFFFFFFFFF
(1789442140.743846) can0 02051081#0000003F00000000
(1789442140.763080) can0 0205B801#00006E0600182000
(1789442140.763522) can0 01011840#FFFFFFFFFFFFFFFF
(1789442140.763912) can0 02051081#0000003F00000000
(1789442140.783020) can0 0205B801#00006E0600182000
(1789442140.783454) can0 01011840#FFFFFFFFFFFFFFFF
(1789442140.783841) can0 02051081#0000003F00000000
(1789442140.803023) can0 0205B801#00006E0600182000
(1789442140.803478) can0 01011840#FFFFFFFFFFFFFFFF
(1789442140.803871) can0 02051081#0000003F00000000
(1789442140.823071) can0 0205B801#00006E0600182000
(1789442140.823510) can0 01011840#FFFFFFFFFFFFFFFF
(1789442140.823900) can0 02051081#0000003F00000000
(1789442140.843027) can0 0205B801#00006E0600182000
(1789442140.843481) can0 01011840#FFFFFFFFFFFFFFFF
(1789442140.843874) can0 02051081#0000003F00000000
(1789442140.856024) can0 0205B841#0000000000400000
(1789442140.863016) can0 0205B801#00006E0600182000
(1789442140.863453) can0 01011840#FFFFFFFFFFFFFFFF
(1789442140.863839) can0 02051081#0000003F00000000
(1789442140.883183) can0 0205B801#00006E0600182000
(1789442140.883622) can0 01011840#FFFFFFFFFFFFFFFF
(1789442140.884007) can0 02051081#0000003F00000000
(1789442140.903076) can0 0205B801#00006E0600182000
(1789442140.903527) can0 01011840#FFFFFFFFFFFFFFFF
(1789442140.903917) can0 02051081#0000003F00000000
(1789442140.923026) can0 0205B801#00006D0600182000
(1789442140.923483) can0 01011840#FFFFFFFFFFFFFFFF
(1789442140.923875) can0 02051081#0000003F00000000
(1789442140.943077) can0 0205B801#00006E0600182000
(1789442140.943512) can0 01011840#FFFFFFFFFFFFFFFF
(1789442140.943901) can0 02051081#0000003F00000000
(1789442140.963015) can0 0205B801#00006E0600182000
(1789442140.963449) can0 01011840#FFFFFFFFFFFFFFFF
(1789442140.963837) can0 02051081#0000003F00000000
(1789442140.983056) can0 0205B801#00006E0600182000
(1789442140.983492) can0 01011840#FFFFFFFFFFFFFFFF
(1789442140.983880) can0 02051081#0000003F00000000
(1789442141.003202) can0 0205B801#00006E0600182000
(1789442141.003636) can0 01011840#FFFFFFFFFFFFFFFF
(1789442141.004024) can0 02051081#0000003F00000000
(1789442141.023057) can0 0205B801#00006E0600182000
(1789442141.023493) can0 01011840#FFFFFFFFFFFFFFFF
(1789442141.023881) can0 02051081#0000003F00000000
(1789442141.043020) can0 0205B801#00006E0600182000
(1789442141.043458) can0 01011840#FFFFFFFFFFFFFFFF
(1789442141.043851) can0 02051081#0000003F00000000
(1789442141.063178) can0 0205B801#00006F0600182000
(1789442141.063620) can0 01011840#FFFFFFFFFFFFFFFF
(1789442141.064008) can0 02051081#0000003F00000000
(1789442141.083025) can0 0205B801#00006D0600182000
(1789442141.083478) can0 01011840#FFFFFFFFFFFFFFFF
(1789442141.083872) can0 02051081#0000003F00000000
(1789442141.103030) can0 0205B801#00006E0600182000
(1789442141.103499) can0 01011840#FFFFFFFFFFFFFFFF
(1789442141.103891) can0 02051081#0000003F00000000
(1789442141.106016) can0 0205B841#0000000000400000
(1789442141.123170) can0 0205B801#00006F0600182000
(1789442141.123605) can0 01011840#FFFFFFFFFFFFFFFF
(1789442141.123992) can0 02051081#0000003F00000000
(1789442141.143015) can0 0205B801#00006E0600182000
(1789442141.143459) can0 01011840#FFFFFFFFFFFFFFFF
(1789442141.143849) can0 02051081#0000003F00000000
(1789442141.163009) can0 0205B801#00006D0600182000
(1789442141.163449) can0 01011840#FFFFFFFFFFFFFFFF
(1789442141.163837) can0 02051081#0000003F00000000
(1789442141.183069) can0 0205B801#00006E0600182000
(1789442141.183508) can0 01011840#FFFFFFFFFFFFFFFF
(1789442141.183897) can0 02051081#0000003F00000000
(1789442141.203014) can0 0205B801#00006E0600182000
(1789442141.203445) can0 01011840#FFFFFFFFFFFFFFFF
(1789442141.203849) can0 02051081#0000003F00000000
(1789442141.223107) can0 0205B801#00006E0600182000
(1789442141.223601) can0 01011840#FFFFFFFFFFFFFFFF
(1789442141.223981) can0 02051081#0000003F00000000
(1789442141.243184) can0 0205B801#00006E0600182000
(1789442141.243629) can0 01011840#FFFFFFFFFFFFFFFF
(1789442141.244018) can0 02051081#0000003F00000000
(1789442141.263066) can0 0205B801#00006E0600182000
(1789442141.263509) can0 01011840#FFFFFFFFFFFFFFFF
(1789442141.263899) can0 02051081#0000003F00000000
(1789442141.283122) can0 0205B801#00006E0600182000
(1789442141.283741) can0 01011840#FFFFFFFFFFFFFFFF
(1789442141.284935) can0 02051081#0000003F00000000
(1789442141.303168) can0 0205B801#00006E0600182000
(1789442141.303628) can0 01011840#FFFFFFFFFFFFFFFF
(1789442141.304010) can0 02051081#0000003F00000000
(1789442141.323062) can0 0205B801#00006E0600182000
(1789442141.323513) can0 01011840#FFFFFFFFFFFFFFFF
(1789442141.323906) can0 02051081#0000003F00000000
(1789442141.343014) can0 0205B801#00006E0600182000
(1789442141.343467) can0 01011840#FFFFFFFFFFFFFFFF
(1789442141.343857) can0 02051081#0000003F00000000
(1789442141.356015) can0 0205B841#0000000000400000
(1789442141.363202) can0 0205B801#00006E0600182000
(1789442141.363639) can0 01011840#FFFFFFFFFFFFFFFF
(1789442141.364030) can0 02051081#0000003F00000000
(1789442141.383029) can0 0205B801#00006D0600182000
(1789442141.383509) can0 01011840#FFFFFFFFFFFFFFFF
(1789442141.383903) can0 02051081#0000003F00000000
(1789442141.403013) can0 0205B801#00006E0600182000
(1789442141.403471) can0 01011840#FFFFFFFFFFFFFFFF
(1789442141.403860) can0 02051081#0000003F00000000
(1789442141.423007) can0 0205B801#00006E0600182000
(1789442141.423475) can0 01011840#FFFFFFFFFFFFFFFF
(1789442141.423865) can0 02051081#0000003F00000000
(1789442141.443013) can0 0205B801#00006D0600182000
(1789442141.443460) can0 01011840#FFFFFFFFFFFFFFFF
(1789442141.443849) can0 02051081#0000003F00000000
(1789442141.463026) can0 0205B801#00006E0600182000
(1789442141.463487) can0 01011840#FFFFFFFFFFFFFFFF
(1789442141.463880) can0 02051081#0000003F00000000
(1789442141.483061) can0 0205B801#00006E0600182000
(1789442141.483504) can0 01011840#FFFFFFFFFFFFFFFF
(1789442141.483894) can0 02051081#0000003F00000000
(1789442141.503040) can0 0205B801#00006E0600182000
(1789442141.503616) can0 01011840#FFFFFFFFFFFFFFFF
(1789442141.504010) can0 02051081#0000003F00000000
(1789442141.523054) can0 0205B801#00006E0600182000
(1789442141.523496) can0 01011840#FFFFFFFFFFFFFFFF
(1789442141.523882) can0 02051081#0000003F00000000
(1789442141.543078) can0 0205B801#00006E0600182000
(1789442141.543538) can0 01011840#FFFFFFFFFFFFFFFF
(1789442141.543926) can0 02051081#0000003F00000000
(1789442141.563050) can0 0205B801#00006E0600182000
(1789442141.563489) can0 01011840#FFFFFFFFFFFFFFFF
(1789442141.563874) can0 02051081#0000003F00000000
(1789442141.583011) can0 0205B801#00006E0600182000
(1789442141.583454) can0 01011840#FFFFFFFFFFFFFFFF
(1789442141.583843) can0 02051081#0000003F00000000
(1789442141.603008) can0 0205B801#00006E0600182000
(1789442141.603444) can0 01011840#FFFFFFFFFFFFFFFF
(1789442141.603833) can0 02051081#0000003F00000000
(1789442141.606007) can0 0205B841#0000000000400000
(1789442141.620048) can0 02051801#0000FFFFFFFF0000
(1789442141.621962) can0 0205BC01#6B392E9A
(1789442141.623047) can0 0205B801#00006E0600182000
(1789442141.623482) can0 01011840#FFFFFFFFFFFFFFFF
(1789442141.623873) can0 02051081#0000003F00000000
(1789442141.643015) can0 0205B801#00006D0600182000
(1789442141.643487) can0 01011840#FFFFFFFFFFFFFFFF
(1789442141.643878) can0 02051081#0000003F00000000
(1789442141.663062) can0 0205B801#00006E0600182000
(1789442141.663500) can0 01011840#FFFFFFFFFFFFFFFF
(1789442141.663894) can0 02051081#0000003F00000000
(1789442141.683013) can0 0205B801#00006E0600182000
(1789442141.683540) can0 01011840#FFFFFFFFFFFFFFFF
(1789442141.683931) can0 02051081#0000003F00000000
(1789442141.703014) can0 0205B801#00006E0600182000
(1789442141.703494) can0 01011840#FFFFFFFFFFFFFFFF
(1789442141.703883) can0 02051081#0000003F00000000
(1789442141.723063) can0 0205B801#00006E0600182000
(1789442141.723498) can0 01011840#FFFFFFFFFFFFFFFF
(1789442141.723887) can0 02051081#0000003F00000000
(1789442141.743049) can0 0205B801#00006D0600182000
(1789442141.743487) can0 01011840#FFFFFFFFFFFFFFFF
(1789442141.743876) can0 02051081#0000003F00000000
(1789442141.763047) can0 0205B801#00006E0600182000
(1789442141.763489) can0 01011840#FFFFFFFFFFFFFFFF
(1789442141.763881) can0 02051081#0000003F00000000
(1789442141.783354) can0 0205B801#00006F0600182000
(1789442141.783445) can0 01011840#FFFFFFFFFFFFFFFF
(1789442141.783833) can0 02051081#0000003F00000000
(1789442141.803052) can0 0205B801#00006E0600182000
(1789442141.803487) can0 01011840#FFFFFFFFFFFFFFFF
(1789442141.803876) can0 02051081#0000003F00000000
(1789442141.823014) can0 0205B801#00006E0600182000
(1789442141.823517) can0 01011840#FFFFFFFFFFFFFFFF
(1789442141.823907) can0 02051081#0000003F00000000
(1789442141.843163) can0 0205B801#00006E0600182000
(1789442141.843600) can0 01011840#FFFFFFFFFFFFFFFF
(1789442141.843987) can0 02051081#0000003F00000000
(1789442141.856049) can0 0205B841#0000000000400000
(1789442141.863044) can0 0205B801#00006E0600182000
(1789442141.863510) can0 01011840#FFFFFFFFFFFFFFFF
(1789442141.863901) can0 02051081#0000003F00000000
(1789442141.883034) can0 0205B801#00006E0600182000
(1789442141.883566) can0 01011840#FFFFFFFFFFFFFFFF
(1789442141.884559) can0 02051081#0000003F00000000
(1789442141.903178) can0 0205B801#00006F0600182000
(1789442141.903617) can0 01011840#FFFFFFFFFFFFFFFF
(1789442141.904002) can0 02051081#0000003F00000000
(1789442141.923012) can0 0205B801#00006E0600182000
(1789442141.923479) can0 01011840#FFFFFFFFFFFFFFFF
(1789442141.923872) can0 02051081#0000003F00000000
(1789442141.943017) can0 0205B801#00006E0600182000
(1789442141.943595) can0 01011840#FFFFFFFFFFFFFFFF
(1789442141.943984) can0 02051081#0000003F00000000
(1789442141.963051) can0 0205B801#00006E0600182000
(1789442141.963489) can0 01011840#FFFFFFFFFFFFFFFF
(1789442141.963877) can0 02051081#0000003F00000000
(1789442141.983050) can0 0205B801#00006E0600182000
(1789442141.983481) can0 01011840#FFFFFFFFFFFFFFFF
(1789442141.983870) can0 02051081#0000003F00000000
(1789442142.003044) can0 0205B801#00006E0600182000
(1789442142.003483) can0 01011840#FFFFFFFFFFFFFFFF
(1789442142.003871) can0 02051081#0000003F00000000
(1789442142.023162) can0 0205B801#00006E0600182000
(1789442142.023600) can0 01011840#FFFFFFFFFFFFFFFF
(1789442142.023988) can0 02051081#0000003F00000000
(1789442142.043006) can0 0205B801#00006E0600182000
(1789442142.043473) can0 01011840#FFFFFFFFFFFFFFFF
(1789442142.043861) can0 02051081#0000003F00000000
(1789442142.063010) can0 0205B801#00006E0600182000
(1789442142.063481) can0 01011840#FFFFFFFFFFFFFFFF
(1789442142.063869) can0 02051081#0000003F00000000
(1789442142.083116) can0 0205B801#00006E0600182000
(1789442142.083633) can0 01011840#FFFFFFFFFFFFFFFF
(1789442142.084040) can0 02051081#0000003F00000000
(1789442142.103023) can0 0205B801#00006E0600182000
(1789442142.103523) can0 01011840#FFFFFFFFFFFFFFFF
(1789442142.103908) can0 02051081#0000003F00000000
(1789442142.106037) can0 0205B841#0000000000400000
(1789442142.123002) can0 0205B801#00006E0600182000
(1789442142.123420) can0 01011840#FFFFFFFFFFFFFFFF
(1789442142.123800) can0 02051081#0000003F00000000
(1789442142.143155) can0 0205B801#00006E0600182000
(1789442142.143596) can0 01011840#FFFFFFFFFFFFFFFF
(1789442142.143988) can0 02051081#0000003F00000000
(1789442142.163005) can0 0205B801#00006E0600182000
(1789442142.163463) can0 01011840#FFFFFFFFFFFFFFFF
(1789442142.163853) can0 02051081#0000003F00000000
(1789442142.183042) can0 0205B801#00006D0600182000
(1789442142.183476) can0 01011840#FFFFFFFFFFFFFFFF
(1789442142.183865) can0 02051081#0000003F00000000
(1789442142.203048) can0 0205B801#00006D0600182000
(1789442142.203481) can0 01011840#FFFFFFFFFFFFFFFF
(1789442142.203871) can0 02051081#0000003F00000000
(1789442142.223007) can0 0205B801#00006E0600182000
(1789442142.223452) can0 01011840#FFFFFFFFFFFFFFFF
(1789442142.223844) can0 02051081#0000003F00000000
(1789442142.243043) can0 0205B801#00006E0600182000
(1789442142.243476) can0 01011840#FFFFFFFFFFFFFFFF
(1789442142.243886) can0 02051081#0000003F00000000
(1789442142.263202) can0 0205B801#00006F0600182000
(1789442142.263731) can0 01011840#FFFFFFFFFFFFFFFF
(1789442142.264112) can0 02051081#0000003F00000000
(1789442142.283060) can0 0205B801#00006D0600182000
(1789442142.283508) can0 01011840#FFFFFFFFFFFFFFFF
(1789442142.283901) can0 02051081#0000003F00000000
(1789442142.303010) can0 0205B801#00006E0600182000
(1789442142.303454) can0 01011840#FFFFFFFFFFFFFFFF
(1789442142.303849) can0 02051081#0000003F00000000
(1789442142.323089) can0 0205B801#00006E0600182000
(1789442142.323576) can0 01011840#FFFFFFFFFFFFFFFF
(1789442142.323970) can0 02051081#0000003F00000000
(1789442142.343001) can0 0205B801#00006E0600182000
(1789442142.343508) can0 01011840#FFFFFFFFFFFFFFFF
(1789442142.343901) can0 02051081#0000003F00000000
(1789442142.356037) can0 0205B841#0000000000400000
(1789442142.363020) can0 0205B801#00006E0600182000
(1789442142.363533) can0 01011840#FFFFFFFFFFFFFFFF
(1789442142.363919) can0 02051081#0000003F00000000
(1789442142.383010) can0 0205B801#00006E0600182000
(1789442142.383505) can0 01011840#FFFFFFFFFFFFFFFF
(1789442142.383897) can0 02051081#0000003F00000000
(1789442142.403019) can0 0205B801#00006E0600182000
(1789442142.403456) can0 01011840#FFFFFFFFFFFFFFFF
(1789442142.403851) can0 02051081#0000003F00000000
(1789442142.423038) can0 0205B801#00006D0600182000
(1789442142.423471) can0 01011840#FFFFFFFFFFFFFFFF
(1789442142.423857) can0 02051081#0000003F00000000
(1789442142.443186) can0 0205B801#00006E0600182000
(1789442142.443619) can0 01011840#FFFFFFFFFFFFFFFF
(1789442142.444008) can0 02051081#0000003F00000000
(1789442142.463040) can0 0205B801#00006F0600182000
(1789442142.463473) can0 01011840#FFFFFFFFFFFFFFFF
(1789442142.463862) can0 02051081#0000003F00000000
(1789442142.483001) can0 0205B801#00006E0600182000
(1789442142.483442) can0 01011840#FFFFFFFFFFFFFFFF
(1789442142.483838) can0 02051081#0000003F00000000
(1789442142.503174) can0 0205B801#00006E0600182000
(1789442142.503621) can0 01011840#FFFFFFFFFFFFFFFF
(1789442142.504006) can0 02051081#0000003F00000000
(1789442142.523004) can0 0205B801#00006E0600182000
(1789442142.523580) can0 01011840#FFFFFFFFFFFFFFFF
(1789442142.523969) can0 02051081#0000003F00000000
(1789442142.542995) can0 0205B801#00006E0600182000
(1789442142.543445) can0 01011840#FFFFFFFFFFFFFFFF
(1789442142.543834) can0 02051081#0000003F00000000
(1789442142.563049) can0 0205B801#00006E0600182000
(1789442142.563484) can0 01011840#FFFFFFFFFFFFFFFF
(1789442142.563873) can0 02051081#0000003F00000000
(1789442142.583065) can0 0205B801#00006D0600182000
(1789442142.583542) can0 01011840#FFFFFFFFFFFFFFFF
(1789442142.583935) can0 02051081#0000003F00000000
(1789442142.603040) can0 0205B801#00006E0600182000
(1789442142.603517) can0 01011840#FFFFFFFFFFFFFFFF
(1789442142.603907) can0 02051081#0000003F00000000
(1789442142.605994) can0 0205B841#0000000000400000
(1789442142.619997) can0 02051801#0000FFFFFFFF0000
(1789442142.621952) can0 0205BC01#6B392E9A
(1789442142.623044) can0 0205B801#00006E0600182000
(1789442142.623493) can0 01011840#FFFFFFFFFFFFFFFF
(1789442142.623882) can0 02051081#0000003F00000000
(1789442142.642997) can0 0205B801#00006E0600182000
(1789442142.643483) can0 01011840#FFFFFFFFFFFFFFFF
(1789442142.643873) can0 02051081#0000003F00000000
(1789442142.663042) can0 0205B801#00006E0600182000
(1789442142.663484) can0 01011840#FFFFFFFFFFFFFFFF
(1789442142.663875) can0 02051081#0000003F00000000
(1789442142.683150) can0 0205B801#00006E0600182000
(1789442142.683594) can0 01011840#FFFFFFFFFFFFFFFF
(1789442142.683984) can0 02051081#0000003F00000000
(1789442142.703043) can0 0205B801#00006E0600182000
(1789442142.703483) can0 01011840#FFFFFFFFFFFFFFFF
(1789442142.703874) can0 02051081#0000003F00000000
(1789442142.722996) can0 0205B801#00006D0600182000
(1789442142.723445) can0 01011840#FFFFFFFFFFFFFFFF
(1789442142.723834) can0 02051081#0000003F00000000
(1789442142.743047) can0 0205B801#00006D0600182000
(1789442142.743479) can0 01011840#FFFFFFFFFFFFFFFF
(1789442142.743869) can0 02051081#0000003F00000000
(1789442142.763003) can0 0205B801#00006D0600182000
(1789442142.763469) can0 01011840#FFFFFFFFFFFFFFFF
(1789442142.763862) can0 02051081#0000003F00000000
(1789442142.782993) can0 0205B801#00006D0600182000
(1789442142.783432) can0 01011840#FFFFFFFFFFFFFFFF
(1789442142.783822) can0 02051081#0000003F00000000
(1789442142.803057) can0 0205B801#00006E0600182000
(1789442142.803522) can0 01011840#FFFFFFFFFFFFFFFF
(1789442142.803912) can0 02051081#0000003F00000000
(1789442142.822993) can0 0205B801#00006E0600182000
(1789442142.823495) can0 01011840#FFFFFFFFFFFFFFFF
(1789442142.823885) can0 02051081#0000003F00000000
(1789442142.843033) can0 0205B801#00006D0600182000
(1789442142.843467) can0 01011840#FFFFFFFFFFFFFFFF
(1789442142.843854) can0 02051081#0000003F00000000
(1789442142.856039) can0 0205B841#0000000000400000
(1789442142.863043) can0 0205B801#00006E0600182000
(1789442142.863500) can0 01011840#FFFFFFFFFFFFFFFF
(1789442142.863892) can0 02051081#0000003F00000000
(1789442142.883003) can0 0205B801#00006E0600182000
(1789442142.883455) can0 01011840#FFFFFFFFFFFFFFFF
(1789442142.883850) can0 02051081#0000003F00000000
(1789442142.903046) can0 0205B801#00006E0600182000
(1789442142.903494) can0 01011840#FFFFFFFFFFFFFFFF
(1789442142.903886) can0 02051081#0000003F00000000
(1789442142.923151) can0 0205B801#00006F0600182000
(1789442142.923595) can0 01011840#FFFFFFFFFFFFFFFF
(1789442142.923986) can0 02051081#0000003F00000000
(1789442142.943046) can0 0205B801#00006E0600182000
(1789442142.943501) can0 01011840#FFFFFFFFFFFFFFFF
(1789442142.943897) can0 02051081#0000003F00000000
(1789442142.962991) can0 0205B801#00006E0600182000
(1789442142.963475) can0 01011840#FFFFFFFFFFFFFFFF
(1789442142.963864) can0 02051081#0000003F00000000
(1789442142.983048) can0 0205B801#00006E0600182000
(1789442142.983500) can0 01011840#FFFFFFFFFFFFFFFF
(1789442142.983894) can0 02051081#0000003F00000000
(1789442143.002989) can0 0205B801#00006E0600182000
(1789442143.003457) can0 01011840#FFFFFFFFFFFFFFFF
(1789442143.003846) can0 02051081#0000003F00000000
(1789442143.023034) can0 0205B801#00006E0600182000
(1789442143.023470) can0 01011840#FFFFFFFFFFFFFFFF
(1789442143.023859) can0 02051081#0000003F00000000
(1789442143.043036) can0 0205B801#00006E0600182000
(1789442143.043473) can0 01011840#FFFFFFFFFFFFFFFF
(1789442143.043862) can0 02051081#0000003F00000000
(1789442143.063052) can0 0205B801#00006E0600182000
(1789442143.063565) can0 01011840#FFFFFFFFFFFFFFFF
(1789442143.063958) can0 02051081#0000003F00000000
(1789442143.083011) can0 0205B801#00006E0600182000
(1789442143.083573) can0 01011840#FFFFFFFFFFFFFFFF
(1789442143.083964) can0 02051081#0000003F00000000
(1789442143.103070) can0 0205B801#00006E0600182000
(1789442143.103561) can0 01011840#FFFFFFFFFFFFFFFF
(1789442143.103956) can0 02051081#0000003F00000000
(1789442143.105988) can0 0205B841#0000000000400000
(1789442143.122987) can0 0205B801#00006F0600182000
(1789442143.123468) can0 01011840#FFFFFFFFFFFFFFFF
(1789442143.123858) can0 02051081#0000003F00000000
(1789442143.142992) can0 0205B801#00006E0600182000
(1789442143.143487) can0 01011840#FFFFFFFFFFFFFFFF
(1789442143.143877) can0 02051081#0000003F00000000
(1789442143.162987) can0 0205B801#00006E0600182000
(1789442143.163432) can0 01011840#FFFFFFFFFFFFFFFF
(1789442143.163822) can0 02051081#0000003F00000000
(1789442143.182990) can0 0205B801#00006E0600182000
(1789442143.183422) can0 01011840#FFFFFFFFFFFFFFFF
(1789442143.183811) can0 02051081#0000003F00000000
(1789442143.203032) can0 0205B801#00006E0600182000
(1789442143.203467) can0 01011840#FFFFFFFFFFFFFFFF
(1789442143.203856) can0 02051081#0000003F00000000
(1789442143.223036) can0 0205B801#00006F0600182000
(1789442143.223467) can0 01011840#FFFFFFFFFFFFFFFF
(1789442143.223856) can0 02051081#0000003F00000000
(1789442143.243028) can0 0205B801#00006E0600182000
(1789442143.243459) can0 01011840#FFFFFFFFFFFFFFFF
(1789442143.243848) can0 02051081#0000003F00000000
(1789442143.262999) can0 0205B801#00006E0600182000
(1789442143.263446) can0 01011840#FFFFFFFFFFFFFFFF
(1789442143.263836) can0 02051081#0000003F00000000
(1789442143.283143) can0 0205B801#00006E0600182000
(1789442143.283595) can0 01011840#FFFFFFFFFFFFFFFF
(1789442143.284029) can0 02051081#0000003F00000000
(1789442143.303035) can0 0205B801#00006E0600182000
(1789442143.303643) can0 01011840#FFFFFFFFFFFFFFFF
(1789442143.304030) can0 02051081#0000003F00000000
(1789442143.322987) can0 0205B801#00006D0600182000
(1789442143.323497) can0 01011840#FFFFFFFFFFFFFFFF
(1789442143.323891) can0 02051081#0000003F00000000
(1789442143.343041) can0 0205B801#00006E0600182000
(1789442143.343476) can0 01011840#FFFFFFFFFFFFFFFF
(1789442143.343866) can0 02051081#0000003F00000000
(1789442143.356026) can0 0205B841#0000000000400000
(1789442143.363025) can0 0205B801#00006E0600182000
(1789442143.363585) can0 01011840#FFFFFFFFFFFFFFFF
(1789442143.363980) can0 02051081#0000003F00000000
(1789442143.382987) can0 0205B801#00006E0600182000
(1789442143.383473) can0 01011840#FFFFFFFFFFFFFFFF
(1789442143.383858) can0 02051081#0000003F00000000
(1789442143.403057) can0 0205B801#00006E0600182000
(1789442143.403504) can0 01011840#FFFFFFFFFFFFFFFF
(1789442143.403897) can0 02051081#0000003F00000000
(1789442143.423001) can0 0205B801#00006E0600182000
(1789442143.423451) can0 01011840#FFFFFFFFFFFFFFFF
(1789442143.423856) can0 02051081#0000003F00000000
(1789442143.443028) can0 0205B801#00006E0600182000
(1789442143.443475) can0 01011840#FFFFFFFFFFFFFFFF
(1789442143.443867) can0 02051081#0000003F00000000
(1789442143.463141) can0 0205B801#00006E0600182000
(1789442143.463576) can0 01011840#FFFFFFFFFFFFFFFF
(1789442143.463965) can0 02051081#0000003F00000000
(1789442143.483026) can0 0205B801#00006E0600182000
(1789442143.483464) can0 01011840#FFFFFFFFFFFFFFFF
(1789442143.483853) can0 02051081#0000003F00000000
(1789442143.503004) can0 0205B801#00006E0600182000
(1789442143.503442) can0 01011840#FFFFFFFFFFFFFFFF
(1789442143.503836) can0 02051081#0000003F00000000
(1789442143.523047) can0 0205B801#00006E0600182000
(1789442143.523508) can0 01011840#FFFFFFFFFFFFFFFF
(1789442143.523895) can0 02051081#0000003F00000000
(1789442143.542988) can0 0205B801#00006E0600182000
(1789442143.543525) can0 01011840#FFFFFFFFFFFFFFFF
(1789442143.543918) can0 02051081#0000003F00000000
(1789442143.563003) can0 0205B801#00006D0600182000
(1789442143.563496) can0 01011840#FFFFFFFFFFFFFFFF
(1789442143.563892) can0 02051081#0000003F00000000
(1789442143.583032) can0 0205B801#00006E0600182000
(1789442143.583491) can0 01011840#FFFFFFFFFFFFFFFF
(1789442143.583882) can0 02051081#0000003F00000000
(1789442143.603023) can0 0205B801#00006F0600182000
(1789442143.603460) can0 01011840#FFFFFFFFFFFFFFFF
(1789442143.603849) can0 02051081#0000003F00000000
(1789442143.605987) can0 0205B841#0000000000400000
(1789442143.620012) can0 02051801#0000FFFFFFFF0000
(1789442143.621939) can0 0205BC01#6B392E9A
(1789442143.623023) can0 0205B801#00006E0600182000
(1789442143.623458) can0 01011840#FFFFFFFFFFFFFFFF
(1789442143.623850) can0 02051081#0000003F00000000
(1789442143.643158) can0 0205B801#00006F0600182000
(1789442143.643608) can0 01011840#FFFFFFFFFFFFFFFF
(1789442143.644001) can0 02051081#0000003F00000000
(1789442143.663021) can0 0205B801#00006D0600182000
(1789442143.663460) can0 01011840#FFFFFFFFFFFFFFFF
(1789442143.663854) can0 02051081#0000003F00000000
(1789442143.682983) can0 0205B801#00006E0600182000
(1789442143.683479) can0 01011840#FFFFFFFFFFFFFFFF
(1789442143.683872) can0 02051081#0000003F00000000
(1789442143.703064) can0 0205B801#00006D0600182000
(1789442143.703553) can0 01011840#FFFFFFFFFFFFFFFF
(1789442143.703942) can0 02051081#0000003F00000000
(1789442143.722986) can0 0205B801#00006E0600182000
(1789442143.723475) can0 01011840#FFFFFFFFFFFFFFFF
(1789442143.723866) can0 02051081#0000003F00000000
(1789442143.742988) can0 0205B801#00006E0600182000
(1789442143.743489) can0 01011840#FFFFFFFFFFFFFFFF
(1789442143.743881) can0 02051081#0000003F00000000
(1789442143.763042) can0 0205B801#00006E0600182000
(1789442143.763487) can0 01011840#FFFFFFFFFFFFFFFF
(1789442143.763878) can0 02051081#0000003F00000000
(1789442143.782984) can0 0205B801#00006E0600182000
(1789442143.783463) can0 01011840#FFFFFFFFFFFFFFFF
(1789442143.783854) can0 02051081#0000003F00000000
(1789442143.803028) can0 0205B801#00006F0600182000
(1789442143.803470) can0 01011840#FFFFFFFFFFFFFFFF
(1789442143.803862) can0 02051081#0000003F00000000
(1789442143.823030) can0 0205B801#00006E0600182000
(1789442143.823463) can0 01011840#FFFFFFFFFFFFFFFF
(1789442143.823853) can0 02051081#0000003F00000000
(1789442143.843025) can0 0205B801#00006E0600182000
(1789442143.843458) can0 01011840#FFFFFFFFFFFFFFFF
(1789442143.843847) can0 02051081#0000003F00000000
(1789442143.856018) can0 0205B841#0000000000400000
(1789442143.863004) can0 0205B801#00006E0600182000
(1789442143.863489) can0 01011840#FFFFFFFFFFFFFFFF
(1789442143.863884) can0 02051081#0000003F00000000
(1789442143.883049) can0 0205B801#00006E0600182000
(1789442143.883497) can0 01011840#FFFFFFFFFFFFFFFF
(1789442143.883889) can0 02051081#0000003F00000000
(1789442143.902990) can0 0205B801#00006D0600182000
(1789442143.903469) can0 01011840#FFFFFFFFFFFFFFFF
(1789442143.903860) can0 02051081#0000003F00000000
(1789442143.923027) can0 0205B801#00006E0600182000
(1789442143.923468) can0 01011840#FFFFFFFFFFFFFFFF
(1789442143.923857) can0 02051081#0000003F00000000
(1789442143.943179) can0 0205B801#00006F0600182000
(1789442143.943626) can0 01011840#FFFFFFFFFFFFFFFF
(1789442143.944018) can0 02051081#0000003F00000000
(1789442143.963023) can0 0205B801#00006E0600182000
(1789442143.963457) can0 01011840#FFFFFFFFFFFFFFFF
(1789442143.963847) can0 02051081#0000003F00000000
(1789442143.982983) can0 0205B801#00006E0600182000
(1789442143.983423) can0 01011840#FFFFFFFFFFFFFFFF
(1789442143.983812) can0 02051081#0000003F00000000
(1789442144.003132) can0 0205B801#00006D0600182000
(1789442144.003565) can0 01011840#FFFFFFFFFFFFFFFF
(1789442144.003954) can0 02051081#0000003F00000000
(1789442144.022980) can0 0205B801#00006D0600182000
(1789442144.023422) can0 01011840#FFFFFFFFFFFFFFFF
(1789442144.023811) can0 02051081#0000003F00000000
(1789442144.042977) can0 0205B801#00006D0600182000
(1789442144.043420) can0 01011840#FFFFFFFFFFFFFFFF
(1789442144.043810) can0 02051081#0000003F00000000
(1789442144.063047) can0 0205B801#00006E0600182000
(1789442144.063555) can0 01011840#FFFFFFFFFFFFFFFF
(1789442144.063947) can0 02051081#0000003F00000000
(1789442144.083032) can0 0205B801#00006D0600182000
(1789442144.083481) can0 01011840#FFFFFFFFFFFFFFFF
(1789442144.083871) can0 02051081#0000003F00000000
(1789442144.103035) can0 0205B801#00006E0600182000
(1789442144.103487) can0 01011840#FFFFFFFFFFFFFFFF
(1789442144.103881) can0 02051081#0000003F00000000
(1789442144.105978) can0 0205B841#0000000000400000
(1789442144.123145) can0 0205B801#00006E0600182000
(1789442144.123591) can0 01011840#FFFFFFFFFFFFFFFF
(1789442144.123981) can0 02051081#0000003F00000000
(1789442144.142983) can0 0205B801#00006E0600182000
(1789442144.143457) can0 01011840#FFFFFFFFFFFFFFFF
(1789442144.143848) can0 02051081#0000003F00000000
(1789442144.162977) can0 0205B801#00006E0600182000
(1789442144.163424) can0 01011840#FFFFFFFFFFFFFFFF
(1789442144.163814) can0 02051081#0000003F00000000
(1789442144.183028) can0 0205B801#00006D0600182000
(1789442144.183462) can0 01011840#FFFFFFFFFFFFFFFF
(1789442144.183853) can0 02051081#0000003F00000000
(1789442144.202979) can0 0205B801#00006E0600182000
(1789442144.203427) can0 01011840#FFFFFFFFFFFFFFFF
(1789442144.203818) can0 02051081#0000003F00000000
(1789442144.222977) can0 0205B801#00006E0600182000
(1789442144.223422) can0 01011840#FFFFFFFFFFFFFFFF
(1789442144.223813) can0 02051081#0000003F00000000
(1789442144.243165) can0 0205B801#00006E0600182000
(1789442144.243600) can0 01011840#FFFFFFFFFFFFFFFF
(1789442144.243990) can0 02051081#0000003F00000000
(1789442144.263019) can0 0205B801#00006E0600182000
(1789442144.263451) can0 01011840#FFFFFFFFFFFFFFFF
(1789442144.263842) can0 02051081#0000003F00000000
(1789442144.283015) can0 0205B801#00006E0600182000
(1789442144.283453) can0 01011840#FFFFFFFFFFFFFFFF
(1789442144.283843) can0 02051081#0000003F00000000
(1789442144.303047) can0 0205B801#00006E0600182000
(1789442144.303503) can0 01011840#FFFFFFFFFFFFFFFF
(1789442144.303893) can0 02051081#0000003F00000000
(1789442144.323032) can0 0205B801#00006E0600182000
(1789442144.323506) can0 01011840#FFFFFFFFFFFFFFFF
(1789442144.323951) can0 02051081#0000003F00000000
(1789442144.343018) can0 0205B801#00006E0600182000
(1789442144.343640) can0 01011840#FFFFFFFFFFFFFFFF
(1789442144.344026) can0 02051081#0000003F00000000
(1789442144.355981) can0 0205B841#0000000000400000
(1789442144.363173) can0 0205B801#00006E0600182000
(1789442144.363608) can0 01011840#FFFFFFFFFFFFFFFF
(1789442144.363994) can0 02051081#0000003F00000000
(1789442144.383006) can0 0205B801#00006F0600182000
(1789442144.383569) can0 01011840#FFFFFFFFFFFFFFFF
(1789442144.383965) can0 02051081#0000003F00000000
(1789442144.402975) can0 0205B801#00006D0600182000
(1789442144.403420) can0 01011840#FFFFFFFFFFFFFFFF
(1789442144.403803) can0 02051081#0000003F00000000
(1789442144.422969) can0 0205B801#00006E0600182000
(1789442144.423408) can0 01011840#FFFFFFFFFFFFFFFF
(1789442144.423798) can0 02051081#0000003F00000000
(1789442144.442991) can0 0205B801#00006E0600182000
(1789442144.443530) can0 01011840#FFFFFFFFFFFFFFFF
(1789442144.443924) can0 02051081#0000003F00000000
(1789442144.462974) can0 0205B801#00006E0600182000
(1789442144.463431) can0 01011840#FFFFFFFFFFFFFFFF
(1789442144.463820) can0 02051081#0000003F00000000
(1789442144.483023) can0 0205B801#00006E0600182000
(1789442144.483459) can0 01011840#FFFFFFFFFFFFFFFF
(1789442144.483848) can0 02051081#0000003F00000000
(1789442144.502990) can0 0205B801#00006E0600182000
(1789442144.503498) can0 01011840#FFFFFFFFFFFFFFFF
(1789442144.503893) can0 02051081#0000003F00000000
(1789442144.523027) can0 0205B801#00006E0600182000
(1789442144.523519) can0 01011840#FFFFFFFFFFFFFFFF
(1789442144.523912) can0 02051081#0000003F00000000
(1789442144.543161) can0 0205B801#00006E0600182000
(1789442144.543592) can0 01011840#FFFFFFFFFFFFFFFF
(1789442144.543978) can0 02051081#0000003F00000000
(1789442144.563015) can0 0205B801#00006E0600182000
(1789442144.563481) can0 01011840#FFFFFFFFFFFFFFFF
(1789442144.563871) can0 02051081#0000003F00000000
(1789442144.582979) can0 0205B801#00006E0600182000
(1789442144.583446) can0 01011840#FFFFFFFFFFFFFFFF
(1789442144.583835) can0 02051081#0000003F00000000
(1789442144.603160) can0 0205B801#00006F0600182000
(1789442144.603596) can0 01011840#FFFFFFFFFFFFFFFF
(1789442144.603985) can0 02051081#0000003F00000000
(1789442144.605977) can0 0205B841#0000000000400000
(1789442144.619973) can0 02051801#0000FFFFFFFF0000
(1789442144.621931) can0 0205BC01#6B392E9A
(1789442144.622969) can0 0205B801#00006E0600182000
(1789442144.623424) can0 01011840#FFFFFFFFFFFFFFFF
(1789442144.623814) can0 02051081#0000003F00000000
(1789442144.643008) can0 0205B801#00006E0600182000
(1789442144.643533) can0 01011840#FFFFFFFFFFFFFFFF
(1789442144.643925) can0 02051081#0000003F00000000
(1789442144.663128) can0 0205B801#00006F0600182000
(1789442144.663566) can0 01011840#FFFFFFFFFFFFFFFF
(1789442144.663954) can0 02051081#0000003F00000000
(1789442144.683012) can0 0205B801#00006E0600182000
(1789442144.683471) can0 01011840#FFFFFFFFFFFFFFFF
(1789442144.683860) can0 02051081#0000003F00000000
(1789442144.702980) can0 0205B801#00006E0600182000
(1789442144.703444) can0 01011840#FFFFFFFFFFFFFFFF
(1789442144.703835) can0 02051081#0000003F00000000
(1789442144.723028) can0 0205B801#00006E0600182000
(1789442144.723464) can0 01011840#FFFFFFFFFFFFFFFF
(1789442144.723854) can0 02051081#0000003F00000000
(1789442144.742988) can0 0205B801#00006E0600182000
(1789442144.743529) can0 01011840#FFFFFFFFFFFFFFFF
(1789442144.743922) can0 02051081#0000003F00000000
(1789442144.763012) can0 0205B801#00006E0600182000
(1789442144.763470) can0 01011840#FFFFFFFFFFFFFFFF
(1789442144.763859) can0 02051081#0000003F00000000
(1789442144.783371) can0 0205B801#00006F0600182000
(1789442144.783467) can0 01011840#FFFFFFFFFFFFFFFF
(1789442144.783858) can0 02051081#0000003F00000000
(1789442144.803025) can0 0205B801#00006D0600182000
(1789442144.803519) can0 01011840#FFFFFFFFFFFFFFFF
(1789442144.803917) can0 02051081#0000003F00000000
(1789442144.822979) can0 0205B801#00006E0600182000
(1789442144.823487) can0 01011840#FFFFFFFFFFFFFFFF
(1789442144.823878) can0 02051081#0000003F00000000
(1789442144.843160) can0 0205B801#00006E0600182000
(1789442144.843603) can0 01011840#FFFFFFFFFFFFFFFF
(1789442144.843994) can0 02051081#0000003F00000000
(1789442144.855973) can0 0205B841#0000000000400000
(1789442144.862967) can0 0205B801#00006E0600182000
(1789442144.863438) can0 01011840#FFFFFFFFFFFFFFFF
(1789442144.863836) can0 02051081#0000003F00000000
(1789442144.883014) can0 0205B801#00006E0600182000
(1789442144.883524) can0 01011840#FFFFFFFFFFFFFFFF
(1789442144.883914) can0 02051081#0000003F00000000
(1789442144.903045) can0 0205B801#00006E0600182000
(1789442144.903571) can0 01011840#FFFFFFFFFFFFFFFF
(1789442144.903960) can0 02051081#0000003F00000000
(1789442144.922966) can0 0205B801#00006E0600182000
(1789442144.923462) can0 01011840#FFFFFFFFFFFFFFFF
(1789442144.923850) can0 02051081#0000003F00000000
(1789442144.942983) can0 0205B801#00006F0600182000
(1789442144.943517) can0 01011840#FFFFFFFFFFFFFFFF
(1789442144.943910) can0 02051081#0000003F00000000
(1789442144.963123) can0 0205B801#00006E0600182000
(1789442144.963556) can0 01011840#FFFFFFFFFFFFFFFF
(1789442144.963946) can0 02051081#0000003F00000000
(1789442144.983010) can0 0205B801#00006E0600182000
(1789442144.983455) can0 01011840#FFFFFFFFFFFFFFFF
(1789442144.983844) can0 02051081#0000003F00000000
(1789442145.002974) can0 0205B801#00006E0600182000
(1789442145.003420) can0 01011840#FFFFFFFFFFFFFFFF
(1789442145.003809) can0 02051081#0000003F00000000
(1789442145.023021) can0 0205B801#00006E0600182000
(1789442145.023453) can0 01011840#FFFFFFFFFFFFFFFF
(1789442145.023842) can0 02051081#0000003F00000000
(1789442145.042970) can0 0205B801#00006E0600182000
(1789442145.043420) can0 01011840#FFFFFFFFFFFFFFFF
(1789442145.043812) can0 02051081#0000003F00000000
(1789442145.062978) can0 0205B801#00006E0600182000
(1789442145.063484) can0 01011840#FFFFFFFFFFFFFFFF
(1789442145.063874) can0 02051081#0000003F00000000
(1789442145.083020) can0 0205B801#00006E0600182000
(1789442145.083495) can0 01011840#FFFFFFFFFFFFFFFF
(1789442145.083886) can0 02051081#0000003F00000000
(1789442145.102972) can0 0205B801#00006E0600182000
(1789442145.103444) can0 01011840#FFFFFFFFFFFFFFFF
(1789442145.103836) can0 02051081#0000003F00000000
(1789442145.105970) can0 0205B841#0000000000400000
(1789442145.122977) can0 0205B801#00006E0600182000
(1789442145.123475) can0 01011840#FFFFFFFFFFFFFFFF
(1789442145.123867) can0 02051081#0000003F00000000
(1789442145.143032) can0 0205B801#00006E0600182000
(1789442145.143476) can0 01011840#FFFFFFFFFFFFFFFF
(1789442145.143870) can0 02051081#0000003F00000000
(1789442145.162969) can0 0205B801#00006E0600182000
(1789442145.163446) can0 01011840#FFFFFFFFFFFFFFFF
(1789442145.163836) can0 02051081#0000003F00000000
(1789442145.183012) can0 0205B801#00006F0600182000
(1789442145.183472) can0 01011840#FFFFFFFFFFFFFFFF
(1789442145.183863) can0 02051081#0000003F00000000
(1789442145.203014) can0 0205B801#00006E0600182000
(1789442145.203456) can0 01011840#FFFFFFFFFFFFFFFF
(1789442145.203845) can0 02051081#0000003F00000000
(1789442145.222965) can0 0205B801#00006E0600182000
(1789442145.223423) can0 01011840#FFFFFFFFFFFFFFFF
(1789442145.223812) can0 02051081#0000003F00000000
(1789442145.243007) can0 0205B801#00006E0600182000
(1789442145.243440) can0 01011840#FFFFFFFFFFFFFFFF
(1789442145.243829) can0 02051081#0000003F00000000
(1789442145.263121) can0 0205B801#00006F0600182000
(1789442145.263556) can0 01011840#FFFFFFFFFFFFFFFF
(1789442145.263945) can0 02051081#0000003F00000000
(1789442145.283007) can0 0205B801#00006E0600182000
(1789442145.283443) can0 01011840#FFFFFFFFFFFFFFFF
(1789442145.283832) can0 02051081#0000003F00000000
(1789442145.302974) can0 0205B801#00006E0600182000
(1789442145.303444) can0 01011840#FFFFFFFFFFFFFFFF
(1789442145.303831) can0 02051081#0000003F00000000
(1789442145.322960) can0 0205B801#00006E0600182000
(1789442145.323423) can0 01011840#FFFFFFFFFFFFFFFF
(1789442145.323809) can0 02051081#0000003F00000000
(1789442145.342967) can0 0205B801#00006E0600182000
(1789442145.343417) can0 01011840#FFFFFFFFFFFFFFFF
(1789442145.343805) can0 02051081#0000003F00000000
(1789442145.355977) can0 0205B841#0000000000400000
(1789442145.363045) can0 0205B801#00006F0600182000
(1789442145.363685) can0 01011840#FFFFFFFFFFFFFFFF
(1789442145.365629) can0 02051081#0000003F00000000
(1789442145.383170) can0 0205B801#00006F0600182000
(1789442145.383606) can0 01011840#FFFFFFFFFFFFFFFF
(1789442145.383986) can0 02051081#0000003F00000000
(1789442145.403008) can0 0205B801#00006E0600182000
(1789442145.403448) can0 01011840#FFFFFFFFFFFFFFFF
(1789442145.403842) can0 02051081#0000003F00000000
(1789442145.422997) can0 0205B801#00006E0600182000
(1789442145.423556) can0 01011840#FFFFFFFFFFFFFFFF
(1789442145.423954) can0 02051081#0000003F00000000
(1789442145.443128) can0 0205B801#00006E0600182000
(1789442145.443572) can0 01011840#FFFFFFFFFFFFFFFF
(1789442145.443965) can0 02051081#0000003F00000000
(1789442145.462967) can0 0205B801#00006F0600182000
(1789442145.463488) can0 01011840#FFFFFFFFFFFFFFFF
(1789442145.463878) can0 02051081#0000003F00000000
(1789442145.482960) can0 0205B801#00006E0600182000
(1789442145.483431) can0 01011840#FFFFFFFFFFFFFFFF
(1789442145.483822) can0 02051081#0000003F00000000
(1789442145.503032) can0 0205B801#00006E0600182000
(1789442145.503523) can0 01011840#FFFFFFFFFFFFFFFF
(1789442145.503916) can0 02051081#0000003F00000000
(1789442145.522971) can0 0205B801#00006F0600182000
(1789442145.523567) can0 01011840#FFFFFFFFFFFFFFFF
(1789442145.523960) can0 02051081#0000003F00000000
(1789442145.543005) can0 0205B801#00006F0600182000
(1789442145.543503) can0 01011840#FFFFFFFFFFFFFFFF
(1789442145.543892) can0 02051081#0000003F00000000
(1789442145.563010) can0 0205B801#00006F0600182000
(1789442145.563462) can0 01011840#FFFFFFFFFFFFFFFF
(1789442145.563851) can0 02051081#0000003F00000000
(1789442145.583002) can0 0205B801#00006E0600182000
(1789442145.583468) can0 01011840#FFFFFFFFFFFFFFFF
(1789442145.583857) can0 02051081#0000003F00000000
(1789442145.602966) can0 0205B801#00006E0600182000
(1789442145.603436) can0 01011840#FFFFFFFFFFFFFFFF
(1789442145.603827) can0 02051081#0000003F00000000
(1789442145.606004) can0 0205B841#0000000000400000
(1789442145.619960) can0 02051801#0000FFFFFFFF0000
(1789442145.621913) can0 0205BC01#6B392E9A
(1789442145.623007) can0 0205B801#00006E0600182000
(1789442145.623442) can0 01011840#FFFFFFFFFFFFFFFF
(1789442145.623832) can0 02051081#0000003F00000000
(1789442145.643001) can0 0205B801#00006E0600182000
(1789442145.643462) can0 01011840#FFFFFFFFFFFFFFFF
(1789442145.643849) can0 02051081#0000003F00000000
(1789442145.662963) can0 0205B801#00006E0600182000
(1789442145.663421) can0 01011840#FFFFFFFFFFFFFFFF
(1789442145.663812) can0 02051081#0000003F00000000
(1789442145.683036) can0 0205B801#00006E0600182000
(1789442145.683541) can0 01011840#FFFFFFFFFFFFFFFF
(1789442145.683933) can0 02051081#0000003F00000000
(1789442145.702969) can0 0205B801#00006E0600182000
(1789442145.703450) can0 01011840#FFFFFFFFFFFFFFFF
(1789442145.703842) can0 02051081#0000003F00000000
(1789442145.722959) can0 0205B801#00006E0600182000
(1789442145.723429) can0 01011840#FFFFFFFFFFFFFFFF
(1789442145.723819) can0 02051081#0000003F00000000
(1789442145.743009) can0 0205B801#00006F0600182000
(1789442145.743445) can0 01011840#FFFFFFFFFFFFFFFF
(1789442145.743834) can0 02051081#0000003F00000000
(1789442145.762959) can0 0205B801#00006F0600182000
(1789442145.763429) can0 01011840#FFFFFFFFFFFFFFFF
(1789442145.763821) can0 02051081#0000003F00000000
(1789442145.783001) can0 0205B801#00006E0600182000
(1789442145.783438) can0 01011840#FFFFFFFFFFFFFFFF
(1789442145.783828) can0 02051081#0000003F00000000
(1789442145.803028) can0 0205B801#00006F0600182000
(1789442145.803499) can0 01011840#FFFFFFFFFFFFFFFF
(1789442145.803881) can0 02051081#0000003F00000000
(1789442145.823016) can0 0205B801#00006F0600182000
(1789442145.823507) can0 01011840#FFFFFFFFFFFFFFFF
(1789442145.823886) can0 02051081#0000003F00000000
(1789442145.842959) can0 0205B801#00006E0600182000
(1789442145.843426) can0 01011840#FFFFFFFFFFFFFFFF
(1789442145.843814) can0 02051081#0000003F00000000
(1789442145.855969) can0 0205B841#0000000000400000
(1789442145.863167) can0 0205B801#00006E0600182000
(1789442145.864000) can0 01011840#FFFFFFFFFFFFFFFF
(1789442145.864768) can0 02051081#0000003F00000000
(1789442145.882994) can0 0205B801#00006E0600182000
(1789442145.883689) can0 01011840#FFFFFFFFFFFFFFFF
(1789442145.884064) can0 02051081#0000003F00000000
(1789442145.903009) can0 0205B801#00006F0600182000
(1789442145.903514) can0 01011840#FFFFFFFFFFFFFFFF
(1789442145.903908) can0 02051081#0000003F00000000
(1789442145.923115) can0 0205B801#00006E0600182000
(1789442145.923553) can0 01011840#FFFFFFFFFFFFFFFF
(1789442145.923941) can0 02051081#0000003F00000000
(1789442145.943027) can0 0205B801#00006E0600182000
(1789442145.943599) can0 01011840#FFFFFFFFFFFFFFFF
(1789442145.943994) can0 02051081#0000003F00000000
(1789442145.962953) can0 0205B801#00006F0600182000
(1789442145.963434) can0 01011840#FFFFFFFFFFFFFFFF
(1789442145.963816) can0 02051081#0000003F00000000
(1789442145.982976) can0 0205B801#00006E0600182000
(1789442145.983673) can0 01011840#FFFFFFFFFFFFFFFF
(1789442145.984078) can0 02051081#0000003F00000000
(1789442146.002980) can0 0205B801#00006E0600182000
(1789442146.003597) can0 01011840#FFFFFFFFFFFFFFFF
(1789442146.003972) can0 02051081#0000003F00000000
(1789442146.022965) can0 0205B801#00006E0600182000
(1789442146.023500) can0 01011840#FFFFFFFFFFFFFFFF
(1789442146.023891) can0 02051081#0000003F00000000
(1789442146.043009) can0 0205B801#00006E0600182000
(1789442146.043502) can0 01011840#FFFFFFFFFFFFFFFF
(1789442146.043889) can0 02051081#0000003F00000000
(1789442146.062965) can0 0205B801#00006E0600182000
(1789442146.063496) can0 01011840#FFFFFFFFFFFFFFFF
(1789442146.063887) can0 02051081#0000003F00000000
(1789442146.082996) can0 0205B801#00006E0600182000
(1789442146.083470) can0 01011840#FFFFFFFFFFFFFFFF
(1789442146.083857) can0 02051081#0000003F00000000
(1789442146.103164) can0 0205B801#00006F0600182000
(1789442146.103629) can0 01011840#FFFFFFFFFFFFFFFF
(1789442146.104033) can0 02051081#0000003F00000000
(1789442146.105972) can0 0205B841#0000000000400000
(1789442146.122958) can0 0205B801#00006E0600182000
(1789442146.123494) can0 01011840#FFFFFFFFFFFFFFFF
(1789442146.123884) can0 02051081#0000003F00000000
(1789442146.143002) can0 0205B801#00006E0600182000
(1789442146.143520) can0 01011840#FFFFFFFFFFFFFFFF
(1789442146.143910) can0 02051081#0000003F00000000
(1789442146.163011) can0 0205B801#00006E0600182000
(1789442146.163480) can0 01011840#FFFFFFFFFFFFFFFF
(1789442146.163871) can0 02051081#0000003F00000000
(1789442146.182950) can0 0205B801#00006E0600182000
(1789442146.183450) can0 01011840#FFFFFFFFFFFFFFFF
(1789442146.183838) can0 02051081#0000003F00000000
(1789442146.202957) can0 0205B801#00006E0600182000
(1789442146.203446) can0 01011840#FFFFFFFFFFFFFFFF
(1789442146.203834) can0 02051081#0000003F00000000
(1789442146.223111) can0 0205B801#00006F0600182000
(1789442146.223541) can0 01011840#FFFFFFFFFFFFFFFF
(1789442146.223930) can0 02051081#0000003F00000000
(1789442146.242992) can0 0205B801#00006E0600182000
(1789442146.243454) can0 01011840#FFFFFFFFFFFFFFFF
(1789442146.243841) can0 02051081#0000003F00000000
(1789442146.262955) can0 0205B801#00006E0600182000
(1789442146.263430) can0 01011840#FFFFFFFFFFFFFFFF
(1789442146.263817) can0 02051081#0000003F00000000
(1789442146.283021) can0 0205B801#00006E0600182000
(1789442146.283519) can0 01011840#FFFFFFFFFFFFFFFF
(1789442146.283928) can0 02051081#0000003F00000000
(1789442146.302985) can0 0205B801#00006F0600182000
(1789442146.303610) can0 01011840#FFFFFFFFFFFFFFFF
(1789442146.303987) can0 02051081#0000003F00000000
(1789442146.322946) can0 0205B801#00006E0600182000
(1789442146.323431) can0 01011840#FFFFFFFFFFFFFFFF
(1789442146.323819) can0 02051081#0000003F00000000
(1789442146.343004) can0 0205B801#00006E0600182000
(1789442146.343472) can0 01011840#FFFFFFFFFFFFFFFF
(1789442146.343860) can0 02051081#0000003F00000000
(1789442146.356009) can0 0205B841#0000000000400000
(1789442146.362961) can0 0205B801#00006F0600182000
(1789442146.363505) can0 01011840#FFFFFFFFFFFFFFFF
(1789442146.363899) can0 02051081#0000003F00000000
(1789442146.382949) can0 0205B801#00006E0600182000
(1789442146.383456) can0 01011840#FFFFFFFFFFFFFFFF
(1789442146.383866) can0 02051081#0000003F00000000
(1789442146.403046) can0 0205B801#00006E0600182000
(1789442146.403711) can0 01011840#FFFFFFFFFFFFFFFF
(1789442146.404092) can0 02051081#0000003F00000000
(1789442146.422951) can0 0205B801#00006E0600182000
(1789442146.423486) can0 01011840#FFFFFFFFFFFFFFFF
(1789442146.423877) can0 02051081#0000003F00000000
(1789442146.442999) can0 0205B801#00006E0600182000
(1789442146.443513) can0 01011840#FFFFFFFFFFFFFFFF
(1789442146.443902) can0 02051081#0000003F00000000
(1789442146.463032) can0 0205B801#00006E0600182000
(1789442146.463614) can0 01011840#FFFFFFFFFFFFFFFF
(1789442146.464008) can0 02051081#0000003F00000000
(1789442146.482991) can0 0205B801#00006D0600182000
(1789442146.483446) can0 01011840#FFFFFFFFFFFFFFFF
(1789442146.483835) can0 02051081#0000003F00000000
(1789442146.503020) can0 0205B801#00006E0600182000
(1789442146.503547) can0 01011840#FFFFFFFFFFFFFFFF
(1789442146.504695) can0 02051081#0000003F00000000
(1789442146.523121) can0 0205B801#00006F0600182000
(1789442146.523569) can0 01011840#FFFFFFFFFFFFFFFF
(1789442146.523960) can0 02051081#0000003F00000000
(1789442146.543008) can0 0205B801#00006E0600182000
(1789442146.543491) can0 01011840#FFFFFFFFFFFFFFFF
(1789442146.543885) can0 02051081#0000003F00000000
(1789442146.562969) can0 0205B801#00006E0600182000
(1789442146.563529) can0 01011840#FFFFFFFFFFFFFFFF
(1789442146.563917) can0 02051081#0000003F00000000
(1789442146.583008) can0 0205B801#00006E0600182000
(1789442146.583523) can0 01011840#FFFFFFFFFFFFFFFF
(1789442146.583915) can0 02051081#0000003F00000000
(1789442146.602950) can0 0205B801#00006E0600182000
(1789442146.603440) can0 01011840#FFFFFFFFFFFFFFFF
(1789442146.603829) can0 02051081#0000003F00000000
(1789442146.605992) can0 0205B841#0000000000400000
(1789442146.619949) can0 02051801#0000FFFFFFFF0000
(1789442146.621942) can0 0205BC01#6B392E9A
(1789442146.622947) can0 0205B801#00006E0600182000
(1789442146.623473) can0 01011840#FFFFFFFFFFFFFFFF
(1789442146.623863) can0 02051081#0000003F00000000
(1789442146.643001) can0 0205B801#00006E0600182000
(1789442146.643470) can0 01011840#FFFFFFFFFFFFFFFF
(1789442146.643859) can0 02051081#0000003F00000000
(1789442146.662947) can0 0205B801#00006E0600182000
(1789442146.663440) can0 01011840#FFFFFFFFFFFFFFFF
(1789442146.663828) can0 02051081#0000003F00000000
(1789442146.682952) can0 0205B801#00006E0600182000
(1789442146.683461) can0 01011840#FFFFFFFFFFFFFFFF
(1789442146.683850) can0 02051081#0000003F00000000
(1789442146.703102) can0 0205B801#00006F0600182000
(1789442146.703535) can0 01011840#FFFFFFFFFFFFFFFF
(1789442146.703924) can0 02051081#0000003F00000000
(1789442146.723028) can0 0205B801#00006E0600182000
(1789442146.723575) can0 01011840#FFFFFFFFFFFFFFFF
(1789442146.723970) can0 02051081#0000003F00000000
(1789442146.742951) can0 0205B801#00006E0600182000
(1789442146.743438) can0 01011840#FFFFFFFFFFFFFFFF
(1789442146.743825) can0 02051081#0000003F00000000
(1789442146.763004) can0 0205B801#00006E0600182000
(1789442146.763470) can0 01011840#FFFFFFFFFFFFFFFF
(1789442146.763859) can0 02051081#0000003F00000000
(1789442146.782951) can0 0205B801#00006E0600182000
(1789442146.783458) can0 01011840#FFFFFFFFFFFFFFFF
(1789442146.783847) can0 02051081#0000003F00000000
(1789442146.803000) can0 0205B801#00006E0600182000
(1789442146.803514) can0 01011840#FFFFFFFFFFFFFFFF
(1789442146.804316) can0 02051081#0000003F00000000
(1789442146.822993) can0 0205B801#00006E0600182000
(1789442146.823508) can0 01011840#FFFFFFFFFFFFFFFF
(1789442146.823894) can0 02051081#0000003F00000000
(1789442146.842988) can0 0205B801#00006E0600182000
(1789442146.843457) can0 01011840#FFFFFFFFFFFFFFFF
(1789442146.843846) can0 02051081#0000003F00000000
(1789442146.855944) can0 0205B841#0000000000400000
(1789442146.862952) can0 0205B801#00006E0600182000
(1789442146.863467) can0 01011840#FFFFFFFFFFFFFFFF
(1789442146.863856) can0 02051081#0000003F00000000
(1789442146.883017) can0 0205B801#00006F0600182000
(1789442146.883602) can0 01011840#FFFFFFFFFFFFFFFF
(1789442146.883988) can0 02051081#0000003F00000000
(1789442146.902964) can0 0205B801#00006E0600182000
(1789442146.903571) can0 01011840#FFFFFFFFFFFFFFFF
(1789442146.903959) can0 02051081#0000003F00000000
(1789442146.922992) can0 0205B801#00006F0600182000
(1789442146.923464) can0 01011840#FFFFFFFFFFFFFFFF
(1789442146.923853) can0 02051081#0000003F00000000
(1789442146.943171) can0 0205B801#00006F0600182000
(1789442146.943630) can0 01011840#FFFFFFFFFFFFFFFF
(1789442146.944025) can0 02051081#0000003F00000000
(1789442146.962986) can0 0205B801#00006F0600182000
(1789442146.963503) can0 01011840#FFFFFFFFFFFFFFFF
(1789442146.963893) can0 02051081#0000003F00000000
(1789442146.982982) can0 0205B801#00006E0600182000
(1789442146.983458) can0 01011840#FFFFFFFFFFFFFFFF
(1789442146.983847) can0 02051081#0000003F00000000
(1789442147.003097) can0 0205B801#00006F0600182000
(1789442147.003539) can0 01011840#FFFFFFFFFFFFFFFF
(1789442147.003929) can0 02051081#0000003F00000000
(1789442147.022950) can0 0205B801#00006E0600182000
(1789442147.023424) can0 01011840#FFFFFFFFFFFFFFFF
(1789442147.023816) can0 02051081#0000003F00000000
(1789442147.042941) can0 0205B801#00006F0600182000
(1789442147.043435) can0 01011840#FFFFFFFFFFFFFFFF
(1789442147.043823) can0 02051081#0000003F00000000
(1789442147.063006) can0 0205B801#00006E0600182000
(1789442147.063477) can0 01011840#FFFFFFFFFFFFFFFF
(1789442147.063865) can0 02051081#0000003F00000000
(1789442147.082986) can0 0205B801#00006D0600182000
(1789442147.083461) can0 01011840#FFFFFFFFFFFFFFFF
(1789442147.083850) can0 02051081#0000003F00000000
(1789442147.102982) can0 0205B801#00006E0600182000
(1789442147.103455) can0 01011840#FFFFFFFFFFFFFFFF
(1789442147.103845) can0 02051081#0000003F00000000
(1789442147.105995) can0 0205B841#0000000000400000
(1789442147.123025) can0 0205B801#00006E0600182000
(1789442147.123558) can0 01011840#FFFFFFFFFFFFFFFF
(1789442147.123940) can0 02051081#0000003F00000000
(1789442147.142956) can0 0205B801#00006E0600182000
(1789442147.143496) can0 01011840#FFFFFFFFFFFFFFFF
(1789442147.143889) can0 02051081#0000003F00000000
(1789442147.162946) can0 0205B801#00006E0600182000
(1789442147.163458) can0 01011840#FFFFFFFFFFFFFFFF
(1789442147.163849) can0 02051081#0000003F00000000
(1789442147.183000) can0 0205B801#00006E0600182000
(1789442147.183507) can0 01011840#FFFFFFFFFFFFFFFF
(1789442147.183899) can0 02051081#0000003F00000000
(1789442147.202952) can0 0205B801#00006E0600182000
(1789442147.203468) can0 01011840#FFFFFFFFFFFFFFFF
(1789442147.203861) can0 02051081#0000003F00000000
(1789442147.222941) can0 0205B801#00006E0600182000
(1789442147.223432) can0 01011840#FFFFFFFFFFFFFFFF
(1789442147.223820) can0 02051081#0000003F00000000
(1789442147.243132) can0 0205B801#00006F0600182000
(1789442147.243570) can0 01011840#FFFFFFFFFFFFFFFF
(1789442147.243959) can0 02051081#0000003F00000000
(1789442147.262982) can0 0205B801#00006E0600182000
(1789442147.263421) can0 01011840#FFFFFFFFFFFFFFFF
(1789442147.263810) can0 02051081#0000003F00000000
(1789442147.282943) can0 0205B801#00006E0600182000
(1789442147.283421) can0 01011840#FFFFFFFFFFFFFFFF
(1789442147.283811) can0 02051081#0000003F00000000
(1789442147.302993) can0 0205B801#00006E0600182000
(1789442147.303426) can0 01011840#FFFFFFFFFFFFFFFF
(1789442147.303815) can0 02051081#0000003F00000000
(1789442147.322945) can0 0205B801#00006E0600182000
(1789442147.323421) can0 01011840#FFFFFFFFFFFFFFFF
(1789442147.323813) can0 02051081#0000003F00000000
(1789442147.342979) can0 0205B801#00006D0600182000
(1789442147.343420) can0 01011840#FFFFFFFFFFFFFFFF
(1789442147.343810) can0 02051081#0000003F00000000
(1789442147.355981) can0 0205B841#0000000000400000
(1789442147.363013) can0 0205B801#00006E0600182000
(1789442147.363478) can0 01011840#FFFFFFFFFFFFFFFF
(1789442147.363875) can0 02051081#0000003F00000000
(1789442147.382941) can0 0205B801#00006F0600182000
(1789442147.383443) can0 01011840#FFFFFFFFFFFFFFFF
(1789442147.383831) can0 02051081#0000003F00000000
(1789442147.402980) can0 0205B801#00006F0600182000
(1789442147.403444) can0 01011840#FFFFFFFFFFFFFFFF
(1789442147.403829) can0 02051081#0000003F00000000
(1789442147.423093) can0 0205B801#00006E0600182000
(1789442147.423526) can0 01011840#FFFFFFFFFFFFFFFF
(1789442147.423931) can0 02051081#0000003F00000000
(1789442147.442992) can0 0205B801#00006F0600182000
(1789442147.443574) can0 01011840#FFFFFFFFFFFFFFFF
(1789442147.443998) can0 02051081#0000003F00000000
(1789442147.462968) can0 0205B801#00006E0600182000
(1789442147.463622) can0 01011840#FFFFFFFFFFFFFFFF
(1789442147.463999) can0 02051081#0000003F00000000
(1789442147.482937) can0 0205B801#00006E0600182000
(1789442147.483454) can0 01011840#FFFFFFFFFFFFFFFF
(1789442147.483841) can0 02051081#0000003F00000000
(1789442147.502966) can0 0205B801#00006E0600182000
(1789442147.503603) can0 01011840#FFFFFFFFFFFFFFFF
(1789442147.503992) can0 02051081#0000003F00000000
(1789442147.522986) can0 0205B801#00006E0600182000
(1789442147.523503) can0 01011840#FFFFFFFFFFFFFFFF
(1789442147.523898) can0 02051081#0000003F00000000
(1789442147.543022) can0 0205B801#00006E0600182000
(1789442147.543566) can0 01011840#FFFFFFFFFFFFFFFF
(1789442147.543969) can0 02051081#0000003F00000000
(1789442147.562929) can0 0205B801#00006D0600182000
(1789442147.563419) can0 01011840#FFFFFFFFFFFFFFFF
(1789442147.563794) can0 02051081#0000003F00000000
(1789442147.582981) can0 0205B801#00006F0600182000
(1789442147.583463) can0 01011840#FFFFFFFFFFFFFFFF
(1789442147.583854) can0 02051081#0000003F00000000
(1789442147.602983) can0 0205B801#00006E0600182000
(1789442147.603437) can0 01011840#FFFFFFFFFFFFFFFF
(1789442147.603832) can0 02051081#0000003F00000000
(1789442147.605979) can0 0205B841#0000000000400000
(1789442147.619940) can0 02051801#0000FFFFFFFF0000
(1789442147.621931) can0 0205BC01#6B392E9A
(1789442147.622934) can0 0205B801#00006E0600182000
(1789442147.623454) can0 01011840#FFFFFFFFFFFFFFFF
(1789442147.623843) can0 02051081#0000003F00000000
(1789442147.642978) can0 0205B801#00006E0600182000
(1789442147.643469) can0 01011840#FFFFFFFFFFFFFFFF
(1789442147.643857) can0 02051081#0000003F00000000
(1789442147.662984) can0 0205B801#00006E0600182000
(1789442147.663476) can0 01011840#FFFFFFFFFFFFFFFF
(1789442147.663866) can0 02051081#0000003F00000000
(1789442147.682980) can0 0205B801#00006E0600182000
(1789442147.683433) can0 01011840#FFFFFFFFFFFFFFFF
(1789442147.683826) can0 02051081#0000003F00000000
(1789442147.702938) can0 0205B801#00006E0600182000
(1789442147.703439) can0 01011840#FFFFFFFFFFFFFFFF
(1789442147.703828) can0 02051081#0000003F00000000
(1789442147.723097) can0 0205B801#00006F0600182000
(1789442147.723534) can0 01011840#FFFFFFFFFFFFFFFF
(1789442147.723925) can0 02051081#0000003F00000000
(1789442147.742975) can0 0205B801#00006F0600182000
(1789442147.743421) can0 01011840#FFFFFFFFFFFFFFFF
(1789442147.743811) can0 02051081#0000003F00000000
(1789442147.762976) can0 0205B801#00006E0600182000
(1789442147.763516) can0 01011840#FFFFFFFFFFFFFFFF
(1789442147.763912) can0 02051081#0000003F00000000
(1789442147.782986) can0 0205B801#00006E0600182000
(1789442147.783432) can0 01011840#FFFFFFFFFFFFFFFF
(1789442147.783821) can0 02051081#0000003F00000000
(1789442147.802939) can0 0205B801#00006E0600182000
(1789442147.803421) can0 01011840#FFFFFFFFFFFFFFFF
(1789442147.803808) can0 02051081#0000003F00000000
(1789442147.822928) can0 0205B801#00006E0600182000
(1789442147.823442) can0 01011840#FFFFFFFFFFFFFFFF
(1789442147.823828) can0 02051081#0000003F00000000
(1789442147.842989) can0 0205B801#00006E0600182000
(1789442147.843494) can0 01011840#FFFFFFFFFFFFFFFF
(1789442147.843885) can0 02051081#0000003F00000000
(1789442147.855937) can0 0205B841#0000000000400000
(1789442147.862943) can0 0205B801#00006F0600182000
(1789442147.863552) can0 01011840#FFFFFFFFFFFFFFFF
(1789442147.863944) can0 02051081#0000003F00000000
(1789442147.882935) can0 0205B801#00006E0600182000
(1789442147.883420) can0 01011840#FFFFFFFFFFFFFFFF
(1789442147.883792) can0 02051081#0000003F00000000
(1789442147.902982) can0 0205B801#00006F0600182000
(1789442147.903460) can0 01011840#FFFFFFFFFFFFFFFF
(1789442147.903828) can0 02051081#0000003F00000000
(1789442147.922983) can0 0205B801#00006E0600182000
(1789442147.923496) can0 01011840#FFFFFFFFFFFFFFFF
(1789442147.923888) can0 02051081#0000003F00000000
(1789442147.942944) can0 0205B801#00006E0600182000
(1789442147.943475) can0 01011840#FFFFFFFFFFFFFFFF
(1789442147.944026) can0 02051081#0000003F00000000
(1789442147.963106) can0 0205B801#00006F0600182000
(1789442147.963562) can0 01011840#FFFFFFFFFFFFFFFF
(1789442147.963957) can0 02051081#0000003F00000000
(1789442147.982978) can0 0205B801#00006F0600182000
(1789442147.983492) can0 01011840#FFFFFFFFFFFFFFFF
(1789442147.983885) can0 02051081#0000003F00000000
(1789442148.002948) can0 0205B801#00006E0600182000
(1789442148.003471) can0 01011840#FFFFFFFFFFFFFFFF
(1789442148.003865) can0 02051081#0000003F00000000
(1789442148.022985) can0 0205B801#00006E0600182000
(1789442148.023425) can0 01011840#FFFFFFFFFFFFFFFF
(1789442148.023814) can0 02051081#0000003F00000000
(1789442148.042933) can0 0205B801#00006E0600182000
(1789442148.043423) can0 01011840#FFFFFFFFFFFFFFFF
(1789442148.043816) can0 02051081#0000003F00000000
(1789442148.062937) can0 0205B801#00006F0600182000
(1789442148.063452) can0 01011840#FFFFFFFFFFFFFFFF
(1789442148.063841) can0 02051081#0000003F00000000
(1789442148.082978) can0 0205B801#00006E0600182000
(1789442148.083424) can0 01011840#FFFFFFFFFFFFFFFF
(1789442148.083827) can0 02051081#0000003F00000000
(1789442148.102980) can0 0205B801#00006F0600182000
(1789442148.103553) can0 01011840#FFFFFFFFFFFFFFFF
(1789442148.103939) can0 02051081#0000003F00000000
(1789442148.105936) can0 0205B841#0000000000400000
(1789442148.122931) can0 0205B801#00006F0600182000
(1789442148.123474) can0 01011840#FFFFFFFFFFFFFFFF
(1789442148.123865) can0 02051081#0000003F00000000
(1789442148.142985) can0 0205B801#00006E0600182000
(1789442148.143456) can0 01011840#FFFFFFFFFFFFFFFF
(1789442148.143848) can0 02051081#0000003F00000000
(1789442148.162971) can0 0205B801#00006D0600182000
(1789442148.163433) can0 01011840#FFFFFFFFFFFFFFFF
(1789442148.163823) can0 02051081#0000003F00000000
(1789442148.182942) can0 0205B801#00006E0600182000
(1789442148.183477) can0 01011840#FFFFFFFFFFFFFFFF
(1789442148.183880) can0 02051081#0000003F00000000
(1789442148.203082) can0 0205B801#00006E0600182000
(1789442148.203515) can0 01011840#FFFFFFFFFFFFFFFF
(1789442148.203905) can0 02051081#0000003F00000000
(1789442148.222934) can0 0205B801#00006E0600182000
(1789442148.223421) can0 01011840#FFFFFFFFFFFFFFFF
(1789442148.223810) can0 02051081#0000003F00000000
(1789442148.242929) can0 0205B801#00006F0600182000
(1789442148.243420) can0 01011840#FFFFFFFFFFFFFFFF
(1789442148.243809) can0 02051081#0000003F00000000
(1789442148.262980) can0 0205B801#00006E0600182000
(1789442148.263419) can0 01011840#FFFFFFFFFFFFFFFF
(1789442148.263811) can0 02051081#0000003F00000000
(1789442148.282929) can0 0205B801#00006F0600182000
(1789442148.283420) can0 01011840#FFFFFFFFFFFFFFFF
(1789442148.283811) can0 02051081#0000003F00000000
(1789442148.302971) can0 0205B801#00006F0600182000
(1789442148.303418) can0 01011840#FFFFFFFFFFFFFFFF
(1789442148.303807) can0 02051081#0000003F00000000
(1789442148.322983) can0 0205B801#00006E0600182000
(1789442148.323455) can0 01011840#FFFFFFFFFFFFFFFF
(1789442148.323845) can0 02051081#0000003F00000000
(1789442148.342970) can0 0205B801#00006E0600182000
(1789442148.343419) can0 01011840#FFFFFFFFFFFFFFFF
(1789442148.343808) can0 02051081#0000003F00000000
(1789442148.355927) can0 0205B841#0000000000400000
(1789442148.362925) can0 0205B801#00006F0600182000
(1789442148.363417) can0 01011840#FFFFFFFFFFFFFFFF
(1789442148.363807) can0 02051081#0000003F00000000
(1789442148.382985) can0 0205B801#00006F0600182000
(1789442148.383473) can0 01011840#FFFFFFFFFFFFFFFF
(1789442148.383869) can0 02051081#0000003F00000000
(1789442148.402931) can0 0205B801#00006E0600182000
(1789442148.403430) can0 01011840#FFFFFFFFFFFFFFFF
(1789442148.403819) can0 02051081#0000003F00000000
(1789442148.422969) can0 0205B801#00006E0600182000
(1789442148.423450) can0 01011840#FFFFFFFFFFFFFFFF
(1789442148.423843) can0 02051081#0000003F00000000
(1789442148.442996) can0 0205B801#00006E0600182000
(1789442148.443504) can0 01011840#FFFFFFFFFFFFFFFF
(1789442148.444670) can0 02051081#0000003F00000000
(1789442148.462998) can0 0205B801#00006E0600182000
(1789442148.463530) can0 01011840#FFFFFFFFFFFFFFFF
(1789442148.463921) can0 02051081#0000003F00000000
(1789442148.483018) can0 0205B801#00006F0600182000
(1789442148.483608) can0 01011840#FFFFFFFFFFFFFFFF
(1789442148.484008) can0 02051081#0000003F00000000
(1789442148.503102) can0 0205B801#00006F0600182000
(1789442148.503552) can0 01011840#FFFFFFFFFFFFFFFF
(1789442148.503940) can0 02051081#0000003F00000000
(1789442148.522939) can0 0205B801#00006E0600182000
(1789442148.523486) can0 01011840#FFFFFFFFFFFFFFFF
(1789442148.523879) can0 02051081#0000003F00000000
(1789442148.542960) can0 0205B801#00006F0600182000
(1789442148.543625) can0 01011840#FFFFFFFFFFFFFFFF
(1789442148.544017) can0 02051081#0000003F00000000
(1789442148.562999) can0 0205B801#00006F0600182000
(1789442148.563611) can0 01011840#FFFFFFFFFFFFFFFF
(1789442148.564001) can0 02051081#0000003F00000000
(1789442148.582971) can0 0205B801#00006E0600182000
(1789442148.583455) can0 01011840#FFFFFFFFFFFFFFFF
(1789442148.583841) can0 02051081#0000003F00000000
(1789442148.602969) can0 0205B801#00006F0600182000
(1789442148.603471) can0 01011840#FFFFFFFFFFFFFFFF
(1789442148.603862) can0 02051081#0000003F00000000
(1789442148.605968) can0 0205B841#0000000000400000
(1789442148.619929) can0 02051801#0000FFFFFFFF0000
(1789442148.621879) can0 0205BC01#6B392E9A
(1789442148.622972) can0 0205B801#00006F0600182000
(1789442148.623427) can0 01011840#FFFFFFFFFFFFFFFF
(1789442148.623817) can0 02051081#0000003F00000000
(1789442148.642931) can0 0205B801#00006E0600182000
(1789442148.643460) can0 01011840#FFFFFFFFFFFFFFFF
(1789442148.643852) can0 02051081#0000003F00000000
(1789442148.662965) can0 0205B801#00006E0600182000
(1789442148.663425) can0 01011840#FFFFFFFFFFFFFFFF
(1789442148.663815) can0 02051081#0000003F00000000
(1789442148.683079) can0 0205B801#00006F0600182000
(1789442148.683512) can0 01011840#FFFFFFFFFFFFFFFF
(1789442148.683902) can0 02051081#0000003F00000000
(1789442148.702977) can0 0205B801#00006F0600182000
(1789442148.703548) can0 01011840#FFFFFFFFFFFFFFFF
(1789442148.703933) can0 02051081#0000003F00000000
(1789442148.722933) can0 0205B801#00006F0600182000
(1789442148.723462) can0 01011840#FFFFFFFFFFFFFFFF
(1789442148.723856) can0 02051081#0000003F00000000
(1789442148.742920) can0 0205B801#00006F0600182000
(1789442148.743447) can0 01011840#FFFFFFFFFFFFFFFF
(1789442148.743837) can0 02051081#0000003F00000000
(1789442148.762925) can0 0205B801#00006F0600182000
(1789442148.763430) can0 01011840#FFFFFFFFFFFFFFFF
(1789442148.763819) can0 02051081#0000003F00000000
(1789442148.782922) can0 0205B801#00006E0600182000
(1789442148.783423) can0 01011840#FFFFFFFFFFFFFFFF
(1789442148.783814) can0 02051081#0000003F00000000
(1789442148.802996) can0 0205B801#00006E0600182000
(1789442148.803535) can0 01011840#FFFFFFFFFFFFFFFF
(1789442148.803926) can0 02051081#0000003F00000000
(1789442148.822963) can0 0205B801#00006E0600182000
(1789442148.823424) can0 01011840#FFFFFFFFFFFFFFFF
(1789442148.823809) can0 02051081#0000003F00000000
(1789442148.842925) can0 0205B801#00006F0600182000
(1789442148.843455) can0 01011840#FFFFFFFFFFFFFFFF
(1789442148.843850) can0 02051081#0000003F00000000
(1789442148.855972) can0 0205B841#0000000000400000
(1789442148.862975) can0 0205B801#00006F0600182000
(1789442148.863510) can0 01011840#FFFFFFFFFFFFFFFF
(1789442148.863901) can0 02051081#0000003F00000000
(1789442148.882926) can0 0205B801#00006F0600182000
(1789442148.883470) can0 01011840#FFFFFFFFFFFFFFFF
(1789442148.883861) can0 02051081#0000003F00000000
(1789442148.902963) can0 0205B801#00006E0600182000
(1789442148.903439) can0 01011840#FFFFFFFFFFFFFFFF
(1789442148.903828) can0 02051081#0000003F00000000
(1789442148.923083) can0 0205B801#00006F0600182000
(1789442148.923520) can0 01011840#FFFFFFFFFFFFFFFF
(1789442148.923909) can0 02051081#0000003F00000000
(1789442148.942966) can0 0205B801#00006E0600182000
(1789442148.943485) can0 01011840#FFFFFFFFFFFFFFFF
(1789442148.943911) can0 02051081#0000003F00000000
(1789442148.962936) can0 0205B801#00006E0600182000
(1789442148.963513) can0 01011840#FFFFFFFFFFFFFFFF
(1789442148.963904) can0 02051081#0000003F00000000
(1789442148.982913) can0 0205B801#00006E0600182000
(1789442148.983420) can0 01011840#FFFFFFFFFFFFFFFF
(1789442148.983804) can0 02051081#0000003F00000000
(1789442149.002923) can0 0205B801#00006E0600182000
(1789442149.003419) can0 01011840#FFFFFFFFFFFFFFFF
(1789442149.003803) can0 02051081#0000003F00000000
(1789442149.022962) can0 0205B801#00006E0600182000
(1789442149.023421) can0 01011840#FFFFFFFFFFFFFFFF
(1789442149.023807) can0 02051081#0000003F00000000
(1789442149.042971) can0 0205B801#00006E0600182000
(1789442149.043472) can0 01011840#FFFFFFFFFFFFFFFF
(1789442149.043860) can0 02051081#0000003F00000000
(1789442149.062936) can0 0205B801#00006E0600182000
(1789442149.063487) can0 01011840#FFFFFFFFFFFFFFFF
(1789442149.063879) can0 02051081#0000003F00000000
(1789442149.082970) can0 0205B801#00006E0600182000
(1789442149.083475) can0 01011840#FFFFFFFFFFFFFFFF
(1789442149.083864) can0 02051081#0000003F00000000
(1789442149.102973) can0 0205B801#00006E0600182000
(1789442149.103450) can0 01011840#FFFFFFFFFFFFFFFF
(1789442149.103838) can0 02051081#0000003F00000000
(1789442149.105958) can0 0205B841#0000000000400000
(1789442149.122933) can0 0205B801#00006E0600182000
(1789442149.123467) can0 01011840#FFFFFFFFFFFFFFFF
(1789442149.123857) can0 02051081#0000003F00000000
(1789442149.142926) can0 0205B801#00006E0600182000
(1789442149.143466) can0 01011840#FFFFFFFFFFFFFFFF
(1789442149.143856) can0 02051081#0000003F00000000
(1789442149.162971) can0 0205B801#00006E0600182000
(1789442149.163462) can0 01011840#FFFFFFFFFFFFFFFF
(1789442149.163851) can0 02051081#0000003F00000000
(1789442149.182924) can0 0205B801#00006E0600182000
(1789442149.183471) can0 01011840#FFFFFFFFFFFFFFFF
(1789442149.183872) can0 02051081#0000003F00000000
(1789442149.202969) can0 0205B801#00006F0600182000
(1789442149.203478) can0 01011840#FFFFFFFFFFFFFFFF
(1789442149.203868) can0 02051081#0000003F00000000
(1789442149.222972) can0 0205B801#00006F0600182000
(1789442149.223439) can0 01011840#FFFFFFFFFFFFFFFF
(1789442149.223828) can0 02051081#0000003F00000000
(1789442149.242960) can0 0205B801#00006E0600182000
(1789442149.243428) can0 01011840#FFFFFFFFFFFFFFFF
(1789442149.243815) can0 02051081#0000003F00000000
(1789442149.262958) can0 0205B801#00006E0600182000
(1789442149.263425) can0 01011840#FFFFFFFFFFFFFFFF
(1789442149.263813) can0 02051081#0000003F00000000
(1789442149.283107) can0 0205B801#00006E0600182000
(1789442149.283538) can0 01011840#FFFFFFFFFFFFFFFF
(1789442149.283926) can0 02051081#0000003F00000000
(1789442149.302984) can0 0205B801#00006F0600182000
(1789442149.303638) can0 01011840#FFFFFFFFFFFFFFFF
(1789442149.304025) can0 02051081#0000003F00000000
(1789442149.322924) can0 0205B801#00006E0600182000
(1789442149.323415) can0 01011840#FFFFFFFFFFFFFFFF
(1789442149.323806) can0 02051081#0000003F00000000
(1789442149.343107) can0 0205B801#00006F0600182000
(1789442149.343539) can0 01011840#FFFFFFFFFFFFFFFF
(1789442149.343927) can0 02051081#0000003F00000000
(1789442149.355914) can0 0205B841#0000000000400000
(1789442149.362914) can0 0205B801#00006F0600182000
(1789442149.363459) can0 01011840#FFFFFFFFFFFFFFFF
(1789442149.363847) can0 02051081#0000003F00000000
(1789442149.382967) can0 0205B801#00006E0600182000
(1789442149.383479) can0 01011840#FFFFFFFFFFFFFFFF
(1789442149.383872) can0 02051081#0000003F00000000
(1789442149.402967) can0 0205B801#00006E0600182000
(1789442149.403439) can0 01011840#FFFFFFFFFFFFFFFF
(1789442149.403828) can0 02051081#0000003F00000000
(1789442149.422913) can0 0205B801#00006E0600182000
(1789442149.423426) can0 01011840#FFFFFFFFFFFFFFFF
(1789442149.423822) can0 02051081#0000003F00000000
(1789442149.442920) can0 0205B801#00006E0600182000
(1789442149.443431) can0 01011840#FFFFFFFFFFFFFFFF
(1789442149.443820) can0 02051081#0000003F00000000
(1789442149.463071) can0 0205B801#00006F0600182000
(1789442149.463502) can0 01011840#FFFFFFFFFFFFFFFF
(1789442149.463890) can0 02051081#0000003F00000000
(1789442149.482955) can0 0205B801#00006E0600182000
(1789442149.483427) can0 01011840#FFFFFFFFFFFFFFFF
(1789442149.483815) can0 02051081#0000003F00000000
(1789442149.502926) can0 0205B801#00006E0600182000
(1789442149.503468) can0 01011840#FFFFFFFFFFFFFFFF
(1789442149.503884) can0 02051081#0000003F00000000
(1789442149.523003) can0 0205B801#00006D0600182000
(1789442149.523821) can0 01011840#FFFFFFFFFFFFFFFF
(1789442149.524206) can0 02051081#0000003F00000000
(1789442149.542918) can0 0205B801#00006E0600182000
(1789442149.543482) can0 01011840#FFFFFFFFFFFFFFFF
(1789442149.543868) can0 02051081#0000003F00000000
(1789442149.562930) can0 0205B801#00006E0600182000
(1789442149.563534) can0 01011840#FFFFFFFFFFFFFFFF
(1789442149.563923) can0 02051081#0000003F00000000
(1789442149.582993) can0 0205B801#00006E0600182000
(1789442149.583579) can0 01011840#FFFFFFFFFFFFFFFF
(1789442149.583975) can0 02051081#0000003F00000000
(1789442149.602959) can0 0205B801#00006E0600182000
(1789442149.603460) can0 01011840#FFFFFFFFFFFFFFFF
(1789442149.603844) can0 02051081#0000003F00000000
(1789442149.605914) can0 0205B841#0000000000400000
(1789442149.619917) can0 02051801#0000FFFFFFFF0000
(1789442149.621868) can0 0205BC01#6B392E9A
(1789442149.622951) can0 0205B801#00006F0600182000
(1789442149.623460) can0 01011840#FFFFFFFFFFFFFFFF
(1789442149.623848) can0 02051081#0000003F00000000
(1789442149.643075) can0 0205B801#00006F0600182000
(1789442149.643522) can0 01011840#FFFFFFFFFFFFFFFF
(1789442149.643910) can0 02051081#0000003F00000000
(1789442149.662954) can0 0205B801#00006E0600182000
(1789442149.663431) can0 01011840#FFFFFFFFFFFFFFFF
(1789442149.663818) can0 02051081#0000003F00000000
(1789442149.682909) can0 0205B801#00006F0600182000
(1789442149.683488) can0 01011840#FFFFFFFFFFFFFFFF
(1789442149.683884) can0 02051081#0000003F00000000
(1789442149.703067) can0 0205B801#00006E0600182000
(1789442149.703501) can0 01011840#FFFFFFFFFFFFFFFF
(1789442149.703890) can0 02051081#0000003F00000000
(1789442149.722951) can0 0205B801#00006E0600182000
(1789442149.723451) can0 01011840#FFFFFFFFFFFFFFFF
(1789442149.723839) can0 02051081#0000003F00000000
(1789442149.742913) can0 0205B801#00006E0600182000
(1789442149.743423) can0 01011840#FFFFFFFFFFFFFFFF
(1789442149.743810) can0 02051081#0000003F00000000
(1789442149.762971) can0 0205B801#00006F0600182000
(1789442149.763477) can0 01011840#FFFFFFFFFFFFFFFF
(1789442149.763868) can0 02051081#0000003F00000000
(1789442149.782913) can0 0205B801#00006E0600182000
(1789442149.783431) can0 01011840#FFFFFFFFFFFFFFFF
(1789442149.783819) can0 02051081#0000003F00000000
(1789442149.802913) can0 0205B801#00006E0600182000
(1789442149.803444) can0 01011840#FFFFFFFFFFFFFFFF
(1789442149.803834) can0 02051081#0000003F00000000
(1789442149.822961) can0 0205B801#00006E0600182000
(1789442149.823440) can0 01011840#FFFFFFFFFFFFFFFF
(1789442149.823828) can0 02051081#0000003F00000000
(1789442149.842933) can0 0205B801#00006E0600182000
(1789442149.843527) can0 01011840#FFFFFFFFFFFFFFFF
(1789442149.843918) can0 02051081#0000003F00000000
(1789442149.855932) can0 0205B841#0000000000400000
(1789442149.862911) can0 0205B801#00006F0600182000
(1789442149.863497) can0 01011840#FFFFFFFFFFFFFFFF
(1789442149.863887) can0 02051081#0000003F00000000
(1789442149.883072) can0 0205B801#00006F0600182000
(1789442149.883536) can0 01011840#FFFFFFFFFFFFFFFF
(1789442149.883928) can0 02051081#0000003F00000000
(1789442149.902949) can0 0205B801#00006E0600182000
(1789442149.903595) can0 01011840#FFFFFFFFFFFFFFFF
(1789442149.903989) can0 02051081#0000003F00000000
(1789442149.922948) can0 0205B801#00006E0600182000
(1789442149.923412) can0 01011840#FFFFFFFFFFFFFFFF
(1789442149.923798) can0 02051081#0000003F00000000
(1789442149.942961) can0 0205B801#00006E0600182000
(1789442149.943502) can0 01011840#FFFFFFFFFFFFFFFF
(1789442149.943901) can0 02051081#0000003F00000000
(1789442149.962975) can0 0205B801#00006E0600182000
(1789442149.963578) can0 01011840#FFFFFFFFFFFFFFFF
(1789442149.963955) can0 02051081#0000003F00000000
(1789442149.982949) can0 0205B801#00006E0600182000
(1789442149.983446) can0 01011840#FFFFFFFFFFFFFFFF
(1789442149.983834) can0 02051081#0000003F00000000
(1789442150.003068) can0 0205B801#00006F0600182000
(1789442150.003502) can0 01011840#FFFFFFFFFFFFFFFF
(1789442150.003891) can0 02051081#0000003F00000000
(1789442150.023013) can0 0205B801#00006F0600182000
(1789442150.024446) can0 01011840#FFFFFFFFFFFFFFFF
(1789442150.025118) can0 02051081#CDCC4C3E00000000
(1789442150.042951) can0 0205B801#00006E0600182000
(1789442150.043865) can0 01011840#FFFFFFFFFFFFFFFF
(1789442150.044407) can0 02051081#CDCC4C3E00000000
(1789442150.063139) can0 0205B801#00006F0600182000
(1789442150.063640) can0 01011840#FFFFFFFFFFFFFFFF
(1789442150.064039) can0 02051081#CDCC4C3E00000000
(1789442150.082928) can0 0205B801#00006E0600182000
(1789442150.083479) can0 01011840#FFFFFFFFFFFFFFFF
(1789442150.083844) can0 02051081#CDCC4C3E00000000
(1789442150.102923) can0 0205B801#00006F0600182000
(1789442150.103498) can0 01011840#FFFFFFFFFFFFFFFF
(1789442150.103864) can0 02051081#CDCC4C3E00000000
(1789442150.105898) can0 0205B841#0000000000400000
(1789442150.122951) can0 0205B801#00006F0600182000
(1789442150.123416) can0 01011840#FFFFFFFFFFFFFFFF
(1789442150.123780) can0 02051081#CDCC4C3E00000000
(1789442150.142941) can0 0205B801#00006E0600182000
(1789442150.143698) can0 01011840#FFFFFFFFFFFFFFFF
(1789442150.144092) can0 02051081#CDCC4C3E00000000
(1789442150.162952) can0 0205B801#00006F0600182000
(1789442150.163850) can0 01011840#FFFFFFFFFFFFFFFF
(1789442150.164251) can0 02051081#CDCC4C3E00000000
(1789442150.183082) can0 0205B801#00006E0600182000
(1789442150.183512) can0 01011840#FFFFFFFFFFFFFFFF
(1789442150.183877) can0 02051081#CDCC4C3E00000000
(1789442150.202956) can0 0205B801#00006E0600182000
(1789442150.203477) can0 01011840#FFFFFFFFFFFFFFFF
(1789442150.203861) can0 02051081#CDCC4C3E00000000
(1789442150.222922) can0 0205B801#00006E0600182000
(1789442150.223465) can0 01011840#FFFFFFFFFFFFFFFF
(1789442150.223853) can0 02051081#CDCC4C3E00000000
(1789442150.242905) can0 0205B801#00006E0600182000
(1789442150.243431) can0 01011840#FFFFFFFFFFFFFFFF
(1789442150.243815) can0 02051081#CDCC4C3E00000000
(1789442150.262907) can0 0205B801#00006E0600182000
(1789442150.263425) can0 01011840#FFFFFFFFFFFFFFFF
(1789442150.263898) can0 02051081#CDCC4C3E00000000
(1789442150.282904) can0 0205B801#00006E0600182000
(1789442150.283438) can0 01011840#FFFFFFFFFFFFFFFF
(1789442150.283823) can0 02051081#CDCC4C3E00000000
(1789442150.302962) can0 0205B801#00006E0600182000
(1789442150.303430) can0 01011840#FFFFFFFFFFFFFFFF
(1789442150.303815) can0 02051081#CDCC4C3E00000000
(1789442150.322902) can0 0205B801#00006F0600182000
(1789442150.323440) can0 01011840#FFFFFFFFFFFFFFFF
(1789442150.323824) can0 02051081#CDCC4C3E00000000
(1789442150.342943) can0 0205B801#00006F0600182000
(1789442150.343426) can0 01011840#FFFFFFFFFFFFFFFF
(1789442150.343811) can0 02051081#CDCC4C3E00000000
(1789442150.355945) can0 0205B841#0000000000400000
(1789442150.362952) can0 0205B801#00006E0600182000
(1789442150.363420) can0 01011840#FFFFFFFFFFFFFFFF
(1789442150.363804) can0 02051081#CDCC4C3E00000000
(1789442150.382903) can0 0205B801#00006F0600182000
(1789442150.383444) can0 01011840#FFFFFFFFFFFFFFFF
(1789442150.383829) can0 02051081#CDCC4C3E00000000
(1789442150.402947) can0 0205B801#00006F0600182000
(1789442150.403425) can0 01011840#FFFFFFFFFFFFFFFF
(1789442150.403810) can0 02051081#CDCC4C3E00000000
(1789442150.423059) can0 0205B801#00006F0600182000
(1789442150.423497) can0 01011840#FFFFFFFFFFFFFFFF
(1789442150.423887) can0 02051081#CDCC4C3E00000000
(1789442150.442944) can0 0205B801#00006F0600182000
(1789442150.443450) can0 01011840#FFFFFFFFFFFFFFFF
(1789442150.443832) can0 02051081#CDCC4C3E00000000
(1789442150.462905) can0 0205B801#00006F0600182000
(1789442150.463428) can0 01011840#FFFFFFFFFFFFFFFF
(1789442150.463810) can0 02051081#CDCC4C3E00000000
(1789442150.482899) can0 0205B801#00006F0600182000
(1789442150.483422) can0 01011840#FFFFFFFFFFFFFFFF
(1789442150.483804) can0 02051081#CDCC4C3E00000000
(1789442150.502908) can0 0205B801#00006E0600182000
(1789442150.503426) can0 01011840#FFFFFFFFFFFFFFFF
(1789442150.503809) can0 02051081#CDCC4C3E00000000
(1789442150.522986) can0 0205B801#00006E0600182000
(1789442150.523613) can0 01011840#FFFFFFFFFFFFFFFF
(1789442150.524002) can0 02051081#CDCC4C3E00000000
(1789442150.542951) can0 0205B801#00006F0600182000
(1789442150.543461) can0 01011840#FFFFFFFFFFFFFFFF
(1789442150.543885) can0 02051081#CDCC4C3E00000000
(1789442150.562940) can0 0205B801#00006F0600182000
(1789442150.563635) can0 01011840#FFFFFFFFFFFFFFFF
(1789442150.564027) can0 02051081#CDCC4C3E00000000
(1789442150.582916) can0 0205B801#00006F0600182000
(1789442150.583504) can0 01011840#FFFFFFFFFFFFFFFF
(1789442150.583891) can0 02051081#CDCC4C3E00000000
(1789442150.603098) can0 0205B801#00006F0600182000
(1789442150.603542) can0 01011840#FFFFFFFFFFFFFFFF
(1789442150.603927) can0 02051081#CDCC4C3E00000000
(1789442150.605905) can0 0205B841#0000000000400000
(1789442150.619955) can0 02051801#0000FFFFFFFF0000
(1789442150.621952) can0 0205BC01#6B392E9A
(1789442150.622991) can0 0205B801#00006E0600182000
(1789442150.623784) can0 01011840#FFFFFFFFFFFFFFFF
(1789442150.624244) can0 02051081#CDCC4C3E00000000
(1789442150.642918) can0 0205B801#00006F0600182000
(1789442150.643628) can0 01011840#FFFFFFFFFFFFFFFF
(1789442150.644017) can0 02051081#CDCC4C3E00000000
(1789442150.663059) can0 0205B801#00006F0600182000
(1789442150.663553) can0 01011840#FFFFFFFFFFFFFFFF
(1789442150.663935) can0 02051081#CDCC4C3E00000000
(1789442150.682940) can0 0205B801#00006E0600182000
(1789442150.683437) can0 01011840#FFFFFFFFFFFFFFFF
(1789442150.683820) can0 02051081#CDCC4C3E00000000
(1789442150.702903) can0 0205B801#00006F0600182000
(1789442150.703427) can0 01011840#FFFFFFFFFFFFFFFF
(1789442150.703810) can0 02051081#CDCC4C3E00000000
(1789442150.722952) can0 0205B801#00006F0600182000
(1789442150.723439) can0 01011840#FFFFFFFFFFFFFFFF
(1789442150.723823) can0 02051081#CDCC4C3E00000000
(1789442150.742898) can0 0205B801#00006F0600182000
(1789442150.743423) can0 01011840#FFFFFFFFFFFFFFFF
(1789442150.743805) can0 02051081#CDCC4C3E00000000
(1789442150.762940) can0 0205B801#00006E0600182000
(1789442150.763422) can0 01011840#FFFFFFFFFFFFFFFF
(1789442150.763804) can0 02051081#CDCC4C3E00000000
(1789442150.783089) can0 0205B801#00006E0600182000
(1789442150.783519) can0 01011840#FFFFFFFFFFFFFFFF
(1789442150.783902) can0 02051081#CDCC4C3E00000000
(1789442150.802940) can0 0205B801#0000700600182000
(1789442150.803449) can0 01011840#FFFFFFFFFFFFFFFF
(1789442150.803832) can0 02051081#CDCC4C3E00000000
(1789442150.822903) can0 0205B801#00006F0600182000
(1789442150.823430) can0 01011840#FFFFFFFFFFFFFFFF
(1789442150.823813) can0 02051081#CDCC4C3E00000000
(1789442150.843051) can0 0205B801#00006F0600182000
(1789442150.843489) can0 01011840#FFFFFFFFFFFFFFFF
(1789442150.843873) can0 02051081#CDCC4C3E00000000
(1789442150.855948) can0 0205B841#0000000000400000
(1789442150.862943) can0 0205B801#00006F0600182000
(1789442150.863471) can0 01011840#FFFFFFFFFFFFFFFF
(1789442150.863856) can0 02051081#CDCC4C3E00000000
(1789442150.882934) can0 0205B801#00006E0600182000
(1789442150.883587) can0 01011840#FFFFFFFFFFFFFFFF
(1789442150.883977) can0 02051081#CDCC4C3E00000000
(1789442150.903056) can0 0205B801#0000700600182000
(1789442150.903544) can0 01011840#FFFFFFFFFFFFFFFF
(1789442150.903929) can0 02051081#CDCC4C3E00000000
(1789442150.922901) can0 0205B801#00006F0600182000
(1789442150.923433) can0 01011840#FFFFFFFFFFFFFFFF
(1789442150.923815) can0 02051081#CDCC4C3E00000000
(1789442150.942899) can0 0205B801#00006E0600182000
(1789442150.943457) can0 01011840#FFFFFFFFFFFFFFFF
(1789442150.943841) can0 02051081#CDCC4C3E00000000
(1789442150.962958) can0 0205B801#00006F0600182000
(1789442150.963490) can0 01011840#FFFFFFFFFFFFFFFF
(1789442150.963875) can0 02051081#CDCC4C3E00000000
(1789442150.982896) can0 0205B801#00006E0600182000
(1789442150.983424) can0 01011840#FFFFFFFFFFFFFFFF
(1789442150.983808) can0 02051081#CDCC4C3E00000000
(1789442151.002944) can0 0205B801#00006D0600182000
(1789442151.003426) can0 01011840#FFFFFFFFFFFFFFFF
(1789442151.003810) can0 02051081#CDCC4C3E00000000
(1789442151.023050) can0 0205B801#00006F0600182000
(1789442151.023482) can0 01011840#FFFFFFFFFFFFFFFF
(1789442151.023865) can0 02051081#CDCC4C3E00000000
(1789442151.042936) can0 0205B801#00006F0600182000
(1789442151.043436) can0 01011840#FFFFFFFFFFFFFFFF
(1789442151.043836) can0 02051081#CDCC4C3E00000000
(1789442151.062907) can0 0205B801#00006E0600182000
(1789442151.063454) can0 01011840#FFFFFFFFFFFFFFFF
(1789442151.063842) can0 02051081#CDCC4C3E00000000
(1789442151.082949) can0 0205B801#00006F0600182000
(1789442151.083426) can0 01011840#FFFFFFFFFFFFFFFF
(1789442151.083810) can0 02051081#CDCC4C3E00000000
(1789442151.102901) can0 0205B801#00006E0600182000
(1789442151.103420) can0 01011840#FFFFFFFFFFFFFFFF
(1789442151.103804) can0 02051081#CDCC4C3E00000000
(1789442151.105934) can0 0205B841#0000000000400000
(1789442151.122905) can0 0205B801#00006E0600182000
(1789442151.123441) can0 01011840#FFFFFFFFFFFFFFFF
(1789442151.123829) can0 02051081#CDCC4C3E00000000
(1789442151.142970) can0 0205B801#00006F0600182000
(1789442151.143572) can0 01011840#FFFFFFFFFFFFFFFF
(1789442151.143955) can0 02051081#CDCC4C3E00000000
(1789442151.162897) can0 0205B801#00006E0600182000
(1789442151.163439) can0 01011840#FFFFFFFFFFFFFFFF
(1789442151.163823) can0 02051081#CDCC4C3E00000000
(1789442151.182947) can0 0205B801#00006E0600182000
(1789442151.183475) can0 01011840#FFFFFFFFFFFFFFFF
(1789442151.183861) can0 02051081#CDCC4C3E00000000
(1789442151.202952) can0 0205B801#00006E0600182000
(1789442151.203463) can0 01011840#FFFFFFFFFFFFFFFF
(1789442151.203848) can0 02051081#CDCC4C3E00000000
(1789442151.222926) can0 0205B801#00006E0600182000
(1789442151.223636) can0 01011840#FFFFFFFFFFFFFFFF
(1789442151.224024) can0 02051081#CDCC4C3E00000000
(1789442151.242944) can0 0205B801#00006E0600182000
(1789442151.243489) can0 01011840#FFFFFFFFFFFFFFFF
(1789442151.243873) can0 02051081#CDCC4C3E00000000
(1789442151.263047) can0 0205B801#00006F0600182000
(1789442151.263509) can0 01011840#FFFFFFFFFFFFFFFF
(1789442151.263892) can0 02051081#CDCC4C3E00000000
(1789442151.282933) can0 0205B801#00006F0600182000
(1789442151.283425) can0 01011840#FFFFFFFFFFFFFFFF
(1789442151.283807) can0 02051081#CDCC4C3E00000000
(1789442151.302910) can0 0205B801#00006E0600182000
(1789442151.303475) can0 01011840#FFFFFFFFFFFFFFFF
(1789442151.303861) can0 02051081#CDCC4C3E00000000
(1789442151.323045) can0 0205B801#00006E0600182000
(1789442151.323496) can0 01011840#FFFFFFFFFFFFFFFF
(1789442151.323879) can0 02051081#CDCC4C3E00000000
(1789442151.342895) can0 0205B801#00006F0600182000
(1789442151.343425) can0 01011840#FFFFFFFFFFFFFFFF
(1789442151.343807) can0 02051081#CDCC4C3E00000000
(1789442151.355918) can0 0205B841#0000000000400000
(1789442151.362895) can0 0205B801#00006F0600182000
(1789442151.363460) can0 01011840#FFFFFFFFFFFFFFFF
(1789442151.363842) can0 02051081#CDCC4C3E00000000
(1789442151.383081) can0 0205B801#00006F0600182000
(1789442151.383510) can0 01011840#FFFFFFFFFFFFFFFF
(1789442151.383890) can0 02051081#CDCC4C3E00000000
(1789442151.402938) can0 0205B801#00006E0600182000
(1789442151.403431) can0 01011840#FFFFFFFFFFFFFFFF
(1789442151.403815) can0 02051081#CDCC4C3E00000000
(1789442151.422900) can0 0205B801#00006E0600182000
(1789442151.423425) can0 01011840#FFFFFFFFFFFFFFFF
(1789442151.423811) can0 02051081#CDCC4C3E00000000
(1789442151.443047) can0 0205B801#00006F0600182000
(1789442151.443526) can0 01011840#FFFFFFFFFFFFFFFF
(1789442151.443910) can0 02051081#CDCC4C3E00000000
(1789442151.462895) can0 0205B801#00006E0600182000
(1789442151.463428) can0 01011840#FFFFFFFFFFFFFFFF
(1789442151.463810) can0 02051081#CDCC4C3E00000000
(1789442151.482890) can0 0205B801#00006E0600182000
(1789442151.483420) can0 01011840#FFFFFFFFFFFFFFFF
(1789442151.483803) can0 02051081#CDCC4C3E00000000
(1789442151.502945) can0 0205B801#00006F0600182000
(1789442151.503463) can0 01011840#FFFFFFFFFFFFFFFF
(1789442151.503842) can0 02051081#CDCC4C3E00000000
(1789442151.522889) can0 0205B801#00006E0600182000
(1789442151.523441) can0 01011840#FFFFFFFFFFFFFFFF
(1789442151.523823) can0 02051081#CDCC4C3E00000000
(1789442151.542932) can0 0205B801#00006E0600182000
(1789442151.543431) can0 01011840#FFFFFFFFFFFFFFFF
(1789442151.543814) can0 02051081#CDCC4C3E00000000
(1789442151.562957) can0 0205B801#00006E0600182000
(1789442151.563481) can0 01011840#FFFFFFFFFFFFFFFF
(1789442151.563865) can0 02051081#CDCC4C3E00000000
(1789442151.582949) can0 0205B801#00006F0600182000
(1789442151.583593) can0 01011840#FFFFFFFFFFFFFFFF
(1789442151.583997) can0 02051081#CDCC4C3E00000000
(1789442151.602925) can0 0205B801#00006E0600182000
(1789442151.603678) can0 01011840#FFFFFFFFFFFFFFFF
(1789442151.604059) can0 02051081#CDCC4C3E00000000
(1789442151.605924) can0 0205B841#0000000000400000
(1789442151.619892) can0 02051801#0000FFFFFFFF0000
(1789442151.621841) can0 0205BC01#6B392E9A
(1789442151.622933) can0 0205B801#00006F0600182000
(1789442151.623468) can0 01011840#FFFFFFFFFFFFFFFF
(1789442151.623862) can0 02051081#CDCC4C3E00000000
(1789442151.642892) can0 0205B801#00006E0600182000
(1789442151.643480) can0 01011840#FFFFFFFFFFFFFFFF
(1789442151.643866) can0 02051081#CDCC4C3E00000000
(1789442151.662930) can0 0205B801#00006F0600182000
(1789442151.663598) can0 01011840#FFFFFFFFFFFFFFFF
(1789442151.663989) can0 02051081#CDCC4C3E00000000
(1789442151.683040) can0 0205B801#00006E0600182000
(1789442151.683498) can0 01011840#FFFFFFFFFFFFFFFF
(1789442151.683878) can0 02051081#CDCC4C3E00000000
(1789442151.702934) can0 0205B801#00006E0600182000
(1789442151.703425) can0 01011840#FFFFFFFFFFFFFFFF
(1789442151.703809) can0 02051081#CDCC4C3E00000000
(1789442151.722890) can0 0205B801#00006E0600182000
(1789442151.723426) can0 01011840#FFFFFFFFFFFFFFFF
(1789442151.723809) can0 02051081#CDCC4C3E00000000
(1789442151.742885) can0 0205B801#00006F0600182000
(1789442151.743422) can0 01011840#FFFFFFFFFFFFFFFF
(1789442151.743805) can0 02051081#CDCC4C3E00000000
(1789442151.762890) can0 0205B801#00006E0600182000
(1789442151.763422) can0 01011840#FFFFFFFFFFFFFFFF
(1789442151.763804) can0 02051081#CDCC4C3E00000000
(1789442151.782886) can0 0205B801#00006F0600182000
(1789442151.783418) can0 01011840#FFFFFFFFFFFFFFFF
(1789442151.783801) can0 02051081#CDCC4C3E00000000
(1789442151.802940) can0 0205B801#00006E0600182000
(1789442151.803462) can0 01011840#FFFFFFFFFFFFFFFF
(1789442151.803846) can0 02051081#CDCC4C3E00000000
(1789442151.822904) can0 0205B801#00006F0600182000
(1789442151.823571) can0 01011840#FFFFFFFFFFFFFFFF
(1789442151.823955) can0 02051081#CDCC4C3E00000000
(1789442151.842925) can0 0205B801#00006E0600182000
(1789442151.843444) can0 01011840#FFFFFFFFFFFFFFFF
(1789442151.843827) can0 02051081#CDCC4C3E00000000
(1789442151.855930) can0 0205B841#0000000000400000
(1789442151.862936) can0 0205B801#00006E0600182000
(1789442151.863464) can0 01011840#FFFFFFFFFFFFFFFF
(1789442151.863846) can0 02051081#CDCC4C3E00000000
(1789442151.882886) can0 0205B801#00006F0600182000
(1789442151.883435) can0 01011840#FFFFFFFFFFFFFFFF
(1789442151.883819) can0 02051081#CDCC4C3E00000000
(1789442151.902934) can0 0205B801#00006E0600182000
(1789442151.903455) can0 01011840#FFFFFFFFFFFFFFFF
(1789442151.903840) can0 02051081#CDCC4C3E00000000
(1789442151.922962) can0 0205B801#00006E0600182000
(1789442151.923599) can0 01011840#FFFFFFFFFFFFFFFF
(1789442151.923984) can0 02051081#CDCC4C3E00000000
(1789442151.942886) can0 0205B801#00006F0600182000
(1789442151.943449) can0 01011840#FFFFFFFFFFFFFFFF
(1789442151.943833) can0 02051081#CDCC4C3E00000000
(1789442151.962937) can0 0205B801#00006F0600182000
(1789442151.963474) can0 01011840#FFFFFFFFFFFFFFFF
(1789442151.963860) can0 02051081#CDCC4C3E00000000
(1789442151.983041) can0 0205B801#00006F0600182000
(1789442151.983471) can0 01011840#FFFFFFFFFFFFFFFF
(1789442151.983854) can0 02051081#CDCC4C3E00000000
(1789442152.002931) can0 0205B801#00006F0600182000
(1789442152.003423) can0 01011840#FFFFFFFFFFFFFFFF
(1789442152.003807) can0 02051081#CDCC4C3E00000000
(1789442152.022886) can0 0205B801#00006F0600182000
(1789442152.023423) can0 01011840#FFFFFFFFFFFFFFFF
(1789442152.023806) can0 02051081#CDCC4C3E00000000
(1789442152.042938) can0 0205B801#00006E0600182000
(1789442152.043419) can0 01011840#FFFFFFFFFFFFFFFF
(1789442152.043802) can0 02051081#CDCC4C3E00000000
(1789442152.062900) can0 0205B801#00006E0600182000
(1789442152.063460) can0 01011840#FFFFFFFFFFFFFFFF
(1789442152.063847) can0 02051081#CDCC4C3E00000000
(1789442152.082926) can0 0205B801#00006E0600182000
(1789442152.083425) can0 01011840#FFFFFFFFFFFFFFFF
(1789442152.083807) can0 02051081#CDCC4C3E00000000
(1789442152.102941) can0 0205B801#00006E0600182000
(1789442152.103450) can0 01011840#FFFFFFFFFFFFFFFF
(1789442152.103833) can0 02051081#CDCC4C3E00000000
(1789442152.105923) can0 0205B841#0000000000400000
(1789442152.122885) can0 0205B801#00006E0600182000
(1789442152.123435) can0 01011840#FFFFFFFFFFFFFFFF
(1789442152.123818) can0 02051081#CDCC4C3E00000000
(1789442152.142887) can0 0205B801#00006E0600182000
(1789442152.143483) can0 01011840#FFFFFFFFFFFFFFFF
(1789442152.143867) can0 02051081#CDCC4C3E00000000
(1789442152.162942) can0 0205B801#00006E0600182000
(1789442152.163485) can0 01011840#FFFFFFFFFFFFFFFF
(1789442152.163872) can0 02051081#CDCC4C3E00000000
(1789442152.182938) can0 0205B801#00006E0600182000
(1789442152.183481) can0 01011840#FFFFFFFFFFFFFFFF
(1789442152.183866) can0 02051081#CDCC4C3E00000000
(1789442152.202891) can0 0205B801#00006F0600182000
(1789442152.203429) can0 01011840#FFFFFFFFFFFFFFFF
(1789442152.203813) can0 02051081#CDCC4C3E00000000
(1789442152.223037) can0 0205B801#00006F0600182000
(1789442152.223499) can0 01011840#FFFFFFFFFFFFFFFF
(1789442152.223883) can0 02051081#CDCC4C3E00000000
(1789442152.242892) can0 0205B801#00006F0600182000
(1789442152.243459) can0 01011840#FFFFFFFFFFFFFFFF
(1789442152.243844) can0 02051081#CDCC4C3E00000000
(1789442152.262892) can0 0205B801#00006F0600182000
(1789442152.263467) can0 01011840#FFFFFFFFFFFFFFFF
(1789442152.263852) can0 02051081#CDCC4C3E00000000
(1789442152.282929) can0 0205B801#00006F0600182000
(1789442152.283428) can0 01011840#FFFFFFFFFFFFFFFF
(1789442152.283811) can0 02051081#CDCC4C3E00000000
(1789442152.302883) can0 0205B801#00006E0600182000
(1789442152.303424) can0 01011840#FFFFFFFFFFFFFFFF
(1789442152.303808) can0 02051081#CDCC4C3E00000000
(1789442152.322922) can0 0205B801#00006F0600182000
(1789442152.323425) can0 01011840#FFFFFFFFFFFFFFFF
(1789442152.323808) can0 02051081#CDCC4C3E00000000
(1789442152.342941) can0 0205B801#00006F0600182000
(1789442152.343462) can0 01011840#FFFFFFFFFFFFFFFF
(1789442152.343843) can0 02051081#CDCC4C3E00000000
(1789442152.355881) can0 0205B841#0000000000400000
(1789442152.362880) can0 0205B801#00006E0600182000
(1789442152.363436) can0 01011840#FFFFFFFFFFFFFFFF
(1789442152.363819) can0 02051081#CDCC4C3E00000000
(1789442152.382877) can0 0205B801#00006F0600182000
(1789442152.383423) can0 01011840#FFFFFFFFFFFFFFFF
(1789442152.383806) can0 02051081#CDCC4C3E00000000
(1789442152.402937) can0 0205B801#00006E0600182000
(1789442152.403456) can0 01011840#FFFFFFFFFFFFFFFF
(1789442152.403839) can0 02051081#CDCC4C3E00000000
(1789442152.422941) can0 0205B801#00006F0600182000
(1789442152.423614) can0 01011840#FFFFFFFFFFFFFFFF
(1789442152.424007) can0 02051081#CDCC4C3E00000000
(1789442152.442885) can0 0205B801#00006F0600182000
(1789442152.443469) can0 01011840#FFFFFFFFFFFFFFFF
(1789442152.443852) can0 02051081#CDCC4C3E00000000
(1789442152.463032) can0 0205B801#0000700600182000
(1789442152.463492) can0 01011840#FFFFFFFFFFFFFFFF
(1789442152.463875) can0 02051081#CDCC4C3E00000000
(1789442152.482919) can0 0205B801#00006F0600182000
(1789442152.483470) can0 01011840#FFFFFFFFFFFFFFFF
(1789442152.483853) can0 02051081#CDCC4C3E00000000
(1789442152.502923) can0 0205B801#00006F0600182000
(1789442152.503481) can0 01011840#FFFFFFFFFFFFFFFF
(1789442152.503866) can0 02051081#CDCC4C3E00000000
(1789442152.523031) can0 0205B801#00006E0600182000
(1789442152.523573) can0 01011840#FFFFFFFFFFFFFFFF
(1789442152.523954) can0 02051081#CDCC4C3E00000000
(1789442152.542917) can0 0205B801#00006F0600182000
(1789442152.543427) can0 01011840#FFFFFFFFFFFFFFFF
(1789442152.543811) can0 02051081#CDCC4C3E00000000
(1789442152.562885) can0 0205B801#00006F0600182000
(1789442152.563440) can0 01011840#FFFFFFFFFFFFFFFF
(1789442152.563825) can0 02051081#CDCC4C3E00000000
(1789442152.582942) can0 0205B801#00006E0600182000
(1789442152.583431) can0 01011840#FFFFFFFFFFFFFFFF
(1789442152.583816) can0 02051081#CDCC4C3E00000000
(1789442152.602889) can0 0205B801#00006E0600182000
(1789442152.603467) can0 01011840#FFFFFFFFFFFFFFFF
(1789442152.603852) can0 02051081#CDCC4C3E00000000
(1789442152.605921) can0 0205B841#0000000000400000
(1789442152.619895) can0 02051801#0000FFFFFFFF0000
(1789442152.621872) can0 0205BC01#6B392E9A
(1789442152.622876) can0 0205B801#00006E0600182000
(1789442152.623493) can0 01011840#FFFFFFFFFFFFFFFF
(1789442152.623877) can0 02051081#CDCC4C3E00000000
(1789442152.642929) can0 0205B801#00006E0600182000
(1789442152.645715) can0 01011840#FFFFFFFFFFFFFFFF
(1789442152.646173) can0 02051081#CDCC4C3E00000000
(1789442152.662918) can0 0205B801#00006F0600182000
(1789442152.663644) can0 01011840#FFFFFFFFFFFFFFFF
(1789442152.664021) can0 02051081#CDCC4C3E00000000
(1789442152.682931) can0 0205B801#00006F0600182000
(1789442152.683871) can0 01011840#FFFFFFFFFFFFFFFF
(1789442152.685309) can0 02051081#CDCC4C3E00000000
(1789442152.702933) can0 0205B801#00006E0600182000
(1789442152.703490) can0 01011840#FFFFFFFFFFFFFFFF
(1789442152.703873) can0 02051081#CDCC4C3E00000000
(1789442152.722875) can0 0205B801#00006F0600182000
(1789442152.723432) can0 01011840#FFFFFFFFFFFFFFFF
(1789442152.723816) can0 02051081#CDCC4C3E00000000
(1789442152.742917) can0 0205B801#00006E0600182000
(1789442152.743421) can0 01011840#FFFFFFFFFFFFFFFF
(1789442152.743804) can0 02051081#CDCC4C3E00000000
(1789442152.763030) can0 0205B801#00006F0600182000
(1789442152.763543) can0 01011840#FFFFFFFFFFFFFFFF
(1789442152.763926) can0 02051081#CDCC4C3E00000000
(1789442152.782956) can0 0205B801#00006E0600182000
(1789442152.783613) can0 01011840#FFFFFFFFFFFFFFFF
(1789442152.784002) can0 02051081#CDCC4C3E00000000
(1789442152.802887) can0 0205B801#00006F0600182000
(1789442152.803474) can0 01011840#FFFFFFFFFFFFFFFF
(1789442152.803860) can0 02051081#CDCC4C3E00000000
(1789442152.823025) can0 0205B801#00006E0600182000
(1789442152.823493) can0 01011840#FFFFFFFFFFFFFFFF
(1789442152.823874) can0 02051081#CDCC4C3E00000000
(1789442152.842877) can0 0205B801#00006F0600182000
(1789442152.843440) can0 01011840#FFFFFFFFFFFFFFFF
(1789442152.843834) can0 02051081#CDCC4C3E00000000
(1789442152.855880) can0 0205B841#0000000000400000
(1789442152.862879) can0 0205B801#00006F0600182000
(1789442152.863433) can0 01011840#FFFFFFFFFFFFFFFF
(1789442152.863816) can0 02051081#CDCC4C3E00000000
(1789442152.883063) can0 0205B801#00006F0600182000
(1789442152.883497) can0 01011840#FFFFFFFFFFFFFFFF
(1789442152.883881) can0 02051081#CDCC4C3E00000000
(1789442152.902924) can0 0205B801#00006E0600182000
(1789442152.903465) can0 01011840#FFFFFFFFFFFFFFFF
(1789442152.903849) can0 02051081#CDCC4C3E00000000
(1789442152.922873) can0 0205B801#00006F0600182000
(1789442152.923454) can0 01011840#FFFFFFFFFFFFFFFF
(1789442152.923837) can0 02051081#CDCC4C3E00000000
(1789442152.943035) can0 0205B801#00006F0600182000
(1789442152.943475) can0 01011840#FFFFFFFFFFFFFFFF
(1789442152.943861) can0 02051081#CDCC4C3E00000000
(1789442152.962933) can0 0205B801#00006E0600182000
(1789442152.963522) can0 01011840#FFFFFFFFFFFFFFFF
(1789442152.963893) can0 02051081#CDCC4C3E00000000
(1789442152.982872) can0 0205B801#00006E0600182000
(1789442152.983428) can0 01011840#FFFFFFFFFFFFFFFF
(1789442152.983810) can0 02051081#CDCC4C3E00000000
(1789442153.002935) can0 0205B801#00006F0600182000
(1789442153.003446) can0 01011840#FFFFFFFFFFFFFFFF
(1789442153.003832) can0 02051081#CDCC4C3E00000000
(1789442153.022929) can0 0205B801#00006E0600182000
(1789442153.023722) can0 01011840#FFFFFFFFFFFFFFFF
(1789442153.024119) can0 02051081#CDCC4C3E00000000
(1789442153.042915) can0 0205B801#00006D0600182000
(1789442153.043449) can0 01011840#FFFFFFFFFFFFFFFF
(1789442153.043833) can0 02051081#CDCC4C3E00000000
(1789442153.062938) can0 0205B801#00006E0600182000
(1789442153.063526) can0 01011840#FFFFFFFFFFFFFFFF
(1789442153.063914) can0 02051081#CDCC4C3E00000000
(1789442153.082875) can0 0205B801#00006F0600182000
(1789442153.083441) can0 01011840#FFFFFFFFFFFFFFFF
(1789442153.083824) can0 02051081#CDCC4C3E00000000
(1789442153.102879) can0 0205B801#00006F0600182000
(1789442153.103425) can0 01011840#FFFFFFFFFFFFFFFF
(1789442153.103809) can0 02051081#CDCC4C3E00000000
(1789442153.105874) can0 0205B841#0000000000400000
(1789442153.122928) can0 0205B801#00006F0600182000
(1789442153.123461) can0 01011840#FFFFFFFFFFFFFFFF
(1789442153.123845) can0 02051081#CDCC4C3E00000000
(1789442153.142880) can0 0205B801#00006E0600182000
(1789442153.143457) can0 01011840#FFFFFFFFFFFFFFFF
(1789442153.143842) can0 02051081#CDCC4C3E00000000
(1789442153.162908) can0 0205B801#00006E0600182000
(1789442153.163447) can0 01011840#FFFFFFFFFFFFFFFF
(1789442153.163830) can0 02051081#CDCC4C3E00000000
(1789442153.183026) can0 0205B801#00006F0600182000
(1789442153.183466) can0 01011840#FFFFFFFFFFFFFFFF
(1789442153.183850) can0 02051081#CDCC4C3E00000000
(1789442153.202920) can0 0205B801#00006E0600182000
(1789442153.203424) can0 01011840#FFFFFFFFFFFFFFFF
(1789442153.203808) can0 02051081#CDCC4C3E00000000
(1789442153.222881) can0 0205B801#00006E0600182000
(1789442153.223458) can0 01011840#FFFFFFFFFFFFFFFF
(1789442153.223846) can0 02051081#CDCC4C3E00000000
(1789442153.242867) can0 0205B801#00006F0600182000
(1789442153.243424) can0 01011840#FFFFFFFFFFFFFFFF
(1789442153.243808) can0 02051081#CDCC4C3E00000000
(1789442153.262879) can0 0205B801#00006F0600182000
(1789442153.263421) can0 01011840#FFFFFFFFFFFFFFFF
(1789442153.263814) can0 02051081#CDCC4C3E00000000
(1789442153.282881) can0 0205B801#00006F0600182000
(1789442153.283461) can0 01011840#FFFFFFFFFFFFFFFF
(1789442153.283847) can0 02051081#CDCC4C3E00000000
(1789442153.302923) can0 0205B801#00006F0600182000
(1789442153.303431) can0 01011840#FFFFFFFFFFFFFFFF
(1789442153.303815) can0 02051081#CDCC4C3E00000000
(1789442153.322919) can0 0205B801#00006E0600182000
(1789442153.323454) can0 01011840#FFFFFFFFFFFFFFFF
(1789442153.323839) can0 02051081#CDCC4C3E00000000
(1789442153.342909) can0 0205B801#00006F0600182000
(1789442153.343424) can0 01011840#FFFFFFFFFFFFFFFF
(1789442153.343807) can0 02051081#CDCC4C3E00000000
(1789442153.355908) can0 0205B841#0000000000400000
(1789442153.362917) can0 0205B801#00006E0600182000
(1789442153.363419) can0 01011840#FFFFFFFFFFFFFFFF
(1789442153.363802) can0 02051081#CDCC4C3E00000000
(1789442153.382868) can0 0205B801#00006F0600182000
(1789442153.383418) can0 01011840#FFFFFFFFFFFFFFFF
(1789442153.383801) can0 02051081#CDCC4C3E00000000
(1789442153.402917) can0 0205B801#0000700600182000
(1789442153.403420) can0 01011840#FFFFFFFFFFFFFFFF
(1789442153.403805) can0 02051081#CDCC4C3E00000000
(1789442153.422916) can0 0205B801#00006F0600182000
(1789442153.423440) can0 01011840#FFFFFFFFFFFFFFFF
(1789442153.423830) can0 02051081#CDCC4C3E00000000
(1789442153.442866) can0 0205B801#00006F0600182000
(1789442153.443432) can0 01011840#FFFFFFFFFFFFFFFF
(1789442153.443815) can0 02051081#CDCC4C3E00000000
(1789442153.462911) can0 0205B801#00006F0600182000
(1789442153.463441) can0 01011840#FFFFFFFFFFFFFFFF
(1789442153.463826) can0 02051081#CDCC4C3E00000000
(1789442153.483021) can0 0205B801#00006F0600182000
(1789442153.483453) can0 01011840#FFFFFFFFFFFFFFFF
(1789442153.483837) can0 02051081#CDCC4C3E00000000
(1789442153.502915) can0 0205B801#00006F0600182000
(1789442153.503429) can0 01011840#FFFFFFFFFFFFFFFF
(1789442153.503814) can0 02051081#CDCC4C3E00000000
(1789442153.522873) can0 0205B801#00006E0600182000
(1789442153.523456) can0 01011840#FFFFFFFFFFFFFFFF
(1789442153.523841) can0 02051081#CDCC4C3E00000000
(1789442153.542925) can0 0205B801#00006F0600182000
(1789442153.543425) can0 01011840#FFFFFFFFFFFFFFFF
(1789442153.543810) can0 02051081#CDCC4C3E00000000
(1789442153.562875) can0 0205B801#00006F0600182000
(1789442153.563483) can0 01011840#FFFFFFFFFFFFFFFF
(1789442153.563867) can0 02051081#CDCC4C3E00000000
(1789442153.582876) can0 0205B801#00006E0600182000
(1789442153.583454) can0 01011840#FFFFFFFFFFFFFFFF
(1789442153.583839) can0 02051081#CDCC4C3E00000000
(1789442153.602923) can0 0205B801#00006E0600182000
(1789442153.603461) can0 01011840#FFFFFFFFFFFFFFFF
(1789442153.603845) can0 02051081#CDCC4C3E00000000
(1789442153.605904) can0 0205B841#0000000000400000
(1789442153.619903) can0 02051801#0000FFFFFFFF0000
(1789442153.621858) can0 0205BC01#6B392E9A
(1789442153.622862) can0 0205B801#00006E0600182000
(1789442153.623531) can0 01011840#FFFFFFFFFFFFFFFF
(1789442153.623925) can0 02051081#CDCC4C3E00000000
(1789442153.642916) can0 0205B801#00006E0600182000
(1789442153.643481) can0 01011840#FFFFFFFFFFFFFFFF
(1789442153.643865) can0 02051081#CDCC4C3E00000000
(1789442153.662922) can0 0205B801#00006F0600182000
(1789442153.663472) can0 01011840#FFFFFFFFFFFFFFFF
(1789442153.663857) can0 02051081#CDCC4C3E00000000
(1789442153.682943) can0 0205B801#00006E0600182000
(1789442153.683590) can0 01011840#FFFFFFFFFFFFFFFF
(1789442153.683965) can0 02051081#CDCC4C3E00000000
(1789442153.702866) can0 0205B801#00006F0600182000
(1789442153.703427) can0 01011840#FFFFFFFFFFFFFFFF
(1789442153.703797) can0 02051081#CDCC4C3E00000000
(1789442153.723062) can0 0205B801#0000700600182000
(1789442153.723566) can0 01011840#FFFFFFFFFFFFFFFF
(1789442153.723951) can0 02051081#CDCC4C3E00000000
(1789442153.742935) can0 0205B801#00006F0600182000
(1789442153.743585) can0 01011840#FFFFFFFFFFFFFFFF
(1789442153.743973) can0 02051081#CDCC4C3E00000000
(1789442153.762914) can0 0205B801#00006F0600182000
(1789442153.763472) can0 01011840#FFFFFFFFFFFFFFFF
(1789442153.763859) can0 02051081#CDCC4C3E00000000
(1789442153.783062) can0 0205B801#00006E0600182000
(1789442153.783550) can0 01011840#FFFFFFFFFFFFFFFF
(1789442153.783932) can0 02051081#CDCC4C3E00000000
(1789442153.802909) can0 0205B801#00006E0600182000
(1789442153.803457) can0 01011840#FFFFFFFFFFFFFFFF
(1789442153.803843) can0 02051081#CDCC4C3E00000000
(1789442153.822868) can0 0205B801#00006E0600182000
(1789442153.823431) can0 01011840#FFFFFFFFFFFFFFFF
(1789442153.823815) can0 02051081#CDCC4C3E00000000
(1789442153.843052) can0 0205B801#00006F0600182000
(1789442153.843484) can0 01011840#FFFFFFFFFFFFFFFF
(1789442153.843869) can0 02051081#CDCC4C3E00000000
(1789442153.855862) can0 0205B841#0000000000400000
(1789442153.862859) can0 0205B801#00006F0600182000
(1789442153.863433) can0 01011840#FFFFFFFFFFFFFFFF
(1789442153.863817) can0 02051081#CDCC4C3E00000000
(1789442153.882910) can0 0205B801#00006F0600182000
(1789442153.883458) can0 01011840#FFFFFFFFFFFFFFFF
(1789442153.883844) can0 02051081#CDCC4C3E00000000
(1789442153.902918) can0 0205B801#00006F0600182000
(1789442153.903456) can0 01011840#FFFFFFFFFFFFFFFF
(1789442153.903842) can0 02051081#CDCC4C3E00000000
(1789442153.922909) can0 0205B801#00006F0600182000
(1789442153.923445) can0 01011840#FFFFFFFFFFFFFFFF
(1789442153.923830) can0 02051081#CDCC4C3E00000000
(1789442153.942869) can0 0205B801#00006F0600182000
(1789442153.943431) can0 01011840#FFFFFFFFFFFFFFFF
(1789442153.943819) can0 02051081#CDCC4C3E00000000
(1789442153.963018) can0 0205B801#0000700600182000
(1789442153.963474) can0 01011840#FFFFFFFFFFFFFFFF
(1789442153.963861) can0 02051081#CDCC4C3E00000000
(1789442153.982902) can0 0205B801#00006F0600182000
(1789442153.983432) can0 01011840#FFFFFFFFFFFFFFFF
(1789442153.983815) can0 02051081#CDCC4C3E00000000
(1789442154.002888) can0 0205B801#00006E0600182000
(1789442154.003505) can0 01011840#FFFFFFFFFFFFFFFF
(1789442154.003890) can0 02051081#CDCC4C3E00000000
(1789442154.022915) can0 0205B801#00006E0600182000
(1789442154.023436) can0 01011840#FFFFFFFFFFFFFFFF
(1789442154.023820) can0 02051081#CDCC4C3E00000000
(1789442154.042862) can0 0205B801#00006F0600182000
(1789442154.043420) can0 01011840#FFFFFFFFFFFFFFFF
(1789442154.043804) can0 02051081#CDCC4C3E00000000
(1789442154.062879) can0 0205B801#0000700600182000
(1789442154.063477) can0 01011840#FFFFFFFFFFFFFFFF
(1789442154.063865) can0 02051081#CDCC4C3E00000000
(1789442154.082923) can0 0205B801#00006F0600182000
(1789442154.083490) can0 01011840#FFFFFFFFFFFFFFFF
(1789442154.083873) can0 02051081#CDCC4C3E00000000
(1789442154.102858) can0 0205B801#00006E0600182000
(1789442154.103422) can0 01011840#FFFFFFFFFFFFFFFF
(1789442154.103805) can0 02051081#CDCC4C3E00000000
(1789442154.105895) can0 0205B841#0000000000400000
(1789442154.122860) can0 0205B801#00006E0600182000
(1789442154.123456) can0 01011840#FFFFFFFFFFFFFFFF
(1789442154.123839) can0 02051081#CDCC4C3E00000000
(1789442154.142912) can0 0205B801#00006E0600182000
(1789442154.143425) can0 01011840#FFFFFFFFFFFFFFFF
(1789442154.143808) can0 02051081#CDCC4C3E00000000
(1789442154.162859) can0 0205B801#00006F0600182000
(1789442154.163442) can0 01011840#FFFFFFFFFFFFFFFF
(1789442154.163825) can0 02051081#CDCC4C3E00000000
(1789442154.182898) can0 0205B801#00006F0600182000
(1789442154.183438) can0 01011840#FFFFFFFFFFFFFFFF
(1789442154.183820) can0 02051081#CDCC4C3E00000000
(1789442154.202908) can0 0205B801#00006F0600182000
(1789442154.203429) can0 01011840#FFFFFFFFFFFFFFFF
(1789442154.203813) can0 02051081#CDCC4C3E00000000
(1789442154.222934) can0 0205B801#00006F0600182000
(1789442154.223640) can0 01011840#FFFFFFFFFFFFFFFF
(1789442154.224036) can0 02051081#CDCC4C3E00000000
(1789442154.242907) can0 0205B801#00006F0600182000
(1789442154.243483) can0 01011840#FFFFFFFFFFFFFFFF
(1789442154.243870) can0 02051081#CDCC4C3E00000000
(1789442154.263018) can0 0205B801#00006F0600182000
(1789442154.263466) can0 01011840#FFFFFFFFFFFFFFFF
(1789442154.263854) can0 02051081#CDCC4C3E00000000
(1789442154.282913) can0 0205B801#00006F0600182000
(1789442154.283469) can0 01011840#FFFFFFFFFFFFFFFF
(1789442154.283856) can0 02051081#CDCC4C3E00000000
(1789442154.302868) can0 0205B801#00006F0600182000
(1789442154.303448) can0 01011840#FFFFFFFFFFFFFFFF
(1789442154.303829) can0 02051081#CDCC4C3E00000000
(1789442154.323011) can0 0205B801#00006F0600182000
(1789442154.323448) can0 01011840#FFFFFFFFFFFFFFFF
(1789442154.323831) can0 02051081#CDCC4C3E00000000
(1789442154.342862) can0 0205B801#00006E0600182000
(1789442154.343424) can0 01011840#FFFFFFFFFFFFFFFF
(1789442154.343808) can0 02051081#CDCC4C3E00000000
(1789442154.355893) can0 0205B841#0000000000400000
(1789442154.362894) can0 0205B801#00006F0600182000
(1789442154.363419) can0 01011840#FFFFFFFFFFFFFFFF
(1789442154.363801) can0 02051081#CDCC4C3E00000000
(1789442154.383045) can0 0205B801#00006F0600182000
(1789442154.383476) can0 01011840#FFFFFFFFFFFFFFFF
(1789442154.383858) can0 02051081#CDCC4C3E00000000
(1789442154.402860) can0 0205B801#00006F0600182000
(1789442154.403419) can0 01011840#FFFFFFFFFFFFFFFF
(1789442154.403803) can0 02051081#CDCC4C3E00000000
(1789442154.422857) can0 0205B801#00006F0600182000
(1789442154.423443) can0 01011840#FFFFFFFFFFFFFFFF
(1789442154.423826) can0 02051081#CDCC4C3E00000000
(1789442154.443008) can0 0205B801#00006E0600182000
(1789442154.443444) can0 01011840#FFFFFFFFFFFFFFFF
(1789442154.443826) can0 02051081#CDCC4C3E00000000
(1789442154.462865) can0 0205B801#00006E0600182000
(1789442154.463421) can0 01011840#FFFFFFFFFFFFFFFF
(1789442154.463807) can0 02051081#CDCC4C3E00000000
(1789442154.482855) can0 0205B801#00006F0600182000
(1789442154.483418) can0 01011840#FFFFFFFFFFFFFFFF
(1789442154.483801) can0 02051081#CDCC4C3E00000000
(1789442154.502913) can0 0205B801#00006F0600182000
(1789442154.503422) can0 01011840#FFFFFFFFFFFFFFFF
(1789442154.503806) can0 02051081#CDCC4C3E00000000
(1789442154.522853) can0 0205B801#00006F0600182000
(1789442154.523463) can0 01011840#FFFFFFFFFFFFFFFF
(1789442154.523846) can0 02051081#CDCC4C3E00000000
(1789442154.542897) can0 0205B801#00006E0600182000
(1789442154.543431) can0 01011840#FFFFFFFFFFFFFFFF
(1789442154.543814) can0 02051081#CDCC4C3E00000000
(1789442154.562901) can0 0205B801#00006D0600182000
(1789442154.563433) can0 01011840#FFFFFFFFFFFFFFFF
(1789442154.563816) can0 02051081#CDCC4C3E00000000
(1789442154.582894) can0 0205B801#00006F0600182000
(1789442154.583420) can0 01011840#FFFFFFFFFFFFFFFF
(1789442154.583803) can0 02051081#CDCC4C3E00000000
(1789442154.602867) can0 0205B801#00006F0600182000
(1789442154.603467) can0 01011840#FFFFFFFFFFFFFFFF
(1789442154.603853) can0 02051081#CDCC4C3E00000000
(1789442154.605891) can0 0205B841#0000000000400000
(1789442154.619851) can0 02051801#0000FFFFFFFF0000
(1789442154.621805) can0 0205BC01#6B392E9A
(1789442154.622896) can0 0205B801#00006F0600182000
(1789442154.623444) can0 01011840#FFFFFFFFFFFFFFFF
(1789442154.623826) can0 02051081#CDCC4C3E00000000
(1789442154.642862) can0 0205B801#00006F0600182000
(1789442154.643435) can0 01011840#FFFFFFFFFFFFFFFF
(1789442154.643819) can0 02051081#CDCC4C3E00000000
(1789442154.662867) can0 0205B801#00006E0600182000
(1789442154.663453) can0 01011840#FFFFFFFFFFFFFFFF
(1789442154.663838) can0 02051081#CDCC4C3E00000000
(1789442154.682850) can0 0205B801#00006E0600182000
(1789442154.683441) can0 01011840#FFFFFFFFFFFFFFFF
(1789442154.683825) can0 02051081#CDCC4C3E00000000
(1789442154.702856) can0 0205B801#00006E0600182000
(1789442154.703429) can0 01011840#FFFFFFFFFFFFFFFF
(1789442154.703837) can0 02051081#CDCC4C3E00000000
(1789442154.722891) can0 0205B801#00006E0600182000
(1789442154.723698) can0 01011840#FFFFFFFFFFFFFFFF
(1789442154.724067) can0 02051081#CDCC4C3E00000000
(1789442154.742906) can0 0205B801#00006E0600182000
(1789442154.743470) can0 01011840#FFFFFFFFFFFFFFFF
(1789442154.743856) can0 02051081#CDCC4C3E00000000
(1789442154.762858) can0 0205B801#00006F0600182000
(1789442154.763455) can0 01011840#FFFFFFFFFFFFFFFF
(1789442154.763842) can0 02051081#CDCC4C3E00000000
(1789442154.782926) can0 0205B801#00006E0600182000
(1789442154.783595) can0 01011840#FFFFFFFFFFFFFFFF
(1789442154.783982) can0 02051081#CDCC4C3E00000000
(1789442154.802901) can0 0205B801#00006E0600182000
(1789442154.803451) can0 01011840#FFFFFFFFFFFFFFFF
(1789442154.803837) can0 02051081#CDCC4C3E00000000
(1789442154.822912) can0 0205B801#00006F0600182000
(1789442154.823577) can0 01011840#FFFFFFFFFFFFFFFF
(1789442154.823964) can0 02051081#CDCC4C3E00000000
(1789442154.842853) can0 0205B801#00006E0600182000
(1789442154.843427) can0 01011840#FFFFFFFFFFFFFFFF
(1789442154.843805) can0 02051081#CDCC4C3E00000000
(1789442154.855853) can0 0205B841#0000000000400000
(1789442154.863046) can0 0205B801#00006F0600182000
(1789442154.863488) can0 01011840#FFFFFFFFFFFFFFFF
(1789442154.863872) can0 02051081#CDCC4C3E00000000
(1789442154.882855) can0 0205B801#0000700600182000
(1789442154.883463) can0 01011840#FFFFFFFFFFFFFFFF
(1789442154.883848) can0 02051081#CDCC4C3E00000000
(1789442154.902856) can0 0205B801#00006F0600182000
(1789442154.903455) can0 01011840#FFFFFFFFFFFFFFFF
(1789442154.903839) can0 02051081#CDCC4C3E00000000
(1789442154.922845) can0 0205B801#00006F0600182000
(1789442154.923456) can0 01011840#FFFFFFFFFFFFFFFF
(1789442154.923839) can0 02051081#CDCC4C3E00000000
(1789442154.942851) can0 0205B801#00006E0600182000
(1789442154.943452) can0 01011840#FFFFFFFFFFFFFFFF
(1789442154.943834) can0 02051081#CDCC4C3E00000000
(1789442154.962903) can0 0205B801#00006F0600182000
(1789442154.963481) can0 01011840#FFFFFFFFFFFFFFFF
(1789442154.963870) can0 02051081#CDCC4C3E00000000
(1789442154.983043) can0 0205B801#00006F0600182000
(1789442154.983484) can0 01011840#FFFFFFFFFFFFFFFF
(1789442154.983868) can0 02051081#CDCC4C3E00000000
(1789442155.002896) can0 0205B801#00006E0600182000
(1789442155.003444) can0 01011840#FFFFFFFFFFFFFFFF
(1789442155.003830) can0 02051081#CDCC4C3E00000000
(1789442155.022853) can0 0205B801#00006F0600182000
(1789442155.023430) can0 01011840#FFFFFFFFFFFFFFFF
(1789442155.023813) can0 02051081#CDCC4C3E00000000
(1789442155.043031) can0 0205B801#00006E0600182000
(1789442155.043556) can0 01011840#FFFFFFFFFFFFFFFF
(1789442155.043937) can0 02051081#CDCC4C3E00000000
(1789442155.062863) can0 0205B801#00006F0600182000
(1789442155.063472) can0 01011840#FFFFFFFFFFFFFFFF
(1789442155.063858) can0 02051081#CDCC4C3E00000000
(1789442155.082852) can0 0205B801#00006F0600182000
(1789442155.083452) can0 01011840#FFFFFFFFFFFFFFFF
(1789442155.083840) can0 02051081#CDCC4C3E00000000
(1789442155.102906) can0 0205B801#00006E0600182000
(1789442155.103453) can0 01011840#FFFFFFFFFFFFFFFF
(1789442155.103839) can0 02051081#CDCC4C3E00000000
(1789442155.105846) can0 0205B841#0000000000400000
(1789442155.122886) can0 0205B801#00006F0600182000
(1789442155.123433) can0 01011840#FFFFFFFFFFFFFFFF
(1789442155.123817) can0 02051081#CDCC4C3E00000000
(1789442155.142848) can0 0205B801#00006F0600182000
(1789442155.143425) can0 01011840#FFFFFFFFFFFFFFFF
(1789442155.143809) can0 02051081#CDCC4C3E00000000
(1789442155.163064) can0 0205B801#00006F0600182000
(1789442155.163669) can0 01011840#FFFFFFFFFFFFFFFF
(1789442155.164128) can0 02051081#CDCC4C3E00000000
(1789442155.182880) can0 0205B801#00006F0600182000
(1789442155.183516) can0 01011840#FFFFFFFFFFFFFFFF
(1789442155.183917) can0 02051081#CDCC4C3E00000000
(1789442155.202924) can0 0205B801#00006E0600182000
(1789442155.203634) can0 01011840#FFFFFFFFFFFFFFFF
(1789442155.204034) can0 02051081#CDCC4C3E00000000
(1789442155.222929) can0 0205B801#00006F0600182000
(1789442155.223569) can0 01011840#FFFFFFFFFFFFFFFF
(1789442155.223959) can0 02051081#CDCC4C3E00000000
(1789442155.242889) can0 0205B801#00006E0600182000
(1789442155.243431) can0 01011840#FFFFFFFFFFFFFFFF
(1789442155.243815) can0 02051081#CDCC4C3E00000000
(1789442155.262885) can0 0205B801#00006F0600182000
(1789442155.263428) can0 01011840#FFFFFFFFFFFFFFFF
(1789442155.263811) can0 02051081#CDCC4C3E00000000
(1789442155.283004) can0 0205B801#0000700600182000
(1789442155.283447) can0 01011840#FFFFFFFFFFFFFFFF
(1789442155.283836) can0 02051081#CDCC4C3E00000000
(1789442155.302890) can0 0205B801#00006F0600182000
(1789442155.303445) can0 01011840#FFFFFFFFFFFFFFFF
(1789442155.303830) can0 02051081#CDCC4C3E00000000
(1789442155.322845) can0 0205B801#00006F0600182000
(1789442155.323427) can0 01011840#FFFFFFFFFFFFFFFF
(1789442155.323811) can0 02051081#CDCC4C3E00000000
(1789442155.342898) can0 0205B801#00006E0600182000
(1789442155.343425) can0 01011840#FFFFFFFFFFFFFFFF
(1789442155.343809) can0 02051081#CDCC4C3E00000000
(1789442155.355849) can0 0205B841#0000000000400000
(1789442155.362845) can0 0205B801#00006F0600182000
(1789442155.363420) can0 01011840#FFFFFFFFFFFFFFFF
(1789442155.363804) can0 02051081#CDCC4C3E00000000
(1789442155.382841) can0 0205B801#00006E0600182000
(1789442155.383422) can0 01011840#FFFFFFFFFFFFFFFF
(1789442155.383806) can0 02051081#CDCC4C3E00000000
(1789442155.402898) can0 0205B801#00006F0600182000
(1789442155.403422) can0 01011840#FFFFFFFFFFFFFFFF
(1789442155.403807) can0 02051081#CDCC4C3E00000000
(1789442155.422876) can0 0205B801#00006F0600182000
(1789442155.423579) can0 01011840#FFFFFFFFFFFFFFFF
(1789442155.423975) can0 02051081#CDCC4C3E00000000
(1789442155.442880) can0 0205B801#00006F0600182000
(1789442155.443436) can0 01011840#FFFFFFFFFFFFFFFF
(1789442155.443814) can0 02051081#CDCC4C3E00000000
(1789442155.462997) can0 0205B801#0000700600182000
(1789442155.463441) can0 01011840#FFFFFFFFFFFFFFFF
(1789442155.463826) can0 02051081#CDCC4C3E00000000
(1789442155.482883) can0 0205B801#00006F0600182000
(1789442155.483422) can0 01011840#FFFFFFFFFFFFFFFF
(1789442155.483807) can0 02051081#CDCC4C3E00000000
(1789442155.502885) can0 0205B801#00006F0600182000
(1789442155.503426) can0 01011840#FFFFFFFFFFFFFFFF
(1789442155.503810) can0 02051081#CDCC4C3E00000000
(1789442155.523008) can0 0205B801#00006F0600182000
(1789442155.523504) can0 01011840#FFFFFFFFFFFFFFFF
(1789442155.523896) can0 02051081#CDCC4C3E00000000
(1789442155.542847) can0 0205B801#00006F0600182000
(1789442155.543451) can0 01011840#FFFFFFFFFFFFFFFF
(1789442155.543833) can0 02051081#CDCC4C3E00000000
(1789442155.562843) can0 0205B801#00006F0600182000
(1789442155.563430) can0 01011840#FFFFFFFFFFFFFFFF
(1789442155.563813) can0 02051081#CDCC4C3E00000000
(1789442155.582897) can0 0205B801#00006F0600182000
(1789442155.583427) can0 01011840#FFFFFFFFFFFFFFFF
(1789442155.583811) can0 02051081#CDCC4C3E00000000
(1789442155.602846) can0 0205B801#00006F0600182000
(1789442155.603426) can0 01011840#FFFFFFFFFFFFFFFF
(1789442155.603810) can0 02051081#CDCC4C3E00000000
(1789442155.605882) can0 0205B841#0000000000400000
(1789442155.619840) can0 02051801#0000FFFFFFFF0000
(1789442155.621838) can0 0205BC01#6B392E9A
(1789442155.622841) can0 0205B801#00006F0600182000
(1789442155.623419) can0 01011840#FFFFFFFFFFFFFFFF
(1789442155.623802) can0 02051081#CDCC4C3E00000000
(1789442155.642992) can0 0205B801#00006F0600182000
(1789442155.643458) can0 01011840#FFFFFFFFFFFFFFFF
(1789442155.643840) can0 02051081#CDCC4C3E00000000
(1789442155.662871) can0 0205B801#00006F0600182000
(1789442155.663484) can0 01011840#FFFFFFFFFFFFFFFF
(1789442155.663868) can0 02051081#CDCC4C3E00000000
(1789442155.682891) can0 0205B801#00006F0600182000
(1789442155.683468) can0 01011840#FFFFFFFFFFFFFFFF
(1789442155.683849) can0 02051081#CDCC4C3E00000000
(1789442155.702888) can0 0205B801#00006F0600182000
(1789442155.703427) can0 01011840#FFFFFFFFFFFFFFFF
(1789442155.703811) can0 02051081#CDCC4C3E00000000
(1789442155.722885) can0 0205B801#00006E0600182000
(1789442155.723420) can0 01011840#FFFFFFFFFFFFFFFF
(1789442155.723804) can0 02051081#CDCC4C3E00000000
(1789442155.742851) can0 0205B801#00006F0600182000
(1789442155.743443) can0 01011840#FFFFFFFFFFFFFFFF
(1789442155.743844) can0 02051081#CDCC4C3E00000000
(1789442155.763022) can0 0205B801#00006F0600182000
(1789442155.763616) can0 01011840#FFFFFFFFFFFFFFFF
(1789442155.763991) can0 02051081#CDCC4C3E00000000
(1789442155.782845) can0 0205B801#00006F0600182000
(1789442155.783465) can0 01011840#FFFFFFFFFFFFFFFF
(1789442155.783854) can0 02051081#CDCC4C3E00000000
(1789442155.802842) can0 0205B801#00006F0600182000
(1789442155.803451) can0 01011840#FFFFFFFFFFFFFFFF
(1789442155.803835) can0 02051081#CDCC4C3E00000000
(1789442155.822925) can0 0205B801#00006F0600182000
(1789442155.823601) can0 01011840#FFFFFFFFFFFFFFFF
(1789442155.823991) can0 02051081#CDCC4C3E00000000
(1789442155.842841) can0 0205B801#00006E0600182000
(1789442155.843496) can0 01011840#FFFFFFFFFFFFFFFF
(1789442155.843885) can0 02051081#CDCC4C3E00000000
(1789442155.855872) can0 0205B841#0000000000400000
(1789442155.862865) can0 0205B801#00006F0600182000
(1789442155.863534) can0 01011840#FFFFFFFFFFFFFFFF
(1789442155.863920) can0 02051081#CDCC4C3E00000000
(1789442155.883005) can0 0205B801#00006F0600182000
(1789442155.883462) can0 01011840#FFFFFFFFFFFFFFFF
(1789442155.883852) can0 02051081#CDCC4C3E00000000
(1789442155.902879) can0 0205B801#00006F0600182000
(1789442155.903441) can0 01011840#FFFFFFFFFFFFFFFF
(1789442155.903826) can0 02051081#CDCC4C3E00000000
(1789442155.922843) can0 0205B801#00006F0600182000
(1789442155.923454) can0 01011840#FFFFFFFFFFFFFFFF
(1789442155.923840) can0 02051081#CDCC4C3E00000000
(1789442155.942899) can0 0205B801#00006F0600182000
(1789442155.943452) can0 01011840#FFFFFFFFFFFFFFFF
(1789442155.943835) can0 02051081#CDCC4C3E00000000
(1789442155.962849) can0 0205B801#00006F0600182000
(1789442155.963466) can0 01011840#FFFFFFFFFFFFFFFF
(1789442155.963854) can0 02051081#CDCC4C3E00000000
(1789442155.982836) can0 0205B801#00006F0600182000
(1789442155.983435) can0 01011840#FFFFFFFFFFFFFFFF
(1789442155.983819) can0 02051081#CDCC4C3E00000000
(1789442156.002887) can0 0205B801#00006F0600182000
(1789442156.003426) can0 01011840#FFFFFFFFFFFFFFFF
(1789442156.003811) can0 02051081#CDCC4C3E00000000
(1789442156.022916) can0 0205B801#00006F0600182000
(1789442156.023623) can0 01011840#FFFFFFFFFFFFFFFF
(1789442156.024014) can0 02051081#CDCC4C3E00000000
(1789442156.042880) can0 0205B801#00006E0600182000
(1789442156.043442) can0 01011840#FFFFFFFFFFFFFFFF
(1789442156.043823) can0 02051081#CDCC4C3E00000000
(1789442156.062893) can0 0205B801#00006E0600182000
(1789442156.063529) can0 01011840#FFFFFFFFFFFFFFFF
(1789442156.063917) can0 02051081#CDCC4C3E00000000
(1789442156.082899) can0 0205B801#00006F0600182000
(1789442156.083543) can0 01011840#FFFFFFFFFFFFFFFF
(1789442156.083933) can0 02051081#CDCC4C3E00000000
(1789442156.102840) can0 0205B801#00006F0600182000
(1789442156.103441) can0 01011840#FFFFFFFFFFFFFFFF
(1789442156.103825) can0 02051081#CDCC4C3E00000000
(1789442156.105874) can0 0205B841#0000000000400000
(1789442156.122887) can0 0205B801#00006F0600182000
(1789442156.123423) can0 01011840#FFFFFFFFFFFFFFFF
(1789442156.123807) can0 02051081#CDCC4C3E00000000
(1789442156.142843) can0 0205B801#00006F0600182000
(1789442156.143445) can0 01011840#FFFFFFFFFFFFFFFF
(1789442156.143831) can0 02051081#CDCC4C3E00000000
(1789442156.162889) can0 0205B801#00006E0600182000
(1789442156.163458) can0 01011840#FFFFFFFFFFFFFFFF
(1789442156.163845) can0 02051081#CDCC4C3E00000000
(1789442156.183002) can0 0205B801#00006F0600182000
(1789442156.183490) can0 01011840#FFFFFFFFFFFFFFFF
(1789442156.183878) can0 02051081#CDCC4C3E00000000
(1789442156.202875) can0 0205B801#00006F0600182000
(1789442156.203454) can0 01011840#FFFFFFFFFFFFFFFF
(1789442156.203840) can0 02051081#CDCC4C3E00000000
(1789442156.222851) can0 0205B801#00006F0600182000
(1789442156.223456) can0 01011840#FFFFFFFFFFFFFFFF
(1789442156.223842) can0 02051081#CDCC4C3E00000000
(1789442156.242996) can0 0205B801#00006E0600182000
(1789442156.243469) can0 01011840#FFFFFFFFFFFFFFFF
(1789442156.243856) can0 02051081#CDCC4C3E00000000
(1789442156.262847) can0 0205B801#00006E0600182000
(1789442156.263449) can0 01011840#FFFFFFFFFFFFFFFF
(1789442156.263835) can0 02051081#CDCC4C3E00000000
(1789442156.282834) can0 0205B801#00006F0600182000
(1789442156.283432) can0 01011840#FFFFFFFFFFFFFFFF
(1789442156.283816) can0 02051081#CDCC4C3E00000000
(1789442156.302886) can0 0205B801#00006F0600182000
(1789442156.303426) can0 01011840#FFFFFFFFFFFFFFFF
(1789442156.303810) can0 02051081#CDCC4C3E00000000
(1789442156.322842) can0 0205B801#00006F0600182000
(1789442156.323466) can0 01011840#FFFFFFFFFFFFFFFF
(1789442156.323854) can0 02051081#CDCC4C3E00000000
(1789442156.342837) can0 0205B801#00006F0600182000
(1789442156.343456) can0 01011840#FFFFFFFFFFFFFFFF
(1789442156.343843) can0 02051081#CDCC4C3E00000000
(1789442156.355832) can0 0205B841#0000000000400000
(1789442156.362828) can0 0205B801#00006F0600182000
(1789442156.363431) can0 01011840#FFFFFFFFFFFFFFFF
(1789442156.363816) can0 02051081#CDCC4C3E00000000
(1789442156.382837) can0 0205B801#00006E0600182000
(1789442156.383425) can0 01011840#FFFFFFFFFFFFFFFF
(1789442156.383808) can0 02051081#CDCC4C3E00000000
(1789442156.402830) can0 0205B801#00006F0600182000
(1789442156.403425) can0 01011840#FFFFFFFFFFFFFFFF
(1789442156.403809) can0 02051081#CDCC4C3E00000000
(1789442156.422889) can0 0205B801#00006F0600182000
(1789442156.423451) can0 01011840#FFFFFFFFFFFFFFFF
(1789442156.423837) can0 02051081#CDCC4C3E00000000
(1789442156.442832) can0 0205B801#00006F0600182000
(1789442156.443434) can0 01011840#FFFFFFFFFFFFFFFF
(1789442156.443818) can0 02051081#CDCC4C3E00000000
(1789442156.462833) can0 0205B801#0000700600182000
(1789442156.463426) can0 01011840#FFFFFFFFFFFFFFFF
(1789442156.463810) can0 02051081#CDCC4C3E00000000
(1789442156.482985) can0 0205B801#00006F0600182000
(1789442156.483468) can0 01011840#FFFFFFFFFFFFFFFF
(1789442156.483853) can0 02051081#CDCC4C3E00000000
(1789442156.502874) can0 0205B801#00006F0600182000
(1789442156.503433) can0 01011840#FFFFFFFFFFFFFFFF
(1789442156.503819) can0 02051081#CDCC4C3E00000000
(1789442156.522841) can0 0205B801#00006F0600182000
(1789442156.523451) can0 01011840#FFFFFFFFFFFFFFFF
(1789442156.523837) can0 02051081#CDCC4C3E00000000
(1789442156.542892) can0 0205B801#00006E0600182000
(1789442156.543455) can0 01011840#FFFFFFFFFFFFFFFF
(1789442156.543841) can0 02051081#CDCC4C3E00000000
(1789442156.562836) can0 0205B801#00006F0600182000
(1789442156.563434) can0 01011840#FFFFFFFFFFFFFFFF
(1789442156.563819) can0 02051081#CDCC4C3E00000000
(1789442156.582828) can0 0205B801#00006F0600182000
(1789442156.583423) can0 01011840#FFFFFFFFFFFFFFFF
(1789442156.583808) can0 02051081#CDCC4C3E00000000
(1789442156.602879) can0 0205B801#00006F0600182000
(1789442156.603423) can0 01011840#FFFFFFFFFFFFFFFF
(1789442156.603809) can0 02051081#CDCC4C3E00000000
(1789442156.605870) can0 0205B841#0000000000400000
(1789442156.619838) can0 02051801#0000FFFFFFFF0000
(1789442156.621851) can0 0205BC01#6B392E9A
(1789442156.622849) can0 0205B801#00006E0600182000
(1789442156.623883) can0 01011840#FFFFFFFFFFFFFFFF
(1789442156.624285) can0 02051081#CDCC4C3E00000000
(1789442156.642874) can0 0205B801#00006F0600182000
(1789442156.643444) can0 01011840#FFFFFFFFFFFFFFFF
(1789442156.643822) can0 02051081#CDCC4C3E00000000
(1789442156.662881) can0 0205B801#0000700600182000
(1789442156.663424) can0 01011840#FFFFFFFFFFFFFFFF
(1789442156.663801) can0 02051081#CDCC4C3E00000000
(1789442156.682887) can0 0205B801#00006E0600182000
(1789442156.683512) can0 01011840#FFFFFFFFFFFFFFFF
(1789442156.683966) can0 02051081#CDCC4C3E00000000
(1789442156.702842) can0 0205B801#00006E0600182000
(1789442156.703458) can0 01011840#FFFFFFFFFFFFFFFF
(1789442156.703842) can0 02051081#CDCC4C3E00000000
(1789442156.723020) can0 0205B801#00006F0600182000
(1789442156.723479) can0 01011840#FFFFFFFFFFFFFFFF
(1789442156.723866) can0 02051081#CDCC4C3E00000000
(1789442156.742875) can0 0205B801#00006F0600182000
(1789442156.743456) can0 01011840#FFFFFFFFFFFFFFFF
(1789442156.743843) can0 02051081#CDCC4C3E00000000
(1789442156.762868) can0 0205B801#00006F0600182000
(1789442156.763433) can0 01011840#FFFFFFFFFFFFFFFF
(1789442156.763818) can0 02051081#CDCC4C3E00000000
(1789442156.782982) can0 0205B801#00006F0600182000
(1789442156.783470) can0 01011840#FFFFFFFFFFFFFFFF
(1789442156.783875) can0 02051081#CDCC4C3E00000000
(1789442156.802898) can0 0205B801#00006F0600182000
(1789442156.803671) can0 01011840#FFFFFFFFFFFFFFFF
(1789442156.804047) can0 02051081#CDCC4C3E00000000
(1789442156.822841) can0 0205B801#00006F0600182000
(1789442156.823474) can0 01011840#FFFFFFFFFFFFFFFF
(1789442156.823862) can0 02051081#CDCC4C3E00000000
(1789442156.842980) can0 0205B801#0000700600182000
(1789442156.843508) can0 01011840#FFFFFFFFFFFFFFFF
(1789442156.843896) can0 02051081#CDCC4C3E00000000
(1789442156.855867) can0 0205B841#0000000000400000
(1789442156.862901) can0 0205B801#00006E0600182000
(1789442156.863549) can0 01011840#FFFFFFFFFFFFFFFF
(1789442156.863931) can0 02051081#CDCC4C3E00000000
(1789442156.882881) can0 0205B801#00006F0600182000
(1789442156.883476) can0 01011840#FFFFFFFFFFFFFFFF
(1789442156.883862) can0 02051081#CDCC4C3E00000000
(1789442156.902879) can0 0205B801#00006E0600182000
(1789442156.903463) can0 01011840#FFFFFFFFFFFFFFFF
(1789442156.903850) can0 02051081#CDCC4C3E00000000
(1789442156.922875) can0 0205B801#00006E0600182000
(1789442156.923453) can0 01011840#FFFFFFFFFFFFFFFF
(1789442156.923838) can0 02051081#CDCC4C3E00000000
(1789442156.942846) can0 0205B801#00006E0600182000
(1789442156.943472) can0 01011840#FFFFFFFFFFFFFFFF
(1789442156.943860) can0 02051081#CDCC4C3E00000000
(1789442156.962985) can0 0205B801#00006F0600182000
(1789442156.963475) can0 01011840#FFFFFFFFFFFFFFFF
(1789442156.963861) can0 02051081#CDCC4C3E00000000
(1789442156.982831) can0 0205B801#00006F0600182000
(1789442156.983432) can0 01011840#FFFFFFFFFFFFFFFF
(1789442156.983816) can0 02051081#CDCC4C3E00000000
(1789442157.002825) can0 0205B801#00006F0600182000
(1789442157.003426) can0 01011840#FFFFFFFFFFFFFFFF
(1789442157.003810) can0 02051081#CDCC4C3E00000000
(1789442157.022874) can0 0205B801#00006F0600182000
(1789442157.023426) can0 01011840#FFFFFFFFFFFFFFFF
(1789442157.023810) can0 02051081#CDCC4C3E00000000
(1789442157.042822) can0 0205B801#00006F0600182000
(1789442157.043431) can0 01011840#FFFFFFFFFFFFFFFF
(1789442157.043816) can0 02051081#CDCC4C3E00000000
(1789442157.062835) can0 0205B801#00006F0600182000
(1789442157.063474) can0 01011840#FFFFFFFFFFFFFFFF
(1789442157.063868) can0 02051081#CDCC4C3E00000000
(1789442157.082879) can0 0205B801#00006F0600182000
(1789442157.083454) can0 01011840#FFFFFFFFFFFFFFFF
(1789442157.083841) can0 02051081#CDCC4C3E00000000
(1789442157.102864) can0 0205B801#00006F0600182000
(1789442157.103434) can0 01011840#FFFFFFFFFFFFFFFF
(1789442157.103818) can0 02051081#CDCC4C3E00000000
(1789442157.105826) can0 0205B841#0000000000400000
(1789442157.122852) can0 0205B801#00006F0600182000
(1789442157.123497) can0 01011840#FFFFFFFFFFFFFFFF
(1789442157.123884) can0 02051081#CDCC4C3E00000000
(1789442157.142879) can0 0205B801#00006F0600182000
(1789442157.143465) can0 01011840#FFFFFFFFFFFFFFFF
(1789442157.143851) can0 02051081#CDCC4C3E00000000
(1789442157.162831) can0 0205B801#00006F0600182000
(1789442157.163454) can0 01011840#FFFFFFFFFFFFFFFF
(1789442157.163841) can0 02051081#CDCC4C3E00000000
(1789442157.182874) can0 0205B801#00006F0600182000
(1789442157.183464) can0 01011840#FFFFFFFFFFFFFFFF
(1789442157.183851) can0 02051081#CDCC4C3E00000000
(1789442157.202878) can0 0205B801#00006F0600182000
(1789442157.203461) can0 01011840#FFFFFFFFFFFFFFFF
(1789442157.203848) can0 02051081#CDCC4C3E00000000
(1789442157.222896) can0 0205B801#00006F0600182000
(1789442157.223523) can0 01011840#FFFFFFFFFFFFFFFF
(1789442157.225154) can0 02051081#CDCC4C3E00000000
(1789442157.242863) can0 0205B801#00006F0600182000
(1789442157.243461) can0 01011840#FFFFFFFFFFFFFFFF
(1789442157.243840) can0 02051081#CDCC4C3E00000000
(1789442157.262972) can0 0205B801#0000700600182000
(1789442157.263440) can0 01011840#FFFFFFFFFFFFFFFF
(1789442157.263816) can0 02051081#CDCC4C3E00000000
(1789442157.282865) can0 0205B801#0000700600182000
(1789442157.283422) can0 01011840#FFFFFFFFFFFFFFFF
(1789442157.283805) can0 02051081#CDCC4C3E00000000
(1789442157.302824) can0 0205B801#00006F0600182000
(1789442157.303422) can0 01011840#FFFFFFFFFFFFFFFF
(1789442157.303805) can0 02051081#CDCC4C3E00000000
(1789442157.322973) can0 0205B801#00006E0600182000
(1789442157.323439) can0 01011840#FFFFFFFFFFFFFFFF
(1789442157.323822) can0 02051081#CDCC4C3E00000000
(1789442157.342833) can0 0205B801#00006F0600182000
(1789442157.343446) can0 01011840#FFFFFFFFFFFFFFFF
(1789442157.343831) can0 02051081#CDCC4C3E00000000
(1789442157.355860) can0 0205B841#0000000000400000
(1789442157.362861) can0 0205B801#00006F0600182000
(1789442157.363426) can0 01011840#FFFFFFFFFFFFFFFF
(1789442157.363808) can0 02051081#CDCC4C3E00000000
(1789442157.383010) can0 0205B801#00006F0600182000
(1789442157.383441) can0 01011840#FFFFFFFFFFFFFFFF
(1789442157.383824) can0 02051081#CDCC4C3E00000000
(1789442157.402817) can0 0205B801#00006F0600182000
(1789442157.403441) can0 01011840#FFFFFFFFFFFFFFFF
(1789442157.403824) can0 02051081#CDCC4C3E00000000
(1789442157.422822) can0 0205B801#0000700600182000
(1789442157.423429) can0 01011840#FFFFFFFFFFFFFFFF
(1789442157.423812) can0 02051081#CDCC4C3E00000000
(1789442157.443001) can0 0205B801#00006F0600182000
(1789442157.443612) can0 01011840#FFFFFFFFFFFFFFFF
(1789442157.443989) can0 02051081#CDCC4C3E00000000
(1789442157.462851) can0 0205B801#00006F0600182000
(1789442157.463454) can0 01011840#FFFFFFFFFFFFFFFF
(1789442157.463828) can0 02051081#CDCC4C3E00000000
(1789442157.482829) can0 0205B801#0000700600182000
(1789442157.483452) can0 01011840#FFFFFFFFFFFFFFFF
(1789442157.483825) can0 02051081#CDCC4C3E00000000
(1789442157.502883) can0 0205B801#00006F0600182000
(1789442157.503452) can0 01011840#FFFFFFFFFFFFFFFF
(1789442157.503821) can0 02051081#CDCC4C3E00000000
(1789442157.522852) can0 0205B801#00006F0600182000
(1789442157.523489) can0 01011840#FFFFFFFFFFFFFFFF
(1789442157.523881) can0 02051081#CDCC4C3E00000000
(1789442157.542827) can0 0205B801#00006E0600182000
(1789442157.543457) can0 01011840#FFFFFFFFFFFFFFFF
(1789442157.543837) can0 02051081#CDCC4C3E00000000
(1789442157.562859) can0 0205B801#00006E0600182000
(1789442157.563400) can0 01011840#FFFFFFFFFFFFFFFF
(1789442157.563761) can0 02051081#CDCC4C3E00000000
(1789442157.582854) can0 0205B801#00006F0600182000
(1789442157.583396) can0 01011840#FFFFFFFFFFFFFFFF
(1789442157.583758) can0 02051081#CDCC4C3E00000000
(1789442157.602857) can0 0205B801#00006F0600182000
(1789442157.603396) can0 01011840#FFFFFFFFFFFFFFFF
(1789442157.603760) can0 02051081#CDCC4C3E00000000
(1789442157.605853) can0 0205B841#0000000000400000
(1789442157.619829) can0 02051801#0000FFFFFFFF0000
(1789442157.621765) can0 0205BC01#6B392E9A
(1789442157.622856) can0 0205B801#00006F0600182000
(1789442157.623429) can0 01011840#FFFFFFFFFFFFFFFF
(1789442157.623795) can0 02051081#CDCC4C3E00000000
(1789442157.642810) can0 0205B801#00006F0600182000
(1789442157.643408) can0 01011840#FFFFFFFFFFFFFFFF
(1789442157.643772) can0 02051081#CDCC4C3E00000000
(1789442157.662813) can0 0205B801#00006F0600182000
(1789442157.663393) can0 01011840#FFFFFFFFFFFFFFFF
(1789442157.663770) can0 02051081#CDCC4C3E00000000
(1789442157.682969) can0 0205B801#00006F0600182000
(1789442157.683480) can0 01011840#FFFFFFFFFFFFFFFF
(1789442157.683844) can0 02051081#CDCC4C3E00000000
(1789442157.702881) can0 0205B801#00006F0600182000
(1789442157.703453) can0 01011840#FFFFFFFFFFFFFFFF
(1789442157.703843) can0 02051081#CDCC4C3E00000000
(1789442157.722846) can0 0205B801#00006F0600182000
(1789442157.723512) can0 01011840#FFFFFFFFFFFFFFFF
(1789442157.723898) can0 02051081#CDCC4C3E00000000
(1789442157.742876) can0 0205B801#00006E0600182000
(1789442157.743431) can0 01011840#FFFFFFFFFFFFFFFF
(1789442157.743816) can0 02051081#CDCC4C3E00000000
(1789442157.762819) can0 0205B801#00006F0600182000
(1789442157.763459) can0 01011840#FFFFFFFFFFFFFFFF
(1789442157.763844) can0 02051081#CDCC4C3E00000000
(1789442157.782817) can0 0205B801#00006F0600182000
(1789442157.783426) can0 01011840#FFFFFFFFFFFFFFFF
(1789442157.783810) can0 02051081#CDCC4C3E00000000
(1789442157.802871) can0 0205B801#00006F0600182000
(1789442157.803429) can0 01011840#FFFFFFFFFFFFFFFF
(1789442157.803817) can0 02051081#CDCC4C3E00000000
(1789442157.822855) can0 0205B801#00006F0600182000
(1789442157.823420) can0 01011840#FFFFFFFFFFFFFFFF
(1789442157.823830) can0 02051081#CDCC4C3E00000000
(1789442157.842851) can0 0205B801#00006F0600182000
(1789442157.843686) can0 01011840#FFFFFFFFFFFFFFFF
(1789442157.844059) can0 02051081#CDCC4C3E00000000
(1789442157.855811) can0 0205B841#0000000000400000
(1789442157.863016) can0 0205B801#00006F0600182000
(1789442157.863518) can0 01011840#FFFFFFFFFFFFFFFF
(1789442157.863907) can0 02051081#CDCC4C3E00000000
(1789442157.882869) can0 0205B801#00006F0600182000
(1789442157.883489) can0 01011840#FFFFFFFFFFFFFFFF
(1789442157.883878) can0 02051081#CDCC4C3E00000000
(1789442157.902864) can0 0205B801#00006E0600182000
(1789442157.903548) can0 01011840#FFFFFFFFFFFFFFFF
(1789442157.903955) can0 02051081#CDCC4C3E00000000
(1789442157.922870) can0 0205B801#00006E0600182000
(1789442157.923455) can0 01011840#FFFFFFFFFFFFFFFF
(1789442157.923835) can0 02051081#CDCC4C3E00000000
(1789442157.942821) can0 0205B801#00006F0600182000
(1789442157.943435) can0 01011840#FFFFFFFFFFFFFFFF
(1789442157.943822) can0 02051081#CDCC4C3E00000000
(1789442157.962898) can0 0205B801#00006F0600182000
(1789442157.963558) can0 01011840#FFFFFFFFFFFFFFFF
(1789442157.963955) can0 02051081#CDCC4C3E00000000
(1789442157.982855) can0 0205B801#00006F0600182000
(1789442157.983400) can0 01011840#FFFFFFFFFFFFFFFF
(1789442157.983766) can0 02051081#CDCC4C3E00000000
(1789442158.002819) can0 0205B801#00006F0600182000
(1789442158.003469) can0 01011840#FFFFFFFFFFFFFFFF
(1789442158.003856) can0 02051081#CDCC4C3E00000000
(1789442158.022855) can0 0205B801#00006F0600182000
(1789442158.023427) can0 01011840#FFFFFFFFFFFFFFFF
(1789442158.023811) can0 02051081#CDCC4C3E00000000
(1789442158.043003) can0 0205B801#0000700600182000
(1789442158.043442) can0 01011840#FFFFFFFFFFFFFFFF
(1789442158.043826) can0 02051081#CDCC4C3E00000000
(1789442158.062868) can0 0205B801#00006E0600182000
(1789442158.063465) can0 01011840#FFFFFFFFFFFFFFFF
(1789442158.063854) can0 02051081#CDCC4C3E00000000
(1789442158.082818) can0 0205B801#00006F0600182000
(1789442158.083435) can0 01011840#FFFFFFFFFFFFFFFF
(1789442158.083821) can0 02051081#CDCC4C3E00000000
(1789442158.102972) can0 0205B801#0000700600182000
(1789442158.103467) can0 01011840#FFFFFFFFFFFFFFFF
(1789442158.103853) can0 02051081#CDCC4C3E00000000
(1789442158.105817) can0 0205B841#0000000000400000
(1789442158.122809) can0 0205B801#0000700600182000
(1789442158.123420) can0 01011840#FFFFFFFFFFFFFFFF
(1789442158.123801) can0 02051081#CDCC4C3E00000000
(1789442158.142861) can0 0205B801#00006F0600182000
(1789442158.143427) can0 01011840#FFFFFFFFFFFFFFFF
(1789442158.143814) can0 02051081#CDCC4C3E00000000
(1789442158.162890) can0 0205B801#00006F0600182000
(1789442158.163548) can0 01011840#FFFFFFFFFFFFFFFF
(1789442158.163940) can0 02051081#CDCC4C3E00000000
(1789442158.182863) can0 0205B801#00006E0600182000
(1789442158.183460) can0 01011840#FFFFFFFFFFFFFFFF
(1789442158.183847) can0 02051081#CDCC4C3E00000000
(1789442158.202823) can0 0205B801#00006F0600182000
(1789442158.203465) can0 01011840#FFFFFFFFFFFFFFFF
(1789442158.203852) can0 02051081#CDCC4C3E00000000
(1789442158.223010) can0 0205B801#0000700600182000
(1789442158.223525) can0 01011840#FFFFFFFFFFFFFFFF
(1789442158.223912) can0 02051081#CDCC4C3E00000000
(1789442158.242852) can0 0205B801#00006F0600182000
(1789442158.243432) can0 01011840#FFFFFFFFFFFFFFFF
(1789442158.243818) can0 02051081#CDCC4C3E00000000
(1789442158.262849) can0 0205B801#00006F0600182000
(1789442158.263420) can0 01011840#FFFFFFFFFFFFFFFF
(1789442158.263805) can0 02051081#CDCC4C3E00000000
(1789442158.282965) can0 0205B801#00006F0600182000
(1789442158.283421) can0 01011840#FFFFFFFFFFFFFFFF
(1789442158.283805) can0 02051081#CDCC4C3E00000000
(1789442158.302852) can0 0205B801#00006E0600182000
(1789442158.303419) can0 01011840#FFFFFFFFFFFFFFFF
(1789442158.303804) can0 02051081#CDCC4C3E00000000
(1789442158.322812) can0 0205B801#00006F0600182000
(1789442158.323419) can0 01011840#FFFFFFFFFFFFFFFF
(1789442158.323803) can0 02051081#CDCC4C3E00000000
(1789442158.343006) can0 0205B801#00006F0600182000
(1789442158.343470) can0 01011840#FFFFFFFFFFFFFFFF
(1789442158.343857) can0 02051081#CDCC4C3E00000000
(1789442158.355808) can0 0205B841#0000000000400000
(1789442158.362805) can0 0205B801#00006E0600182000
(1789442158.363419) can0 01011840#FFFFFFFFFFFFFFFF
(1789442158.363803) can0 02051081#CDCC4C3E00000000
(1789442158.382850) can0 0205B801#00006F0600182000
(1789442158.383421) can0 01011840#FFFFFFFFFFFFFFFF
(1789442158.383804) can0 02051081#CDCC4C3E00000000
(1789442158.402866) can0 0205B801#00006F0600182000
(1789442158.403420) can0 01011840#FFFFFFFFFFFFFFFF
(1789442158.403806) can0 02051081#CDCC4C3E00000000
(1789442158.422856) can0 0205B801#00006E0600182000
(1789442158.423437) can0 01011840#FFFFFFFFFFFFFFFF
(1789442158.423821) can0 02051081#CDCC4C3E00000000
(1789442158.442827) can0 0205B801#00006F0600182000
(1789442158.443488) can0 01011840#FFFFFFFFFFFFFFFF
(1789442158.443871) can0 02051081#CDCC4C3E00000000
(1789442158.462959) can0 0205B801#00006D0600182000
(1789442158.463464) can0 01011840#FFFFFFFFFFFFFFFF
(1789442158.463850) can0 02051081#CDCC4C3E00000000
(1789442158.482846) can0 0205B801#00006F0600182000
(1789442158.483432) can0 01011840#FFFFFFFFFFFFFFFF
(1789442158.483817) can0 02051081#CDCC4C3E00000000
(1789442158.502811) can0 0205B801#00006F0600182000
(1789442158.503420) can0 01011840#FFFFFFFFFFFFFFFF
(1789442158.503805) can0 02051081#CDCC4C3E00000000
(1789442158.522859) can0 0205B801#00006E0600182000
(1789442158.523420) can0 01011840#FFFFFFFFFFFFFFFF
(1789442158.523808) can0 02051081#CDCC4C3E00000000
(1789442158.542825) can0 0205B801#00006F0600182000
(1789442158.543478) can0 01011840#FFFFFFFFFFFFFFFF
(1789442158.543864) can0 02051081#CDCC4C3E00000000
(1789442158.562820) can0 0205B801#00006F0600182000
(1789442158.563484) can0 01011840#FFFFFFFFFFFFFFFF
(1789442158.563870) can0 02051081#CDCC4C3E00000000
(1789442158.582858) can0 0205B801#00006E0600182000
(1789442158.583451) can0 01011840#FFFFFFFFFFFFFFFF
(1789442158.583835) can0 02051081#CDCC4C3E00000000
(1789442158.602854) can0 0205B801#00006E0600182000
(1789442158.603453) can0 01011840#FFFFFFFFFFFFFFFF
(1789442158.603837) can0 02051081#CDCC4C3E00000000
(1789442158.605810) can0 0205B841#0000000000400000
(1789442158.619857) can0 02051801#0000FFFFFFFF0000
(1789442158.621769) can0 0205BC01#6B392E9A
(1789442158.622801) can0 0205B801#00006F0600182000
(1789442158.623451) can0 01011840#FFFFFFFFFFFFFFFF
(1789442158.623835) can0 02051081#CDCC4C3E00000000
(1789442158.642854) can0 0205B801#00006F0600182000
(1789442158.643446) can0 01011840#FFFFFFFFFFFFFFFF
(1789442158.643828) can0 02051081#CDCC4C3E00000000
(1789442158.662807) can0 0205B801#00006F0600182000
(1789442158.663458) can0 01011840#FFFFFFFFFFFFFFFF
(1789442158.663843) can0 02051081#CDCC4C3E00000000
(1789442158.682812) can0 0205B801#00006F0600182000
(1789442158.683443) can0 01011840#FFFFFFFFFFFFFFFF
(1789442158.683828) can0 02051081#CDCC4C3E00000000
(1789442158.702957) can0 0205B801#00006F0600182000
(1789442158.703429) can0 01011840#FFFFFFFFFFFFFFFF
(1789442158.703813) can0 02051081#CDCC4C3E00000000
(1789442158.722808) can0 0205B801#00006F0600182000
(1789442158.723469) can0 01011840#FFFFFFFFFFFFFFFF
(1789442158.723853) can0 02051081#CDCC4C3E00000000
(1789442158.742813) can0 0205B801#00006F0600182000
(1789442158.743441) can0 01011840#FFFFFFFFFFFFFFFF
(1789442158.743822) can0 02051081#CDCC4C3E00000000
(1789442158.762853) can0 0205B801#00006F0600182000
(1789442158.763430) can0 01011840#FFFFFFFFFFFFFFFF
(1789442158.763813) can0 02051081#CDCC4C3E00000000
(1789442158.782804) can0 0205B801#00006F0600182000
(1789442158.783422) can0 01011840#FFFFFFFFFFFFFFFF
(1789442158.783805) can0 02051081#CDCC4C3E00000000
(1789442158.802850) can0 0205B801#0000700600182000
(1789442158.803418) can0 01011840#FFFFFFFFFFFFFFFF
(1789442158.803803) can0 02051081#CDCC4C3E00000000
(1789442158.822850) can0 0205B801#00006E0600182000
(1789442158.823420) can0 01011840#FFFFFFFFFFFFFFFF
(1789442158.823803) can0 02051081#CDCC4C3E00000000
(1789442158.842845) can0 0205B801#00006E0600182000
(1789442158.843435) can0 01011840#FFFFFFFFFFFFFFFF
(1789442158.843818) can0 02051081#CDCC4C3E00000000
(1789442158.855801) can0 0205B841#0000000000400000
(1789442158.862815) can0 0205B801#00006F0600182000
(1789442158.863487) can0 01011840#FFFFFFFFFFFFFFFF
(1789442158.863898) can0 02051081#CDCC4C3E00000000
(1789442158.882889) can0 0205B801#00006F0600182000
(1789442158.883632) can0 01011840#FFFFFFFFFFFFFFFF
(1789442158.884007) can0 02051081#CDCC4C3E00000000
(1789442158.902809) can0 0205B801#00006F0600182000
(1789442158.903467) can0 01011840#FFFFFFFFFFFFFFFF
(1789442158.903854) can0 02051081#CDCC4C3E00000000
(1789442158.922807) can0 0205B801#00006F0600182000
(1789442158.923439) can0 01011840#FFFFFFFFFFFFFFFF
(1789442158.923827) can0 02051081#CDCC4C3E00000000
(1789442158.943018) can0 0205B801#00006F0600182000
(1789442158.943547) can0 01011840#FFFFFFFFFFFFFFFF
(1789442158.943922) can0 02051081#CDCC4C3E00000000
(1789442158.962849) can0 0205B801#00006F0600182000
(1789442158.963492) can0 01011840#FFFFFFFFFFFFFFFF
(1789442158.963877) can0 02051081#CDCC4C3E00000000
(1789442158.982805) can0 0205B801#00006F0600182000
(1789442158.983421) can0 01011840#FFFFFFFFFFFFFFFF
(1789442158.983801) can0 02051081#CDCC4C3E00000000
(1789442159.002958) can0 0205B801#00006F0600182000
(1789442159.003425) can0 01011840#FFFFFFFFFFFFFFFF
(1789442159.003809) can0 02051081#CDCC4C3E00000000
(1789442159.022804) can0 0205B801#00006F0600182000
(1789442159.023421) can0 01011840#FFFFFFFFFFFFFFFF
(1789442159.023804) can0 02051081#CDCC4C3E00000000
(1789442159.042807) can0 0205B801#00006F0600182000
(1789442159.043458) can0 01011840#FFFFFFFFFFFFFFFF
(1789442159.043836) can0 02051081#CDCC4C3E00000000
(1789442159.062865) can0 0205B801#00006F0600182000
(1789442159.063477) can0 01011840#FFFFFFFFFFFFFFFF
(1789442159.063889) can0 02051081#CDCC4C3E00000000
(1789442159.082861) can0 0205B801#00006F0600182000
(1789442159.083496) can0 01011840#FFFFFFFFFFFFFFFF
(1789442159.083885) can0 02051081#CDCC4C3E00000000
(1789442159.102843) can0 0205B801#00006F0600182000
(1789442159.103426) can0 01011840#FFFFFFFFFFFFFFFF
(1789442159.103811) can0 02051081#CDCC4C3E00000000
(1789442159.105841) can0 0205B841#0000000000400000
(1789442159.122853) can0 0205B801#00006E0600182000
(1789442159.123421) can0 01011840#FFFFFFFFFFFFFFFF
(1789442159.123804) can0 02051081#CDCC4C3E00000000
(1789442159.142807) can0 0205B801#00006E0600182000
(1789442159.143444) can0 01011840#FFFFFFFFFFFFFFFF
(1789442159.143828) can0 02051081#CDCC4C3E00000000
(1789442159.162838) can0 0205B801#00006F0600182000
(1789442159.163431) can0 01011840#FFFFFFFFFFFFFFFF
(1789442159.163814) can0 02051081#CDCC4C3E00000000
(1789442159.182850) can0 0205B801#00006E0600182000
(1789442159.183494) can0 01011840#FFFFFFFFFFFFFFFF
(1789442159.183950) can0 02051081#CDCC4C3E00000000
(1789442159.202856) can0 0205B801#00006E0600182000
(1789442159.203485) can0 01011840#FFFFFFFFFFFFFFFF
(1789442159.203869) can0 02051081#CDCC4C3E00000000
(1789442159.222849) can0 0205B801#00006F0600182000
(1789442159.223471) can0 01011840#FFFFFFFFFFFFFFFF
(1789442159.223859) can0 02051081#CDCC4C3E00000000
(1789442159.242963) can0 0205B801#0000700600182000
(1789442159.243526) can0 01011840#FFFFFFFFFFFFFFFF
(1789442159.243912) can0 02051081#CDCC4C3E00000000
(1789442159.262839) can0 0205B801#00006F0600182000
(1789442159.263429) can0 01011840#FFFFFFFFFFFFFFFF
(1789442159.263812) can0 02051081#CDCC4C3E00000000
(1789442159.282799) can0 0205B801#00006F0600182000
(1789442159.283422) can0 01011840#FFFFFFFFFFFFFFFF
(1789442159.283806) can0 02051081#CDCC4C3E00000000
(1789442159.302856) can0 0205B801#00006F0600182000
(1789442159.303420) can0 01011840#FFFFFFFFFFFFFFFF
(1789442159.303804) can0 02051081#CDCC4C3E00000000
(1789442159.322799) can0 0205B801#00006E0600182000
(1789442159.323420) can0 01011840#FFFFFFFFFFFFFFFF
(1789442159.323803) can0 02051081#CDCC4C3E00000000
(1789442159.342804) can0 0205B801#00006F0600182000
(1789442159.343421) can0 01011840#FFFFFFFFFFFFFFFF
(1789442159.343806) can0 02051081#CDCC4C3E00000000
(1789442159.355798) can0 0205B841#0000000000400000
(1789442159.362950) can0 0205B801#00006F0600182000
(1789442159.363440) can0 01011840#FFFFFFFFFFFFFFFF
(1789442159.363830) can0 02051081#CDCC4C3E00000000
(1789442159.382806) can0 0205B801#00006F0600182000
(1789442159.383444) can0 01011840#FFFFFFFFFFFFFFFF
(1789442159.383828) can0 02051081#CDCC4C3E00000000
(1789442159.402799) can0 0205B801#00006F0600182000
(1789442159.403432) can0 01011840#FFFFFFFFFFFFFFFF
(1789442159.403815) can0 02051081#CDCC4C3E00000000
(1789442159.422847) can0 0205B801#00006F0600182000
(1789442159.423450) can0 01011840#FFFFFFFFFFFFFFFF
(1789442159.423833) can0 02051081#CDCC4C3E00000000
(1789442159.442805) can0 0205B801#00006F0600182000
(1789442159.443433) can0 01011840#FFFFFFFFFFFFFFFF
(1789442159.443818) can0 02051081#CDCC4C3E00000000
(1789442159.462835) can0 0205B801#00006F0600182000
(1789442159.463422) can0 01011840#FFFFFFFFFFFFFFFF
(1789442159.463804) can0 02051081#CDCC4C3E00000000
(1789442159.482840) can0 0205B801#00006F0600182000
(1789442159.483420) can0 01011840#FFFFFFFFFFFFFFFF
(1789442159.483803) can0 02051081#CDCC4C3E00000000
(1789442159.502794) can0 0205B801#00006E0600182000
(1789442159.503418) can0 01011840#FFFFFFFFFFFFFFFF
(1789442159.503801) can0 02051081#CDCC4C3E00000000
(1789442159.522836) can0 0205B801#00006F0600182000
(1789442159.523417) can0 01011840#FFFFFFFFFFFFFFFF
(1789442159.523800) can0 02051081#CDCC4C3E00000000
(1789442159.542962) can0 0205B801#0000700600182000
(1789442159.543516) can0 01011840#FFFFFFFFFFFFFFFF
(1789442159.543899) can0 02051081#CDCC4C3E00000000
(1789442159.562835) can0 0205B801#00006E0600182000
(1789442159.563422) can0 01011840#FFFFFFFFFFFFFFFF
(1789442159.563802) can0 02051081#CDCC4C3E00000000
(1789442159.582795) can0 0205B801#00006E0600182000
(1789442159.583416) can0 01011840#FFFFFFFFFFFFFFFF
(1789442159.583797) can0 02051081#CDCC4C3E00000000
(1789442159.602794) can0 0205B801#00006F0600182000
(1789442159.603418) can0 01011840#FFFFFFFFFFFFFFFF
(1789442159.603802) can0 02051081#CDCC4C3E00000000
(1789442159.605794) can0 0205B841#0000000000400000
(1789442159.619801) can0 02051801#0000FFFFFFFF0000
(1789442159.621754) can0 0205BC01#6B392E9A
(1789442159.622796) can0 0205B801#00006F0600182000
(1789442159.623420) can0 01011840#FFFFFFFFFFFFFFFF
(1789442159.623805) can0 02051081#CDCC4C3E00000000
(1789442159.642808) can0 0205B801#00006F0600182000
(1789442159.643482) can0 01011840#FFFFFFFFFFFFFFFF
(1789442159.643862) can0 02051081#CDCC4C3E00000000
(1789442159.662856) can0 0205B801#00006E0600182000
(1789442159.663483) can0 01011840#FFFFFFFFFFFFFFFF
(1789442159.663869) can0 02051081#CDCC4C3E00000000
(1789442159.682799) can0 0205B801#00006F0600182000
(1789442159.683430) can0 01011840#FFFFFFFFFFFFFFFF
(1789442159.683816) can0 02051081#CDCC4C3E00000000
(1789442159.702837) can0 0205B801#00006E0600182000
(1789442159.703420) can0 01011840#FFFFFFFFFFFFFFFF
(1789442159.703804) can0 02051081#CDCC4C3E00000000
(1789442159.722982) can0 0205B801#00006F0600182000
(1789442159.723446) can0 01011840#FFFFFFFFFFFFFFFF
(1789442159.723828) can0 02051081#CDCC4C3E00000000
(1789442159.742858) can0 0205B801#00006F0600182000
(1789442159.743498) can0 01011840#FFFFFFFFFFFFFFFF
(1789442159.743885) can0 02051081#CDCC4C3E00000000
(1789442159.762837) can0 0205B801#00006F0600182000
(1789442159.763467) can0 01011840#FFFFFFFFFFFFFFFF
(1789442159.763852) can0 02051081#CDCC4C3E00000000
(1789442159.782945) can0 0205B801#0000700600182000
(1789442159.783456) can0 01011840#FFFFFFFFFFFFFFFF
(1789442159.783839) can0 02051081#CDCC4C3E00000000
(1789442159.802834) can0 0205B801#00006F0600182000
(1789442159.803427) can0 01011840#FFFFFFFFFFFFFFFF
(1789442159.803814) can0 02051081#CDCC4C3E00000000
(1789442159.822795) can0 0205B801#00006F0600182000
(1789442159.823420) can0 01011840#FFFFFFFFFFFFFFFF
(1789442159.823803) can0 02051081#CDCC4C3E00000000
(1789442159.842944) can0 0205B801#00006F0600182000
(1789442159.843417) can0 01011840#FFFFFFFFFFFFFFFF
(1789442159.843801) can0 02051081#CDCC4C3E00000000
(1789442159.855829) can0 0205B841#0000000000400000
(1789442159.862838) can0 0205B801#00006E0600182000
(1789442159.863438) can0 01011840#FFFFFFFFFFFFFFFF
(1789442159.863818) can0 02051081#CDCC4C3E00000000
(1789442159.882838) can0 0205B801#00006E0600182000
(1789442159.883462) can0 01011840#FFFFFFFFFFFFFFFF
(1789442159.883863) can0 02051081#CDCC4C3E00000000
(1789442159.903020) can0 0205B801#00006F0600182000
(1789442159.903687) can0 01011840#FFFFFFFFFFFFFFFF
(1789442159.904070) can0 02051081#CDCC4C3E00000000
(1789442159.922835) can0 0205B801#00006E0600182000
(1789442159.923463) can0 01011840#FFFFFFFFFFFFFFFF
(1789442159.923851) can0 02051081#CDCC4C3E00000000
(1789442159.942802) can0 0205B801#00006F0600182000
(1789442159.943454) can0 01011840#FFFFFFFFFFFFFFFF
(1789442159.943837) can0 02051081#CDCC4C3E00000000
(1789442159.962973) can0 0205B801#00006F0600182000
(1789442159.963557) can0 01011840#FFFFFFFFFFFFFFFF
(1789442159.963944) can0 02051081#CDCC4C3E00000000
(1789442159.982826) can0 0205B801#00006E0600182000
(1789442159.983426) can0 01011840#FFFFFFFFFFFFFFFF
(1789442159.983803) can0 02051081#CDCC4C3E00000000
(1789442160.002830) can0 0205B801#00006E0600182000
(1789442160.003521) can0 01011840#FFFFFFFFFFFFFFFF
(1789442160.004985) can0 02051081#CDCC4C3E00000000
(1789442160.022840) can0 0205B801#00006F0600182000
(1789442160.023425) can0 01011840#FFFFFFFFFFFFFFFF
(1789442160.023805) can0 02051081#CDCC4C3E00000000
(1789442160.042789) can0 0205B801#00006F0600182000
(1789442160.043423) can0 01011840#FFFFFFFFFFFFFFFF
(1789442160.043806) can0 02051081#CDCC4C3E00000000
(1789442160.062800) can0 0205B801#00006E0600182000
(1789442160.063454) can0 01011840#FFFFFFFFFFFFFFFF
(1789442160.063843) can0 02051081#CDCC4C3E00000000
(1789442160.082852) can0 0205B801#00006F0600182000
(1789442160.083451) can0 01011840#FFFFFFFFFFFFFFFF
(1789442160.083838) can0 02051081#CDCC4C3E00000000
(1789442160.102786) can0 0205B801#00006F0600182000
(1789442160.103427) can0 01011840#FFFFFFFFFFFFFFFF
(1789442160.103811) can0 02051081#CDCC4C3E00000000
(1789442160.105825) can0 0205B841#0000000000400000
(1789442160.122788) can0 0205B801#00006E0600182000
(1789442160.123421) can0 01011840#FFFFFFFFFFFFFFFF
(1789442160.123805) can0 02051081#CDCC4C3E00000000
(1789442160.142950) can0 0205B801#00006F0600182000
(1789442160.143422) can0 01011840#FFFFFFFFFFFFFFFF
(1789442160.143808) can0 02051081#CDCC4C3E00000000
(1789442160.162789) can0 0205B801#00006F0600182000
(1789442160.163439) can0 01011840#FFFFFFFFFFFFFFFF
(1789442160.163822) can0 02051081#CDCC4C3E00000000
(1789442160.182846) can0 0205B801#00006E0600182000
(1789442160.183466) can0 01011840#FFFFFFFFFFFFFFFF
(1789442160.183854) can0 02051081#CDCC4C3E00000000
(1789442160.202833) can0 0205B801#00006F0600182000
(1789442160.203422) can0 01011840#FFFFFFFFFFFFFFFF
(1789442160.203802) can0 02051081#CDCC4C3E00000000
(1789442160.222813) can0 0205B801#00006F0600182000
(1789442160.223507) can0 01011840#FFFFFFFFFFFFFFFF
(1789442160.223901) can0 02051081#CDCC4C3E00000000
(1789442160.242851) can0 0205B801#00006F0600182000
(1789442160.243463) can0 01011840#FFFFFFFFFFFFFFFF
(1789442160.243841) can0 02051081#CDCC4C3E00000000
(1789442160.262986) can0 0205B801#00006F0600182000
(1789442160.263562) can0 01011840#FFFFFFFFFFFFFFFF
(1789442160.263950) can0 02051081#CDCC4C3E00000000
(1789442160.282785) can0 0205B801#00006F0600182000
(1789442160.283437) can0 01011840#FFFFFFFFFFFFFFFF
(1789442160.283822) can0 02051081#CDCC4C3E00000000
(1789442160.302829) can0 0205B801#0000700600182000
(1789442160.303425) can0 01011840#FFFFFFFFFFFFFFFF
(1789442160.303806) can0 02051081#CDCC4C3E00000000
(1789442160.322973) can0 0205B801#0000700600182000
(1789442160.323442) can0 01011840#FFFFFFFFFFFFFFFF
(1789442160.323822) can0 02051081#CDCC4C3E00000000
(1789442160.342837) can0 0205B801#00006E0600182000
(1789442160.343447) can0 01011840#FFFFFFFFFFFFFFFF
(1789442160.343832) can0 02051081#CDCC4C3E00000000
(1789442160.355784) can0 0205B841#0000000000400000
(1789442160.362781) can0 0205B801#00006F0600182000
(1789442160.363431) can0 01011840#FFFFFFFFFFFFFFFF
(1789442160.363815) can0 02051081#CDCC4C3E00000000
(1789442160.382835) can0 0205B801#00006F0600182000
(1789442160.383421) can0 01011840#FFFFFFFFFFFFFFFF
(1789442160.383806) can0 02051081#CDCC4C3E00000000
(1789442160.402789) can0 0205B801#00006F0600182000
(1789442160.403450) can0 01011840#FFFFFFFFFFFFFFFF
(1789442160.403837) can0 02051081#CDCC4C3E00000000
(1789442160.422789) can0 0205B801#00006F0600182000
(1789442160.423430) can0 01011840#FFFFFFFFFFFFFFFF
(1789442160.423816) can0 02051081#CDCC4C3E00000000
(1789442160.442976) can0 0205B801#00006F0600182000
(1789442160.443442) can0 01011840#FFFFFFFFFFFFFFFF
(1789442160.443828) can0 02051081#CDCC4C3E00000000
(1789442160.462834) can0 0205B801#00006F0600182000
(1789442160.463458) can0 01011840#FFFFFFFFFFFFFFFF
(1789442160.463846) can0 02051081#CDCC4C3E00000000
(1789442160.482789) can0 0205B801#00006E0600182000
(1789442160.483430) can0 01011840#FFFFFFFFFFFFFFFF
(1789442160.483815) can0 02051081#CDCC4C3E00000000
(1789442160.502944) can0 0205B801#00006F0600182000
(1789442160.503465) can0 01011840#FFFFFFFFFFFFFFFF
(1789442160.503854) can0 02051081#CDCC4C3E00000000
(1789442160.522786) can0 0205B801#00006E0600182000
(1789442160.523426) can0 01011840#FFFFFFFFFFFFFFFF
(1789442160.523810) can0 02051081#CDCC4C3E00000000
(1789442160.542799) can0 0205B801#00006F0600182000
(1789442160.543467) can0 01011840#FFFFFFFFFFFFFFFF
(1789442160.543856) can0 02051081#CDCC4C3E00000000
(1789442160.562831) can0 0205B801#00006E0600182000
(1789442160.563429) can0 01011840#FFFFFFFFFFFFFFFF
(1789442160.563809) can0 02051081#CDCC4C3E00000000
(1789442160.582780) can0 0205B801#00006F0600182000
(1789442160.583420) can0 01011840#FFFFFFFFFFFFFFFF
(1789442160.583803) can0 02051081#CDCC4C3E00000000
(1789442160.602785) can0 0205B801#00006F0600182000
(1789442160.603420) can0 01011840#FFFFFFFFFFFFFFFF
(1789442160.603805) can0 02051081#CDCC4C3E00000000
(1789442160.605786) can0 0205B841#0000000000400000
(1789442160.619821) can0 02051801#0000FFFFFFFF0000
(1789442160.621740) can0 0205BC01#6B392E9A
(1789442160.622931) can0 0205B801#00006E0600182000
(1789442160.623445) can0 01011840#FFFFFFFFFFFFFFFF
(1789442160.623829) can0 02051081#CDCC4C3E00000000
(1789442160.642792) can0 0205B801#00006F0600182000
(1789442160.643427) can0 01011840#FFFFFFFFFFFFFFFF
(1789442160.643813) can0 02051081#CDCC4C3E00000000
(1789442160.662781) can0 0205B801#00006E0600182000
(1789442160.663419) can0 01011840#FFFFFFFFFFFFFFFF
(1789442160.663804) can0 02051081#CDCC4C3E00000000
(1789442160.682836) can0 0205B801#00006E0600182000
(1789442160.683419) can0 01011840#FFFFFFFFFFFFFFFF
(1789442160.683804) can0 02051081#CDCC4C3E00000000
(1789442160.702783) can0 0205B801#00006F0600182000
(1789442160.703417) can0 01011840#FFFFFFFFFFFFFFFF
(1789442160.703801) can0 02051081#CDCC4C3E00000000
(1789442160.722785) can0 0205B801#00006F0600182000
(1789442160.723420) can0 01011840#FFFFFFFFFFFFFFFF
(1789442160.723807) can0 02051081#CDCC4C3E00000000
(1789442160.742979) can0 0205B801#00006E0600182000
(1789442160.743443) can0 01011840#FFFFFFFFFFFFFFFF
(1789442160.743828) can0 02051081#CDCC4C3E00000000
(1789442160.762831) can0 0205B801#00006F0600182000
(1789442160.763482) can0 01011840#FFFFFFFFFFFFFFFF
(1789442160.763868) can0 02051081#CDCC4C3E00000000
(1789442160.782821) can0 0205B801#00006F0600182000
(1789442160.783456) can0 01011840#FFFFFFFFFFFFFFFF
(1789442160.783839) can0 02051081#CDCC4C3E00000000
(1789442160.802942) can0 0205B801#00006F0600182000
(1789442160.803429) can0 01011840#FFFFFFFFFFFFFFFF
(1789442160.803814) can0 02051081#CDCC4C3E00000000
(1789442160.822819) can0 0205B801#00006E0600182000
(1789442160.823423) can0 01011840#FFFFFFFFFFFFFFFF
(1789442160.823807) can0 02051081#CDCC4C3E00000000
(1789442160.842795) can0 0205B801#00006E0600182000
(1789442160.843459) can0 01011840#FFFFFFFFFFFFFFFF
(1789442160.843841) can0 02051081#CDCC4C3E00000000
(1789442160.855782) can0 0205B841#0000000000400000
(1789442160.862976) can0 0205B801#00006E0600182000
(1789442160.863476) can0 01011840#FFFFFFFFFFFFFFFF
(1789442160.863864) can0 02051081#CDCC4C3E00000000
(1789442160.882826) can0 0205B801#00006F0600182000
(1789442160.883463) can0 01011840#FFFFFFFFFFFFFFFF
(1789442160.883849) can0 02051081#CDCC4C3E00000000
(1789442160.902786) can0 0205B801#00006E0600182000
(1789442160.903432) can0 01011840#FFFFFFFFFFFFFFFF
(1789442160.903817) can0 02051081#CDCC4C3E00000000
(1789442160.922832) can0 0205B801#00006F0600182000
(1789442160.923580) can0 01011840#FFFFFFFFFFFFFFFF
(1789442160.924031) can0 02051081#CDCC4C3E00000000
(1789442160.942820) can0 0205B801#00006E0600182000
(1789442160.943607) can0 01011840#FFFFFFFFFFFFFFFF
(1789442160.943985) can0 02051081#CDCC4C3E00000000
(1789442160.962835) can0 0205B801#00006F0600182000
(1789442160.963485) can0 01011840#FFFFFFFFFFFFFFFF
(1789442160.963875) can0 02051081#CDCC4C3E00000000
(1789442160.982970) can0 0205B801#00006F0600182000
(1789442160.983462) can0 01011840#FFFFFFFFFFFFFFFF
(1789442160.983846) can0 02051081#CDCC4C3E00000000
(1789442161.002809) can0 0205B801#00006E0600182000
(1789442161.003507) can0 01011840#FFFFFFFFFFFFFFFF
(1789442161.003899) can0 02051081#CDCC4C3E00000000
(1789442161.022816) can0 0205B801#00006F0600182000
(1789442161.023430) can0 01011840#FFFFFFFFFFFFFFFF
(1789442161.023811) can0 02051081#CDCC4C3E00000000
(1789442161.042932) can0 0205B801#00006F0600182000
(1789442161.043423) can0 01011840#FFFFFFFFFFFFFFFF
(1789442161.043804) can0 02051081#CDCC4C3E00000000
(1789442161.062830) can0 0205B801#00006F0600182000
(1789442161.063449) can0 01011840#FFFFFFFFFFFFFFFF
(1789442161.063834) can0 02051081#CDCC4C3E00000000
(1789442161.082784) can0 0205B801#00006F0600182000
(1789442161.083433) can0 01011840#FFFFFFFFFFFFFFFF
(1789442161.083818) can0 02051081#CDCC4C3E00000000
(1789442161.102777) can0 0205B801#00006F0600182000
(1789442161.103460) can0 01011840#FFFFFFFFFFFFFFFF
(1789442161.103845) can0 02051081#CDCC4C3E00000000
(1789442161.105775) can0 0205B841#0000000000400000
(1789442161.122817) can0 0205B801#00006E0600182000
(1789442161.123432) can0 01011840#FFFFFFFFFFFFFFFF
(1789442161.123818) can0 02051081#CDCC4C3E00000000
(1789442161.142776) can0 0205B801#00006E0600182000
(1789442161.143439) can0 01011840#FFFFFFFFFFFFFFFF
(1789442161.143821) can0 02051081#CDCC4C3E00000000
(1789442161.162926) can0 0205B801#00006F0600182000
(1789442161.163432) can0 01011840#FFFFFFFFFFFFFFFF
(1789442161.163816) can0 02051081#CDCC4C3E00000000
(1789442161.182785) can0 0205B801#00006E0600182000
(1789442161.183423) can0 01011840#FFFFFFFFFFFFFFFF
(1789442161.183808) can0 02051081#CDCC4C3E00000000
(1789442161.202816) can0 0205B801#00006F0600182000
(1789442161.203421) can0 01011840#FFFFFFFFFFFFFFFF
(1789442161.203805) can0 02051081#CDCC4C3E00000000
(1789442161.222833) can0 0205B801#00006E0600182000
(1789442161.223421) can0 01011840#FFFFFFFFFFFFFFFF
(1789442161.223806) can0 02051081#CDCC4C3E00000000
(1789442161.242816) can0 0205B801#00006E0600182000
(1789442161.243455) can0 01011840#FFFFFFFFFFFFFFFF
(1789442161.243840) can0 02051081#CDCC4C3E00000000
(1789442161.262843) can0 0205B801#00006F0600182000
(1789442161.263496) can0 01011840#FFFFFFFFFFFFFFFF
(1789442161.263882) can0 02051081#CDCC4C3E00000000
(1789442161.282928) can0 0205B801#00006F0600182000
(1789442161.283427) can0 01011840#FFFFFFFFFFFFFFFF
(1789442161.283807) can0 02051081#CDCC4C3E00000000
(1789442161.302812) can0 0205B801#00006F0600182000
(1789442161.303423) can0 01011840#FFFFFFFFFFFFFFFF
(1789442161.303806) can0 02051081#CDCC4C3E00000000
(1789442161.322779) can0 0205B801#00006E0600182000
(1789442161.323421) can0 01011840#FFFFFFFFFFFFFFFF
(1789442161.323805) can0 02051081#CDCC4C3E00000000
(1789442161.342930) can0 0205B801#00006F0600182000
(1789442161.343445) can0 01011840#FFFFFFFFFFFFFFFF
(1789442161.343830) can0 02051081#CDCC4C3E00000000
(1789442161.355816) can0 0205B841#0000000000400000
(1789442161.362816) can0 0205B801#00006F0600182000
(1789442161.363433) can0 01011840#FFFFFFFFFFFFFFFF
(1789442161.363817) can0 02051081#CDCC4C3E00000000
(1789442161.382778) can0 0205B801#00006F0600182000
(1789442161.383423) can0 01011840#FFFFFFFFFFFFFFFF
(1789442161.383807) can0 02051081#CDCC4C3E00000000
(1789442161.402961) can0 0205B801#00006F0600182000
(1789442161.403438) can0 01011840#FFFFFFFFFFFFFFFF
(1789442161.403822) can0 02051081#CDCC4C3E00000000
(1789442161.422812) can0 0205B801#00006F0600182000
(1789442161.423429) can0 01011840#FFFFFFFFFFFFFFFF
(1789442161.423813) can0 02051081#CDCC4C3E00000000
(1789442161.442782) can0 0205B801#00006E0600182000
(1789442161.443428) can0 01011840#FFFFFFFFFFFFFFFF
(1789442161.443815) can0 02051081#CDCC4C3E00000000
(1789442161.462924) can0 0205B801#00006F0600182000
(1789442161.463419) can0 01011840#FFFFFFFFFFFFFFFF
(1789442161.463804) can0 02051081#CDCC4C3E00000000
(1789442161.482777) can0 0205B801#00006F0600182000
(1789442161.483419) can0 01011840#FFFFFFFFFFFFFFFF
(1789442161.483804) can0 02051081#CDCC4C3E00000000
(1789442161.502773) can0 0205B801#00006E0600182000
(1789442161.503419) can0 01011840#FFFFFFFFFFFFFFFF
(1789442161.503804) can0 02051081#CDCC4C3E00000000
(1789442161.522819) can0 0205B801#00006E0600182000
(1789442161.523417) can0 01011840#FFFFFFFFFFFFFFFF
(1789442161.523802) can0 02051081#CDCC4C3E00000000
(1789442161.542793) can0 0205B801#00006F0600182000
(1789442161.543466) can0 01011840#FFFFFFFFFFFFFFFF
(1789442161.543867) can0 02051081#CDCC4C3E00000000
(1789442161.562770) can0 0205B801#00006F0600182000
(1789442161.563464) can0 01011840#FFFFFFFFFFFFFFFF
(1789442161.563849) can0 02051081#CDCC4C3E00000000
(1789442161.582967) can0 0205B801#00006F0600182000
(1789442161.583432) can0 01011840#FFFFFFFFFFFFFFFF
(1789442161.583818) can0 02051081#CDCC4C3E00000000
(1789442161.602811) can0 0205B801#00006F0600182000
(1789442161.603429) can0 01011840#FFFFFFFFFFFFFFFF
(1789442161.603814) can0 02051081#CDCC4C3E00000000
(1789442161.605772) can0 0205B841#0000000000400000
(1789442161.619776) can0 02051801#0000FFFFFFFF0000
(1789442161.621726) can0 0205BC01#6B392E9A
(1789442161.622807) can0 0205B801#00006F0600182000
(1789442161.623419) can0 01011840#FFFFFFFFFFFFFFFF
(1789442161.623804) can0 02051081#CDCC4C3E00000000
(1789442161.642933) can0 0205B801#0000700600182000
(1789442161.643420) can0 01011840#FFFFFFFFFFFFFFFF
(1789442161.643806) can0 02051081#CDCC4C3E00000000
(1789442161.662775) can0 0205B801#00006F0600182000
(1789442161.663421) can0 01011840#FFFFFFFFFFFFFFFF
(1789442161.663805) can0 02051081#CDCC4C3E00000000
(1789442161.682822) can0 0205B801#00006F0600182000
(1789442161.683465) can0 01011840#FFFFFFFFFFFFFFFF
(1789442161.683853) can0 02051081#CDCC4C3E00000000
(1789442161.702816) can0 0205B801#00006F0600182000
(1789442161.703431) can0 01011840#FFFFFFFFFFFFFFFF
(1789442161.703816) can0 02051081#CDCC4C3E00000000
(1789442161.722767) can0 0205B801#00006F0600182000
(1789442161.723420) can0 01011840#FFFFFFFFFFFFFFFF
(1789442161.723805) can0 02051081#CDCC4C3E00000000
(1789442161.742812) can0 0205B801#00006F0600182000
(1789442161.743444) can0 01011840#FFFFFFFFFFFFFFFF
(1789442161.743828) can0 02051081#CDCC4C3E00000000
(1789442161.762960) can0 0205B801#0000700600182000
(1789442161.763435) can0 01011840#FFFFFFFFFFFFFFFF
(1789442161.763820) can0 02051081#CDCC4C3E00000000
(1789442161.782777) can0 0205B801#00006F0600182000
(1789442161.783468) can0 01011840#FFFFFFFFFFFFFFFF
(1789442161.783856) can0 02051081#CDCC4C3E00000000
(1789442161.802773) can0 0205B801#00006F0600182000
(1789442161.803454) can0 01011840#FFFFFFFFFFFFFFFF
(1789442161.803835) can0 02051081#CDCC4C3E00000000
(1789442161.822936) can0 0205B801#0000700600182000
(1789442161.823457) can0 01011840#FFFFFFFFFFFFFFFF
(1789442161.823843) can0 02051081#CDCC4C3E00000000
(1789442161.842777) can0 0205B801#00006F0600182000
(1789442161.843431) can0 01011840#FFFFFFFFFFFFFFFF
(1789442161.843817) can0 02051081#CDCC4C3E00000000
(1789442161.855834) can0 0205B841#0000000000400000
(1789442161.862813) can0 0205B801#00006F0600182000
(1789442161.863493) can0 01011840#FFFFFFFFFFFFFFFF
(1789442161.863880) can0 02051081#CDCC4C3E00000000
(1789442161.882825) can0 0205B801#00006F0600182000
(1789442161.883466) can0 01011840#FFFFFFFFFFFFFFFF
(1789442161.883853) can0 02051081#CDCC4C3E00000000
(1789442161.902772) can0 0205B801#00006F0600182000
(1789442161.903438) can0 01011840#FFFFFFFFFFFFFFFF
(1789442161.903824) can0 02051081#CDCC4C3E00000000
(1789442161.922768) can0 0205B801#00006F0600182000
(1789442161.923430) can0 01011840#FFFFFFFFFFFFFFFF
(1789442161.923814) can0 02051081#CDCC4C3E00000000
(1789442161.942923) can0 0205B801#00006F0600182000
(1789442161.943440) can0 01011840#FFFFFFFFFFFFFFFF
(1789442161.943823) can0 02051081#CDCC4C3E00000000
(1789442161.962787) can0 0205B801#00006F0600182000
(1789442161.963495) can0 01011840#FFFFFFFFFFFFFFFF
(1789442161.963941) can0 02051081#CDCC4C3E00000000
(1789442161.982806) can0 0205B801#0000700600182000
(1789442161.983536) can0 01011840#FFFFFFFFFFFFFFFF
(1789442161.983915) can0 02051081#CDCC4C3E00000000
(1789442162.002825) can0 0205B801#0000700600182000
(1789442162.003473) can0 01011840#FFFFFFFFFFFFFFFF
(1789442162.003861) can0 02051081#CDCC4C3E00000000
(1789442162.022839) can0 0205B801#00006F0600182000
(1789442162.023504) can0 01011840#FFFFFFFFFFFFFFFF
(1789442162.023899) can0 02051081#CDCC4C3E00000000
(1789442162.042805) can0 0205B801#00006F0600182000
(1789442162.043435) can0 01011840#FFFFFFFFFFFFFFFF
(1789442162.043820) can0 02051081#CDCC4C3E00000000
(1789442162.062835) can0 0205B801#00006F0600182000
(1789442162.063484) can0 01011840#FFFFFFFFFFFFFFFF
(1789442162.063911) can0 02051081#CDCC4C3E00000000
(1789442162.082778) can0 0205B801#00006F0600182000
(1789442162.083464) can0 01011840#FFFFFFFFFFFFFFFF
(1789442162.083850) can0 02051081#CDCC4C3E00000000
(1789442162.102766) can0 0205B801#00006F0600182000
(1789442162.103451) can0 01011840#FFFFFFFFFFFFFFFF
(1789442162.103834) can0 02051081#CDCC4C3E00000000
(1789442162.105767) can0 0205B841#0000000000400000
(1789442162.122813) can0 0205B801#00006F0600182000
(1789442162.123445) can0 01011840#FFFFFFFFFFFFFFFF
(1789442162.123828) can0 02051081#CDCC4C3E00000000
(1789442162.142760) can0 0205B801#00006F0600182000
(1789442162.143452) can0 01011840#FFFFFFFFFFFFFFFF
(1789442162.143835) can0 02051081#CDCC4C3E00000000
(1789442162.162766) can0 0205B801#00006F0600182000
(1789442162.163447) can0 01011840#FFFFFFFFFFFFFFFF
(1789442162.163830) can0 02051081#CDCC4C3E00000000
(1789442162.182922) can0 0205B801#00006F0600182000
(1789442162.183475) can0 01011840#FFFFFFFFFFFFFFFF
(1789442162.183861) can0 02051081#CDCC4C3E00000000
(1789442162.202802) can0 0205B801#00006F0600182000
(1789442162.203435) can0 01011840#FFFFFFFFFFFFFFFF
(1789442162.203820) can0 02051081#CDCC4C3E00000000
(1789442162.222775) can0 0205B801#00006E0600182000
(1789442162.223453) can0 01011840#FFFFFFFFFFFFFFFF
(1789442162.223840) can0 02051081#CDCC4C3E00000000
(1789442162.242916) can0 0205B801#00006F0600182000
(1789442162.243436) can0 01011840#FFFFFFFFFFFFFFFF
(1789442162.243819) can0 02051081#CDCC4C3E00000000
(1789442162.262806) can0 0205B801#00006E0600182000
(1789442162.263451) can0 01011840#FFFFFFFFFFFFFFFF
(1789442162.263837) can0 02051081#CDCC4C3E00000000
(1789442162.282801) can0 0205B801#00006F0600182000
(1789442162.283495) can0 01011840#FFFFFFFFFFFFFFFF
(1789442162.283882) can0 02051081#CDCC4C3E00000000
(1789442162.302811) can0 0205B801#00006F0600182000
(1789442162.303436) can0 01011840#FFFFFFFFFFFFFFFF
(1789442162.303821) can0 02051081#CDCC4C3E00000000
(1789442162.322763) can0 0205B801#00006F0600182000
(1789442162.323423) can0 01011840#FFFFFFFFFFFFFFFF
(1789442162.323807) can0 02051081#CDCC4C3E00000000
(1789442162.342763) can0 0205B801#00006F0600182000
(1789442162.343423) can0 01011840#FFFFFFFFFFFFFFFF
(1789442162.343808) can0 02051081#CDCC4C3E00000000
(1789442162.355759) can0 0205B841#0000000000400000
(1789442162.362911) can0 0205B801#00006F0600182000
(1789442162.363420) can0 01011840#FFFFFFFFFFFFFFFF
(1789442162.363804) can0 02051081#CDCC4C3E00000000
(1789442162.382764) can0 0205B801#00006E0600182000
(1789442162.383422) can0 01011840#FFFFFFFFFFFFFFFF
(1789442162.383806) can0 02051081#CDCC4C3E00000000
(1789442162.402759) can0 0205B801#00006F0600182000
(1789442162.403422) can0 01011840#FFFFFFFFFFFFFFFF
(1789442162.403805) can0 02051081#CDCC4C3E00000000
(1789442162.422811) can0 0205B801#00006E0600182000
(1789442162.423421) can0 01011840#FFFFFFFFFFFFFFFF
(1789442162.423805) can0 02051081#CDCC4C3E00000000
(1789442162.442768) can0 0205B801#00006F0600182000
(1789442162.443445) can0 01011840#FFFFFFFFFFFFFFFF
(1789442162.443831) can0 02051081#CDCC4C3E00000000
(1789442162.462765) can0 0205B801#00006F0600182000
(1789442162.463440) can0 01011840#FFFFFFFFFFFFFFFF
(1789442162.463826) can0 02051081#CDCC4C3E00000000
(1789442162.482916) can0 0205B801#0000700600182000
(1789442162.483442) can0 01011840#FFFFFFFFFFFFFFFF
(1789442162.483828) can0 02051081#CDCC4C3E00000000
(1789442162.502800) can0 0205B801#00006F0600182000
(1789442162.503430) can0 01011840#FFFFFFFFFFFFFFFF
(1789442162.503814) can0 02051081#CDCC4C3E00000000
(1789442162.522760) can0 0205B801#00006F0600182000
(1789442162.523422) can0 01011840#FFFFFFFFFFFFFFFF
(1789442162.523805) can0 02051081#CDCC4C3E00000000
(1789442162.542833) can0 0205B801#00006F0600182000
(1789442162.543482) can0 01011840#FFFFFFFFFFFFFFFF
(1789442162.543869) can0 02051081#CDCC4C3E00000000
(1789442162.562761) can0 0205B801#00006E0600182000
(1789442162.563464) can0 01011840#FFFFFFFFFFFFFFFF
(1789442162.563846) can0 02051081#CDCC4C3E00000000
(1789442162.582802) can0 0205B801#00006E0600182000
(1789442162.583449) can0 01011840#FFFFFFFFFFFFFFFF
(1789442162.583833) can0 02051081#CDCC4C3E00000000
(1789442162.602808) can0 0205B801#00006F0600182000
(1789442162.603452) can0 01011840#FFFFFFFFFFFFFFFF
(1789442162.603835) can0 02051081#CDCC4C3E00000000
(1789442162.605798) can0 0205B841#0000000000400000
(1789442162.619760) can0 02051801#0000FFFFFFFF0000
(1789442162.621756) can0 0205BC01#6B392E9A
(1789442162.622758) can0 0205B801#00006F0600182000
(1789442162.623450) can0 01011840#FFFFFFFFFFFFFFFF
(1789442162.623833) can0 02051081#CDCC4C3E00000000
(1789442162.642765) can0 0205B801#00006F0600182000
(1789442162.643459) can0 01011840#FFFFFFFFFFFFFFFF
(1789442162.643844) can0 02051081#CDCC4C3E00000000
(1789442162.662807) can0 0205B801#00006E0600182000
(1789442162.663450) can0 01011840#FFFFFFFFFFFFFFFF
(1789442162.663833) can0 02051081#CDCC4C3E00000000
(1789442162.682808) can0 0205B801#00006E0600182000
(1789442162.683460) can0 01011840#FFFFFFFFFFFFFFFF
(1789442162.683845) can0 02051081#CDCC4C3E00000000
(1789442162.702762) can0 0205B801#00006F0600182000
(1789442162.703457) can0 01011840#FFFFFFFFFFFFFFFF
(1789442162.703840) can0 02051081#CDCC4C3E00000000
(1789442162.722946) can0 0205B801#00006E0600182000
(1789442162.723452) can0 01011840#FFFFFFFFFFFFFFFF
(1789442162.723835) can0 02051081#CDCC4C3E00000000
(1789442162.742799) can0 0205B801#00006F0600182000
(1789442162.743454) can0 01011840#FFFFFFFFFFFFFFFF
(1789442162.743837) can0 02051081#CDCC4C3E00000000
(1789442162.762794) can0 0205B801#00006F0600182000
(1789442162.763453) can0 01011840#FFFFFFFFFFFFFFFF
(1789442162.763835) can0 02051081#CDCC4C3E00000000
(1789442162.782908) can0 0205B801#00006F0600182000
(1789442162.783449) can0 01011840#FFFFFFFFFFFFFFFF
(1789442162.783832) can0 02051081#CDCC4C3E00000000
(1789442162.802760) can0 0205B801#00006F0600182000
(1789442162.803472) can0 01011840#FFFFFFFFFFFFFFFF
(1789442162.803852) can0 02051081#CDCC4C3E00000000
(1789442162.822760) can0 0205B801#00006F0600182000
(1789442162.823467) can0 01011840#FFFFFFFFFFFFFFFF
(1789442162.823850) can0 02051081#CDCC4C3E00000000
(1789442162.842808) can0 0205B801#00006E0600182000
(1789442162.843462) can0 01011840#FFFFFFFFFFFFFFFF
(1789442162.843852) can0 02051081#CDCC4C3E00000000
(1789442162.855762) can0 0205B841#0000000000400000
(1789442162.862763) can0 0205B801#00006F0600182000
(1789442162.863459) can0 01011840#FFFFFFFFFFFFFFFF
(1789442162.863844) can0 02051081#CDCC4C3E00000000
(1789442162.882763) can0 0205B801#00006F0600182000
(1789442162.883463) can0 01011840#FFFFFFFFFFFFFFFF
(1789442162.883848) can0 02051081#CDCC4C3E00000000
(1789442162.902906) can0 0205B801#00006F0600182000
(1789442162.903461) can0 01011840#FFFFFFFFFFFFFFFF
(1789442162.903845) can0 02051081#CDCC4C3E00000000
(1789442162.922756) can0 0205B801#00006F0600182000
(1789442162.923449) can0 01011840#FFFFFFFFFFFFFFFF
(1789442162.923832) can0 02051081#CDCC4C3E00000000
(1789442162.942760) can0 0205B801#00006F0600182000
(1789442162.943455) can0 01011840#FFFFFFFFFFFFFFFF
(1789442162.943840) can0 02051081#CDCC4C3E00000000
(1789442162.962811) can0 0205B801#00006F0600182000
(1789442162.963860) can0 01011840#FFFFFFFFFFFFFFFF
(1789442162.965636) can0 02051081#CDCC4C3E00000000
(1789442162.982777) can0 0205B801#00006F0600182000
(1789442162.983431) can0 01011840#FFFFFFFFFFFFFFFF
(1789442162.983799) can0 02051081#CDCC4C3E00000000
(1789442163.002800) can0 0205B801#00006F0600182000
(1789442163.003468) can0 01011840#FFFFFFFFFFFFFFFF
(1789442163.003881) can0 02051081#CDCC4C3E00000000
(1789442163.022944) can0 0205B801#0000700600182000
(1789442163.023714) can0 01011840#FFFFFFFFFFFFFFFF
(1789442163.024082) can0 02051081#CDCC4C3E00000000
(1789442163.042796) can0 0205B801#00006F0600182000
(1789442163.043455) can0 01011840#FFFFFFFFFFFFFFFF
(1789442163.043839) can0 02051081#CDCC4C3E00000000
(1789442163.062827) can0 0205B801#00006F0600182000
(1789442163.063517) can0 01011840#FFFFFFFFFFFFFFFF
(1789442163.063905) can0 02051081#CDCC4C3E00000000
(1789442163.082953) can0 0205B801#0000700600182000
(1789442163.083511) can0 01011840#FFFFFFFFFFFFFFFF
(1789442163.083897) can0 02051081#CDCC4C3E00000000
(1789442163.102793) can0 0205B801#00006F0600182000
(1789442163.103440) can0 01011840#FFFFFFFFFFFFFFFF
(1789442163.103825) can0 02051081#CDCC4C3E00000000
(1789442163.105752) can0 0205B841#0000000000400000
(1789442163.122752) can0 0205B801#00006F0600182000
(1789442163.123444) can0 01011840#FFFFFFFFFFFFFFFF
(1789442163.123827) can0 02051081#CDCC4C3E00000000
(1789442163.142802) can0 0205B801#0000700600182000
(1789442163.143452) can0 01011840#FFFFFFFFFFFFFFFF
(1789442163.143836) can0 02051081#CDCC4C3E00000000
(1789442163.162750) can0 0205B801#00006F0600182000
(1789442163.163451) can0 01011840#FFFFFFFFFFFFFFFF
(1789442163.163834) can0 02051081#CDCC4C3E00000000
(1789442163.182762) can0 0205B801#00006F0600182000
(1789442163.183448) can0 01011840#FFFFFFFFFFFFFFFF
(1789442163.183833) can0 02051081#CDCC4C3E00000000
(1789442163.202920) can0 0205B801#00006F0600182000
(1789442163.203455) can0 01011840#FFFFFFFFFFFFFFFF
(1789442163.203844) can0 02051081#CDCC4C3E00000000
(1789442163.222799) can0 0205B801#00006F0600182000
(1789442163.223454) can0 01011840#FFFFFFFFFFFFFFFF
(1789442163.223839) can0 02051081#CDCC4C3E00000000
(1789442163.242763) can0 0205B801#00006F0600182000
(1789442163.243459) can0 01011840#FFFFFFFFFFFFFFFF
(1789442163.243843) can0 02051081#CDCC4C3E00000000
(1789442163.262802) can0 0205B801#00006F0600182000
(1789442163.263449) can0 01011840#FFFFFFFFFFFFFFFF
(1789442163.263832) can0 02051081#CDCC4C3E00000000
(1789442163.282762) can0 0205B801#00006F0600182000
(1789442163.283456) can0 01011840#FFFFFFFFFFFFFFFF
(1789442163.283840) can0 02051081#CDCC4C3E00000000
(1789442163.302756) can0 0205B801#00006F0600182000
(1789442163.303463) can0 01011840#FFFFFFFFFFFFFFFF
(1789442163.303848) can0 02051081#CDCC4C3E00000000
(1789442163.322824) can0 0205B801#00006F0600182000
(1789442163.323489) can0 01011840#FFFFFFFFFFFFFFFF
(1789442163.323874) can0 02051081#CDCC4C3E00000000
(1789442163.342793) can0 0205B801#00006E0600182000
(1789442163.343457) can0 01011840#FFFFFFFFFFFFFFFF
(1789442163.343837) can0 02051081#CDCC4C3E00000000
(1789442163.355746) can0 0205B841#0000000000400000
(1789442163.362745) can0 0205B801#00006F0600182000
(1789442163.363449) can0 01011840#FFFFFFFFFFFFFFFF
(1789442163.363832) can0 02051081#CDCC4C3E00000000
(1789442163.382798) can0 0205B801#00006F0600182000
(1789442163.383445) can0 01011840#FFFFFFFFFFFFFFFF
(1789442163.383827) can0 02051081#CDCC4C3E00000000
(1789442163.402747) can0 0205B801#00006F0600182000
(1789442163.403452) can0 01011840#FFFFFFFFFFFFFFFF
(1789442163.403835) can0 02051081#CDCC4C3E00000000
(1789442163.422753) can0 0205B801#00006F0600182000
(1789442163.423455) can0 01011840#FFFFFFFFFFFFFFFF
(1789442163.423838) can0 02051081#CDCC4C3E00000000
(1789442163.442940) can0 0205B801#00006F0600182000
(1789442163.443480) can0 01011840#FFFFFFFFFFFFFFFF
(1789442163.443864) can0 02051081#CDCC4C3E00000000
(1789442163.462788) can0 0205B801#00006F0600182000
(1789442163.463448) can0 01011840#FFFFFFFFFFFFFFFF
(1789442163.463831) can0 02051081#CDCC4C3E00000000
(1789442163.482753) can0 0205B801#00006F0600182000
(1789442163.483450) can0 01011840#FFFFFFFFFFFFFFFF
(1789442163.483833) can0 02051081#CDCC4C3E00000000
(1789442163.502898) can0 0205B801#00006F0600182000
(1789442163.503448) can0 01011840#FFFFFFFFFFFFFFFF
(1789442163.503848) can0 02051081#CDCC4C3E00000000
(1789442163.522753) can0 0205B801#00006F0600182000
(1789442163.523450) can0 01011840#FFFFFFFFFFFFFFFF
(1789442163.523835) can0 02051081#CDCC4C3E00000000
(1789442163.542758) can0 0205B801#00006F0600182000
(1789442163.543476) can0 01011840#FFFFFFFFFFFFFFFF
(1789442163.543872) can0 02051081#CDCC4C3E00000000
(1789442163.562804) can0 0205B801#00006F0600182000
(1789442163.563472) can0 01011840#FFFFFFFFFFFFFFFF
(1789442163.563854) can0 02051081#CDCC4C3E00000000
(1789442163.582792) can0 0205B801#00006E0600182000
(1789442163.583464) can0 01011840#FFFFFFFFFFFFFFFF
(1789442163.583847) can0 02051081#CDCC4C3E00000000
(1789442163.602787) can0 0205B801#00006E0600182000
(1789442163.603462) can0 01011840#FFFFFFFFFFFFFFFF
(1789442163.603845) can0 02051081#CDCC4C3E00000000
(1789442163.605788) can0 0205B841#0000000000400000
(1789442163.619750) can0 02051801#0000FFFFFFFF0000
(1789442163.621701) can0 0205BC01#6B392E9A
(1789442163.622794) can0 0205B801#00006F0600182000
(1789442163.623454) can0 01011840#FFFFFFFFFFFFFFFF
(1789442163.623839) can0 02051081#CDCC4C3E00000000
(1789442163.642753) can0 0205B801#00006F0600182000
