elapsed_s,wall_time,reference_id,sp_can_unconfirmed,reference_valid_age_ms,reference_count,reference_payload_changes,reference_max_gap_ms,reference_raw,position,delta_position_from_first_sample,velocity,status2_valid_age_ms,status2_count,status2_max_gap_ms,status2_raw,applied_output,bus_voltage_V,motor_current_A,temperature_C,status0_valid_age_ms,status0_raw,status1_age_ms,status1_raw,heartbeat_age_ms,heartbeat_count,heartbeat_max_gap_ms,heartbeat_raw,invalid_frame_count,error_frame_count,candidate_reference_ids
0.029351,2026-09-14T21:15:23.665996-06:00,0x02051081,,,0,0,0.0,,,,,,0,0.0,,,,,,,,,,,0,0.0,,0,0,
0.13021,2026-09-14T21:15:23.766856-06:00,0x02051081,,,0,0,0.0,,,,,,0,0.0,,,,,,,,,,,0,0.0,,0,0,
0.230807,2026-09-14T21:15:23.867453-06:00,0x02051081,,,0,0,0.0,,,,,,0,0.0,,,,,,,,,,,0,0.0,,0,0,
0.331355,2026-09-14T21:15:23.968001-06:00,0x02051081,,,0,0,0.0,,,,,,0,0.0,,,,,,,,,,,0,0.0,,0,0,
0.431997,2026-09-14T21:15:24.068643-06:00,0x02051081,,,0,0,0.0,,,,,,0,0.0,,,,,,,,,,,0,0.0,,0,0,
0.532622,2026-09-14T21:15:24.169268-06:00,0x02051081,,,0,0,0.0,,,,,,0,0.0,,,,,,,,,,,0,0.0,,0,0,
0.633308,2026-09-14T21:15:24.269954-06:00,0x02051081,,,0,0,0.0,,,,,,0,0.0,,,,,,,,,,,0,0.0,,0,0,
0.733939,2026-09-14T21:15:24.370584-06:00,0x02051081,,,0,0,0.0,,,,,,0,0.0,,,,,,,,,,,0,0.0,,0,0,
0.834564,2026-09-14T21:15:24.471210-06:00,0x02051081,,,0,0,0.0,,,,,,0,0.0,,,,,,,,,,,0,0.0,,0,0,
0.935134,2026-09-14T21:15:24.571780-06:00,0x02051081,,,0,0,0.0,,,,,,0,0.0,,,,,,,,,,,0,0.0,,0,0,
1.035665,2026-09-14T21:15:24.672310-06:00,0x02051081,,,0,0,0.0,,,,,,0,0.0,,,,,,,,,,,0,0.0,,0,0,
1.136439,2026-09-14T21:15:24.773085-06:00,0x02051081,,,0,0,0.0,,,,,,0,0.0,,,,,,,,,,,0,0.0,,0,0,
1.238192,2026-09-14T21:15:24.874838-06:00,0x02051081,,,0,0,0.0,,,,,,0,0.0,,,,,,,,,,,0,0.0,,0,0,
1.339307,2026-09-14T21:15:24.975951-06:00,0x02051081,,,0,0,0.0,,,,,,0,0.0,,,,,,,,,,,0,0.0,,0,0,
1.440606,2026-09-14T21:15:25.077252-06:00,0x02051081,,,0,0,0.0,,,,,,0,0.0,,,,,,,,,,,0,0.0,,0,0,
1.541462,2026-09-14T21:15:25.178108-06:00,0x02051081,,,0,0,0.0,,,,,,0,0.0,,,,,,,,,,,0,0.0,,0,0,
1.642231,2026-09-14T21:15:25.278876-06:00,0x02051081,,,0,0,0.0,,,,,,0,0.0,,,,,,,,,,,0,0.0,,0,0,
1.742818,2026-09-14T21:15:25.379464-06:00,0x02051081,,,0,0,0.0,,,,,,0,0.0,,,,,,,,,,,0,0.0,,0,0,
1.843354,2026-09-14T21:15:25.480000-06:00,0x02051081,,,0,0,0.0,,,,,,0,0.0,,,,,,,,,,,0,0.0,,0,0,
1.943844,2026-09-14T21:15:25.580491-06:00,0x02051081,,,0,0,0.0,,,,,,0,0.0,,,,,,,,,,,0,0.0,,0,0,
2.04429,2026-09-14T21:15:25.680936-06:00,0x02051081,,,0,0,0.0,,,,,,0,0.0,,,,,,,,,,,0,0.0,,0,0,
2.144992,2026-09-14T21:15:25.781638-06:00,0x02051081,,,0,0,0.0,,,,,,0,0.0,,,,,,,,,,,0,0.0,,0,0,
2.245589,2026-09-14T21:15:25.882235-06:00,0x02051081,,,0,0,0.0,,,,,,0,0.0,,,,,,,,,,,0,0.0,,0,0,
2.346137,2026-09-14T21:15:25.982784-06:00,0x02051081,,,0,0,0.0,,,,,,0,0.0,,,,,,,,,,,0,0.0,,0,0,
2.446731,2026-09-14T21:15:26.083377-06:00,0x02051081,,,0,0,0.0,,,,,,0,0.0,,,,,,,,,,,0,0.0,,0,0,
2.547261,2026-09-14T21:15:26.183907-06:00,0x02051081,,,0,0,0.0,,,,,,0,0.0,,,,,,,,,,,0,0.0,,0,0,
2.647859,2026-09-14T21:15:26.284505-06:00,0x02051081,,,0,0,0.0,,,,,,0,0.0,,,,,,,,,,,0,0.0,,0,0,
2.748389,2026-09-14T21:15:26.385035-06:00,0x02051081,,,0,0,0.0,,,,,,0,0.0,,,,,,,,,,,0,0.0,,0,0,
2.848983,2026-09-14T21:15:26.485630-06:00,0x02051081,,,0,0,0.0,,,,,,0,0.0,,,,,,,,,,,0,0.0,,0,0,
2.949551,2026-09-14T21:15:26.586197-06:00,0x02051081,,,0,0,0.0,,,,,,0,0.0,,,,,,,,,,,0,0.0,,0,0,
3.066585,2026-09-14T21:15:26.703232-06:00,0x02051081,0.0,19.167423248291016,5,0,20.031452178955078,0000000000000000,,,,,0,0.0,,0.0,12.058608058608016,0.0,24,0.03743171691894531,00006e0600182000,,,19.558191299438477,5,20.073652267456055,ffffffffffffffff,0,0,0x02051081
3.166616,2026-09-14T21:15:26.803262-06:00,0x02051081,0.0,19.13762092590332,10,0,20.109176635742188,0000000000000000,,,,,0,0.0,,0.0,12.051282051282008,0.0,24,0.03504753112792969,00006d0600182000,,,19.53291893005371,10,20.168304443359375,ffffffffffffffff,0,0,0x02051081
3.26663,2026-09-14T21:15:26.903276-06:00,0x02051081,0.0,19.25945281982422,15,0,20.109176635742188,0000000000000000,,,,,0,0.0,,0.0,12.051282051282008,0.0,24,0.04076957702636719,00006d0600182000,47.07002639770508,0000000000400000,19.647598266601562,15,20.168304443359375,ffffffffffffffff,0,0,0x02051081
3.367008,2026-09-14T21:15:27.003655-06:00,0x02051081,0.0,19.608020782470703,20,0,20.210742950439453,0000000000000000,,,,,0,0.0,,0.0,12.051282051282008,0.0,24,0.4658699035644531,00006d0600182000,147.44877815246582,0000000000400000,0.032901763916015625,21,20.210742950439453,ffffffffffffffff,0,0,0x02051081
3.467035,2026-09-14T21:15:27.103681-06:00,0x02051081,0.0,19.450664520263672,25,0,20.21932601928711,0000000000000000,,,,,0,0.0,,0.0,12.051282051282008,0.0,24,0.5004405975341797,00006d0600182000,247.47490882873535,0000000000400000,0.0476837158203125,26,20.210742950439453,ffffffffffffffff,0,0,0x02051081
3.567224,2026-09-14T21:15:27.203871-06:00,0x02051081,0.0,19.821643829345703,30,0,20.21932601928711,0000000000000000,,,,,0,0.0,,0.0,12.058608058608016,0.0,24,0.5886554718017578,00006e0600182000,97.64981269836426,0000000000400000,0.05173683166503906,31,20.210742950439453,ffffffffffffffff,0,0,0x02051081
3.667412,2026-09-14T21:15:27.304058-06:00,0x02051081,0.0,0.052928924560546875,36,0,20.21932601928711,0000000000000000,,,,,0,0.0,,0.0,12.051282051282008,0.0,24,0.8809566497802734,00006d0600182000,197.83711433410645,0000000000400000,0.44417381286621094,36,20.210742950439453,ffffffffffffffff,0,0,0x02051081
3.767432,2026-09-14T21:15:27.404078-06:00,0x02051081,0.0,0.06341934204101562,41,0,20.21932601928711,0000000000000000,,,,,0,0.0,,0.0,12.043956043956001,0.0,24,0.8938312530517578,00006c0600182000,47.89471626281738,0000000000400000,0.4584789276123047,41,20.210742950439453,ffffffffffffffff,0,0,0x02051081
3.886635,2026-09-14T21:15:27.523281-06:00,0x02051081,0.0,19.45185661315918,46,0,20.21932601928711,0000000000000000,,,,,0,0.0,,0.0,12.058608058608016,0.0,24,0.1010894775390625,00006e0600182000,167.0973300933838,0000000000400000,19.84238624572754,46,20.211219787597656,ffffffffffffffff,0,0,0x02051081
3.986653,2026-09-14T21:15:27.623300-06:00,0x02051081,0.0,19.257307052612305,51,0,20.21932601928711,0000000000000000,,,,,0,0.0,,0.0,12.058608058608016,0.0,24,0.07224082946777344,00006e0600182000,17.117023468017578,0000000000400000,19.647598266601562,51,20.211219787597656,ffffffffffffffff,0,0,0x02051081
4.086758,2026-09-14T21:15:27.723405-06:00,0x02051081,0.0,19.593000411987305,56,0,20.21932601928711,0000000000000000,,,,,0,0.0,,0.0,12.051282051282008,0.0,24,0.06580352783203125,00006d0600182000,117.22207069396973,0000000000400000,19.983530044555664,56,20.211219787597656,ffffffffffffffff,0,0,0x02051081
4.18701,2026-09-14T21:15:27.823656-06:00,0x02051081,0.0,19.556760787963867,61,0,20.409345626831055,0000000000000000,,,,,0,0.0,,0.0,12.051282051282008,0.0,24,0.4863739013671875,00006d0600182000,217.47350692749023,0000000000400000,0.0553131103515625,62,20.422935485839844,ffffffffffffffff,0,0,0x02051081
4.287261,2026-09-14T21:15:27.923907-06:00,0x02051081,0.0,0.052928924560546875,67,0,20.409345626831055,0000000000000000,,,,,0,0.0,,0.0,12.058608058608016,0.0,24,0.5333423614501953,00006e0600182000,67.68107414245605,0000000000400000,0.4420280456542969,67,20.422935485839844,ffffffffffffffff,0,0,0x02051081
4.387397,2026-09-14T21:15:28.024044-06:00,0x02051081,0.0,0.050067901611328125,72,0,20.409345626831055,0000000000000000,,,,,0,0.0,,0.0,12.058608058608016,0.0,24,0.8716583251953125,00006e0600182000,167.8173542022705,0000000000400000,0.4401206970214844,72,20.422935485839844,ffffffffffffffff,0,0,0x02051081
4.487436,2026-09-14T21:15:28.124082-06:00,0x02051081,0.0,0.049591064453125,77,0,20.409345626831055,0000000000000000,,,,,0,0.0,,0.0,12.058608058608016,0.0,24,0.873565673828125,00006e0600182000,17.87114143371582,0000000000400000,0.4401206970214844,77,20.422935485839844,ffffffffffffffff,0,0,0x02051081
4.587477,2026-09-14T21:15:28.224124-06:00,0x02051081,0.0,0.0476837158203125,82,0,20.409345626831055,0000000000000000,,,,,0,0.0,,0.0,12.051282051282008,0.0,24,0.8807182312011719,00006d0600182000,117.91300773620605,0000000000400000,0.4355907440185547,82,20.422935485839844,ffffffffffffffff,0,0,0x02051081
4.687487,2026-09-14T21:15:28.324133-06:00,0x02051081,0.0,0.04673004150390625,87,0,20.409345626831055,0000000000000000,,,,,0,0.0,,0.0,12.051282051282008,0.0,24,0.9191036224365234,00006d0600182000,217.92244911193848,0000000000400000,0.4444122314453125,87,20.422935485839844,ffffffffffffffff,0,0,0x02051081
4.788928,2026-09-14T21:15:28.425572-06:00,0x02051081,0.0,21.032094955444336,91,0,20.737409591674805,0000000000000000,,,,,0,0.0,,0.0,12.051282051282008,0.0,24,2.1822452545166016,00006d0600182000,69.20719146728516,0000000000400000,0.5106925964355469,92,20.99156379699707,ffffffffffffffff,0,0,0x02051081
4.889109,2026-09-14T21:15:28.525752-06:00,0x02051081,0.0,21.46172523498535,96,0,21.094560623168945,0000000000000000,,,,,0,0.0,,0.0,12.058608058608016,0.0,24,2.196788787841797,00006e0600182000,169.3868637084961,0000000000400000,21.904706954956055,96,20.99156379699707,ffffffffffffffff,0,0,0x02051081
5.007164,2026-09-14T21:15:28.643810-06:00,0x02051081,0.0,19.2716121673584,102,0,23.576974868774414,0000000000000000,,,,,0,0.0,,0.0,12.051282051282008,0.0,24,0.3764629364013672,00006d0600182000,37.6126766204834,0000000000400000,19.675016403198242,102,23.15235137939453,ffffffffffffffff,0,0,0x02051081
5.107283,2026-09-14T21:15:28.743929-06:00,0x02051081,0.0,19.722461700439453,107,0,23.576974868774414,0000000000000000,,,,,0,0.0,,0.0,12.051282051282008,0.0,24,0.6582736968994141,00006d0600182000,137.73131370544434,0000000000400000,0.06222724914550781,108,23.15235137939453,ffffffffffffffff,0,0,0x02051081
5.207978,2026-09-14T21:15:28.844624-06:00,0x02051081,0.0,20.212650299072266,112,0,23.576974868774414,0000000000000000,,,,,0,0.0,,0.0,12.058608058608016,0.0,24,1.402139663696289,00006e0600182000,238.42644691467285,0000000000400000,0.09965896606445312,113,23.15235137939453,ffffffffffffffff,0,0,0x02051081
5.327096,2026-09-14T21:15:28.963742-06:00,0x02051081,0.0,19.68693733215332,118,0,23.576974868774414,0000000000000000,,,,,0,0.0,,0.0,12.051282051282008,0.0,24,0.46133995056152344,00006d0600182000,107.47909545898438,0000000000400000,20.136117935180664,118,23.15235137939453,ffffffffffffffff,0,0,0x02051081
5.427238,2026-09-14T21:15:29.063883-06:00,0x02051081,0.0,19.87290382385254,123,0,23.576974868774414,0000000000000000,,,,,0,0.0,,0.0,12.051282051282008,0.0,24,0.6487369537353516,00006d0600182000,207.62038230895996,0000000000400000,20.25628089904785,123,23.15235137939453,ffffffffffffffff,0,0,0x02051081
5.527406,2026-09-14T21:15:29.164052-06:00,0x02051081,0.0,0.037670135498046875,129,0,23.576974868774414,0000000000000000,,,,,0,0.0,,0.0,12.058608058608016,0.0,24,0.8733272552490234,00006e0600182000,57.89518356323242,0000000000400000,0.4303455352783203,129,23.15235137939453,ffffffffffffffff,0,0,0x02051081
5.630034,2026-09-14T21:15:29.266680-06:00,0x02051081,0.0,22.41826057434082,133,0,23.576974868774414,0000000000000000,,,,,0,0.0,,0.0,12.051282051282008,0.0,24,3.3941268920898438,00006d0600182000,160.5226993560791,0000000000400000,0.6511211395263672,134,23.15235137939453,ffffffffffffffff,0,0,0x02051081
5.732205,2026-09-14T21:15:29.368847-06:00,0x02051081,0.0,24.286746978759766,138,0,23.576974868774414,0000000000000000,,,,,0,0.0,,0.0,12.051282051282008,0.0,24,5.357980728149414,00006d0600182000,12.604475021362305,0000000000400000,2.7313232421875,139,23.15235137939453,ffffffffffffffff,0,0,0x02051081
5.847199,2026-09-14T21:15:29.483844-06:00,0x02051081,0.0,17.42839813232422,144,0,23.576974868774414,0000000000000000,,,,,0,0.0,,0.0,12.065934065934023,0.0,24,0.3695487976074219,00006f0600182000,127.60162353515625,0000000000400000,20.05290985107422,144,23.15235137939453,ffffffffffffffff,0,0,0x02051081
5.947718,2026-09-14T21:15:29.584363-06:00,0x02051081,0.0,0.14519691467285156,150,0,23.576974868774414,0000000000000000,,,,,0,0.0,,0.0,12.058608058608016,0.0,24,1.1415481567382812,00006e0600182000,228.1205654144287,0000000000400000,0.6155967712402344,150,23.15235137939453,ffffffffffffffff,0,0,0x02051081
6.066568,2026-09-14T21:15:29.703214-06:00,0x02051081,0.0,19.112825393676758,155,0,23.576974868774414,0000000000000000,,,,,0,0.0,,0.0,12.058608058608016,0.0,24,0.060558319091796875,00006e0600182000,97.02253341674805,0000000000400000,19.50693130493164,155,23.15235137939453,ffffffffffffffff,0,0,0x02051081
6.166735,2026-09-14T21:15:29.803380-06:00,0x02051081,0.0,19.279003143310547,160,0,23.576974868774414,0000000000000000,,,,,0,0.0,,0.0,12.058608058608016,0.0,24,0.1652240753173828,00006e0600182000,197.1888542175293,0000000000400000,19.68216896057129,160,23.15235137939453,ffffffffffffffff,0,0,0x02051081
6.266741,2026-09-14T21:15:29.903387-06:00,0x02051081,0.0,19.335269927978516,165,0,23.576974868774414,0000000000000000,,,,,0,0.0,,0.0,12.058608058608016,0.0,24,0.1666545867919922,00006e0600182000,47.219038009643555,0000000000400000,19.730806350708008,165,23.15235137939453,ffffffffffffffff,0,0,0x02051081
6.367025,2026-09-14T21:15:30.003671-06:00,0x02051081,0.0,19.61493492126465,170,0,23.576974868774414,0000000000000000,,,,,0,0.0,,0.0,12.058608058608016,0.0,24,0.49757957458496094,00006e0600182000,147.50313758850098,0000000000400000,0.053882598876953125,171,23.15235137939453,ffffffffffffffff,0,0,0x02051081
6.467026,2026-09-14T21:15:30.103672-06:00,0x02051081,0.0,19.494056701660156,175,0,23.576974868774414,0000000000000000,,,,,0,0.0,,0.0,12.058608058608016,0.0,24,0.4982948303222656,00006e0600182000,247.50399589538574,0000000000400000,0.05412101745605469,176,23.15235137939453,ffffffffffffffff,0,0,0x02051081
6.567166,2026-09-14T21:15:30.203812-06:00,0x02051081,0.0,19.62590217590332,180,0,23.576974868774414,0000000000000000,,,,,0,0.0,,0.0,12.051282051282008,0.0,24,0.4940032958984375,00006d0600182000,97.65791893005371,0000000000400000,0.050067901611328125,181,23.15235137939453,ffffffffffffffff,0,0,0x02051081
6.66745,2026-09-14T21:15:30.304096-06:00,0x02051081,0.0,0.049114227294921875,186,0,23.576974868774414,0000000000000000,,,,,0,0.0,,0.0,12.051282051282008,0.0,24,0.8890628814697266,00006d0600182000,197.94249534606934,0000000000400000,0.44226646423339844,186,23.15235137939453,ffffffffffffffff,0,0,0x02051081
6.78667,2026-09-14T21:15:30.423316-06:00,0x02051081,0.0,19.30069923400879,191,0,23.576974868774414,0000000000000000,,,,,0,0.0,,0.0,12.058608058608016,0.0,24,0.13685226440429688,00006e0600182000,67.16203689575195,0000000000400000,19.68860626220703,191,23.15235137939453,ffffffffffffffff,0,0,0x02051081
6.887021,2026-09-14T21:15:30.523668-06:00,0x02051081,0.0,19.761085510253906,196,0,23.576974868774414,0000000000000000,,,,,0,0.0,,0.0,12.058608058608016,0.0,24,0.47588348388671875,00006e0600182000,167.51360893249512,0000000000400000,0.03838539123535156,197,23.15235137939453,ffffffffffffffff,0,0,0x02051081
6.987254,2026-09-14T21:15:30.623900-06:00,0x02051081,0.0,0.03409385681152344,202,0,23.576974868774414,0000000000000000,,,,,0,0.0,,0.0,12.065934065934023,0.0,24,0.5116462707519531,00006f0600182000,17.74740219116211,0000000000400000,0.423431396484375,202,23.15235137939453,ffffffffffffffff,0,0,0x02051081
7.087407,2026-09-14T21:15:30.724053-06:00,0x02051081,0.0,0.03409385681152344,207,0,23.576974868774414,0000000000000000,,,,,0,0.0,,0.0,12.051282051282008,0.0,24,0.8976459503173828,00006d0600182000,117.90037155151367,0000000000400000,0.4286766052246094,207,23.15235137939453,ffffffffffffffff,0,0,0x02051081
7.187417,2026-09-14T21:15:30.824063-06:00,0x02051081,0.0,0.032901763916015625,212,0,23.576974868774414,0000000000000000,,,,,0,0.0,,0.0,12.051282051282008,0.0,24,0.8690357208251953,00006d0600182000,217.9102897644043,0000000000400000,0.42700767517089844,212,23.15235137939453,ffffffffffffffff,0,0,0x02051081
7.30678,2026-09-14T21:15:30.943426-06:00,0x02051081,0.0,19.51146125793457,217,0,23.576974868774414,0000000000000000,,,,,0,0.0,,0.0,12.058608058608016,0.0,24,0.24080276489257812,00006e0600182000,87.27407455444336,0000000000400000,19.901037216186523,217,23.15235137939453,ffffffffffffffff,0,0,0x02051081
7.406909,2026-09-14T21:15:31.043548-06:00,0x02051081,0.0,19.044876098632812,222,0,23.576974868774414,0000000000000000,,,,,0,0.0,,0.0,12.058608058608016,0.0,24,0.21386146545410156,00006e0600182000,187.39652633666992,0000000000400000,19.443035125732422,222,23.15235137939453,ffffffffffffffff,0,0,0x02051081
7.507229,2026-09-14T21:15:31.143875-06:00,0x02051081,0.0,19.73128318786621,227,0,23.576974868774414,0000000000000000,,,,,0,0.0,,0.0,12.058608058608016,0.0,24,0.7112026214599609,00006e0600182000,37.7042293548584,0000000000400000,0.0514984130859375,228,23.15235137939453,ffffffffffffffff,0,0,0x02051081
7.607491,2026-09-14T21:15:31.244137-06:00,0x02051081,0.0,0.042438507080078125,233,0,23.576974868774414,0000000000000000,,,,,0,0.0,,0.0,12.058608058608016,0.0,24,0.9033679962158203,00006e0600182000,137.96615600585938,0000000000400000,0.4315376281738281,233,23.15235137939453,ffffffffffffffff,0,0,0x02051081
7.707675,2026-09-14T21:15:31.344321-06:00,0x02051081,0.0,0.06461143493652344,238,0,23.576974868774414,0000000000000000,,,,,0,0.0,,0.0,12.065934065934023,0.0,24,0.9641647338867188,00006f0600182000,238.15035820007324,0000000000400000,0.4756450653076172,238,23.15235137939453,ffffffffffffffff,0,0,0x02051081
7.826911,2026-09-14T21:15:31.463556-06:00,0x02051081,0.0,19.415855407714844,243,0,23.576974868774414,0000000000000000,,,,,0,0.0,,0.0,12.058608058608016,0.0,24,0.2377033233642578,00006e0600182000,107.38563537597656,0000000000400000,19.830942153930664,243,23.15235137939453,ffffffffffffffff,0,0,0x02051081
7.927096,2026-09-14T21:15:31.563742-06:00,0x02051081,0.0,19.73247528076172,248,0,23.576974868774414,0000000000000000,,,,,0,0.0,,0.0,12.051282051282008,0.0,24,0.5869865417480469,00006d0600182000,207.57198333740234,0000000000400000,0.11038780212402344,249,23.15235137939453,ffffffffffffffff,0,0,0x02051081
8.027388,2026-09-14T21:15:31.664034-06:00,0x02051081,0.0,0.05316734313964844,254,0,23.576974868774414,0000000000000000,,,,,0,0.0,,0.0,12.051282051282008,0.0,24,0.8862018585205078,00006d0600182000,57.89947509765625,0000000000400000,0.44417381286621094,254,23.15235137939453,ffffffffffffffff,0,0,0x02051081
8.127439,2026-09-14T21:15:31.764085-06:00,0x02051081,0.0,0.029087066650390625,259,0,23.576974868774414,0000000000000000,,,,,0,0.0,,0.0,12.058608058608016,0.0,24,0.8704662322998047,00006e0600182000,157.94992446899414,0000000000400000,0.4153251647949219,259,23.15235137939453,ffffffffffffffff,0,0,0x02051081
8.22744,2026-09-14T21:15:31.864087-06:00,0x02051081,0.0,0.0400543212890625,264,0,23.576974868774414,0000000000000000,,,,,0,0.0,,0.0,12.058608058608016,0.0,24,0.9133815765380859,00006e0600182000,7.8868865966796875,0000000000400000,0.4448890686035156,264,23.15235137939453,ffffffffffffffff,0,0,0x02051081
8.32748,2026-09-14T21:15:31.964126-06:00,0x02051081,0.0,0.0324249267578125,269,0,23.576974868774414,0000000000000000,,,,,0,0.0,,0.0,12.058608058608016,0.0,24,0.9145736694335938,00006e0600182000,107.9261302947998,0000000000400000,0.4317760467529297,269,23.15235137939453,ffffffffffffffff,0,0,0x02051081
8.446627,2026-09-14T21:15:32.083272-06:00,0x02051081,0.0,19.24443244934082,274,0,23.576974868774414,0000000000000000,,,,,0,0.0,,0.0,12.058608058608016,0.0,24,0.09417533874511719,00006e0600182000,227.07271575927734,0000000000400000,19.636154174804688,274,23.15235137939453,ffffffffffffffff,0,0,0x02051081
8.546785,2026-09-14T21:15:32.183431-06:00,0x02051081,0.0,19.380569458007812,279,0,23.576974868774414,0000000000000000,,,,,0,0.0,,0.0,12.058608058608016,0.0,24,0.13518333435058594,00006e0600182000,77.25644111633301,0000000000400000,19.77705955505371,279,23.15235137939453,ffffffffffffffff,0,0,0x02051081
8.647095,2026-09-14T21:15:32.283741-06:00,0x02051081,0.0,19.363880157470703,284,0,23.576974868774414,0000000000000000,,,,,0,0.0,,0.0,12.051282051282008,0.0,24,0.5748271942138672,00006d0600182000,177.5667667388916,0000000000400000,0.03790855407714844,285,23.15235137939453,ffffffffffffffff,0,0,0x02051081
8.747363,2026-09-14T21:15:32.384009-06:00,0x02051081,0.0,0.031232833862304688,290,0,23.576974868774414,0000000000000000,,,,,0,0.0,,0.0,12.051282051282008,0.0,24,0.8673667907714844,00006d0600182000,27.822017669677734,0000000000400000,0.41866302490234375,290,23.15235137939453,ffffffffffffffff,0,0,0x02051081
8.84751,2026-09-14T21:15:32.484157-06:00,0x02051081,0.0,0.03170967102050781,295,0,23.576974868774414,0000000000000000,,,,,0,0.0,,0.0,12.058608058608016,0.0,24,0.8592605590820312,00006e0600182000,127.96926498413086,0000000000400000,0.4191398620605469,295,23.15235137939453,ffffffffffffffff,0,0,0x02051081
8.966676,2026-09-14T21:15:32.603321-06:00,0x02051081,0.0,19.321918487548828,300,0,23.576974868774414,0000000000000000,,,,,0,0.0,,0.0,12.051282051282008,0.0,24,0.12922286987304688,00006d0600182000,247.13397026062012,0000000000400000,19.7145938873291,300,23.15235137939453,ffffffffffffffff,0,0,0x02051081
9.067023,2026-09-14T21:15:32.703669-06:00,0x02051081,0.0,19.682884216308594,305,0,23.576974868774414,0000000000000000,,,,,0,0.0,,0.0,12.058608058608016,0.0,24,0.48351287841796875,00006e0600182000,97.47838973999023,0000000000400000,0.0400543212890625,306,23.15235137939453,ffffffffffffffff,0,0,0x02051081
9.167159,2026-09-14T21:15:32.803805-06:00,0x02051081,0.0,19.504547119140625,310,0,23.576974868774414,0000000000000000,,,,,0,0.0,,0.0,12.051282051282008,0.0,24,0.5931854248046875,00006d0600182000,197.6144313812256,0000000000400000,0.08416175842285156,311,23.15235137939453,ffffffffffffffff,0,0,0x02051081
9.26747,2026-09-14T21:15:32.904113-06:00,0x02051081,0.0,19.30546760559082,315,0,23.576974868774414,0000000000000000,,,,,0,0.0,,0.0,12.058608058608016,0.0,24,0.850677490234375,00006e0600182000,47.95098304748535,0000000000400000,20.355939865112305,315,23.15235137939453,ffffffffffffffff,0,0,0x02051081
9.367494,2026-09-14T21:15:33.004140-06:00,0x02051081,0.0,0.05316734313964844,321,0,23.576974868774414,0000000000000000,,,,,0,0.0,,0.0,12.058608058608016,0.0,24,0.9701251983642578,00006e0600182000,147.9783058166504,0000000000400000,0.45180320739746094,321,23.15235137939453,ffffffffffffffff,0,0,0x02051081
9.467538,2026-09-14T21:15:33.104184-06:00,0x02051081,0.0,0.03838539123535156,326,0,23.576974868774414,0000000000000000,,,,,0,0.0,,0.0,12.051282051282008,0.0,24,0.9665489196777344,00006d0600182000,248.02184104919434,0000000000400000,0.4286766052246094,326,23.15235137939453,ffffffffffffffff,0,0,0x02051081
9.586583,2026-09-14T21:15:33.223229-06:00,0x02051081,0.0,19.136428833007812,331,0,23.576974868774414,0000000000000000,,,,,0,0.0,,0.0,12.051282051282008,0.0,24,0.07534027099609375,00006d0600182000,117.10691452026367,0000000000400000,19.52362060546875,331,23.15235137939453,ffffffffffffffff,0,0,0x02051081
9.686994,2026-09-14T21:15:33.323640-06:00,0x02051081,0.0,19.50812339782715,336,0,23.576974868774414,0000000000000000,,,,,0,0.0,,0.0,12.058608058608016,0.0,24,0.4868507385253906,00006e0600182000,217.51832962036133,0000000000400000,0.05173683166503906,337,23.15235137939453,ffffffffffffffff,0,0,0x02051081
9.787004,2026-09-14T21:15:33.423650-06:00,0x02051081,0.0,19.703388214111328,341,0,23.576974868774414,0000000000000000,,,,,0,0.0,,0.0,12.058608058608016,0.0,24,0.5025863647460938,00006e0600182000,67.54350662231445,0000000000400000,0.05793571472167969,342,23.15235137939453,ffffffffffffffff,0,0,0x02051081
9.887389,2026-09-14T21:15:33.524035-06:00,0x02051081,0.0,0.049591064453125,347,0,23.576974868774414,0000000000000000,,,,,0,0.0,,0.0,12.051282051282008,0.0,24,0.8878707885742188,00006d0600182000,167.92821884155273,0000000000400000,0.44226646423339844,347,23.15235137939453,ffffffffffffffff,0,0,0x02051081
10.006525,2026-09-14T21:15:33.643171-06:00,0x02051081,0.0,19.321441650390625,352,0,23.576974868774414,0000000000000000,,,,,0,0.0,,0.0,12.058608058608016,0.0,24,0.06222724914550781,00006e0600182000,37.05859184265137,0000000000400000,19.713878631591797,352,23.15235137939453,ffffffffffffffff,0,0,0x02051081
10.106759,2026-09-14T21:15:33.743405-06:00,0x02051081,0.0,19.481182098388672,357,0,23.576974868774414,0000000000000000,,,,,0,0.0,,0.0,12.058608058608016,0.0,24,0.06222724914550781,00006e0600182000,137.29286193847656,0000000000400000,19.870996475219727,357,23.15235137939453,ffffffffffffffff,0,0,0x02051081
10.206968,2026-09-14T21:15:33.843614-06:00,0x02051081,0.0,19.628524780273438,362,0,23.576974868774414,0000000000000000,,,,,0,0.0,,0.0,12.058608058608016,0.0,24,0.5013942718505859,00006e0600182000,237.5016212463379,0000000000400000,0.05650520324707031,363,23.15235137939453,ffffffffffffffff,0,0,0x02051081
10.30698,2026-09-14T21:15:33.943626-06:00,0x02051081,0.0,19.79804039001465,367,0,23.576974868774414,0000000000000000,,,,,0,0.0,,0.0,12.058608058608016,0.0,24,0.5037784576416016,00006e0600182000,87.51940727233887,0000000000400000,0.057697296142578125,368,23.15235137939453,ffffffffffffffff,0,0,0x02051081
10.407,2026-09-14T21:15:34.043646-06:00,0x02051081,0.0,19.6993350982666,372,0,23.576974868774414,0000000000000000,,,,,0,0.0,,0.0,12.058608058608016,0.0,24,0.49114227294921875,00006e0600182000,187.53981590270996,0000000000400000,0.05245208740234375,373,23.15235137939453,ffffffffffffffff,0,0,0x02051081
10.507372,2026-09-14T21:15:34.144018-06:00,0x02051081,0.0,0.05221366882324219,378,0,23.576974868774414,0000000000000000,,,,,0,0.0,,0.0,12.058608058608016,0.0,24,0.8785724639892578,00006e0600182000,37.9185676574707,0000000000400000,0.44226646423339844,378,23.15235137939453,ffffffffffffffff,0,0,0x02051081
10.626649,2026-09-14T21:15:34.263295-06:00,0x02051081,0.0,19.37127113342285,383,0,23.576974868774414,0000000000000000,,,,,0,0.0,,0.0,12.058608058608016,0.0,24,0.1647472381591797,00006e0600182000,157.1948528289795,0000000000400000,19.76156234741211,383,23.15235137939453,ffffffffffffffff,0,0,0x02051081
10.726986,2026-09-14T21:15:34.363632-06:00,0x02051081,0.0,19.55246925354004,388,0,23.576974868774414,0000000000000000,,,,,0,0.0,,0.0,12.058608058608016,0.0,24,0.5099773406982422,00006e0600182000,7.4901580810546875,0000000000400000,0.06031990051269531,389,23.15235137939453,ffffffffffffffff,0,0,0x02051081
10.827101,2026-09-14T21:15:34.463747-06:00,0x02051081,0.0,19.762516021728516,393,0,23.576974868774414,0000000000000000,,,,,0,0.0,,0.0,12.058608058608016,0.0,24,0.49304962158203125,00006e0600182000,107.6052188873291,0000000000400000,0.05435943603515625,394,23.15235137939453,ffffffffffffffff,0,0,0x02051081
10.927332,2026-09-14T21:15:34.563979-06:00,0x02051081,0.0,0.05054473876953125,399,0,23.576974868774414,0000000000000000,,,,,0,0.0,,0.0,12.058608058608016,0.0,24,0.8776187896728516,00006e0600182000,207.83710479736328,0000000000400000,0.4417896270751953,399,23.15235137939453,ffffffffffffffff,0,0,0x02051081
11.027334,2026-09-14T21:15:34.663980-06:00,0x02051081,0.0,0.0514984130859375,404,0,23.576974868774414,0000000000000000,,,,,0,0.0,,0.0,12.058608058608016,0.0,24,0.8797645568847656,00006e0600182000,57.87849426269531,0000000000400000,0.4432201385498047,404,23.15235137939453,ffffffffffffffff,0,0,0x02051081
11.127397,2026-09-14T21:15:34.764043-06:00,0x02051081,0.0,0.058650970458984375,409,0,23.576974868774414,0000000000000000,,,,,0,0.0,,0.0,12.051282051282008,0.0,24,0.8940696716308594,00006d0600182000,157.9418182373047,0000000000400000,0.4513263702392578,409,23.15235137939453,ffffffffffffffff,0,0,0x02051081
11.246829,2026-09-14T21:15:34.883474-06:00,0x02051081,0.0,19.54197883605957,414,0,23.576974868774414,0000000000000000,,,,,0,0.0,,0.0,12.058608058608016,0.0,24,0.10371208190917969,00006e0600182000,27.38046646118164,0000000000400000,19.93536949157715,414,23.15235137939453,ffffffffffffffff,0,0,0x02051081
11.347014,2026-09-14T21:15:34.983660-06:00,0x02051081,0.0,19.707441329956055,419,0,23.576974868774414,0000000000000000,,,,,0,0.0,,0.0,12.058608058608016,0.0,24,0.5304813385009766,00006e0600182000,127.56609916687012,0000000000400000,0.07724761962890625,420,23.15235137939453,ffffffffffffffff,0,0,0x02051081
11.447352,2026-09-14T21:15:35.083998-06:00,0x02051081,0.0,0.04863739013671875,425,0,23.576974868774414,0000000000000000,,,,,0,0.0,,0.0,12.058608058608016,0.0,24,0.8959770202636719,00006e0600182000,227.9043197631836,0000000000400000,0.4410743713378906,425,23.15235137939453,ffffffffffffffff,0,0,0x02051081
11.547475,2026-09-14T21:15:35.184122-06:00,0x02051081,0.0,0.049114227294921875,430,0,23.576974868774414,0000000000000000,,,,,0,0.0,,0.0,12.058608058608016,0.0,24,0.8785724639892578,00006e0600182000,78.03010940551758,0000000000400000,0.43845176696777344,430,23.15235137939453,ffffffffffffffff,0,0,0x02051081
11.666774,2026-09-14T21:15:35.303420-06:00,0x02051081,0.0,19.390583038330078,435,0,23.576974868774414,0000000000000000,,,,,0,0.0,,0.0,12.065934065934023,0.0,24,0.1366138458251953,00006f0600182000,197.3285675048828,0000000000400000,19.803762435913086,435,23.15235137939453,ffffffffffffffff,0,0,0x02051081
11.766923,2026-09-14T21:15:35.403569-06:00,0x02051081,0.0,19.658803939819336,440,0,23.576974868774414,0000000000000000,,,,,0,0.0,,0.0,12.058608058608016,0.0,24,0.4839897155761719,00006e0600182000,47.478437423706055,0000000000400000,0.05173683166503906,441,23.15235137939453,ffffffffffffffff,0,0,0x02051081
11.86693,2026-09-14T21:15:35.503576-06:00,0x02051081,0.0,19.75393295288086,445,0,23.576974868774414,0000000000000000,,,,,0,0.0,,0.0,12.058608058608016,0.0,24,0.4887580871582031,00006e0600182000,147.48525619506836,0000000000400000,0.05793571472167969,446,23.15235137939453,ffffffffffffffff,0,0,0x02051081
11.967313,2026-09-14T21:15:35.603959-06:00,0x02051081,0.0,0.07534027099609375,451,0,23.576974868774414,0000000000000000,,,,,0,0.0,,0.0,12.065934065934023,0.0,24,0.6041526794433594,00006f0600182000,247.86853790283203,0000000000400000,0.49805641174316406,451,23.15235137939453,ffffffffffffffff,0,0,0x02051081
12.087149,2026-09-14T21:15:35.723792-06:00,0x02051081,0.0,19.898653030395508,456,0,23.576974868774414,0000000000000000,,,,,0,0.0,,0.0,12.051282051282008,0.0,24,0.5326271057128906,00006d0600182000,117.66576766967773,0000000000400000,20.270109176635742,456,23.15235137939453,ffffffffffffffff,0,0,0x02051081
12.187205,2026-09-14T21:15:35.823851-06:00,0x02051081,0.0,19.778728485107422,461,0,23.576974868774414,0000000000000000,,,,,0,0.0,,0.0,12.058608058608016,0.0,24,0.6840229034423828,00006e0600182000,217.72527694702148,0000000000400000,0.03600120544433594,462,23.15235137939453,ffffffffffffffff,0,0,0x02051081
12.287395,2026-09-14T21:15:35.924041-06:00,0x02051081,0.0,0.031232833862304688,467,0,23.576974868774414,0000000000000000,,,,,0,0.0,,0.0,12.065934065934023,0.0,24,0.9381771087646484,00006f0600182000,67.91472434997559,0000000000400000,0.45490264892578125,467,23.15235137939453,ffffffffffffffff,0,0,0x02051081
12.387443,2026-09-14T21:15:36.024089-06:00,0x02051081,0.0,20.03312110900879,471,0,23.576974868774414,0000000000000000,,,,,0,0.0,,0.0,12.065934065934023,0.0,24,0.5717277526855469,00006f0600182000,167.96255111694336,0000000000400000,0.46324729919433594,472,23.15235137939453,ffffffffffffffff,0,0,0x02051081
12.506732,2026-09-14T21:15:36.143379-06:00,0x02051081,0.0,19.440412521362305,477,0,23.576974868774414,0000000000000000,,,,,0,0.0,,0.0,12.065934065934023,0.0,24,0.03981590270996094,00006f0600182000,37.30893135070801,0000000000400000,19.83475685119629,477,23.15235137939453,ffffffffffffffff,0,0,0x02051081
12.606866,2026-09-14T21:15:36.243512-06:00,0x02051081,0.0,19.588708877563477,482,0,23.576974868774414,0000000000000000,,,,,0,0.0,,0.0,12.058608058608016,0.0,24,0.4477500915527344,00006e0600182000,137.44235038757324,0000000000400000,0.028371810913085938,483,23.15235137939453,ffffffffffffffff,0,0,0x02051081
12.70697,2026-09-14T21:15:36.343616-06:00,0x02051081,0.0,19.62113380432129,487,0,23.576974868774414,0000000000000000,,,,,0,0.0,,0.0,12.058608058608016,0.0,24,0.4782676696777344,00006e0600182000,237.5466823577881,0000000000400000,0.03504753112792969,488,23.15235137939453,ffffffffffffffff,0,0,0x02051081
12.807265,2026-09-14T21:15:36.443911-06:00,0x02051081,0.0,0.04673004150390625,493,0,23.576974868774414,0000000000000000,,,,,0,0.0,,0.0,12.065934065934023,0.0,24,0.5283355712890625,00006f0600182000,87.82052993774414,0000000000400000,0.43487548828125,493,23.15235137939453,ffffffffffffffff,0,0,0x02051081
12.907284,2026-09-14T21:15:36.543930-06:00,0x02051081,0.0,0.031948089599609375,498,0,23.576974868774414,0000000000000000,,,,,0,0.0,,0.0,12.058608058608016,0.0,24,0.8573532104492188,00006e0600182000,187.84022331237793,0000000000400000,0.4227161407470703,498,23.15235137939453,ffffffffffffffff,0,0,0x02051081
13.026496,2026-09-14T21:15:36.663142-06:00,0x02051081,0.0,19.25349235534668,503,0,23.576974868774414,0000000000000000,,,,,0,0.0,,0.0,12.058608058608016,0.0,24,0.034332275390625,00006e0600182000,57.07240104675293,0000000000400000,19.64282989501953,503,23.15235137939453,ffffffffffffffff,0,0,0x02051081
13.12659,2026-09-14T21:15:36.763236-06:00,0x02051081,0.0,19.349336624145508,508,0,23.576974868774414,0000000000000000,,,,,0,0.0,,0.0,12.058608058608016,0.0,24,0.1552104949951172,00006e0600182000,157.1662425994873,0000000000400000,19.73867416381836,508,23.15235137939453,ffffffffffffffff,0,0,0x02051081
13.226963,2026-09-14T21:15:36.863609-06:00,0x02051081,0.0,19.60587501525879,513,0,23.576974868774414,0000000000000000,,,,,0,0.0,,0.0,12.058608058608016,0.0,24,0.48828125,00006e0600182000,7.490873336791992,0000000000400000,0.05125999450683594,514,23.15235137939453,ffffffffffffffff,0,0,0x02051081
13.327091,2026-09-14T21:15:36.963737-06:00,0x02051081,0.0,19.833087921142578,518,0,23.576974868774414,0000000000000000,,,,,0,0.0,,0.0,12.058608058608016,0.0,24,0.6198883056640625,00006e0600182000,107.61880874633789,0000000000400000,0.07462501525878906,519,23.15235137939453,ffffffffffffffff,0,0,0x02051081
13.427154,2026-09-14T21:15:37.063801-06:00,0x02051081,0.0,19.855499267578125,523,0,23.576974868774414,0000000000000000,,,,,0,0.0,,0.0,12.058608058608016,0.0,24,0.6680488586425781,00006e0600182000,207.68237113952637,0000000000400000,0.186920166015625,524,23.15235137939453,ffffffffffffffff,0,0,0x02051081
13.527203,2026-09-14T21:15:37.163850-06:00,0x02051081,0.0,0.029325485229492188,529,0,23.576974868774414,0000000000000000,,,,,0,0.0,,0.0,12.058608058608016,0.0,24,0.5066394805908203,00006e0600182000,57.7847957611084,0000000000400000,0.4189014434814453,529,23.15235137939453,ffffffffffffffff,0,0,0x02051081
13.627243,2026-09-14T21:15:37.263890-06:00,0x02051081,0.0,0.028133392333984375,534,0,23.576974868774414,0000000000000000,,,,,0,0.0,,0.0,12.058608058608016,0.0,24,0.8335113525390625,00006e0600182000,157.82451629638672,0000000000400000,0.40984153747558594,534,23.15235137939453,ffffffffffffffff,0,0,0x02051081
13.727279,2026-09-14T21:15:37.363925-06:00,0x02051081,0.0,0.03695487976074219,539,0,23.576974868774414,0000000000000000,,,,,0,0.0,,0.0,12.065934065934023,0.0,24,0.8635520935058594,00006f0600182000,7.837533950805664,0000000000400000,0.42724609375,539,23.15235137939453,ffffffffffffffff,0,0,0x02051081
13.827472,2026-09-14T21:15:37.464118-06:00,0x02051081,0.0,0.03361701965332031,544,0,23.576974868774414,0000000000000000,,,,,0,0.0,,0.0,12.065934065934023,0.0,24,0.8671283721923828,00006f0600182000,108.03055763244629,0000000000400000,0.4258155822753906,544,23.15235137939453,ffffffffffffffff,0,0,0x02051081
13.946594,2026-09-14T21:15:37.583239-06:00,0x02051081,0.0,19.3483829498291,549,0,23.576974868774414,0000000000000000,,,,,0,0.0,,0.0,12.058608058608016,0.0,24,0.11801719665527344,00006e0600182000,227.15139389038086,0000000000400000,19.738435745239258,549,23.15235137939453,ffffffffffffffff,0,0,0x02051081
14.047071,2026-09-14T21:15:37.683717-06:00,0x02051081,0.0,19.83189582824707,554,0,23.576974868774414,0000000000000000,,,,,0,0.0,,0.0,12.058608058608016,0.0,24,0.6222724914550781,00006e0600182000,77.6524543762207,0000000000400000,0.05125999450683594,555,23.15235137939453,ffffffffffffffff,0,0,0x02051081
14.147304,2026-09-14T21:15:37.783951-06:00,0x02051081,0.0,0.03147125244140625,560,0,23.576974868774414,0000000000000000,,,,,0,0.0,,0.0,12.051282051282008,0.0,24,0.8537769317626953,00006d0600182000,177.8862476348877,0000000000400000,0.4200935363769531,560,23.15235137939453,ffffffffffffffff,0,0,0x02051081
14.247475,2026-09-14T21:15:37.884121-06:00,0x02051081,0.0,0.031948089599609375,565,0,23.576974868774414,0000000000000000,,,,,0,0.0,,0.0,12.058608058608016,0.0,24,0.8642673492431641,00006e0600182000,28.001785278320312,0000000000400000,0.4210472106933594,565,23.15235137939453,ffffffffffffffff,0,0,0x02051081
14.366735,2026-09-14T21:15:38.003381-06:00,0x02051081,0.0,19.46282386779785,570,0,23.576974868774414,0000000000000000,,,,,0,0.0,,0.0,12.065934065934023,0.0,24,0.1544952392578125,00006f0600182000,147.261381149292,0000000000400000,19.84858512878418,570,23.15235137939453,ffffffffffffffff,0,0,0x02051081
14.466961,2026-09-14T21:15:38.103607-06:00,0x02051081,0.0,19.713163375854492,575,0,23.576974868774414,0000000000000000,,,,,0,0.0,,0.0,12.058608058608016,0.0,24,0.5555152893066406,00006e0600182000,247.48730659484863,0000000000400000,0.09918212890625,576,23.15235137939453,ffffffffffffffff,0,0,0x02051081
14.567264,2026-09-14T21:15:38.203910-06:00,0x02051081,0.0,0.04601478576660156,581,0,23.576974868774414,0000000000000000,,,,,0,0.0,,0.0,12.058608058608016,0.0,24,0.8575916290283203,00006e0600182000,97.72205352783203,0000000000400000,0.4298686981201172,581,23.15235137939453,ffffffffffffffff,0,0,0x02051081
14.667497,2026-09-14T21:15:38.304142-06:00,0x02051081,0.5,19.286394119262695,585,1,23.576974868774414,0000003f00000000,,,,,0,0.0,,0.0,12.058608058608016,0.0,24,0.9095668792724609,00006e0600182000,197.95465469360352,0000000000400000,19.93703842163086,585,23.15235137939453,ffffffffffffffff,0,0,0x02051081
14.786633,2026-09-14T21:15:38.423279-06:00,0x02051081,0.5,19.35434341430664,591,1,23.576974868774414,0000003f00000000,,,,,0,0.0,,0.0,12.07326007326003,0.0,24,0.07033348083496094,0000700600182000,67.17562675476074,0000000000400000,19.744157791137695,591,23.15235137939453,ffffffffffffffff,0,0,0x02051081
14.886909,2026-09-14T21:15:38.523556-06:00,0x02051081,0.5,19.662141799926758,596,1,23.576974868774414,0000003f00000000,,,,,0,0.0,,0.0,12.058608058608016,0.0,24,0.46634674072265625,00006e0600182000,167.4520969390869,0000000000400000,0.034332275390625,597,23.15235137939453,ffffffffffffffff,0,0,0x02051081
14.986926,2026-09-14T21:15:38.623572-06:00,0x02051081,0.5,19.748687744140625,601,1,23.576974868774414,0000003f00000000,,,,,0,0.0,,0.0,12.058608058608016,0.0,24,0.530242919921875,00006e0600182000,17.517566680908203,0000000000400000,0.05340576171875,602,23.15235137939453,ffffffffffffffff,0,0,0x02051081
15.087015,2026-09-14T21:15:38.723662-06:00,0x02051081,0.5,19.774913787841797,606,1,23.576974868774414,0000003f00000000,,,,,0,0.0,,0.0,12.065934065934023,0.0,24,0.4673004150390625,00006f0600182000,117.60759353637695,0000000000400000,0.03409385681152344,607,23.15235137939453,ffffffffffffffff,0,0,0x02051081
15.187286,2026-09-14T21:15:38.823932-06:00,0x02051081,0.5,0.03337860107421875,612,1,23.576974868774414,0000003f00000000,,,,,0,0.0,,0.0,12.058608058608016,0.0,24,0.8513927459716797,00006e0600182000,217.8781032562256,0000000000400000,0.41747093200683594,612,23.15235137939453,ffffffffffffffff,0,0,0x02051081
15.287291,2026-09-14T21:15:38.923937-06:00,0x02051081,0.5,0.035762786865234375,617,1,23.576974868774414,0000003f00000000,,,,,0,0.0,,0.0,12.065934065934023,0.0,24,0.8804798126220703,00006f0600182000,67.88301467895508,0000000000400000,0.42724609375,617,23.15235137939453,ffffffffffffffff,0,0,0x02051081
15.387396,2026-09-14T21:15:39.024042-06:00,0x02051081,0.5,0.03147125244140625,622,1,23.576974868774414,0000003f00000000,,,,,0,0.0,,0.0,12.058608058608016,0.0,24,0.8478164672851562,00006e0600182000,167.98782348632812,0000000000400000,0.42057037353515625,622,23.15235137939453,ffffffffffffffff,0,0,0x02051081
15.506628,2026-09-14T21:15:39.143273-06:00,0x02051081,0.5,19.369840621948242,627,1,23.576974868774414,0000003f00000000,,,,,0,0.0,,0.0,12.065934065934023,0.0,24,0.07319450378417969,00006f0600182000,37.20211982727051,0000000000400000,19.756555557250977,627,23.15235137939453,ffffffffffffffff,0,0,0x02051081
15.60686,2026-09-14T21:15:39.243506-06:00,0x02051081,0.5,19.588470458984375,632,1,23.576974868774414,0000003f00000000,,,,,0,0.0,,0.0,12.065934065934023,0.0,24,0.4668235778808594,00006f0600182000,137.4351978302002,0000000000400000,0.03409385681152344,633,23.15235137939453,ffffffffffffffff,0,0,0x02051081
15.706887,2026-09-14T21:15:39.343534-06:00,0x02051081,0.5,19.625186920166016,637,1,23.576974868774414,0000003f00000000,,,,,0,0.0,,0.0,12.058608058608016,0.0,24,0.48351287841796875,00006e0600182000,237.46228218078613,0000000000400000,0.034809112548828125,638,23.15235137939453,ffffffffffffffff,0,0,0x02051081
15.806967,2026-09-14T21:15:39.443613-06:00,0x02051081,0.5,19.68669891357422,642,1,23.576974868774414,0000003f00000000,,,,,0,0.0,,0.0,12.051282051282008,0.0,24,0.5321502685546875,00006d0600182000,87.51893043518066,0000000000400000,0.059604644775390625,643,23.15235137939453,ffffffffffffffff,0,0,0x02051081
15.907263,2026-09-14T21:15:39.543909-06:00,0x02051081,0.5,0.04982948303222656,648,1,23.576974868774414,0000003f00000000,,,,,0,0.0,,0.0,12.058608058608016,0.0,24,0.8745193481445312,00006e0600182000,187.81542778015137,0000000000400000,0.438690185546875,648,23.15235137939453,ffffffffffffffff,0,0,0x02051081
16.007313,2026-09-14T21:15:39.643959-06:00,0x02051081,0.5,0.050067901611328125,653,1,23.576974868774414,0000003f00000000,,,,,0,0.0,,0.0,12.058608058608016,0.0,24,0.8780956268310547,00006e0600182000,37.889957427978516,0000000000400000,0.4405975341796875,653,23.15235137939453,ffffffffffffffff,0,0,0x02051081
16.126446,2026-09-14T21:15:39.763093-06:00,0x02051081,0.5,19.190311431884766,658,1,23.576974868774414,0000003f00000000,,,,,0,0.0,,0.0,12.058608058608016,0.0,24,0.06103515625,00006e0600182000,157.02319145202637,0000000000400000,19.579648971557617,658,23.15235137939453,ffffffffffffffff,0,0,0x02051081
16.226637,2026-09-14T21:15:39.863283-06:00,0x02051081,0.5,19.429445266723633,663,1,23.576974868774414,0000003f00000000,,,,,0,0.0,,0.0,12.051282051282008,0.0,24,0.06771087646484375,00006d0600182000,7.245779037475586,0000000000400000,19.81830596923828,663,23.15235137939453,ffffffffffffffff,0,0,0x02051081
16.32687,2026-09-14T21:15:39.963516-06:00,0x02051081,0.5,19.60897445678711,668,1,23.576974868774414,0000003f00000000,,,,,0,0.0,,0.0,12.058608058608016,0.0,24,0.48923492431640625,00006e0600182000,107.47909545898438,0000000000400000,0.059604644775390625,669,23.15235137939453,ffffffffffffffff,0,0,0x02051081
16.426931,2026-09-14T21:15:40.063577-06:00,0x02051081,0.5,19.675254821777344,673,1,23.576974868774414,0000003f00000000,,,,,0,0.0,,0.0,12.058608058608016,0.0,24,0.5011558532714844,00006e0600182000,207.54003524780273,0000000000400000,0.05984306335449219,674,23.15235137939453,ffffffffffffffff,0,0,0x02051081
16.527315,2026-09-14T21:15:40.163961-06:00,0x02051081,0.5,0.05245208740234375,679,1,23.576974868774414,0000003f00000000,,,,,0,0.0,,0.0,12.058608058608016,0.0,24,0.8823871612548828,00006e0600182000,57.93046951293945,0000000000400000,0.44345855712890625,679,23.15235137939453,ffffffffffffffff,0,0,0x02051081
16.646522,2026-09-14T21:15:40.283168-06:00,0x02051081,0.5,19.312143325805664,684,1,23.576974868774414,0000003f00000000,,,,,0,0.0,,0.0,12.058608058608016,0.0,24,0.09012222290039062,00006e0600182000,177.1373748779297,0000000000400000,19.695520401000977,684,23.15235137939453,ffffffffffffffff,0,0,0x02051081
16.746898,2026-09-14T21:15:40.383544-06:00,0x02051081,0.5,19.666194915771484,689,1,23.576974868774414,0000003f00000000,,,,,0,0.0,,0.0,12.058608058608016,0.0,24,0.5095005035400391,00006e0600182000,27.513504028320312,0000000000400000,0.059604644775390625,690,23.15235137939453,ffffffffffffffff,0,0,0x02051081
16.846912,2026-09-14T21:15:40.483558-06:00,0x02051081,0.5,19.55389976501465,694,1,23.576974868774414,0000003f00000000,,,,,0,0.0,,0.0,12.058608058608016,0.0,24,0.49304962158203125,00006e0600182000,127.52747535705566,0000000000400000,0.057697296142578125,695,23.15235137939453,ffffffffffffffff,0,0,0x02051081
16.947278,2026-09-14T21:15:40.583925-06:00,0x02051081,0.5,0.03337860107421875,700,1,23.576974868774414,0000003f00000000,,,,,0,0.0,,0.0,12.058608058608016,0.0,24,0.8563995361328125,00006e0600182000,227.89430618286133,0000000000400000,0.4208087921142578,700,23.15235137939453,ffffffffffffffff,0,0,0x02051081
17.047363,2026-09-14T21:15:40.684009-06:00,0x02051081,0.5,0.03647804260253906,705,1,23.576974868774414,0000003f00000000,,,,,0,0.0,,0.0,12.058608058608016,0.0,24,0.9543895721435547,00006e0600182000,77.9871940612793,0000000000400000,0.43582916259765625,705,23.15235137939453,ffffffffffffffff,0,0,0x02051081
17.166413,2026-09-14T21:15:40.803060-06:00,0x02051081,0.5,19.21844482421875,710,1,23.576974868774414,0000003f00000000,,,,,0,0.0,,0.0,12.058608058608016,0.0,24,0.036716461181640625,00006e0600182000,197.037935256958,0000000000400000,19.60611343383789,710,23.15235137939453,ffffffffffffffff,0,0,0x02051081
17.266502,2026-09-14T21:15:40.903149-06:00,0x02051081,0.5,19.14191246032715,715,1,23.576974868774414,0000003f00000000,,,,,0,0.0,,0.0,12.058608058608016,0.0,24,0.07271766662597656,00006e0600182000,47.12486267089844,0000000000400000,19.526958465576172,715,23.15235137939453,ffffffffffffffff,0,0,0x02051081
17.36659,2026-09-14T21:15:41.003237-06:00,0x02051081,0.5,19.356250762939453,720,1,23.576974868774414,0000003f00000000,,,,,0,0.0,,0.0,12.058608058608016,0.0,24,0.034809112548828125,00006e0600182000,147.21274375915527,0000000000400000,19.744157791137695,720,23.15235137939453,ffffffffffffffff,0,0,0x02051081
17.466898,2026-09-14T21:15:41.103544-06:00,0x02051081,0.5,19.672632217407227,725,1,23.576974868774414,0000003f00000000,,,,,0,0.0,,0.0,12.058608058608016,0.0,24,0.5145072937011719,00006e0600182000,247.52068519592285,0000000000400000,0.04506111145019531,726,23.15235137939453,ffffffffffffffff,0,0,0x02051081
17.567264,2026-09-14T21:15:41.203911-06:00,0x02051081,0.5,0.06175041198730469,731,1,23.576974868774414,0000003f00000000,,,,,0,0.0,,0.0,12.058608058608016,0.0,24,0.8969306945800781,00006e0600182000,97.89419174194336,0000000000400000,0.46539306640625,731,23.15235137939453,ffffffffffffffff,0,0,0x02051081
17.667396,2026-09-14T21:15:41.304043-06:00,0x02051081,0.5,0.032901763916015625,736,1,23.576974868774414,0000003f00000000,,,,,0,0.0,,0.0,12.058608058608016,0.0,24,0.8742809295654297,00006e0600182000,198.02618026733398,0000000000400000,0.41484832763671875,736,23.15235137939453,ffffffffffffffff,0,0,0x02051081
17.786452,2026-09-14T21:15:41.423098-06:00,0x02051081,0.5,19.237995147705078,741,1,23.576974868774414,0000003f00000000,,,,,0,0.0,,0.0,12.058608058608016,0.0,24,0.09083747863769531,00006e0600182000,67.08359718322754,0000000000400000,19.627809524536133,741,23.15235137939453,ffffffffffffffff,0,0,0x02051081
17.886478,2026-09-14T21:15:41.523124-06:00,0x02051081,0.5,19.114255905151367,746,1,23.576974868774414,0000003f00000000,,,,,0,0.0,,0.0,12.058608058608016,0.0,24,0.06985664367675781,00006e0600182000,167.10925102233887,0000000000400000,19.50836181640625,746,23.15235137939453,ffffffffffffffff,0,0,0x02051081
17.986888,2026-09-14T21:15:41.623534-06:00,0x02051081,0.5,19.701004028320312,751,1,23.576974868774414,0000003f00000000,,,,,0,0.0,,0.0,12.058608058608016,0.0,24,0.4870891571044922,00006e0600182000,17.527341842651367,0000000000400000,0.051975250244140625,752,23.15235137939453,ffffffffffffffff,0,0,0x02051081
18.087273,2026-09-14T21:15:41.723919-06:00,0x02051081,0.5,0.03218650817871094,757,1,23.576974868774414,0000003f00000000,,,,,0,0.0,,0.0,12.058608058608016,0.0,24,0.8566379547119141,00006e0600182000,117.91205406188965,0000000000400000,0.42128562927246094,757,23.15235137939453,ffffffffffffffff,0,0,0x02051081
18.187292,2026-09-14T21:15:41.823938-06:00,0x02051081,0.5,0.03170967102050781,762,1,23.576974868774414,0000003f00000000,,,,,0,0.0,,0.0,12.058608058608016,0.0,24,0.9238719940185547,00006e0600182000,217.93127059936523,0000000000400000,0.4215240478515625,762,23.15235137939453,ffffffffffffffff,0,0,0x02051081
18.30648,2026-09-14T21:15:41.943125-06:00,0x02051081,0.5,19.25349235534668,767,1,23.576974868774414,0000003f00000000,,,,,0,0.0,,0.0,12.058608058608016,0.0,24,0.10800361633300781,00006e0600182000,87.07666397094727,0000000000400000,19.646406173706055,767,23.15235137939453,ffffffffffffffff,0,0,0x02051081
18.406867,2026-09-14T21:15:42.043513-06:00,0x02051081,0.5,19.525527954101562,772,1,23.576974868774414,0000003f00000000,,,,,0,0.0,,0.0,12.058608058608016,0.0,24,0.507354736328125,00006e0600182000,187.46423721313477,0000000000400000,0.040531158447265625,773,23.15235137939453,ffffffffffffffff,0,0,0x02051081
18.507009,2026-09-14T21:15:42.143655-06:00,0x02051081,0.5,19.855499267578125,777,1,23.576974868774414,0000003f00000000,,,,,0,0.0,,0.0,12.058608058608016,0.0,24,0.5002021789550781,00006e0600182000,37.618160247802734,0000000000400000,0.058650970458984375,778,23.15235137939453,ffffffffffffffff,0,0,0x02051081
18.607458,2026-09-14T21:15:42.244104-06:00,0x02051081,0.5,0.2186298370361328,783,1,23.576974868774414,0000003f00000000,,,,,0,0.0,,0.0,12.058608058608016,0.0,24,1.0614395141601562,00006e0600182000,138.06724548339844,0000000000400000,0.6284713745117188,783,23.15235137939453,ffffffffffffffff,0,0,0x02051081
18.719563,2026-09-14T21:15:42.356209-06:00,0x02051081,0.5,12.30764389038086,788,1,23.576974868774414,0000003f00000000,,,,,0,0.0,,0.0,12.058608058608016,0.0,24,13.207435607910156,00006e0600182000,0.17189979553222656,0000000000400000,12.700557708740234,788,23.15235137939453,ffffffffffffffff,0,0,0x02051081
18.826454,2026-09-14T21:15:42.463101-06:00,0x02051081,0.5,19.092559814453125,793,1,23.576974868774414,0000003f00000000,,,,,0,0.0,,0.0,12.065934065934023,0.0,24,0.06079673767089844,00006f0600182000,107.06377029418945,0000000000400000,19.482135772705078,793,23.15235137939453,ffffffffffffffff,0,0,0x02051081
18.926465,2026-09-14T21:15:42.563111-06:00,0x02051081,0.5,19.277095794677734,798,1,23.576974868774414,0000003f00000000,,,,,0,0.0,,0.0,12.058608058608016,0.0,24,0.06270408630371094,00006e0600182000,207.07440376281738,0000000000400000,19.666194915771484,798,23.15235137939453,ffffffffffffffff,0,0,0x02051081
19.026487,2026-09-14T21:15:42.663133-06:00,0x02051081,0.5,19.259929656982422,803,1,23.576974868774414,0000003f00000000,,,,,0,0.0,,0.0,12.058608058608016,0.0,24,0.09083747863769531,00006e0600182000,57.13915824890137,0000000000400000,19.649744033813477,803,23.15235137939453,ffffffffffffffff,0,0,0x02051081
19.126881,2026-09-14T21:15:42.763528-06:00,0x02051081,0.5,19.659042358398438,808,1,23.576974868774414,0000003f00000000,,,,,0,0.0,,0.0,12.051282051282008,0.0,24,0.5249977111816406,00006d0600182000,157.5336456298828,0000000000400000,0.05817413330078125,809,23.15235137939453,ffffffffffffffff,0,0,0x02051081
19.226915,2026-09-14T21:15:42.863561-06:00,0x02051081,0.5,19.707202911376953,813,1,23.576974868774414,0000003f00000000,,,,,0,0.0,,0.0,12.058608058608016,0.0,24,0.5185604095458984,00006e0600182000,7.5225830078125,0000000000400000,0.061511993408203125,814,23.15235137939453,ffffffffffffffff,0,0,0x02051081
19.327266,2026-09-14T21:15:42.963913-06:00,0x02051081,0.5,0.049114227294921875,819,1,23.576974868774414,0000003f00000000,,,,,0,0.0,,0.0,12.058608058608016,0.0,24,0.9212493896484375,00006e0600182000,107.87391662597656,0000000000400000,0.4382133483886719,819,23.15235137939453,ffffffffffffffff,0,0,0x02051081
19.427364,2026-09-14T21:15:43.064010-06:00,0x02051081,0.5,0.0514984130859375,824,1,23.576974868774414,0000003f00000000,,,,,0,0.0,,0.0,12.058608058608016,0.0,24,0.9577274322509766,00006e0600182000,207.97085762023926,0000000000400000,0.44465065002441406,824,23.15235137939453,ffffffffffffffff,0,0,0x02051081
19.546432,2026-09-14T21:15:43.183079-06:00,0x02051081,0.5,19.257068634033203,829,1,23.576974868774414,0000003f00000000,,,,,0,0.0,,0.0,12.058608058608016,0.0,24,0.08893013000488281,00006e0600182000,77.09050178527832,0000000000400000,19.646406173706055,829,23.15235137939453,ffffffffffffffff,0,0,0x02051081
19.646585,2026-09-14T21:15:43.283231-06:00,0x02051081,0.5,19.394397735595703,834,1,23.576974868774414,0000003f00000000,,,,,0,0.0,,0.0,12.058608058608016,0.0,24,0.08749961853027344,00006e0600182000,177.24251747131348,0000000000400000,19.785165786743164,834,23.15235137939453,ffffffffffffffff,0,0,0x02051081
19.746884,2026-09-14T21:15:43.383530-06:00,0x02051081,0.5,19.549846649169922,839,1,23.576974868774414,0000003f00000000,,,,,0,0.0,,0.0,12.058608058608016,0.0,24,0.5426406860351562,00006e0600182000,27.503490447998047,0000000000400000,0.056743621826171875,840,23.15235137939453,ffffffffffffffff,0,0,0x02051081
19.847258,2026-09-14T21:15:43.483904-06:00,0x02051081,0.5,0.05125999450683594,845,1,23.576974868774414,0000003f00000000,,,,,0,0.0,,0.0,12.058608058608016,0.0,24,0.8785724639892578,00006e0600182000,127.87795066833496,0000000000400000,0.4401206970214844,845,23.15235137939453,ffffffffffffffff,0,0,0x02051081
19.947287,2026-09-14T21:15:43.583933-06:00,0x02051081,0.5,0.051021575927734375,850,1,23.576974868774414,0000003f00000000,,,,,0,0.0,,0.0,12.058608058608016,0.0,24,0.9007453918457031,00006e0600182000,227.9062271118164,0000000000400000,0.44155120849609375,850,23.15235137939453,ffffffffffffffff,0,0,0x02051081
20.066597,2026-09-14T21:15:43.703243-06:00,0x02051081,0.5,19.370555877685547,855,1,23.576974868774414,0000003f00000000,,,,,0,0.0,,0.0,12.051282051282008,0.0,24,0.1785755157470703,00006d0600182000,97.25618362426758,0000000000400000,19.763708114624023,855,23.15235137939453,ffffffffffffffff,0,0,0x02051081
20.166882,2026-09-14T21:15:43.803529-06:00,0x02051081,0.5,19.67453956604004,860,1,23.576974868774414,0000003f00000000,,,,,0,0.0,,0.0,12.065934065934023,0.0,24,0.5004405975341797,00006f0600182000,197.5419521331787,0000000000400000,0.05817413330078125,861,23.15235137939453,ffffffffffffffff,0,0,0x02051081
20.267263,2026-09-14T21:15:43.903910-06:00,0x02051081,0.5,0.050067901611328125,866,1,23.576974868774414,0000003f00000000,,,,,0,0.0,,0.0,12.051282051282008,0.0,24,0.919342041015625,00006d0600182000,47.89161682128906,0000000000400000,0.4410743713378906,866,23.15235137939453,ffffffffffffffff,0,0,0x02051081
20.367357,2026-09-14T21:15:44.004004-06:00,0x02051081,0.5,0.04935264587402344,871,1,23.576974868774414,0000003f00000000,,,,,0,0.0,,0.0,12.051282051282008,0.0,24,0.8711814880371094,00006d0600182000,147.98545837402344,0000000000400000,0.43845176696777344,871,23.15235137939453,ffffffffffffffff,0,0,0x02051081
20.469395,2026-09-14T21:15:44.106041-06:00,0x02051081,0.5,2.1600723266601562,876,1,23.576974868774414,0000003f00000000,,,,,0,0.0,,0.0,12.058608058608016,0.0,24,3.0057430267333984,00006e0600182000,0.06318092346191406,0000000000400000,2.553224563598633,876,23.15235137939453,ffffffffffffffff,0,0,0x02051081
20.586392,2026-09-14T21:15:44.223038-06:00,0x02051081,0.5,19.22011375427246,881,1,23.576974868774414,0000003f00000000,,,,,0,0.0,,0.0,12.058608058608016,0.0,24,0.06127357482910156,00006e0600182000,117.06042289733887,0000000000400000,19.610881805419922,881,23.15235137939453,ffffffffffffffff,0,0,0x02051081
20.68651,2026-09-14T21:15:44.323156-06:00,0x02051081,0.5,19.26255226135254,886,1,23.576974868774414,0000003f00000000,,,,,0,0.0,,0.0,12.058608058608016,0.0,24,0.12421607971191406,00006e0600182000,217.1783447265625,0000000000400000,19.6530818939209,886,23.15235137939453,ffffffffffffffff,0,0,0x02051081
20.786811,2026-09-14T21:15:44.423457-06:00,0x02051081,0.5,19.654035568237305,891,1,23.576974868774414,0000003f00000000,,,,,0,0.0,,0.0,12.058608058608016,0.0,24,0.4878044128417969,00006e0600182000,67.47603416442871,0000000000400000,0.04887580871582031,892,23.15235137939453,ffffffffffffffff,0,0,0x02051081
20.886933,2026-09-14T21:15:44.523579-06:00,0x02051081,0.5,19.685745239257812,896,1,23.576974868774414,0000003f00000000,,,,,0,0.0,,0.0,12.058608058608016,0.0,24,0.5521774291992188,00006e0600182000,167.59824752807617,0000000000400000,0.059604644775390625,897,23.15235137939453,ffffffffffffffff,0,0,0x02051081
20.987218,2026-09-14T21:15:44.623864-06:00,0x02051081,0.5,0.04982948303222656,902,1,23.576974868774414,0000003f00000000,,,,,0,0.0,,0.0,12.058608058608016,0.0,24,0.8943080902099609,00006e0600182000,17.88640022277832,0000000000400000,0.4394054412841797,902,23.15235137939453,ffffffffffffffff,0,0,0x02051081
21.087259,2026-09-14T21:15:44.723905-06:00,0x02051081,0.5,0.05078315734863281,907,1,23.576974868774414,0000003f00000000,,,,,0,0.0,,0.0,12.058608058608016,0.0,24,0.8771419525146484,00006e0600182000,117.92778968811035,0000000000400000,0.44083595275878906,907,23.15235137939453,ffffffffffffffff,0,0,0x02051081
21.187282,2026-09-14T21:15:44.823928-06:00,0x02051081,0.5,0.050067901611328125,912,1,23.576974868774414,0000003f00000000,,,,,0,0.0,,0.0,12.058608058608016,0.0,24,0.9484291076660156,00006e0600182000,217.95058250427246,0000000000400000,0.4405975341796875,912,23.15235137939453,ffffffffffffffff,0,0,0x02051081
21.306456,2026-09-14T21:15:44.943102-06:00,0x02051081,0.5,19.252300262451172,917,1,23.576974868774414,0000003f00000000,,,,,0,0.0,,0.0,12.065934065934023,0.0,24,0.11897087097167969,00006f0600182000,87.12983131408691,0000000000400000,19.639968872070312,917,23.15235137939453,ffffffffffffffff,0,0,0x02051081
21.406832,2026-09-14T21:15:45.043478-06:00,0x02051081,0.5,19.63663101196289,922,1,23.576974868774414,0000003f00000000,,,,,0,0.0,,0.0,12.058608058608016,0.0,24,0.5083084106445312,00006e0600182000,187.50572204589844,0000000000400000,0.05793571472167969,923,23.15235137939453,ffffffffffffffff,0,0,0x02051081
21.506889,2026-09-14T21:15:45.143535-06:00,0x02051081,0.5,19.6688175201416,927,1,23.576974868774414,0000003f00000000,,,,,0,0.0,,0.0,12.058608058608016,0.0,24,0.5037784576416016,00006e0600182000,37.56523132324219,0000000000400000,0.05936622619628906,928,23.15235137939453,ffffffffffffffff,0,0,0x02051081
21.607231,2026-09-14T21:15:45.243878-06:00,0x02051081,0.5,0.04887580871582031,933,1,23.576974868774414,0000003f00000000,,,,,0,0.0,,0.0,12.058608058608016,0.0,24,0.8707046508789062,00006e0600182000,137.9075050354004,0000000000400000,0.4379749298095703,933,23.15235137939453,ffffffffffffffff,0,0,0x02051081
21.719435,2026-09-14T21:15:45.356081-06:00,0x02051081,0.5,12.276649475097656,938,1,23.576974868774414,0000003f00000000,,,,,0,0.0,,0.0,12.058608058608016,0.0,24,13.114690780639648,00006e0600182000,0.10466575622558594,0000000000400000,12.664556503295898,938,23.15235137939453,ffffffffffffffff,0,0,0x02051081
21.826431,2026-09-14T21:15:45.463077-06:00,0x02051081,0.5,19.11139488220215,943,1,23.576974868774414,0000003f00000000,,,,,0,0.0,,0.0,12.065934065934023,0.0,24,0.10919570922851562,00006f0600182000,107.10000991821289,0000000000400000,19.504547119140625,943,23.15235137939453,ffffffffffffffff,0,0,0x02051081
21.926435,2026-09-14T21:15:45.563081-06:00,0x02051081,0.5,19.18935775756836,948,1,23.576974868774414,0000003f00000000,,,,,0,0.0,,0.0,12.065934065934023,0.0,24,0.07176399230957031,00006f0600182000,207.10468292236328,0000000000400000,19.577980041503906,948,23.15235137939453,ffffffffffffffff,0,0,0x02051081
22.026829,2026-09-14T21:15:45.663475-06:00,0x02051081,0.5,19.626379013061523,953,1,23.576974868774414,0000003f00000000,,,,,0,0.0,,0.0,12.058608058608016,0.0,24,0.5123615264892578,00006e0600182000,57.47079849243164,0000000000400000,0.053882598876953125,954,23.15235137939453,ffffffffffffffff,0,0,0x02051081
22.126841,2026-09-14T21:15:45.763487-06:00,0x02051081,0.5,19.653797149658203,958,1,23.576974868774414,0000003f00000000,,,,,0,0.0,,0.0,12.065934065934023,0.0,24,0.5283355712890625,00006f0600182000,157.48310089111328,0000000000400000,0.058650970458984375,959,23.15235137939453,ffffffffffffffff,0,0,0x02051081
22.227429,2026-09-14T21:15:45.864075-06:00,0x02051081,0.5,20.260334014892578,963,1,23.576974868774414,0000003f00000000,,,,,0,0.0,,0.0,12.058608058608016,0.0,24,0.90789794921875,00006e0600182000,8.105278015136719,0000000000400000,0.07462501525878906,964,23.15235137939453,ffffffffffffffff,0,0,0x02051081
22.346389,2026-09-14T21:15:45.983035-06:00,0x02051081,0.5,19.219636917114258,969,1,23.576974868774414,0000003f00000000,,,,,0,0.0,,0.0,12.058608058608016,0.0,24,0.0591278076171875,00006e0600182000,127.06589698791504,0000000000400000,19.600868225097656,969,23.15235137939453,ffffffffffffffff,0,0,0x02051081
22.446857,2026-09-14T21:15:46.083503-06:00,0x02051081,0.5,19.615888595581055,974,1,23.576974868774414,0000003f00000000,,,,,0,0.0,,0.0,12.058608058608016,0.0,24,0.5068778991699219,00006e0600182000,227.53357887268066,0000000000400000,0.03337860107421875,975,23.15235137939453,ffffffffffffffff,0,0,0x02051081
22.547223,2026-09-14T21:15:46.183869-06:00,0x02051081,0.5,0.03147125244140625,980,1,23.576974868774414,0000003f00000000,,,,,0,0.0,,0.0,12.058608058608016,0.0,24,0.9191036224365234,00006e0600182000,77.89731025695801,0000000000400000,0.41937828063964844,980,23.15235137939453,ffffffffffffffff,0,0,0x02051081
22.647327,2026-09-14T21:15:46.283973-06:00,0x02051081,0.5,0.04506111145019531,985,1,23.576974868774414,0000003f00000000,,,,,0,0.0,,0.0,12.058608058608016,0.0,24,0.9517669677734375,00006e0600182000,178.00092697143555,0000000000400000,0.453948974609375,985,23.15235137939453,ffffffffffffffff,0,0,0x02051081
22.747419,2026-09-14T21:15:46.384064-06:00,0x02051081,0.5,0.1983642578125,990,1,23.576974868774414,0000003f00000000,,,,,0,0.0,,0.0,12.058608058608016,0.0,24,1.1153221130371094,00006e0600182000,28.055667877197266,0000000000400000,0.6086826324462891,990,23.15235137939453,ffffffffffffffff,0,0,0x02051081
22.866451,2026-09-14T21:15:46.503097-06:00,0x02051081,0.5,19.262313842773438,995,1,23.576974868774414,0000003f00000000,,,,,0,0.0,,0.0,12.058608058608016,0.0,24,0.07677078247070312,00006e0600182000,147.08805084228516,0000000000400000,19.650697708129883,995,23.15235137939453,ffffffffffffffff,0,0,0x02051081
22.966828,2026-09-14T21:15:46.603474-06:00,0x02051081,0.5,19.55890655517578,1000,1,23.576974868774414,0000003f00000000,,,,,0,0.0,,0.0,12.058608058608016,0.0,24,0.5238056182861328,00006e0600182000,247.4653720855713,0000000000400000,0.033855438232421875,1001,23.15235137939453,ffffffffffffffff,0,0,0x02051081
23.066924,2026-09-14T21:15:46.703570-06:00,0x02051081,0.5,19.72031593322754,1005,1,23.576974868774414,0000003f00000000,,,,,0,0.0,,0.0,12.065934065934023,0.0,24,0.4684925079345703,00006f0600182000,97.57876396179199,0000000000400000,0.03528594970703125,1006,23.15235137939453,ffffffffffffffff,0,0,0x02051081
23.167718,2026-09-14T21:15:46.804364-06:00,0x02051081,0.5,0.04792213439941406,1011,1,23.576974868774414,0000003f00000000,,,,,0,0.0,,0.0,12.058608058608016,0.0,24,1.363992691040039,00006e0600182000,198.37236404418945,0000000000400000,0.8499622344970703,1011,23.15235137939453,ffffffffffffffff,0,0,0x02051081
23.286419,2026-09-14T21:15:46.923064-06:00,0x02051081,0.5,19.10543441772461,1016,1,23.576974868774414,0000003f00000000,,,,,0,0.0,,0.0,12.065934065934023,0.0,24,0.07295608520507812,00006f0600182000,67.12055206298828,0000000000400000,19.493818283081055,1016,23.15235137939453,ffffffffffffffff,0,0,0x02051081
23.38683,2026-09-14T21:15:47.023476-06:00,0x02051081,0.5,19.547224044799805,1021,1,23.576974868774414,0000003f00000000,,,,,0,0.0,,0.0,12.058608058608016,0.0,24,0.5257129669189453,00006e0600182000,167.53220558166504,0000000000400000,0.051975250244140625,1022,23.15235137939453,ffffffffffffffff,0,0,0x02051081
23.486965,2026-09-14T21:15:47.123611-06:00,0x02051081,0.5,19.766569137573242,1026,1,23.576974868774414,0000003f00000000,,,,,0,0.0,,0.0,12.058608058608016,0.0,24,0.5862712860107422,00006e0600182000,17.615795135498047,0000000000400000,0.05340576171875,1027,23.15235137939453,ffffffffffffffff,0,0,0x02051081
23.587224,2026-09-14T21:15:47.223870-06:00,0x02051081,0.5,0.04982948303222656,1032,1,23.576974868774414,0000003f00000000,,,,,0,0.0,,0.0,12.058608058608016,0.0,24,0.9293556213378906,00006e0600182000,117.8748607635498,0000000000400000,0.438690185546875,1032,23.15235137939453,ffffffffffffffff,0,0,0x02051081
23.706396,2026-09-14T21:15:47.343042-06:00,0x02051081,0.5,19.22893524169922,1037,1,23.576974868774414,0000003f00000000,,,,,0,0.0,,0.0,12.051282051282008,0.0,24,0.06270408630371094,00006d0600182000,237.046480178833,0000000000400000,19.620895385742188,1037,23.15235137939453,ffffffffffffffff,0,0,0x02051081
23.806457,2026-09-14T21:15:47.443104-06:00,0x02051081,0.5,19.17243003845215,1042,1,23.576974868774414,0000003f00000000,,,,,0,0.0,,0.0,12.065934065934023,0.0,24,0.11134147644042969,00006f0600182000,87.12244033813477,0000000000400000,19.5772647857666,1042,23.15235137939453,ffffffffffffffff,0,0,0x02051081
23.906573,2026-09-14T21:15:47.543218-06:00,0x02051081,0.5,19.320249557495117,1047,1,23.576974868774414,0000003f00000000,,,,,0,0.0,,0.0,12.058608058608016,0.0,24,0.19598007202148438,00006e0600182000,187.23678588867188,0000000000400000,19.715070724487305,1047,23.15235137939453,ffffffffffffffff,0,0,0x02051081
24.006873,2026-09-14T21:15:47.643519-06:00,0x02051081,0.5,19.67620849609375,1052,1,23.576974868774414,0000003f00000000,,,,,0,0.0,,0.0,12.058608058608016,0.0,24,0.5412101745605469,00006e0600182000,37.54019737243652,0000000000400000,0.05054473876953125,1053,23.15235137939453,ffffffffffffffff,0,0,0x02051081
24.107214,2026-09-14T21:15:47.743860-06:00,0x02051081,0.5,0.049591064453125,1058,1,23.576974868774414,0000003f00000000,,,,,0,0.0,,0.0,12.065934065934023,0.0,24,0.885009765625,00006f0600182000,137.88127899169922,0000000000400000,0.4394054412841797,1058,23.15235137939453,ffffffffffffffff,0,0,0x02051081
24.207291,2026-09-14T21:15:47.843937-06:00,0x02051081,0.5,0.0514984130859375,1063,1,23.576974868774414,0000003f00000000,,,,,0,0.0,,0.0,12.058608058608016,0.0,24,0.9481906890869141,00006e0600182000,237.95795440673828,0000000000400000,0.4425048828125,1063,23.15235137939453,ffffffffffffffff,0,0,0x02051081
24.307471,2026-09-14T21:15:47.944118-06:00,0x02051081,0.5,0.09107589721679688,1068,1,23.576974868774414,0000003f00000000,,,,,0,0.0,,0.0,12.058608058608016,0.0,24,1.173257827758789,00006e0600182000,88.1800651550293,0000000000400000,0.6430149078369141,1068,23.15235137939453,ffffffffffffffff,0,0,0x02051081
24.426392,2026-09-14T21:15:48.063038-06:00,0x02051081,0.5,19.222259521484375,1073,1,23.576974868774414,0000003f00000000,,,,,0,0.0,,0.0,12.065934065934023,0.0,24,0.10085105895996094,00006f0600182000,207.10062980651855,0000000000400000,19.61517333984375,1073,23.15235137939453,ffffffffffffffff,0,0,0x02051081
24.526415,2026-09-14T21:15:48.163062-06:00,0x02051081,0.5,19.21367645263672,1078,1,23.576974868774414,0000003f00000000,,,,,0,0.0,,0.0,12.051282051282008,0.0,24,0.09012222290039062,00006d0600182000,57.12604522705078,0000000000400000,19.605159759521484,1078,23.15235137939453,ffffffffffffffff,0,0,0x02051081
24.626823,2026-09-14T21:15:48.263469-06:00,0x02051081,0.5,19.659996032714844,1083,1,23.576974868774414,0000003f00000000,,,,,0,0.0,,0.0,12.058608058608016,0.0,24,0.4897117614746094,00006e0600182000,157.5336456298828,0000000000400000,0.05054473876953125,1084,23.15235137939453,ffffffffffffffff,0,0,0x02051081
24.72721,2026-09-14T21:15:48.363856-06:00,0x02051081,0.5,0.049114227294921875,1089,1,23.576974868774414,0000003f00000000,,,,,0,0.0,,0.0,12.065934065934023,0.0,24,0.9315013885498047,00006f0600182000,7.9288482666015625,0000000000400000,0.4394054412841797,1089,23.15235137939453,ffffffffffffffff,0,0,0x02051081
24.827323,2026-09-14T21:15:48.463969-06:00,0x02051081,0.5,0.04863739013671875,1094,1,23.576974868774414,0000003f00000000,,,,,0,0.0,,0.0,12.058608058608016,0.0,24,0.9715557098388672,00006e0600182000,108.04176330566406,0000000000400000,0.4391670227050781,1094,23.15235137939453,ffffffffffffffff,0,0,0x02051081
24.927405,2026-09-14T21:15:48.564051-06:00,0x02051081,0.5,0.05030632019042969,1099,1,23.576974868774414,0000003f00000000,,,,,0,0.0,,0.0,12.065934065934023,0.0,24,1.0521411895751953,00006f0600182000,208.12392234802246,0000000000400000,0.44035911560058594,1099,23.15235137939453,ffffffffffffffff,0,0,0x02051081
25.046495,2026-09-14T21:15:48.683141-06:00,0x02051081,0.5,19.32668685913086,1104,1,23.576974868774414,0000003f00000000,,,,,0,0.0,,0.0,12.065934065934023,0.0,24,0.06222724914550781,00006f0600182000,77.17370986938477,0000000000400000,19.716501235961914,1104,23.15235137939453,ffffffffffffffff,0,0,0x02051081
25.146834,2026-09-14T21:15:48.783480-06:00,0x02051081,0.5,19.66118812561035,1109,1,23.576974868774414,0000003f00000000,,,,,0,0.0,,0.0,12.058608058608016,0.0,24,0.5581378936767578,00006e0600182000,177.51240730285645,0000000000400000,0.057220458984375,1110,23.15235137939453,ffffffffffffffff,0,0,0x02051081
25.246865,2026-09-14T21:15:48.883512-06:00,0x02051081,0.5,19.61064338684082,1114,1,23.576974868774414,0000003f00000000,,,,,0,0.0,,0.0,12.065934065934023,0.0,24,0.5850791931152344,00006f0600182000,27.53925323486328,0000000000400000,0.041484832763671875,1115,23.15235137939453,ffffffffffffffff,0,0,0x02051081
25.347189,2026-09-14T21:15:48.983835-06:00,0x02051081,0.5,0.030994415283203125,1120,1,23.576974868774414,0000003f00000000,,,,,0,0.0,,0.0,12.058608058608016,0.0,24,0.9222030639648438,00006e0600182000,127.86316871643066,0000000000400000,0.41556358337402344,1120,23.15235137939453,ffffffffffffffff,0,0,0x02051081
25.447249,2026-09-14T21:15:49.083895-06:00,0x02051081,0.5,0.030994415283203125,1125,1,23.576974868774414,0000003f00000000,,,,,0,0.0,,0.0,12.058608058608016,0.0,24,0.9253025054931641,00006e0600182000,227.92291641235352,0000000000400000,0.4200935363769531,1125,23.15235137939453,ffffffffffffffff,0,0,0x02051081
25.547267,2026-09-14T21:15:49.183913-06:00,0x02051081,0.5,0.04100799560546875,1130,1,23.576974868774414,0000003f00000000,,,,,0,0.0,,0.0,12.058608058608016,0.0,24,0.9899139404296875,00006e0600182000,77.95548439025879,0000000000400000,0.4420280456542969,1130,23.15235137939453,ffffffffffffffff,0,0,0x02051081
25.647311,2026-09-14T21:15:49.283957-06:00,0x02051081,0.5,0.03147125244140625,1135,1,23.576974868774414,0000003f00000000,,,,,0,0.0,,0.0,12.058608058608016,0.0,24,0.8504390716552734,00006e0600182000,177.99901962280273,0000000000400000,0.4189014434814453,1135,23.15235137939453,ffffffffffffffff,0,0,0x02051081
25.766363,2026-09-14T21:15:49.403009-06:00,0x02051081,0.5,19.137144088745117,1140,1,23.576974868774414,0000003f00000000,,,,,0,0.0,,0.0,12.058608058608016,0.0,24,0.04124641418457031,00006e0600182000,47.09482192993164,0000000000400000,19.529342651367188,1140,23.15235137939453,ffffffffffffffff,0,0,0x02051081
25.866862,2026-09-14T21:15:49.503508-06:00,0x02051081,0.5,19.692659378051758,1145,1,23.576974868774414,0000003f00000000,,,,,0,0.0,,0.0,12.058608058608016,0.0,24,0.5817413330078125,00006e0600182000,147.59397506713867,0000000000400000,0.03981590270996094,1146,23.15235137939453,ffffffffffffffff,0,0,0x02051081
25.967231,2026-09-14T21:15:49.603878-06:00,0x02051081,0.5,0.03337860107421875,1151,1,23.576974868774414,0000003f00000000,,,,,0,0.0,,0.0,12.058608058608016,0.0,24,0.9188652038574219,00006e0600182000,247.96366691589355,0000000000400000,0.41747093200683594,1151,23.15235137939453,ffffffffffffffff,0,0,0x02051081
26.067281,2026-09-14T21:15:49.703927-06:00,0x02051081,0.5,0.03695487976074219,1156,1,23.576974868774414,0000003f00000000,,,,,0,0.0,,0.0,12.058608058608016,0.0,24,0.8604526519775391,00006e0600182000,98.01292419433594,0000000000400000,0.42557716369628906,1156,23.15235137939453,ffffffffffffffff,0,0,0x02051081
26.18635,2026-09-14T21:15:49.822996-06:00,0x02051081,0.5,19.162416458129883,1161,1,23.576974868774414,0000003f00000000,,,,,0,0.0,,0.0,12.058608058608016,0.0,24,0.03552436828613281,00006e0600182000,217.08202362060547,0000000000400000,19.551753997802734,1161,23.15235137939453,ffffffffffffffff,0,0,0x02051081
26.286363,2026-09-14T21:15:49.923009-06:00,0x02051081,0.5,19.020795822143555,1166,1,23.576974868774414,0000003f00000000,,,,,0,0.0,,0.0,12.058608058608016,0.0,24,0.06103515625,00006e0600182000,67.07763671875,0000000000400000,19.41394805908203,1166,23.15235137939453,ffffffffffffffff,0,0,0x02051081
26.387056,2026-09-14T21:15:50.023699-06:00,0x02051081,0.5,19.808292388916016,1171,1,23.576974868774414,0000003f00000000,,,,,0,0.0,,0.0,12.065934065934023,0.0,24,0.6859302520751953,00006f0600182000,167.76728630065918,0000000000400000,20.197153091430664,1171,23.15235137939453,ffffffffffffffff,0,0,0x02051081
26.487157,2026-09-14T21:15:50.123804-06:00,0x02051081,0.20000000298023224,0.023365020751953125,1177,2,23.576974868774414,cdcc4c3e00000000,,,,,0,0.0,,0.0,12.065934065934023,0.0,24,0.8530616760253906,00006f0600182000,17.905235290527344,0000000000400000,0.3879070281982422,1177,23.15235137939453,ffffffffffffffff,0,0,0x02051081
26.58726,2026-09-14T21:15:50.223906-06:00,0x02051081,0.20000000298023224,0.05340576171875,1182,2,23.576974868774414,cdcc4c3e00000000,,,,,0,0.0,,0.0,12.058608058608016,0.0,24,0.9844303131103516,00006e0600182000,118.00789833068848,0000000000400000,0.4413127899169922,1182,23.15235137939453,ffffffffffffffff,0,0,0x02051081
26.70636,2026-09-14T21:15:50.343006-06:00,0x02051081,0.20000000298023224,19.182205200195312,1187,2,23.576974868774414,cdcc4c3e00000000,,,,,0,0.0,,0.0,12.065934065934023,0.0,24,0.0629425048828125,00006f0600182000,237.107515335083,0000000000400000,19.566059112548828,1187,23.15235137939453,ffffffffffffffff,0,0,0x02051081
26.806839,2026-09-14T21:15:50.443485-06:00,0x02051081,0.20000000298023224,19.597768783569336,1192,2,23.576974868774414,cdcc4c3e00000000,,,,,0,0.0,,0.0,12.065934065934023,0.0,24,0.54168701171875,00006f0600182000,87.5399112701416,0000000000400000,0.03528594970703125,1193,23.15235137939453,ffffffffffffffff,0,0,0x02051081
26.9069,2026-09-14T21:15:50.543546-06:00,0x02051081,0.20000000298023224,19.54364776611328,1197,2,23.576974868774414,cdcc4c3e00000000,,,,,0,0.0,,0.0,12.065934065934023,0.0,24,0.5953311920166016,00006f0600182000,187.60061264038086,0000000000400000,0.08463859558105469,1198,23.15235137939453,ffffffffffffffff,0,0,0x02051081
27.007028,2026-09-14T21:15:50.643674-06:00,0x02051081,0.20000000298023224,19.430160522460938,1202,2,23.576974868774414,cdcc4c3e00000000,,,,,0,0.0,,0.0,12.065934065934023,0.0,24,0.7555484771728516,00006f0600182000,37.76860237121582,0000000000400000,0.04601478576660156,1203,23.15235137939453,ffffffffffffffff,0,0,0x02051081
27.10719,2026-09-14T21:15:50.743837-06:00,0x02051081,0.20000000298023224,0.03147125244140625,1208,2,23.576974868774414,cdcc4c3e00000000,,,,,0,0.0,,0.0,12.065934065934023,0.0,24,0.9381771087646484,00006f0600182000,137.93134689331055,0000000000400000,0.4138946533203125,1208,23.15235137939453,ffffffffffffffff,0,0,0x02051081
27.207259,2026-09-14T21:15:50.843905-06:00,0x02051081,0.20000000298023224,0.031948089599609375,1213,2,23.576974868774414,cdcc4c3e00000000,,,,,0,0.0,,0.0,12.065934065934023,0.0,24,0.8535385131835938,00006f0600182000,237.99943923950195,0000000000400000,0.4153251647949219,1213,23.15235137939453,ffffffffffffffff,0,0,0x02051081
27.326395,2026-09-14T21:15:50.963041-06:00,0x02051081,0.20000000298023224,19.20032501220703,1218,2,23.576974868774414,cdcc4c3e00000000,,,,,0,0.0,,0.0,12.065934065934023,0.0,24,0.08320808410644531,00006f0600182000,107.09309577941895,0000000000400000,19.583463668823242,1218,23.15235137939453,ffffffffffffffff,0,0,0x02051081
27.42685,2026-09-14T21:15:51.063496-06:00,0x02051081,0.20000000298023224,19.660472869873047,1223,2,23.576974868774414,cdcc4c3e00000000,,,,,0,0.0,,0.0,12.058608058608016,0.0,24,0.5898475646972656,00006e0600182000,207.5486183166504,0000000000400000,0.04220008850097656,1224,23.15235137939453,ffffffffffffffff,0,0,0x02051081
27.527209,2026-09-14T21:15:51.163855-06:00,0x02051081,0.20000000298023224,0.0324249267578125,1229,2,23.576974868774414,cdcc4c3e00000000,,,,,0,0.0,,0.0,12.058608058608016,0.0,24,0.9577274322509766,00006e0600182000,57.92093276977539,0000000000400000,0.41604042053222656,1229,23.15235137939453,ffffffffffffffff,0,0,0x02051081
27.627278,2026-09-14T21:15:51.263924-06:00,0x02051081,0.20000000298023224,0.03218650817871094,1234,2,23.576974868774414,cdcc4c3e00000000,,,,,0,0.0,,0.0,12.065934065934023,0.0,24,0.8769035339355469,00006f0600182000,157.9899787902832,0000000000400000,0.41556358337402344,1234,23.15235137939453,ffffffffffffffff,0,0,0x02051081
27.74647,2026-09-14T21:15:51.383116-06:00,0x02051081,0.20000000298023224,19.273996353149414,1239,2,23.576974868774414,cdcc4c3e00000000,,,,,0,0.0,,0.0,12.065934065934023,0.0,24,0.03528594970703125,00006f0600182000,27.19855308532715,0000000000400000,19.655942916870117,1239,23.15235137939453,ffffffffffffffff,0,0,0x02051081
27.846808,2026-09-14T21:15:51.483454-06:00,0x02051081,0.20000000298023224,19.64402198791504,1244,2,23.576974868774414,cdcc4c3e00000000,,,,,0,0.0,,0.0,12.058608058608016,0.0,24,0.5640983581542969,00006e0600182000,127.53653526306152,0000000000400000,0.03409385681152344,1245,23.15235137939453,ffffffffffffffff,0,0,0x02051081
27.947033,2026-09-14T21:15:51.583679-06:00,0x02051081,0.20000000298023224,19.81329917907715,1249,2,23.576974868774414,cdcc4c3e00000000,,,,,0,0.0,,0.0,12.065934065934023,0.0,24,0.7293224334716797,00006f0600182000,227.76103019714355,0000000000400000,0.08535385131835938,1250,23.15235137939453,ffffffffffffffff,0,0,0x02051081
28.04726,2026-09-14T21:15:51.683906-06:00,0x02051081,0.20000000298023224,0.0286102294921875,1255,2,23.576974868774414,cdcc4c3e00000000,,,,,0,0.0,,0.0,12.058608058608016,0.0,24,0.8666515350341797,00006e0600182000,77.98242568969727,0000000000400000,0.40841102600097656,1255,23.15235137939453,ffffffffffffffff,0,0,0x02051081
28.166361,2026-09-14T21:15:51.803006-06:00,0x02051081,0.20000000298023224,19.205331802368164,1260,2,23.576974868774414,cdcc4c3e00000000,,,,,0,0.0,,0.0,12.058608058608016,0.0,24,0.06628036499023438,00006e0600182000,197.08251953125,0000000000400000,19.587993621826172,1260,23.15235137939453,ffffffffffffffff,0,0,0x02051081
28.266843,2026-09-14T21:15:51.903490-06:00,0x02051081,0.20000000298023224,19.67024803161621,1265,2,23.576974868774414,cdcc4c3e00000000,,,,,0,0.0,,0.0,12.058608058608016,0.0,24,0.5555152893066406,00006e0600182000,47.55973815917969,0000000000400000,0.03409385681152344,1266,23.15235137939453,ffffffffffffffff,0,0,0x02051081
28.367192,2026-09-14T21:15:52.003839-06:00,0x02051081,0.20000000298023224,0.03170967102050781,1271,2,23.576974868774414,cdcc4c3e00000000,,,,,0,0.0,,0.0,12.065934065934023,0.0,24,0.9076595306396484,00006f0600182000,147.90868759155273,0000000000400000,0.41556358337402344,1271,23.15235137939453,ffffffffffffffff,0,0,0x02051081
28.467218,2026-09-14T21:15:52.103865-06:00,0x02051081,0.20000000298023224,0.031232833862304688,1276,2,23.576974868774414,cdcc4c3e00000000,,,,,0,0.0,,0.0,12.058608058608016,0.0,24,0.9241104125976562,00006e0600182000,247.93481826782227,0000000000400000,0.4150867462158203,1276,23.15235137939453,ffffffffffffffff,0,0,0x02051081
28.586427,2026-09-14T21:15:52.223073-06:00,0x02051081,0.20000000298023224,19.260168075561523,1281,2,23.576974868774414,cdcc4c3e00000000,,,,,0,0.0,,0.0,12.065934065934023,0.0,24,0.03647804260253906,00006f0600182000,117.14982986450195,0000000000400000,19.644498825073242,1281,23.15235137939453,ffffffffffffffff,0,0,0x02051081
28.68682,2026-09-14T21:15:52.323466-06:00,0x02051081,0.20000000298023224,19.657373428344727,1286,2,23.576974868774414,cdcc4c3e00000000,,,,,0,0.0,,0.0,12.065934065934023,0.0,24,0.5440711975097656,00006f0600182000,217.5424098968506,0000000000400000,0.04100799560546875,1287,23.15235137939453,ffffffffffffffff,0,0,0x02051081
28.78701,2026-09-14T21:15:52.423656-06:00,0x02051081,0.20000000298023224,19.817113876342773,1291,2,23.576974868774414,cdcc4c3e00000000,,,,,0,0.0,,0.0,12.065934065934023,0.0,24,0.7152557373046875,00006f0600182000,67.77477264404297,0000000000400000,0.04220008850097656,1292,23.15235137939453,ffffffffffffffff,0,0,0x02051081
28.887339,2026-09-14T21:15:52.523986-06:00,0x02051081,0.20000000298023224,0.03170967102050781,1297,2,23.576974868774414,cdcc4c3e00000000,,,,,0,0.0,,0.0,12.058608058608016,0.0,24,0.9551048278808594,00006e0600182000,168.1041717529297,0000000000400000,0.4127025604248047,1297,23.15235137939453,ffffffffffffffff,0,0,0x02051081
29.006319,2026-09-14T21:15:52.642966-06:00,0x02051081,0.20000000298023224,19.088268280029297,1302,2,23.576974868774414,cdcc4c3e00000000,,,,,0,0.0,,0.0,12.058608058608016,0.0,24,0.03647804260253906,00006e0600182000,37.04500198364258,0000000000400000,19.472837448120117,1302,23.15235137939453,ffffffffffffffff,0,0,0x02051081
29.106808,2026-09-14T21:15:52.743454-06:00,0x02051081,0.20000000298023224,19.638538360595703,1307,2,23.576974868774414,cdcc4c3e00000000,,,,,0,0.0,,0.0,12.058608058608016,0.0,24,0.5373954772949219,00006e0600182000,137.53366470336914,0000000000400000,0.03361701965332031,1308,23.15235137939453,ffffffffffffffff,0,0,0x02051081
29.206828,2026-09-14T21:15:52.843474-06:00,0x02051081,0.20000000298023224,19.600868225097656,1312,2,23.576974868774414,cdcc4c3e00000000,,,,,0,0.0,,0.0,12.065934065934023,0.0,24,0.5970001220703125,00006f0600182000,237.55383491516113,0000000000400000,0.034809112548828125,1313,23.15235137939453,ffffffffffffffff,0,0,0x02051081
29.306904,2026-09-14T21:15:52.943551-06:00,0x02051081,0.20000000298023224,19.713878631591797,1317,2,23.576974868774414,cdcc4c3e00000000,,,,,0,0.0,,0.0,12.065934065934023,0.0,24,0.5159378051757812,00006f0600182000,87.67032623291016,0000000000400000,0.07581710815429688,1318,23.15235137939453,ffffffffffffffff,0,0,0x02051081
29.407222,2026-09-14T21:15:53.043868-06:00,0x02051081,0.20000000298023224,0.034332275390625,1323,2,23.576974868774414,cdcc4c3e00000000,,,,,0,0.0,,0.0,12.051282051282008,0.0,24,0.9527206420898438,00006d0600182000,187.9873275756836,0000000000400000,0.41866302490234375,1323,23.15235137939453,ffffffffffffffff,0,0,0x02051081
29.50723,2026-09-14T21:15:53.143876-06:00,0x02051081,0.20000000298023224,0.034332275390625,1328,2,23.576974868774414,cdcc4c3e00000000,,,,,0,0.0,,0.0,12.058608058608016,0.0,24,0.9958744049072266,00006e0600182000,38.00249099731445,0000000000400000,0.41937828063964844,1328,23.15235137939453,ffffffffffffffff,0,0,0x02051081
29.62629,2026-09-14T21:15:53.262936-06:00,0x02051081,0.20000000298023224,19.12856101989746,1333,2,23.576974868774414,cdcc4c3e00000000,,,,,0,0.0,,0.0,12.065934065934023,0.0,24,0.057220458984375,00006f0600182000,157.06253051757812,0000000000400000,19.512176513671875,1333,23.15235137939453,ffffffffffffffff,0,0,0x02051081
29.726306,2026-09-14T21:15:53.362953-06:00,0x02051081,0.20000000298023224,19.145727157592773,1338,2,23.576974868774414,cdcc4c3e00000000,,,,,0,0.0,,0.0,12.058608058608016,0.0,24,0.03528594970703125,00006e0600182000,7.044792175292969,0000000000400000,19.528627395629883,1338,23.15235137939453,ffffffffffffffff,0,0,0x02051081
29.826322,2026-09-14T21:15:53.462968-06:00,0x02051081,0.20000000298023224,19.153356552124023,1343,2,23.576974868774414,cdcc4c3e00000000,,,,,0,0.0,,0.0,12.065934065934023,0.0,24,0.056743621826171875,00006f0600182000,107.06019401550293,0000000000400000,19.536495208740234,1343,23.15235137939453,ffffffffffffffff,0,0,0x02051081
29.926879,2026-09-14T21:15:53.563525-06:00,0x02051081,0.20000000298023224,19.715309143066406,1348,2,23.576974868774414,cdcc4c3e00000000,,,,,0,0.0,,0.0,12.065934065934023,0.0,24,0.6496906280517578,00006f0600182000,207.61704444885254,0000000000400000,0.04172325134277344,1349,23.15235137939453,ffffffffffffffff,0,0,0x02051081
30.027243,2026-09-14T21:15:53.663889-06:00,0x02051081,0.20000000298023224,0.031948089599609375,1354,2,23.576974868774414,cdcc4c3e00000000,,,,,0,0.0,,0.0,12.065934065934023,0.0,24,0.9675025939941406,00006f0600182000,57.98530578613281,0000000000400000,0.4172325134277344,1354,23.15235137939453,ffffffffffffffff,0,0,0x02051081
30.127247,2026-09-14T21:15:53.763894-06:00,0x02051081,0.20000000298023224,0.034332275390625,1359,2,23.576974868774414,cdcc4c3e00000000,,,,,0,0.0,,0.0,12.065934065934023,0.0,24,0.9799003601074219,00006f0600182000,157.9897403717041,0000000000400000,0.4215240478515625,1359,23.15235137939453,ffffffffffffffff,0,0,0x02051081
30.246333,2026-09-14T21:15:53.882978-06:00,0x02051081,0.20000000298023224,19.160985946655273,1364,2,23.576974868774414,cdcc4c3e00000000,,,,,0,0.0,,0.0,12.065934065934023,0.0,24,0.06818771362304688,00006f0600182000,27.115821838378906,0000000000400000,19.54507827758789,1364,23.15235137939453,ffffffffffffffff,0,0,0x02051081
30.346821,2026-09-14T21:15:53.983468-06:00,0x02051081,0.20000000298023224,19.606828689575195,1369,2,23.576974868774414,cdcc4c3e00000000,,,,,0,0.0,,0.0,12.065934065934023,0.0,24,0.5652904510498047,00006f0600182000,127.60519981384277,0000000000400000,0.03600120544433594,1370,23.15235137939453,ffffffffffffffff,0,0,0x02051081
30.446883,2026-09-14T21:15:54.083529-06:00,0x02051081,0.20000000298023224,19.66381072998047,1374,2,23.576974868774414,cdcc4c3e00000000,,,,,0,0.0,,0.0,12.065934065934023,0.0,24,0.6055831909179688,00006f0600182000,227.66661643981934,0000000000400000,0.03933906555175781,1375,23.15235137939453,ffffffffffffffff,0,0,0x02051081
30.547205,2026-09-14T21:15:54.183851-06:00,0x02051081,0.20000000298023224,0.03170967102050781,1380,2,23.576974868774414,cdcc4c3e00000000,,,,,0,0.0,,0.0,12.065934065934023,0.0,24,0.95367431640625,00006f0600182000,77.9566764831543,0000000000400000,0.4138946533203125,1380,23.15235137939453,ffffffffffffffff,0,0,0x02051081
30.647243,2026-09-14T21:15:54.283889-06:00,0x02051081,0.20000000298023224,0.03314018249511719,1385,2,23.576974868774414,cdcc4c3e00000000,,,,,0,0.0,,0.0,12.065934065934023,0.0,24,0.9760856628417969,00006f0600182000,177.9944896697998,0000000000400000,0.4203319549560547,1385,23.15235137939453,ffffffffffffffff,0,0,0x02051081
30.747244,2026-09-14T21:15:54.383890-06:00,0x02051081,0.20000000298023224,0.03170967102050781,1390,2,23.576974868774414,cdcc4c3e00000000,,,,,0,0.0,,0.0,12.065934065934023,0.0,24,0.8447170257568359,00006f0600182000,27.99677848815918,0000000000400000,0.41413307189941406,1390,23.15235137939453,ffffffffffffffff,0,0,0x02051081
30.866343,2026-09-14T21:15:54.502989-06:00,0x02051081,0.20000000298023224,19.18792724609375,1395,2,23.576974868774414,cdcc4c3e00000000,,,,,0,0.0,,0.0,12.065934065934023,0.0,24,0.07581710815429688,00006f0600182000,147.0961570739746,0000000000400000,19.57082748413086,1395,23.15235137939453,ffffffffffffffff,0,0,0x02051081
30.966858,2026-09-14T21:15:54.603504-06:00,0x02051081,0.20000000298023224,19.701004028320312,1400,2,23.576974868774414,cdcc4c3e00000000,,,,,0,0.0,,0.0,12.065934065934023,0.0,24,0.637054443359375,00006f0600182000,247.61104583740234,0000000000400000,0.03695487976074219,1401,23.15235137939453,ffffffffffffffff,0,0,0x02051081
31.067279,2026-09-14T21:15:54.703925-06:00,0x02051081,0.20000000298023224,0.08726119995117188,1406,2,23.576974868774414,cdcc4c3e00000000,,,,,0,0.0,,0.0,12.058608058608016,0.0,24,1.0690689086914062,00006e0600182000,98.03366661071777,0000000000400000,0.49614906311035156,1406,23.15235137939453,ffffffffffffffff,0,0,0x02051081
31.186453,2026-09-14T21:15:54.823097-06:00,0x02051081,0.20000000298023224,19.259929656982422,1411,2,23.576974868774414,cdcc4c3e00000000,,,,,0,0.0,,0.0,12.065934065934023,0.0,24,0.1850128173828125,00006f0600182000,217.20623970031738,0000000000400000,19.64592933654785,1411,23.15235137939453,ffffffffffffffff,0,0,0x02051081
31.286866,2026-09-14T21:15:54.923512-06:00,0x02051081,0.20000000298023224,19.672870635986328,1416,2,23.576974868774414,cdcc4c3e00000000,,,,,0,0.0,,0.0,12.065934065934023,0.0,24,0.6673336029052734,00006f0600182000,67.65913963317871,0000000000400000,0.05626678466796875,1417,23.15235137939453,ffffffffffffffff,0,0,0x02051081
31.387213,2026-09-14T21:15:55.023859-06:00,0x02051081,0.20000000298023224,0.04553794860839844,1422,2,23.576974868774414,cdcc4c3e00000000,,,,,0,0.0,,0.0,12.065934065934023,0.0,24,1.0058879852294922,00006f0600182000,168.00618171691895,0000000000400000,0.42939186096191406,1422,23.15235137939453,ffffffffffffffff,0,0,0x02051081
31.506238,2026-09-14T21:15:55.142884-06:00,0x02051081,0.20000000298023224,19.06752586364746,1427,2,23.576974868774414,cdcc4c3e00000000,,,,,0,0.0,,0.0,12.065934065934023,0.0,24,0.036716461181640625,00006f0600182000,37.038564682006836,0000000000400000,19.451379776000977,1427,23.15235137939453,ffffffffffffffff,0,0,0x02051081
31.60628,2026-09-14T21:15:55.242926-06:00,0x02051081,0.20000000298023224,18.9669132232666,1432,2,23.576974868774414,cdcc4c3e00000000,,,,,0,0.0,,0.0,12.058608058608016,0.0,24,0.03719329833984375,00006e0600182000,137.08043098449707,0000000000400000,19.356966018676758,1432,23.15235137939453,ffffffffffffffff,0,0,0x02051081
31.706292,2026-09-14T21:15:55.342939-06:00,0x02051081,0.20000000298023224,19.127845764160156,1437,2,23.576974868774414,cdcc4c3e00000000,,,,,0,0.0,,0.0,12.058608058608016,0.0,24,0.040531158447265625,00006e0600182000,237.0927333831787,0000000000400000,19.511938095092773,1437,23.15235137939453,ffffffffffffffff,0,0,0x02051081
31.806295,2026-09-14T21:15:55.442941-06:00,0x02051081,0.20000000298023224,18.965721130371094,1442,2,23.576974868774414,cdcc4c3e00000000,,,,,0,0.0,,0.0,12.065934065934023,0.0,24,0.06031990051269531,00006f0600182000,87.09168434143066,0000000000400000,19.361495971679688,1442,23.15235137939453,ffffffffffffffff,0,0,0x02051081
31.906845,2026-09-14T21:15:55.543491-06:00,0x02051081,0.20000000298023224,19.59538459777832,1447,2,23.576974868774414,cdcc4c3e00000000,,,,,0,0.0,,0.0,12.065934065934023,0.0,24,0.644683837890625,00006f0600182000,187.64233589172363,0000000000400000,0.04076957702636719,1448,23.15235137939453,ffffffffffffffff,0,0,0x02051081
32.007226,2026-09-14T21:15:55.643872-06:00,0x02051081,0.20000000298023224,0.03218650817871094,1453,2,23.576974868774414,cdcc4c3e00000000,,,,,0,0.0,,0.0,12.065934065934023,0.0,24,0.8797645568847656,00006f0600182000,37.98985481262207,0000000000400000,0.4143714904785156,1453,23.15235137939453,ffffffffffffffff,0,0,0x02051081
32.1073,2026-09-14T21:15:55.743946-06:00,0x02051081,0.20000000298023224,0.10180473327636719,1458,2,23.576974868774414,cdcc4c3e00000000,,,,,0,0.0,,0.0,12.065934065934023,0.0,24,1.094818115234375,00006f0600182000,138.0636692047119,0000000000400000,0.5033016204833984,1458,23.15235137939453,ffffffffffffffff,0,0,0x02051081
32.219365,2026-09-14T21:15:55.856011-06:00,0x02051081,0.20000000298023224,12.125492095947266,1463,2,23.576974868774414,cdcc4c3e00000000,,,,,0,0.0,,0.0,12.058608058608016,0.0,24,13.170003890991211,00006e0600182000,0.13875961303710938,0000000000400000,12.514591217041016,1463,23.15235137939453,ffffffffffffffff,0,0,0x02051081
32.326247,2026-09-14T21:15:55.962893-06:00,0x02051081,0.20000000298023224,19.0582275390625,1468,2,23.576974868774414,cdcc4c3e00000000,,,,,0,0.0,,0.0,12.065934065934023,0.0,24,0.04458427429199219,00006f0600182000,107.02133178710938,0000000000400000,19.440889358520508,1468,23.15235137939453,ffffffffffffffff,0,0,0x02051081
32.426352,2026-09-14T21:15:56.062997-06:00,0x02051081,0.20000000298023224,19.174575805664062,1473,2,23.576974868774414,cdcc4c3e00000000,,,,,0,0.0,,0.0,12.058608058608016,0.0,24,0.10442733764648438,00006e0600182000,207.12518692016602,0000000000400000,19.554853439331055,1473,23.15235137939453,ffffffffffffffff,0,0,0x02051081
32.526851,2026-09-14T21:15:56.163498-06:00,0x02051081,0.20000000298023224,19.66691017150879,1478,2,23.576974868774414,cdcc4c3e00000000,,,,,0,0.0,,0.0,12.058608058608016,0.0,24,0.6091594696044922,00006e0600182000,57.624101638793945,0000000000400000,0.0400543212890625,1479,23.15235137939453,ffffffffffffffff,0,0,0x02051081
32.627221,2026-09-14T21:15:56.263867-06:00,0x02051081,0.20000000298023224,0.03170967102050781,1484,2,23.576974868774414,cdcc4c3e00000000,,,,,0,0.0,,0.0,12.058608058608016,0.0,24,1.0197162628173828,00006e0600182000,157.99331665039062,0000000000400000,0.41747093200683594,1484,23.15235137939453,ffffffffffffffff,0,0,0x02051081
32.746229,2026-09-14T21:15:56.382876-06:00,0x02051081,0.20000000298023224,19.060134887695312,1489,2,23.576974868774414,cdcc4c3e00000000,,,,,0,0.0,,0.0,12.058608058608016,0.0,24,0.038623809814453125,00006e0600182000,27.043819427490234,0000000000400000,19.444942474365234,1489,23.15235137939453,ffffffffffffffff,0,0,0x02051081
32.846373,2026-09-14T21:15:56.483020-06:00,0x02051081,0.20000000298023224,19.20938491821289,1494,2,23.576974868774414,cdcc4c3e00000000,,,,,0,0.0,,0.0,12.065934065934023,0.0,24,0.03457069396972656,00006f0600182000,127.18772888183594,0000000000400000,19.59371566772461,1494,23.15235137939453,ffffffffffffffff,0,0,0x02051081
32.946812,2026-09-14T21:15:56.583458-06:00,0x02051081,0.20000000298023224,19.639015197753906,1499,2,23.576974868774414,cdcc4c3e00000000,,,,,0,0.0,,0.0,12.065934065934023,0.0,24,0.6301403045654297,00006f0600182000,227.62608528137207,0000000000400000,0.03457069396972656,1500,23.15235137939453,ffffffffffffffff,0,0,0x02051081
33.046936,2026-09-14T21:15:56.683582-06:00,0x02051081,0.20000000298023224,19.780874252319336,1504,2,23.576974868774414,cdcc4c3e00000000,,,,,0,0.0,,0.0,12.058608058608016,0.0,24,0.6954669952392578,00006e0600182000,77.71182060241699,0000000000400000,0.0705718994140625,1505,23.15235137939453,ffffffffffffffff,0,0,0x02051081
33.147292,2026-09-14T21:15:56.783938-06:00,0x02051081,0.20000000298023224,0.06318092346191406,1510,2,23.576974868774414,cdcc4c3e00000000,,,,,0,0.0,,0.0,12.065934065934023,0.0,24,0.9562969207763672,00006f0600182000,178.0679225921631,0000000000400000,0.4687309265136719,1510,23.15235137939453,ffffffffffffffff,0,0,0x02051081
33.266271,2026-09-14T21:15:56.902917-06:00,0x02051081,0.20000000298023224,19.05512809753418,1515,2,23.576974868774414,cdcc4c3e00000000,,,,,0,0.0,,0.0,12.058608058608016,0.0,24,0.038623809814453125,00006e0600182000,47.05047607421875,0000000000400000,19.44136619567871,1515,23.15235137939453,ffffffffffffffff,0,0,0x02051081
33.366813,2026-09-14T21:15:57.003459-06:00,0x02051081,0.20000000298023224,19.643068313598633,1520,2,23.576974868774414,cdcc4c3e00000000,,,,,0,0.0,,0.0,12.065934065934023,0.0,24,0.6341934204101562,00006f0600182000,147.59206771850586,0000000000400000,0.03337860107421875,1521,23.15235137939453,ffffffffffffffff,0,0,0x02051081
33.466823,2026-09-14T21:15:57.103469-06:00,0x02051081,0.20000000298023224,19.628286361694336,1525,2,23.576974868774414,cdcc4c3e00000000,,,,,0,0.0,,0.0,12.065934065934023,0.0,24,0.6051063537597656,00006f0600182000,247.60198593139648,0000000000400000,0.03457069396972656,1526,23.15235137939453,ffffffffffffffff,0,0,0x02051081
33.566858,2026-09-14T21:15:57.203505-06:00,0x02051081,0.20000000298023224,19.6533203125,1530,2,23.576974868774414,cdcc4c3e00000000,,,,,0,0.0,,0.0,12.065934065934023,0.0,24,0.6263256072998047,00006f0600182000,97.67842292785645,0000000000400000,0.043392181396484375,1531,23.15235137939453,ffffffffffffffff,0,0,0x02051081
33.667193,2026-09-14T21:15:57.303839-06:00,0x02051081,0.20000000298023224,0.03337860107421875,1536,2,23.576974868774414,cdcc4c3e00000000,,,,,0,0.0,,0.0,12.065934065934023,0.0,24,1.0144710540771484,00006f0600182000,198.0125904083252,0000000000400000,0.4162788391113281,1536,23.15235137939453,ffffffffffffffff,0,0,0x02051081
33.767209,2026-09-14T21:15:57.403855-06:00,0x02051081,0.20000000298023224,0.030755996704101562,1541,2,23.576974868774414,cdcc4c3e00000000,,,,,0,0.0,,0.0,12.065934065934023,0.0,24,1.0383129119873047,00006f0600182000,47.99509048461914,0000000000400000,0.4134178161621094,1541,23.15235137939453,ffffffffffffffff,0,0,0x02051081
33.86722,2026-09-14T21:15:57.503866-06:00,0x02051081,0.20000000298023224,0.045299530029296875,1546,2,23.576974868774414,cdcc4c3e00000000,,,,,0,0.0,,0.0,12.065934065934023,0.0,24,0.9834766387939453,00006f0600182000,148.00667762756348,0000000000400000,0.41413307189941406,1546,23.15235137939453,ffffffffffffffff,0,0,0x02051081
33.969277,2026-09-14T21:15:57.605923-06:00,0x02051081,0.20000000298023224,2.1626949310302734,1551,2,23.576974868774414,cdcc4c3e00000000,,,,,0,0.0,,0.0,12.065934065934023,0.0,24,3.065824508666992,00006f0600182000,0.0705718994140625,0000000000400000,2.526998519897461,1551,23.15235137939453,ffffffffffffffff,0,0,0x02051081
34.086354,2026-09-14T21:15:57.723000-06:00,0x02051081,0.20000000298023224,19.156694412231445,1556,2,23.576974868774414,cdcc4c3e00000000,,,,,0,0.0,,0.0,12.065934065934023,0.0,24,0.1533031463623047,00006f0600182000,117.14696884155273,0000000000400000,19.546985626220703,1556,23.15235137939453,ffffffffffffffff,0,0,0x02051081
34.186836,2026-09-14T21:15:57.823482-06:00,0x02051081,0.20000000298023224,19.665002822875977,1561,2,23.576974868774414,cdcc4c3e00000000,,,,,0,0.0,,0.0,12.065934065934023,0.0,24,0.6275177001953125,00006f0600182000,217.62943267822266,0000000000400000,0.06198883056640625,1562,23.15235137939453,ffffffffffffffff,0,0,0x02051081
34.286857,2026-09-14T21:15:57.923504-06:00,0x02051081,0.20000000298023224,19.548892974853516,1566,2,23.576974868774414,cdcc4c3e00000000,,,,,0,0.0,,0.0,12.058608058608016,0.0,24,0.6337165832519531,00006e0600182000,67.69275665283203,0000000000400000,0.04887580871582031,1567,23.15235137939453,ffffffffffffffff,0,0,0x02051081
34.387215,2026-09-14T21:15:58.023861-06:00,0x02051081,0.20000000298023224,0.04982948303222656,1572,2,23.576974868774414,cdcc4c3e00000000,,,,,0,0.0,,0.0,12.065934065934023,0.0,24,1.0061264038085938,00006f0600182000,168.05028915405273,0000000000400000,0.43392181396484375,1572,23.15235137939453,ffffffffffffffff,0,0,0x02051081
34.506309,2026-09-14T21:15:58.142955-06:00,0x02051081,0.20000000298023224,19.153356552124023,1577,2,23.576974868774414,cdcc4c3e00000000,,,,,0,0.0,,0.0,12.065934065934023,0.0,24,0.09417533874511719,00006f0600182000,37.13798522949219,0000000000400000,19.535303115844727,1577,23.15235137939453,ffffffffffffffff,0,0,0x02051081
34.606856,2026-09-14T21:15:58.243502-06:00,0x02051081,0.20000000298023224,19.590139389038086,1582,2,23.576974868774414,cdcc4c3e00000000,,,,,0,0.0,,0.0,12.065934065934023,0.0,24,0.6496906280517578,00006f0600182000,137.68506050109863,0000000000400000,0.07009506225585938,1583,23.15235137939453,ffffffffffffffff,0,0,0x02051081
34.706876,2026-09-14T21:15:58.343522-06:00,0x02051081,0.20000000298023224,19.71888542175293,1587,2,23.576974868774414,cdcc4c3e00000000,,,,,0,0.0,,0.0,12.065934065934023,0.0,24,0.5156993865966797,00006f0600182000,237.70523071289062,0000000000400000,0.05221366882324219,1588,23.15235137939453,ffffffffffffffff,0,0,0x02051081
34.806897,2026-09-14T21:15:58.443543-06:00,0x02051081,0.20000000298023224,19.72174644470215,1592,2,23.576974868774414,cdcc4c3e00000000,,,,,0,0.0,,0.0,12.065934065934023,0.0,24,0.7164478302001953,00006f0600182000,87.73517608642578,0000000000400000,0.05555152893066406,1593,23.15235137939453,ffffffffffffffff,0,0,0x02051081
34.90726,2026-09-14T21:15:58.543906-06:00,0x02051081,0.20000000298023224,0.041484832763671875,1598,2,23.576974868774414,cdcc4c3e00000000,,,,,0,0.0,,0.0,12.065934065934023,0.0,24,1.0809898376464844,00006f0600182000,188.09795379638672,0000000000400000,0.4279613494873047,1598,23.15235137939453,ffffffffffffffff,0,0,0x02051081
35.026226,2026-09-14T21:15:58.662872-06:00,0x02051081,0.20000000298023224,19.044160842895508,1603,2,23.576974868774414,cdcc4c3e00000000,,,,,0,0.0,,0.0,12.065934065934023,0.0,24,0.06508827209472656,00006f0600182000,57.06214904785156,0000000000400000,19.426345825195312,1603,23.15235137939453,ffffffffffffffff,0,0,0x02051081
35.126243,2026-09-14T21:15:58.762889-06:00,0x02051081,0.20000000298023224,19.06752586364746,1608,2,23.576974868774414,cdcc4c3e00000000,,,,,0,0.0,,0.0,12.065934065934023,0.0,24,0.035762786865234375,00006f0600182000,157.07921981811523,0000000000400000,19.448280334472656,1608,23.15235137939453,ffffffffffffffff,0,0,0x02051081
35.226279,2026-09-14T21:15:58.862924-06:00,0x02051081,0.20000000298023224,19.106626510620117,1613,2,23.576974868774414,cdcc4c3e00000000,,,,,0,0.0,,0.0,12.065934065934023,0.0,24,0.10967254638671875,00006f0600182000,7.123231887817383,0000000000400000,19.489288330078125,1613,23.15235137939453,ffffffffffffffff,0,0,0x02051081
35.326311,2026-09-14T21:15:58.962957-06:00,0x02051081,0.20000000298023224,19.034862518310547,1618,2,23.576974868774414,cdcc4c3e00000000,,,,,0,0.0,,0.0,12.065934065934023,0.0,24,0.10800361633300781,00006f0600182000,107.15603828430176,0000000000400000,19.409894943237305,1618,23.15235137939453,ffffffffffffffff,0,0,0x02051081
35.426321,2026-09-14T21:15:59.062967-06:00,0x02051081,0.20000000298023224,19.130706787109375,1623,2,23.576974868774414,cdcc4c3e00000000,,,,,0,0.0,,0.0,12.065934065934023,0.0,24,0.10204315185546875,00006f0600182000,207.16595649719238,0000000000400000,19.509077072143555,1623,23.15235137939453,ffffffffffffffff,0,0,0x02051081
35.526824,2026-09-14T21:15:59.163470-06:00,0x02051081,0.20000000298023224,19.64259147644043,1628,2,23.576974868774414,cdcc4c3e00000000,,,,,0,0.0,,0.0,12.065934065934023,0.0,24,0.6322860717773438,00006f0600182000,57.62958526611328,0000000000400000,0.039577484130859375,1629,23.15235137939453,ffffffffffffffff,0,0,0x02051081
35.627198,2026-09-14T21:15:59.263844-06:00,0x02051081,0.20000000298023224,0.031948089599609375,1634,2,23.576974868774414,cdcc4c3e00000000,,,,,0,0.0,,0.0,12.065934065934023,0.0,24,1.004934310913086,00006f0600182000,158.003568649292,0000000000400000,0.41484832763671875,1634,23.15235137939453,ffffffffffffffff,0,0,0x02051081
35.727217,2026-09-14T21:15:59.363863-06:00,0x02051081,0.20000000298023224,0.03361701965332031,1639,2,23.576974868774414,cdcc4c3e00000000,,,,,0,0.0,,0.0,12.065934065934023,0.0,24,0.9136199951171875,00006f0600182000,8.064985275268555,0000000000400000,0.42366981506347656,1639,23.15235137939453,ffffffffffffffff,0,0,0x02051081
35.846229,2026-09-14T21:15:59.482875-06:00,0x02051081,0.20000000298023224,19.07062530517578,1644,2,23.576974868774414,cdcc4c3e00000000,,,,,0,0.0,,0.0,12.065934065934023,0.0,24,0.03504753112792969,00006f0600182000,127.07662582397461,0000000000400000,19.45328712463379,1644,23.15235137939453,ffffffffffffffff,0,0,0x02051081
35.946801,2026-09-14T21:15:59.583447-06:00,0x02051081,0.20000000298023224,19.64545249938965,1649,2,23.576974868774414,cdcc4c3e00000000,,,,,0,0.0,,0.0,12.058608058608016,0.0,24,0.652313232421875,00006e0600182000,227.64849662780762,0000000000400000,0.03147125244140625,1650,23.15235137939453,ffffffffffffffff,0,0,0x02051081
36.046835,2026-09-14T21:15:59.683481-06:00,0x02051081,0.20000000298023224,19.61207389831543,1654,2,23.576974868774414,cdcc4c3e00000000,,,,,0,0.0,,0.0,12.065934065934023,0.0,24,0.6816387176513672,00006f0600182000,77.68726348876953,0000000000400000,0.05054473876953125,1655,23.15235137939453,ffffffffffffffff,0,0,0x02051081
36.146843,2026-09-14T21:15:59.783489-06:00,0x02051081,0.20000000298023224,19.637346267700195,1659,2,23.576974868774414,cdcc4c3e00000000,,,,,0,0.0,,0.0,12.07326007326003,0.0,24,0.5445480346679688,0000700600182000,177.69575119018555,0000000000400000,0.033855438232421875,1660,23.15235137939453,ffffffffffffffff,0,0,0x02051081
36.246873,2026-09-14T21:15:59.883519-06:00,0x02051081,0.20000000298023224,19.701480865478516,1664,2,23.576974868774414,cdcc4c3e00000000,,,,,0,0.0,,0.0,12.058608058608016,0.0,24,0.6816387176513672,00006e0600182000,27.69017219543457,0000000000400000,0.056743621826171875,1665,23.15235137939453,ffffffffffffffff,0,0,0x02051081
36.347185,2026-09-14T21:15:59.983831-06:00,0x02051081,0.20000000298023224,0.027894973754882812,1670,2,23.576974868774414,cdcc4c3e00000000,,,,,0,0.0,,0.0,12.058608058608016,0.0,24,1.0044574737548828,00006e0600182000,128.00192832946777,0000000000400000,0.40531158447265625,1670,23.15235137939453,ffffffffffffffff,0,0,0x02051081
36.447225,2026-09-14T21:16:00.083871-06:00,0x02051081,0.20000000298023224,0.03314018249511719,1675,2,23.576974868774414,cdcc4c3e00000000,,,,,0,0.0,,0.0,12.065934065934023,0.0,24,1.0190010070800781,00006f0600182000,228.0421257019043,0000000000400000,0.4203319549560547,1675,23.15235137939453,ffffffffffffffff,0,0,0x02051081
36.547243,2026-09-14T21:16:00.183889-06:00,0x02051081,0.20000000298023224,0.034809112548828125,1680,2,23.576974868774414,cdcc4c3e00000000,,,,,0,0.0,,0.0,12.058608058608016,0.0,24,1.0433197021484375,00006e0600182000,78.0637264251709,0000000000400000,0.42247772216796875,1680,23.15235137939453,ffffffffffffffff,0,0,0x02051081
36.66628,2026-09-14T21:16:00.302926-06:00,0x02051081,0.20000000298023224,19.104480743408203,1685,2,23.576974868774414,cdcc4c3e00000000,,,,,0,0.0,,0.0,12.07326007326003,0.0,24,0.09751319885253906,0000700600182000,197.10111618041992,0000000000400000,19.489288330078125,1685,23.15235137939453,ffffffffffffffff,0,0,0x02051081
36.766856,2026-09-14T21:16:00.403503-06:00,0x02051081,0.20000000298023224,19.696712493896484,1690,2,23.576974868774414,cdcc4c3e00000000,,,,,0,0.0,,0.0,12.065934065934023,0.0,24,0.7140636444091797,00006f0600182000,47.71900177001953,0000000000400000,0.05221366882324219,1691,23.15235137939453,ffffffffffffffff,0,0,0x02051081
36.866878,2026-09-14T21:16:00.503524-06:00,0x02051081,0.20000000298023224,19.709110260009766,1695,2,23.576974868774414,cdcc4c3e00000000,,,,,0,0.0,,0.0,12.065934065934023,0.0,24,0.5803108215332031,00006f0600182000,147.74060249328613,0000000000400000,0.0591278076171875,1696,23.15235137939453,ffffffffffffffff,0,0,0x02051081
36.96721,2026-09-14T21:16:00.603856-06:00,0x02051081,0.20000000298023224,0.0514984130859375,1701,2,23.576974868774414,cdcc4c3e00000000,,,,,0,0.0,,0.0,12.065934065934023,0.0,24,1.0714530944824219,00006f0600182000,248.07262420654297,0000000000400000,0.4360675811767578,1701,23.15235137939453,ffffffffffffffff,0,0,0x02051081
37.086206,2026-09-14T21:16:00.722852-06:00,0x02051081,0.20000000298023224,19.05035972595215,1706,2,23.576974868774414,cdcc4c3e00000000,,,,,0,0.0,,0.0,12.065934065934023,0.0,24,0.06651878356933594,00006f0600182000,117.0661449432373,0000000000400000,19.434690475463867,1706,23.15235137939453,ffffffffffffffff,0,0,0x02051081
37.186235,2026-09-14T21:16:00.822881-06:00,0x02051081,0.20000000298023224,19.067049026489258,1711,2,23.576974868774414,cdcc4c3e00000000,,,,,0,0.0,,0.0,12.058608058608016,0.0,24,0.06222724914550781,00006e0600182000,217.09585189819336,0000000000400000,19.452333450317383,1711,23.15235137939453,ffffffffffffffff,0,0,0x02051081
37.286248,2026-09-14T21:16:00.922894-06:00,0x02051081,0.20000000298023224,19.07658576965332,1716,2,23.576974868774414,cdcc4c3e00000000,,,,,0,0.0,,0.0,12.065934065934023,0.0,24,0.06198883056640625,00006f0600182000,67.11220741271973,0000000000400000,19.461870193481445,1716,23.15235137939453,ffffffffffffffff,0,0,0x02051081
37.386262,2026-09-14T21:16:01.022908-06:00,0x02051081,0.20000000298023224,19.008874893188477,1721,2,23.576974868774414,cdcc4c3e00000000,,,,,0,0.0,,0.0,12.065934065934023,0.0,24,0.09179115295410156,00006f0600182000,167.12641716003418,0000000000400000,19.400835037231445,1721,23.15235137939453,ffffffffffffffff,0,0,0x02051081
37.486838,2026-09-14T21:16:01.123484-06:00,0x02051081,0.20000000298023224,19.638538360595703,1726,2,23.576974868774414,cdcc4c3e00000000,,,,,0,0.0,,0.0,12.058608058608016,0.0,24,0.6670951843261719,00006e0600182000,17.708539962768555,0000000000400000,0.05173683166503906,1727,23.15235137939453,ffffffffffffffff,0,0,0x02051081
37.587211,2026-09-14T21:16:01.223857-06:00,0x02051081,0.20000000298023224,0.05125999450683594,1732,2,23.576974868774414,cdcc4c3e00000000,,,,,0,0.0,,0.0,12.058608058608016,0.0,24,1.024484634399414,00006e0600182000,118.08180809020996,0000000000400000,0.43654441833496094,1732,23.15235137939453,ffffffffffffffff,0,0,0x02051081
37.706386,2026-09-14T21:16:01.343032-06:00,0x02051081,0.20000000298023224,19.226789474487305,1737,2,23.576974868774414,cdcc4c3e00000000,,,,,0,0.0,,0.0,12.065934065934023,0.0,24,0.10251998901367188,00006f0600182000,237.2567653656006,0000000000400000,19.611358642578125,1737,23.15235137939453,ffffffffffffffff,0,0,0x02051081
37.806839,2026-09-14T21:16:01.443485-06:00,0x02051081,0.20000000298023224,19.672632217407227,1742,2,23.576974868774414,cdcc4c3e00000000,,,,,0,0.0,,0.0,12.058608058608016,0.0,24,0.7033348083496094,00006e0600182000,87.66913414001465,0000000000400000,0.05745887756347656,1743,23.15235137939453,ffffffffffffffff,0,0,0x02051081
37.906876,2026-09-14T21:16:01.543522-06:00,0x02051081,0.20000000298023224,19.720792770385742,1747,2,23.576974868774414,cdcc4c3e00000000,,,,,0,0.0,,0.0,12.065934065934023,0.0,24,0.7295608520507812,00006f0600182000,187.70599365234375,0000000000400000,0.05602836608886719,1748,23.15235137939453,ffffffffffffffff,0,0,0x02051081
38.007212,2026-09-14T21:16:01.643858-06:00,0x02051081,0.20000000298023224,0.05221366882324219,1753,2,23.576974868774414,cdcc4c3e00000000,,,,,0,0.0,,0.0,12.07326007326003,0.0,24,0.9253025054931641,0000700600182000,38.0856990814209,0000000000400000,0.43845176696777344,1753,23.15235137939453,ffffffffffffffff,0,0,0x02051081
38.107235,2026-09-14T21:16:01.743881-06:00,0x02051081,0.20000000298023224,0.05364418029785156,1758,2,23.576974868774414,cdcc4c3e00000000,,,,,0,0.0,,0.0,12.065934065934023,0.0,24,1.0688304901123047,00006f0600182000,138.1087303161621,0000000000400000,0.4374980926513672,1758,23.15235137939453,ffffffffffffffff,0,0,0x02051081
38.21935,2026-09-14T21:16:01.855995-06:00,0x02051081,0.20000000298023224,12.17794418334961,1763,2,23.576974868774414,cdcc4c3e00000000,,,,,0,0.0,,0.0,12.065934065934023,0.0,24,13.217926025390625,00006f0600182000,0.1614093780517578,0000000000400000,12.564420700073242,1763,23.15235137939453,ffffffffffffffff,0,0,0x02051081
38.32628,2026-09-14T21:16:01.962926-06:00,0x02051081,0.20000000298023224,19.102811813354492,1768,2,23.576974868774414,cdcc4c3e00000000,,,,,0,0.0,,0.0,12.065934065934023,0.0,24,0.13947486877441406,00006f0600182000,107.09261894226074,0000000000400000,19.486427307128906,1768,23.15235137939453,ffffffffffffffff,0,0,0x02051081
38.426332,2026-09-14T21:16:02.062978-06:00,0x02051081,0.20000000298023224,19.157886505126953,1773,2,23.576974868774414,cdcc4c3e00000000,,,,,0,0.0,,0.0,12.065934065934023,0.0,24,0.14328956604003906,00006f0600182000,207.14426040649414,0000000000400000,19.542455673217773,1773,23.15235137939453,ffffffffffffffff,0,0,0x02051081
38.526855,2026-09-14T21:16:02.163501-06:00,0x02051081,0.20000000298023224,19.666433334350586,1778,2,23.576974868774414,cdcc4c3e00000000,,,,,0,0.0,,0.0,12.065934065934023,0.0,24,0.7348060607910156,00006f0600182000,57.73472785949707,0000000000400000,0.05459785461425781,1779,23.15235137939453,ffffffffffffffff,0,0,0x02051081
38.627226,2026-09-14T21:16:02.263872-06:00,0x02051081,0.20000000298023224,0.03552436828613281,1784,2,23.576974868774414,cdcc4c3e00000000,,,,,0,0.0,,0.0,12.058608058608016,0.0,24,1.0657310485839844,00006e0600182000,158.10561180114746,0000000000400000,0.42128562927246094,1784,23.15235137939453,ffffffffffffffff,0,0,0x02051081
38.746154,2026-09-14T21:16:02.382800-06:00,0x02051081,0.20000000298023224,18.996000289916992,1789,2,23.576974868774414,cdcc4c3e00000000,,,,,0,0.0,,0.0,12.058608058608016,0.0,24,0.03600120544433594,00006e0600182000,27.040481567382812,0000000000400000,19.379854202270508,1789,23.15235137939453,ffffffffffffffff,0,0,0x02051081
38.846307,2026-09-14T21:16:02.482953-06:00,0x02051081,0.20000000298023224,19.127368927001953,1794,2,23.576974868774414,cdcc4c3e00000000,,,,,0,0.0,,0.0,12.07326007326003,0.0,24,0.036716461181640625,0000700600182000,127.19368934631348,0000000000400000,19.512653350830078,1794,23.15235137939453,ffffffffffffffff,0,0,0x02051081
38.946858,2026-09-14T21:16:02.583504-06:00,0x02051081,0.20000000298023224,19.65808868408203,1799,2,23.576974868774414,cdcc4c3e00000000,,,,,0,0.0,,0.0,12.058608058608016,0.0,24,0.7023811340332031,00006e0600182000,227.74481773376465,0000000000400000,0.05507469177246094,1800,23.15235137939453,ffffffffffffffff,0,0,0x02051081
39.04687,2026-09-14T21:16:02.683516-06:00,0x02051081,0.20000000298023224,19.682884216308594,1804,2,23.576974868774414,cdcc4c3e00000000,,,,,0,0.0,,0.0,12.058608058608016,0.0,24,0.7076263427734375,00006e0600182000,77.71801948547363,0000000000400000,0.05602836608886719,1805,23.15235137939453,ffffffffffffffff,0,0,0x02051081
39.147224,2026-09-14T21:16:02.783870-06:00,0x02051081,0.20000000298023224,0.03814697265625,1810,2,23.576974868774414,cdcc4c3e00000000,,,,,0,0.0,,0.0,12.065934065934023,0.0,24,0.9620189666748047,00006f0600182000,178.07269096374512,0000000000400000,0.42128562927246094,1810,23.15235137939453,ffffffffffffffff,0,0,0x02051081
39.247241,2026-09-14T21:16:02.883887-06:00,0x02051081,0.20000000298023224,0.03910064697265625,1815,2,23.576974868774414,cdcc4c3e00000000,,,,,0,0.0,,0.0,12.065934065934023,0.0,24,1.1239051818847656,00006f0600182000,28.125286102294922,0000000000400000,0.42438507080078125,1815,23.15235137939453,ffffffffffffffff,0,0,0x02051081
39.366223,2026-09-14T21:16:03.002869-06:00,0x02051081,0.20000000298023224,19.069433212280273,1820,2,23.576974868774414,cdcc4c3e00000000,,,,,0,0.0,,0.0,12.065934065934023,0.0,24,0.06818771362304688,00006f0600182000,147.10688591003418,0000000000400000,19.437313079833984,1820,23.15235137939453,ffffffffffffffff,0,0,0x02051081
39.466828,2026-09-14T21:16:03.103475-06:00,0x02051081,0.20000000298023224,19.577741622924805,1825,2,23.576974868774414,cdcc4c3e00000000,,,,,0,0.0,,0.0,12.065934065934023,0.0,24,0.6818771362304688,00006f0600182000,247.7128505706787,0000000000400000,0.034332275390625,1826,23.15235137939453,ffffffffffffffff,0,0,0x02051081
39.566867,2026-09-14T21:16:03.203513-06:00,0x02051081,0.20000000298023224,19.680261611938477,1830,2,23.576974868774414,cdcc4c3e00000000,,,,,0,0.0,,0.0,12.065934065934023,0.0,24,0.5934238433837891,00006f0600182000,97.76091575622559,0000000000400000,0.057697296142578125,1831,23.15235137939453,ffffffffffffffff,0,0,0x02051081
39.666873,2026-09-14T21:16:03.303519-06:00,0x02051081,0.20000000298023224,19.678831100463867,1835,2,23.576974868774414,cdcc4c3e00000000,,,,,0,0.0,,0.0,12.065934065934023,0.0,24,0.762939453125,00006f0600182000,197.7670192718506,0000000000400000,0.056743621826171875,1836,23.15235137939453,ffffffffffffffff,0,0,0x02051081
39.767228,2026-09-14T21:16:03.403874-06:00,0x02051081,0.20000000298023224,0.03910064697265625,1841,2,23.576974868774414,cdcc4c3e00000000,,,,,0,0.0,,0.0,12.065934065934023,0.0,24,1.127004623413086,00006f0600182000,48.12812805175781,0000000000400000,0.4222393035888672,1841,23.15235137939453,ffffffffffffffff,0,0,0x02051081
39.867255,2026-09-14T21:16:03.503901-06:00,0x02051081,0.20000000298023224,0.05269050598144531,1846,2,23.576974868774414,cdcc4c3e00000000,,,,,0,0.0,,0.0,12.065934065934023,0.0,24,1.0023117065429688,00006f0600182000,148.15449714660645,0000000000400000,0.45228004455566406,1846,23.15235137939453,ffffffffffffffff,0,0,0x02051081
39.969181,2026-09-14T21:16:03.605827-06:00,0x02051081,0.20000000298023224,1.9817352294921875,1851,2,23.576974868774414,cdcc4c3e00000000,,,,,0,0.0,,0.0,12.058608058608016,0.0,24,3.040313720703125,00006e0600182000,0.038623809814453125,0000000000400000,2.3653507232666016,1851,23.15235137939453,ffffffffffffffff,0,0,0x02051081
40.006171,2026-09-14T21:16:03.642817-06:00,0x02051081,0.20000000298023224,18.978357315063477,1852,2,23.576974868774414,cdcc4c3e00000000,,,,,0,0.0,,0.0,12.065934065934023,0.0,24,0.06437301635742188,00006f0600182000,37.02855110168457,0000000000400000,19.362688064575195,1852,23.15235137939453,ffffffffffffffff,0,0,0x02051081
