elapsed_s,wall_time,reference_id,sp_can_unconfirmed,reference_valid_age_ms,reference_count,reference_payload_changes,reference_max_gap_ms,reference_raw,position,delta_position_from_first_sample,velocity,status2_valid_age_ms,status2_count,status2_max_gap_ms,status2_raw,applied_output,bus_voltage_V,motor_current_A,temperature_C,status0_valid_age_ms,status0_raw,status1_age_ms,status1_raw,heartbeat_age_ms,heartbeat_count,heartbeat_max_gap_ms,heartbeat_raw,invalid_frame_count,error_frame_count,candidate_reference_ids
0.010729,2026-09-14T20:53:36.533246-06:00,0x02051081,,,0,0,0.0,,,,,,0,0.0,,,,,,,,,,,0,0.0,,0,0,
0.116591,2026-09-14T20:53:36.639109-06:00,0x02051081,100.0,14.194011688232422,5,0,20.006656646728516,0000c84200000000,0.00043333336361683905,0.0,8.678436635989328e-09,12.119054794311523,5,20.054340362548828,2b1815320531e339,0.0,12.043956043956001,0.0,24,0.11682510375976562,00006c0600182000,38.05804252624512,0000000000400000,14.576911926269531,5,20.013093948364258,ffffffffffffffff,0,0,0x02051081
0.22201,2026-09-14T20:53:36.744529-06:00,0x02051081,100.0,19.608259201049805,10,0,20.10941505432129,0000c84200000000,0.00043333336361683905,0.0,8.678436635989328e-09,17.585039138793945,10,20.054340362548828,2b1815320531e339,0.0,12.036630036629994,0.0,24,5.57255744934082,00006b0600182000,143.4779167175293,0000000000400000,0.034809112548828125,11,20.082950592041016,ffffffffffffffff,0,0,0x02051081
0.322137,2026-09-14T20:53:36.844655-06:00,0x02051081,100.0,19.765138626098633,15,0,20.10941505432129,0000c84200000000,0.00043333336361683905,0.0,8.678436635989328e-09,17.661571502685547,15,20.054340362548828,2b1815320531e339,0.0,12.036630036629994,0.0,24,5.6476593017578125,00006b0600182000,243.60394477844238,0000000000400000,0.10895729064941406,16,20.082950592041016,ffffffffffffffff,0,0,0x02051081
0.422385,2026-09-14T20:53:36.944904-06:00,0x02051081,100.0,0.030994415283203125,21,0,20.10941505432129,0000c84200000000,0.00043333336361683905,0.0,8.678436635989328e-09,17.965078353881836,20,20.054340362548828,2b1815320531e339,0.0,12.029304029303987,0.0,24,5.955934524536133,00006a0600182000,93.90640258789062,0000000000400000,0.41556358337402344,21,20.082950592041016,ffffffffffffffff,0,0,0x02051081
0.522418,2026-09-14T20:53:37.044936-06:00,0x02051081,100.0,0.03790855407714844,26,0,20.12920379638672,0000c84200000000,0.00043333336361683905,0.0,8.678436635989328e-09,17.943620681762695,25,20.055055618286133,2b1815320531e339,0.0,12.02197802197798,0.0,24,5.934238433837891,0000690600182000,193.9387321472168,0000000000400000,0.4279613494873047,26,20.115137100219727,ffffffffffffffff,0,0,0x02051081
0.622434,2026-09-14T20:53:37.144953-06:00,0x02051081,100.0,0.03218650817871094,31,0,20.12920379638672,0000c84200000000,0.00043333336361683905,0.0,8.678436635989328e-09,18.01133155822754,30,20.055055618286133,2b1815320531e339,0.0,12.036630036629994,0.0,24,5.958080291748047,00006b0600182000,43.955087661743164,0000000000400000,0.4222393035888672,31,20.115137100219727,ffffffffffffffff,0,0,0x02051081
0.724451,2026-09-14T20:53:37.246970-06:00,0x02051081,100.0,2.055644989013672,36,0,20.12920379638672,0000c84200000000,0.00043333336361683905,0.0,8.678436635989328e-09,0.032901763916015625,36,20.055055618286133,2b1815320531e339,0.0,12.029304029303987,0.0,24,7.942914962768555,00006a0600182000,145.97249031066895,0000000000400000,2.4366378784179688,36,20.115137100219727,ffffffffffffffff,0,0,0x02051081
0.828511,2026-09-14T20:53:37.351030-06:00,0x02051081,100.0,6.119251251220703,41,0,20.12920379638672,0000c84200000000,0.00043333336361683905,0.0,8.678436635989328e-09,4.09698486328125,41,20.055055618286133,2b1815320531e339,0.0,12.02197802197798,0.0,24,12.08639144897461,0000690600182000,0.03457069396972656,0000000000400000,6.500959396362305,41,20.115137100219727,ffffffffffffffff,0,0,0x02051081
0.930575,2026-09-14T20:53:37.453094-06:00,0x02051081,100.0,6.710529327392578,46,0,21.462440490722656,0000c84200000000,0.00043333336361683905,0.0,8.678436635989328e-09,6.108760833740234,46,20.055055618286133,2b1815320531e339,0.0,12.051282051282008,0.0,24,14.148950576782227,00006d0600182000,102.09822654724121,0000000000400000,8.53872299194336,46,20.115137100219727,ffffffffffffffff,0,0,0x02051081
1.036486,2026-09-14T20:53:37.559005-06:00,0x02051081,100.0,14.099359512329102,51,0,21.462440490722656,0000c84200000000,0.00043333336361683905,0.0,8.678436635989328e-09,12.071609497070312,51,20.055055618286133,2b1815320531e339,0.0,12.051282051282008,0.0,24,0.06651878356933594,00006d0600182000,208.0094814300537,0000000000400000,14.483213424682617,51,20.115137100219727,ffffffffffffffff,0,0,0x02051081
1.136531,2026-09-14T20:53:37.659050-06:00,0x02051081,100.0,11.968374252319336,56,0,22.185325622558594,0000c84200000000,0.00043333336361683905,0.0,8.678436635989328e-09,12.068033218383789,56,20.06673812866211,2b1815320531e339,0.0,12.043956043956001,0.0,24,0.06365776062011719,00006c0600182000,58.11142921447754,0000000000400000,12.4664306640625,56,22.072315216064453,ffffffffffffffff,0,0,0x02051081
1.242076,2026-09-14T20:53:37.764594-06:00,0x02051081,100.0,19.67620849609375,61,0,22.185325622558594,0000c84200000000,0.00043333336361683905,0.0,8.678436635989328e-09,17.617464065551758,61,20.06673812866211,2b1815320531e339,0.0,12.058608058608016,0.0,24,5.65791130065918,00006e0600182000,163.65599632263184,0000000000400000,0.07843971252441406,62,22.072315216064453,ffffffffffffffff,0,0,0x02051081
1.342436,2026-09-14T20:53:37.864955-06:00,0x02051081,100.0,0.03361701965332031,67,0,22.185325622558594,0000c84200000000,0.00043333336361683905,0.0,8.678436635989328e-09,17.97771453857422,66,20.06673812866211,2b1815320531e339,0.0,12.095238095238052,0.0,24,6.019353866577148,0000730600182000,14.023542404174805,0000000000400000,0.41675567626953125,67,22.072315216064453,ffffffffffffffff,0,0,0x02051081
1.442488,2026-09-14T20:53:37.965006-06:00,0x02051081,100.0,0.04100799560546875,72,0,22.185325622558594,0000c84200000000,0.00043333336361683905,0.0,8.678436635989328e-09,18.03421974182129,71,20.069360733032227,2b1815320531e339,0.0,12.10256410256406,0.0,24,6.013393402099609,0000740600182000,114.0751838684082,0000000000400000,0.43392181396484375,72,22.072315216064453,ffffffffffffffff,0,0,0x02051081
1.544492,2026-09-14T20:53:38.067011-06:00,0x02051081,100.0,2.084970474243164,77,0,22.185325622558594,0000c84200000000,0.00043333336361683905,0.0,8.678436635989328e-09,0.08559226989746094,77,20.069360733032227,2b1815320531e339,0.0,12.117216117216074,0.0,24,8.081197738647461,0000760600182000,216.0797119140625,0000000000400000,2.4700164794921875,77,22.072315216064453,ffffffffffffffff,0,0,0x02051081
1.650481,2026-09-14T20:53:38.172999-06:00,0x02051081,100.0,8.064985275268555,82,0,22.185325622558594,0000c84200000000,0.00043333336361683905,0.0,8.678436635989328e-09,6.075382232666016,82,20.069360733032227,2b1815320531e339,0.0,12.146520146520103,0.0,24,14.068126678466797,00007a0600182000,72.0210075378418,0000000000400000,8.448123931884766,82,22.072315216064453,ffffffffffffffff,0,0,0x02051081
1.750537,2026-09-14T20:53:38.273055-06:00,0x02051081,100.0,8.026838302612305,87,0,22.185325622558594,0000c84200000000,0.00043333336361683905,0.0,8.678436635989328e-09,6.08372688293457,87,20.069360733032227,2b1815320531e339,0.0,12.131868131868089,0.0,24,14.12510871887207,0000780600182000,172.07717895507812,0000000000400000,8.43048095703125,87,22.072315216064453,ffffffffffffffff,0,0,0x02051081
1.856525,2026-09-14T20:53:38.379044-06:00,0x02051081,100.0,14.137506484985352,92,0,22.185325622558594,0000c84200000000,0.00043333336361683905,0.0,8.678436635989328e-09,12.071371078491211,92,20.069360733032227,2b1815320531e339,0.0,12.065934065934023,0.0,24,0.062465667724609375,00006f0600182000,28.116226196289062,0000000000400000,14.524698257446289,92,22.072315216064453,ffffffffffffffff,0,0,0x02051081
1.962099,2026-09-14T20:53:38.484617-06:00,0x02051081,100.0,19.68097686767578,97,0,22.185325622558594,0000c84200000000,0.00043333336361683905,0.0,8.678436635989328e-09,17.69709587097168,97,20.0958251953125,2b1815320531e339,0.0,12.058608058608016,0.0,24,5.637884140014648,00006e0600182000,133.68988037109375,0000000000400000,0.08368492126464844,98,22.072315216064453,ffffffffffffffff,0,0,0x02051081
2.062411,2026-09-14T20:53:38.584929-06:00,0x02051081,100.0,0.03647804260253906,103,0,22.185325622558594,0000c84200000000,0.00043333336361683905,0.0,8.678436635989328e-09,17.964601516723633,102,20.0958251953125,2b1815320531e339,0.0,12.065934065934023,0.0,24,5.951642990112305,00006f0600182000,234.00163650512695,0000000000400000,0.41747093200683594,103,22.072315216064453,ffffffffffffffff,0,0,0x02051081
2.162429,2026-09-14T20:53:38.684947-06:00,0x02051081,100.0,0.03528594970703125,108,0,22.185325622558594,0000c84200000000,0.00043333336361683905,0.0,8.678436635989328e-09,18.02802085876465,107,20.0958251953125,2b1815320531e339,0.0,12.043956043956001,0.0,24,6.021738052368164,00006c0600182000,83.96196365356445,0000000000400000,0.4172325134277344,108,22.072315216064453,ffffffffffffffff,0,0,0x02051081
2.264429,2026-09-14T20:53:38.786948-06:00,0x02051081,100.0,2.0723342895507812,113,0,22.185325622558594,0000c84200000000,0.00043333336361683905,0.0,8.678436635989328e-09,0.034809112548828125,113,20.0958251953125,2b1815320531e339,0.0,12.036630036629994,0.0,24,8.026123046875,00006b0600182000,185.96220016479492,0000000000400000,2.4573802947998047,113,22.072315216064453,ffffffffffffffff,0,0,0x02051081
2.364538,2026-09-14T20:53:38.887056-06:00,0x02051081,100.0,2.1424293518066406,118,0,22.185325622558594,0000c84200000000,0.00043333336361683905,0.0,8.678436635989328e-09,0.09202957153320312,118,20.0958251953125,2b1815320531e339,0.0,12.036630036629994,0.0,24,8.046388626098633,00006b0600182000,36.08250617980957,0000000000400000,2.521991729736328,118,22.072315216064453,ffffffffffffffff,0,0,0x02051081
2.470499,2026-09-14T20:53:38.993018-06:00,0x02051081,100.0,8.09335708618164,123,0,22.185325622558594,0000c84200000000,0.00043333336361683905,0.0,8.678436635989328e-09,6.109952926635742,123,20.0958251953125,2b1815320531e339,0.0,12.02197802197798,0.0,24,14.086008071899414,0000690600182000,142.0440673828125,0000000000400000,8.47768783569336,123,22.072315216064453,ffffffffffffffff,0,0,0x02051081
2.570529,2026-09-14T20:53:39.093048-06:00,0x02051081,100.0,8.090734481811523,128,0,22.185325622558594,0000c84200000000,0.00043333336361683905,0.0,8.678436635989328e-09,6.136894226074219,128,20.0958251953125,2b1815320531e339,0.0,12.02197802197798,0.0,24,14.07480239868164,0000690600182000,242.07425117492676,0000000000400000,8.477449417114258,128,22.072315216064453,ffffffffffffffff,0,0,0x02051081
2.676487,2026-09-14T20:53:39.199006-06:00,0x02051081,100.0,14.108896255493164,133,0,22.185325622558594,0000c84200000000,0.00043333336361683905,0.0,8.678436635989328e-09,12.098550796508789,133,20.0958251953125,2b1815320531e339,0.0,12.02197802197798,0.0,24,0.03719329833984375,0000690600182000,98.03557395935059,0000000000400000,14.494180679321289,133,22.072315216064453,ffffffffffffffff,0,0,0x02051081
2.776506,2026-09-14T20:53:39.299024-06:00,0x02051081,100.0,13.90981674194336,138,0,22.185325622558594,0000c84200000000,0.00043333336361683905,0.0,8.678436635989328e-09,12.102365493774414,138,20.0958251953125,2b1815320531e339,0.0,12.043956043956001,0.0,24,0.09298324584960938,00006c0600182000,198.05383682250977,0000000000400000,14.34469223022461,138,22.072315216064453,ffffffffffffffff,0,0,0x02051081
2.882042,2026-09-14T20:53:39.404561-06:00,0x02051081,100.0,19.667625427246094,143,0,22.185325622558594,0000c84200000000,0.00043333336361683905,0.0,8.678436635989328e-09,17.645597457885742,143,20.0958251953125,2b1815320531e339,0.0,12.029304029303987,0.0,24,5.598545074462891,00006a0600182000,53.648948669433594,0000000000400000,0.04029273986816406,144,22.072315216064453,ffffffffffffffff,0,0,0x02051081
2.982401,2026-09-14T20:53:39.504920-06:00,0x02051081,100.0,0.03147125244140625,149,0,22.185325622558594,0000c84200000000,0.00043333336361683905,0.0,8.678436635989328e-09,18.01300048828125,148,20.0958251953125,2b1815320531e339,0.0,12.036630036629994,0.0,24,5.95402717590332,00006b0600182000,154.0076732635498,0000000000400000,0.4172325134277344,149,22.072315216064453,ffffffffffffffff,0,0,0x02051081
3.082442,2026-09-14T20:53:39.604960-06:00,0x02051081,100.0,0.030040740966796875,154,0,22.185325622558594,0000c84200000000,0.00043333336361683905,0.0,8.678436635989328e-09,18.056154251098633,153,20.0958251953125,2b1815320531e339,0.0,12.043956043956001,0.0,24,5.998134613037109,00006c0600182000,3.998279571533203,0000000000400000,0.4146099090576172,154,22.072315216064453,ffffffffffffffff,0,0,0x02051081
3.184501,2026-09-14T20:53:39.707020-06:00,0x02051081,100.0,2.1119117736816406,159,0,22.185325622558594,0000c84200000000,0.00043333336361683905,0.0,8.678436635989328e-09,0.06508827209472656,159,20.0958251953125,2b1815320531e339,0.0,12.058608058608016,0.0,24,8.06427001953125,00006e0600182000,106.05812072753906,0000000000400000,2.495288848876953,159,22.072315216064453,ffffffffffffffff,0,0,0x02051081
3.284548,2026-09-14T20:53:39.807065-06:00,0x02051081,100.0,2.151012420654297,164,0,22.185325622558594,0000c84200000000,0.00043333336361683905,0.0,8.678436635989328e-09,0.10514259338378906,164,20.0958251953125,2b1815320531e339,0.0,12.080586080586038,0.0,24,8.113384246826172,0000710600182000,206.10332489013672,0000000000400000,2.5260448455810547,164,22.072315216064453,ffffffffffffffff,0,0,0x02051081
3.390477,2026-09-14T20:53:39.912996-06:00,0x02051081,100.0,8.066654205322266,169,0,22.185325622558594,0000c84200000000,0.00043333336361683905,0.0,8.678436635989328e-09,6.047964096069336,169,20.0958251953125,2b1815320531e339,0.0,12.109890109890067,0.0,24,14.076471328735352,0000750600182000,62.07704544067383,0000000000400000,8.456230163574219,169,22.072315216064453,ffffffffffffffff,0,0,0x02051081
3.496452,2026-09-14T20:53:40.018971-06:00,0x02051081,100.0,14.031171798706055,174,0,22.185325622558594,0000c84200000000,0.00043333336361683905,0.0,8.678436635989328e-09,12.07423210144043,174,20.0958251953125,2b1815320531e339,0.0,12.124542124542081,0.0,24,0.05984306335449219,0000770600182000,168.05195808410645,0000000000400000,14.418840408325195,174,22.072315216064453,ffffffffffffffff,0,0,0x02051081
3.596473,2026-09-14T20:53:40.118991-06:00,0x02051081,100.0,14.081478118896484,179,0,22.185325622558594,0000c84200000000,0.00043333336361683905,0.0,8.678436635989328e-09,12.094497680664062,179,20.0958251953125,2b1815320531e339,0.0,12.124542124542081,0.0,24,0.036716461181640625,0000770600182000,18.033266067504883,0000000000400000,14.466047286987305,179,22.072315216064453,ffffffffffffffff,0,0,0x02051081
3.70205,2026-09-14T20:53:40.224569-06:00,0x02051081,100.0,19.69146728515625,184,0,22.185325622558594,0000c84200000000,0.00043333336361683905,0.0,8.678436635989328e-09,17.6236629486084,184,20.0958251953125,2b1815320531e339,0.0,12.139194139194096,0.0,24,5.65648078918457,0000790600182000,123.6104965209961,0000000000400000,0.044345855712890625,185,22.072315216064453,ffffffffffffffff,0,0,0x02051081
3.802114,2026-09-14T20:53:40.324633-06:00,0x02051081,100.0,19.757747650146484,189,0,22.185325622558594,0000c84200000000,0.00043333336361683905,0.0,8.678436635989328e-09,17.741918563842773,189,20.0958251953125,2b1815320531e339,0.0,12.124542124542081,0.0,24,5.731105804443359,0000770600182000,223.67453575134277,0000000000400000,0.08153915405273438,190,22.072315216064453,ffffffffffffffff,0,0,0x02051081
3.902433,2026-09-14T20:53:40.424952-06:00,0x02051081,100.0,0.03552436828613281,195,0,22.185325622558594,0000c84200000000,0.00043333336361683905,0.0,8.678436635989328e-09,18.059730529785156,194,20.0958251953125,2b1815320531e339,0.0,12.065934065934023,0.0,24,6.039142608642578,00006f0600182000,74.00250434875488,0000000000400000,0.4229545593261719,195,22.072315216064453,ffffffffffffffff,0,0,0x02051081
4.004457,2026-09-14T20:53:40.526976-06:00,0x02051081,100.0,2.078533172607422,200,0,22.185325622558594,0000c84200000000,0.00043333336361683905,0.0,8.678436635989328e-09,0.034809112548828125,200,20.0958251953125,2b1815320531e339,0.0,12.058608058608016,0.0,24,8.074760437011719,00006e0600182000,176.0270595550537,0000000000400000,2.4657249450683594,200,22.072315216064453,ffffffffffffffff,0,0,0x02051081
4.110463,2026-09-14T20:53:40.632982-06:00,0x02051081,100.0,8.064746856689453,205,0,22.185325622558594,0000c84200000000,0.00043333336361683905,0.0,8.678436635989328e-09,6.044864654541016,205,20.0958251953125,2b1815320531e339,0.0,12.058608058608016,0.0,24,14.03665542602539,00006e0600182000,32.03392028808594,0000000000400000,8.454561233520508,205,22.072315216064453,ffffffffffffffff,0,0,0x02051081
4.21646,2026-09-14T20:53:40.738979-06:00,0x02051081,100.0,14.034748077392578,210,0,22.185325622558594,0000c84200000000,0.00043333336361683905,0.0,8.678436635989328e-09,12.044668197631836,210,20.0958251953125,2b1815320531e339,0.0,12.043956043956001,0.0,24,0.03457069396972656,00006c0600182000,138.0307674407959,0000000000400000,14.422178268432617,210,22.072315216064453,ffffffffffffffff,0,0,0x02051081
4.322018,2026-09-14T20:53:40.844536-06:00,0x02051081,100.0,19.623994827270508,215,0,22.185325622558594,0000c84200000000,0.00043333336361683905,0.0,8.678436635989328e-09,17.598390579223633,215,20.0958251953125,2b1815320531e339,0.0,12.036630036629994,0.0,24,5.637884140014648,00006b0600182000,243.58820915222168,0000000000400000,0.035762786865234375,216,22.072315216064453,ffffffffffffffff,0,0,0x02051081
4.422395,2026-09-14T20:53:40.944914-06:00,0x02051081,100.0,0.031232833862304688,221,0,22.185325622558594,0000c84200000000,0.00043333336361683905,0.0,8.678436635989328e-09,18.026113510131836,220,20.0958251953125,2b1815320531e339,0.0,12.029304029303987,0.0,24,5.9757232666015625,00006a0600182000,94.01941299438477,0000000000400000,0.4165172576904297,221,22.072315216064453,ffffffffffffffff,0,0,0x02051081
4.522459,2026-09-14T20:53:41.044977-06:00,0x02051081,100.0,0.05841255187988281,226,0,22.185325622558594,0000c84200000000,0.00043333336361683905,0.0,8.678436635989328e-09,18.0971622467041,225,20.0958251953125,2b1815320531e339,0.0,12.029304029303987,0.0,24,6.03175163269043,00006a0600182000,194.08273696899414,0000000000400000,0.4584789276123047,226,22.072315216064453,ffffffffffffffff,0,0,0x02051081
4.624424,2026-09-14T20:53:41.146943-06:00,0x02051081,100.0,2.051830291748047,231,0,22.185325622558594,0000c84200000000,0.00043333336361683905,0.0,8.678436635989328e-09,0.061511993408203125,231,20.0958251953125,2b1815320531e339,0.0,12.02197802197798,0.0,24,8.00633430480957,0000690600182000,46.00644111633301,0000000000400000,2.437591552734375,231,22.072315216064453,ffffffffffffffff,0,0,0x02051081
4.724467,2026-09-14T20:53:41.246985-06:00,0x02051081,100.0,2.101421356201172,236,0,22.185325622558594,0000c84200000000,0.00043333336361683905,0.0,8.678436635989328e-09,0.05435943603515625,236,20.0958251953125,2b1815320531e339,0.0,12.029304029303987,0.0,24,8.093833923339844,00006a0600182000,146.04830741882324,0000000000400000,2.4874210357666016,236,22.072315216064453,ffffffffffffffff,0,0,0x02051081
4.824528,2026-09-14T20:53:41.347046-06:00,0x02051081,100.0,1.9404888153076172,241,0,22.185325622558594,0000c84200000000,0.00043333336361683905,0.0,8.678436635989328e-09,0.10013580322265625,241,20.0958251953125,2b1815320531e339,0.0,12.043956043956001,0.0,24,8.14676284790039,00006c0600182000,246.1092472076416,0000000000400000,2.361774444580078,241,22.072315216064453,ffffffffffffffff,0,0,0x02051081
4.930504,2026-09-14T20:53:41.453022-06:00,0x02051081,100.0,8.1329345703125,246,0,22.185325622558594,0000c84200000000,0.00043333336361683905,0.0,8.678436635989328e-09,6.091833114624023,246,20.0958251953125,2b1815320531e339,0.0,12.02197802197798,0.0,24,14.137983322143555,0000690600182000,102.13661193847656,0000000000400000,8.518457412719727,246,22.072315216064453,ffffffffffffffff,0,0,0x02051081
5.036454,2026-09-14T20:53:41.558972-06:00,0x02051081,100.0,14.066934585571289,251,0,22.185325622558594,0000c84200000000,0.00043333336361683905,0.0,8.678436635989328e-09,12.044429779052734,251,20.0958251953125,2b1815320531e339,0.0,12.043956043956001,0.0,24,0.035762786865234375,00006c0600182000,208.08696746826172,0000000000400000,14.451026916503906,251,22.072315216064453,ffffffffffffffff,0,0,0x02051081
5.14206,2026-09-14T20:53:41.664579-06:00,0x02051081,100.0,19.673824310302734,256,0,22.185325622558594,0000c84200000000,0.00043333336361683905,0.0,8.678436635989328e-09,17.64702796936035,256,20.0958251953125,2b1815320531e339,0.0,12.058608058608016,0.0,24,5.697011947631836,00006e0600182000,63.69733810424805,0000000000400000,0.05650520324707031,257,22.072315216064453,ffffffffffffffff,0,0,0x02051081
5.242428,2026-09-14T20:53:41.764946-06:00,0x02051081,100.0,0.04863739013671875,262,0,22.185325622558594,0000c84200000000,0.00043333336361683905,0.0,8.678436635989328e-09,18.018484115600586,261,20.0958251953125,2b1815320531e339,0.0,12.07326007326003,0.0,24,6.015777587890625,0000700600182000,164.06512260437012,0000000000400000,0.43320655822753906,262,22.072315216064453,ffffffffffffffff,0,0,0x02051081
5.344413,2026-09-14T20:53:41.866931-06:00,0x02051081,100.0,2.0401477813720703,267,0,22.185325622558594,0000c84200000000,0.00043333336361683905,0.0,8.678436635989328e-09,0.06198883056640625,267,20.0958251953125,2b1815320531e339,0.0,12.080586080586038,0.0,24,8.001327514648438,0000710600182000,16.05081558227539,0000000000400000,2.428293228149414,267,22.072315216064453,ffffffffffffffff,0,0,0x02051081
5.444416,2026-09-14T20:53:41.966934-06:00,0x02051081,100.0,2.0685195922851562,272,0,22.185325622558594,0000c84200000000,0.00043333336361683905,0.0,8.678436635989328e-09,0.06222724914550781,272,20.0958251953125,2b1815320531e339,0.0,12.10256410256406,0.0,24,8.002281188964844,0000740600182000,116.05405807495117,0000000000400000,2.4538040161132812,272,22.072315216064453,ffffffffffffffff,0,0,0x02051081
5.550418,2026-09-14T20:53:42.072936-06:00,0x02051081,100.0,8.00013542175293,277,0,22.185325622558594,0000c84200000000,0.00043333336361683905,0.0,8.678436635989328e-09,6.072044372558594,277,20.0958251953125,2b1815320531e339,0.0,12.124542124542081,0.0,24,14.002799987792969,0000770600182000,222.05591201782227,0000000000400000,8.38780403137207,277,22.072315216064453,ffffffffffffffff,0,0,0x02051081
5.656435,2026-09-14T20:53:42.178953-06:00,0x02051081,100.0,13.834714889526367,282,0,22.185325622558594,0000c84200000000,0.00043333336361683905,0.0,8.678436635989328e-09,12.035131454467773,282,20.0958251953125,2b1815320531e339,0.0,12.15384615384611,0.0,24,0.06937980651855469,00007b0600182000,78.07707786560059,0000000000400000,14.242410659790039,282,22.072315216064453,ffffffffffffffff,0,0,0x02051081
5.762058,2026-09-14T20:53:42.284576-06:00,0x02051081,100.0,19.680261611938477,287,0,22.185325622558594,0000c84200000000,0.00043333336361683905,0.0,8.678436635989328e-09,17.70758628845215,287,20.0958251953125,2b1815320531e339,0.0,12.117216117216074,0.0,24,5.700588226318359,0000760600182000,183.7005615234375,0000000000400000,0.05555152893066406,288,22.072315216064453,ffffffffffffffff,0,0,0x02051081
5.863307,2026-09-14T20:53:42.385825-06:00,0x02051081,100.0,20.924806594848633,292,0,22.185325622558594,0000c84200000000,0.00043333336361683905,0.0,8.678436635989328e-09,18.957853317260742,292,20.0958251953125,2b1815320531e339,0.0,12.065934065934023,0.0,24,6.8950653076171875,00006f0600182000,34.95025634765625,0000000000400000,0.17023086547851562,293,22.072315216064453,ffffffffffffffff,0,0,0x02051081
5.963522,2026-09-14T20:53:42.486041-06:00,0x02051081,100.0,0.03790855407714844,298,0,22.185325622558594,0000c84200000000,0.00043333336361683905,0.0,8.678436635989328e-09,19.08707618713379,297,20.0958251953125,2b1815320531e339,0.0,12.065934065934023,0.0,24,7.116556167602539,00006f0600182000,135.16640663146973,0000000000400000,0.4284381866455078,298,22.072315216064453,ffffffffffffffff,0,0,0x02051081
6.064433,2026-09-14T20:53:42.586951-06:00,0x02051081,100.0,2.020597457885742,303,0,22.185325622558594,0000c84200000000,0.00043333336361683905,0.0,8.678436635989328e-09,0.03933906555175781,303,20.107507705688477,2b1815320531e339,0.0,12.051282051282008,0.0,24,8.037090301513672,00006d0600182000,236.07683181762695,0000000000400000,2.4094581604003906,303,22.072315216064453,ffffffffffffffff,0,0,0x02051081
6.164433,2026-09-14T20:53:42.686951-06:00,0x02051081,100.0,2.027273178100586,308,0,22.185325622558594,0000c84200000000,0.00043333336361683905,0.0,8.678436635989328e-09,0.03814697265625,308,20.107507705688477,2b1815320531e339,0.0,12.029304029303987,0.0,24,8.028984069824219,00006a0600182000,86.03286743164062,0000000000400000,2.415180206298828,308,22.072315216064453,ffffffffffffffff,0,0,0x02051081
6.270389,2026-09-14T20:53:42.792907-06:00,0x02051081,100.0,7.959842681884766,313,0,22.185325622558594,0000c84200000000,0.00043333336361683905,0.0,8.678436635989328e-09,6.045103073120117,313,20.107507705688477,2b1815320531e339,0.0,12.043956043956001,0.0,24,13.996601104736328,00006c0600182000,191.98894500732422,0000000000400000,8.353471755981445,313,22.072315216064453,ffffffffffffffff,0,0,0x02051081
6.370428,2026-09-14T20:53:42.892946-06:00,0x02051081,100.0,8.030891418457031,318,0,22.185325622558594,0000c84200000000,0.00043333336361683905,0.0,8.678436635989328e-09,6.086587905883789,318,20.107507705688477,2b1815320531e339,0.0,12.029304029303987,0.0,24,14.018058776855469,00006a0600182000,42.02532768249512,0000000000400000,8.420467376708984,318,22.072315216064453,ffffffffffffffff,0,0,0x02051081
6.476428,2026-09-14T20:53:42.998947-06:00,0x02051081,100.0,14.075756072998047,323,0,22.185325622558594,0000c84200000000,0.00043333336361683905,0.0,8.678436635989328e-09,12.038230895996094,323,20.107507705688477,2b1815320531e339,0.0,12.029304029303987,0.0,24,0.03504753112792969,00006a0600182000,148.0259895324707,0000000000400000,14.460563659667969,323,22.072315216064453,ffffffffffffffff,0,0,0x02051081
6.57644,2026-09-14T20:53:43.098958-06:00,0x02051081,100.0,14.020204544067383,328,0,22.185325622558594,0000c84200000000,0.00043333336361683905,0.0,8.678436635989328e-09,12.04824447631836,328,20.107507705688477,2b1815320531e339,0.0,12.014652014651972,0.0,24,0.04291534423828125,0000680600182000,248.03733825683594,0000000000400000,14.404535293579102,328,22.072315216064453,ffffffffffffffff,0,0,0x02051081
6.68203,2026-09-14T20:53:43.204549-06:00,0x02051081,100.0,19.653797149658203,333,0,22.185325622558594,0000c84200000000,0.00043333336361683905,0.0,8.678436635989328e-09,17.644405364990234,333,20.107507705688477,2b1815320531e339,0.0,12.02197802197798,0.0,24,5.690813064575195,0000690600182000,103.63411903381348,0000000000400000,0.035762786865234375,334,22.072315216064453,ffffffffffffffff,0,0,0x02051081
6.782388,2026-09-14T20:53:43.304907-06:00,0x02051081,100.0,0.03170967102050781,339,0,22.185325622558594,0000c84200000000,0.00043333336361683905,0.0,8.678436635989328e-09,18.0051326751709,338,20.107507705688477,2b1815320531e339,0.0,12.02197802197798,0.0,24,5.961179733276367,0000690600182000,203.99212837219238,0000000000400000,0.41556358337402344,339,22.072315216064453,ffffffffffffffff,0,0,0x02051081
6.882538,2026-09-14T20:53:43.405057-06:00,0x02051081,100.0,0.04291534423828125,344,0,22.185325622558594,0000c84200000000,0.00043333336361683905,0.0,8.678436635989328e-09,18.15652847290039,343,20.107507705688477,2b1815320531e339,0.0,12.02197802197798,0.0,24,6.143808364868164,0000690600182000,54.146766662597656,0000000000400000,0.44274330139160156,344,22.072315216064453,ffffffffffffffff,0,0,0x02051081
6.98439,2026-09-14T20:53:43.506908-06:00,0x02051081,100.0,1.9783973693847656,349,0,22.185325622558594,0000c84200000000,0.00043333336361683905,0.0,8.678436635989328e-09,0.06175041198730469,349,20.107507705688477,2b1815320531e339,0.0,12.043956043956001,0.0,24,8.049488067626953,00006c0600182000,155.99822998046875,0000000000400000,2.3651123046875,349,22.072315216064453,ffffffffffffffff,0,0,0x02051081
7.084396,2026-09-14T20:53:43.606915-06:00,0x02051081,100.0,2.0029544830322266,354,0,22.185325622558594,0000c84200000000,0.00043333336361683905,0.0,8.678436635989328e-09,0.064849853515625,354,20.107507705688477,2b1815320531e339,0.0,12.036630036629994,0.0,24,8.00633430480957,00006b0600182000,6.0596466064453125,0000000000400000,2.387523651123047,354,22.072315216064453,ffffffffffffffff,0,0,0x02051081
7.184483,2026-09-14T20:53:43.707001-06:00,0x02051081,100.0,2.0847320556640625,359,0,22.185325622558594,0000c84200000000,0.00043333336361683905,0.0,8.678436635989328e-09,0.09965896606445312,359,20.107507705688477,2b1815320531e339,0.0,12.058608058608016,0.0,24,8.147954940795898,00006e0600182000,106.14609718322754,0000000000400000,2.473115921020508,359,22.072315216064453,ffffffffffffffff,0,0,0x02051081
7.290382,2026-09-14T20:53:43.812900-06:00,0x02051081,100.0,7.958650588989258,364,0,22.185325622558594,0000c84200000000,0.00043333336361683905,0.0,8.678436635989328e-09,6.0558319091796875,364,20.107507705688477,2b1815320531e339,0.0,12.087912087912045,0.0,24,14.053583145141602,0000720600182000,212.04519271850586,0000000000400000,8.348703384399414,364,22.072315216064453,ffffffffffffffff,0,0,0x02051081
7.390449,2026-09-14T20:53:43.912967-06:00,0x02051081,100.0,8.035421371459961,369,0,22.185325622558594,0000c84200000000,0.00043333336361683905,0.0,8.678436635989328e-09,6.121635437011719,369,20.107507705688477,2b1815320531e339,0.0,12.10256410256406,0.0,24,14.106035232543945,0000740600182000,62.11972236633301,0000000000400000,8.425712585449219,369,22.072315216064453,ffffffffffffffff,0,0,0x02051081
7.496444,2026-09-14T20:53:44.018963-06:00,0x02051081,100.0,13.998270034790039,374,0,22.185325622558594,0000c84200000000,0.00043333336361683905,0.0,8.678436635989328e-09,12.065887451171875,374,20.107507705688477,2b1815320531e339,0.0,12.117216117216074,0.0,24,0.06103515625,0000760600182000,168.11513900756836,0000000000400000,14.391183853149414,374,22.072315216064453,ffffffffffffffff,0,0,0x02051081
7.602105,2026-09-14T20:53:44.124623-06:00,0x02051081,100.0,19.68240737915039,379,0,22.185325622558594,0000c84200000000,0.00043333336361683905,0.0,8.678436635989328e-09,17.72284507751465,379,20.107507705688477,2b1815320531e339,0.0,12.131868131868089,0.0,24,5.775213241577148,0000780600182000,23.73218536376953,0000000000400000,0.08606910705566406,380,22.072315216064453,ffffffffffffffff,0,0,0x02051081
7.70244,2026-09-14T20:53:44.224958-06:00,0x02051081,100.0,0.051021575927734375,385,0,22.185325622558594,0000c84200000000,0.00043333336361683905,0.0,8.678436635989328e-09,18.118858337402344,384,20.107507705688477,2b1815320531e339,0.0,12.146520146520103,0.0,24,6.056070327758789,00007a0600182000,124.06754493713379,0000000000400000,0.4417896270751953,385,22.072315216064453,ffffffffffffffff,0,0,0x02051081
7.804405,2026-09-14T20:53:44.326924-06:00,0x02051081,100.0,2.0341873168945312,390,0,22.185325622558594,0000c84200000000,0.00043333336361683905,0.0,8.678436635989328e-09,0.03600120544433594,390,20.107507705688477,2b1815320531e339,0.0,12.109890109890067,0.0,24,8.080482482910156,0000750600182000,226.03297233581543,0000000000400000,2.4216175079345703,390,22.072315216064453,ffffffffffffffff,0,0,0x02051081
7.910426,2026-09-14T20:53:44.432945-06:00,0x02051081,100.0,7.948875427246094,395,0,22.185325622558594,0000c84200000000,0.00043333336361683905,0.0,8.678436635989328e-09,6.100654602050781,395,20.107507705688477,2b1815320531e339,0.0,12.065934065934023,0.0,24,14.049768447875977,00006f0600182000,82.03959465026855,0000000000400000,8.34202766418457,395,22.072315216064453,ffffffffffffffff,0,0,0x02051081
8.016413,2026-09-14T20:53:44.538931-06:00,0x02051081,100.0,13.988494873046875,400,0,22.185325622558594,0000c84200000000,0.00043333336361683905,0.0,8.678436635989328e-09,12.044191360473633,400,20.107507705688477,2b1815320531e339,0.0,12.058608058608016,0.0,24,0.04220008850097656,00006e0600182000,188.02618980407715,0000000000400000,14.379739761352539,400,22.072315216064453,ffffffffffffffff,0,0,0x02051081
8.121998,2026-09-14T20:53:44.644516-06:00,0x02051081,100.0,19.603490829467773,405,0,22.185325622558594,0000c84200000000,0.00043333336361683905,0.0,8.678436635989328e-09,17.627954483032227,405,20.107507705688477,2b1815320531e339,0.0,12.058608058608016,0.0,24,5.634784698486328,00006e0600182000,43.670654296875,0000000000400000,0.025987625122070312,406,22.072315216064453,ffffffffffffffff,0,0,0x02051081
8.222109,2026-09-14T20:53:44.744628-06:00,0x02051081,100.0,19.719600677490234,410,0,22.185325622558594,0000c84200000000,0.00043333336361683905,0.0,8.678436635989328e-09,17.79794692993164,410,20.107507705688477,2b1815320531e339,0.0,12.036630036629994,0.0,24,5.733728408813477,00006b0600182000,143.7821388244629,0000000000400000,0.09083747863769531,411,22.072315216064453,ffffffffffffffff,0,0,0x02051081
8.322112,2026-09-14T20:53:44.844630-06:00,0x02051081,100.0,19.66071128845215,415,0,22.185325622558594,0000c84200000000,0.00043333336361683905,0.0,8.678436635989328e-09,17.801284790039062,415,20.107507705688477,2b1815320531e339,0.0,12.036630036629994,0.0,24,5.739688873291016,00006b0600182000,243.78466606140137,0000000000400000,0.08463859558105469,416,22.072315216064453,ffffffffffffffff,0,0,0x02051081
8.42241,2026-09-14T20:53:44.944928-06:00,0x02051081,100.0,0.030994415283203125,421,0,22.185325622558594,0000c84200000000,0.00043333336361683905,0.0,8.678436635989328e-09,18.04637908935547,420,20.107507705688477,2b1815320531e339,0.0,12.043956043956001,0.0,24,6.088018417358398,00006c0600182000,94.08974647521973,0000000000400000,0.41556358337402344,421,22.072315216064453,ffffffffffffffff,0,0,0x02051081
8.522428,2026-09-14T20:53:45.044946-06:00,0x02051081,100.0,0.03337860107421875,426,0,22.185325622558594,0000c84200000000,0.00043333336361683905,0.0,8.678436635989328e-09,18.11981201171875,425,20.107507705688477,2b1815320531e339,0.0,12.02197802197798,0.0,24,6.111860275268555,0000690600182000,194.1077709197998,0000000000400000,0.4169940948486328,426,22.072315216064453,ffffffffffffffff,0,0,0x02051081
8.62246,2026-09-14T20:53:45.144979-06:00,0x02051081,100.0,0.0476837158203125,431,0,22.185325622558594,0000c84200000000,0.00043333336361683905,0.0,8.678436635989328e-09,18.15176010131836,430,20.107507705688477,2b1815320531e339,0.0,12.029304029303987,0.0,24,6.092548370361328,00006a0600182000,44.09337043762207,0000000000400000,0.4355907440185547,431,22.072315216064453,ffffffffffffffff,0,0,0x02051081
8.724394,2026-09-14T20:53:45.246913-06:00,0x02051081,100.0,2.0017623901367188,436,0,22.185325622558594,0000c84200000000,0.00043333336361683905,0.0,8.678436635989328e-09,0.03814697265625,436,20.107507705688477,2b1815320531e339,0.0,12.043956043956001,0.0,24,8.078336715698242,00006c0600182000,146.0275650024414,0000000000400000,2.385854721069336,436,22.072315216064453,ffffffffffffffff,0,0,0x02051081
8.828379,2026-09-14T20:53:45.350898-06:00,0x02051081,100.0,5.974531173706055,441,0,22.185325622558594,0000c84200000000,0.00043333336361683905,0.0,8.678436635989328e-09,4.022121429443359,441,20.107507705688477,2b1815320531e339,0.0,12.02197802197798,0.0,24,12.067794799804688,0000690600182000,0.061511993408203125,0000000000400000,6.364107131958008,441,22.072315216064453,ffffffffffffffff,0,0,0x02051081
8.930492,2026-09-14T20:53:45.453010-06:00,0x02051081,100.0,8.101224899291992,446,0,22.185325622558594,0000c84200000000,0.00043333336361683905,0.0,8.678436635989328e-09,6.188631057739258,446,20.107507705688477,2b1815320531e339,0.0,12.029304029303987,0.0,24,14.127731323242188,00006a0600182000,102.1735668182373,0000000000400000,8.486270904541016,446,22.072315216064453,ffffffffffffffff,0,0,0x02051081
9.036403,2026-09-14T20:53:45.558921-06:00,0x02051081,100.0,13.995885848999023,451,0,22.185325622558594,0000c84200000000,0.00043333336361683905,0.0,8.678436635989328e-09,12.054443359375,451,20.107507705688477,2b1815320531e339,0.0,12.043956043956001,0.0,24,0.043392181396484375,00006c0600182000,208.0850601196289,0000000000400000,14.37997817993164,451,22.072315216064453,ffffffffffffffff,0,0,0x02051081
9.142036,2026-09-14T20:53:45.664555-06:00,0x02051081,100.0,19.649267196655273,456,0,22.185325622558594,0000c84200000000,0.00043333336361683905,0.0,8.678436635989328e-09,17.739295959472656,456,20.107507705688477,2b1815320531e339,0.0,12.080586080586038,0.0,24,5.683422088623047,0000710600182000,63.677072525024414,0000000000400000,0.03838539123535156,457,22.072315216064453,ffffffffffffffff,0,0,0x02051081
9.242082,2026-09-14T20:53:45.764601-06:00,0x02051081,100.0,19.696474075317383,461,0,22.185325622558594,0000c84200000000,0.00043333336361683905,0.0,8.678436635989328e-09,17.77958869934082,461,20.107507705688477,2b1815320531e339,0.0,12.07326007326003,0.0,24,5.71441650390625,0000700600182000,163.72275352478027,0000000000400000,0.05698204040527344,462,22.072315216064453,ffffffffffffffff,0,0,0x02051081
9.342097,2026-09-14T20:53:45.864616-06:00,0x02051081,100.0,19.602298736572266,466,0,22.185325622558594,0000c84200000000,0.00043333336361683905,0.0,8.678436635989328e-09,17.80080795288086,466,20.107507705688477,2b1815320531e339,0.0,12.087912087912045,0.0,24,5.746603012084961,0000720600182000,13.733863830566406,0000000000400000,0.08273124694824219,467,22.072315216064453,ffffffffffffffff,0,0,0x02051081
9.442403,2026-09-14T20:53:45.964921-06:00,0x02051081,100.0,0.05269050598144531,472,0,22.185325622558594,0000c84200000000,0.00043333336361683905,0.0,8.678436635989328e-09,18.10765266418457,471,20.107507705688477,2b1815320531e339,0.0,12.124542124542081,0.0,24,6.100177764892578,0000770600182000,114.03942108154297,0000000000400000,0.4360675811767578,472,22.072315216064453,ffffffffffffffff,0,0,0x02051081
9.542425,2026-09-14T20:53:46.064944-06:00,0x02051081,100.0,0.04839897155761719,477,0,22.185325622558594,0000c84200000000,0.00043333336361683905,0.0,8.678436635989328e-09,18.0816650390625,476,20.107507705688477,2b1815320531e339,0.0,12.131868131868089,0.0,24,6.124258041381836,0000780600182000,214.06197547912598,0000000000400000,0.4336833953857422,477,22.072315216064453,ffffffffffffffff,0,0,0x02051081
9.642467,2026-09-14T20:53:46.164985-06:00,0x02051081,100.0,0.040531158447265625,482,0,22.185325622558594,0000c84200000000,0.00043333336361683905,0.0,8.678436635989328e-09,18.121719360351562,481,20.107507705688477,2b1815320531e339,0.0,12.131868131868089,0.0,24,6.112575531005859,0000780600182000,64.1629695892334,0000000000400000,0.4334449768066406,482,22.072315216064453,ffffffffffffffff,0,0,0x02051081
9.744373,2026-09-14T20:53:46.266891-06:00,0x02051081,100.0,2.022266387939453,487,0,22.185325622558594,0000c84200000000,0.00043333336361683905,0.0,8.678436635989328e-09,0.034332275390625,487,20.107507705688477,2b1815320531e339,0.0,12.131868131868089,0.0,24,8.07046890258789,0000780600182000,166.06926918029785,0000000000400000,2.409219741821289,487,22.072315216064453,ffffffffffffffff,0,0,0x02051081
9.850448,2026-09-14T20:53:46.372966-06:00,0x02051081,100.0,8.093833923339844,492,0,22.185325622558594,0000c84200000000,0.00043333336361683905,0.0,8.678436635989328e-09,6.153583526611328,492,20.107507705688477,2b1815320531e339,0.0,12.07326007326003,0.0,24,14.101028442382812,0000700600182000,22.148609161376953,0000000000400000,8.483171463012695,492,22.072315216064453,ffffffffffffffff,0,0,0x02051081
9.95055,2026-09-14T20:53:46.473068-06:00,0x02051081,100.0,8.193016052246094,497,0,22.185325622558594,0000c84200000000,0.00043333336361683905,0.0,8.678436635989328e-09,6.211042404174805,497,20.107507705688477,2b1815320531e339,0.0,12.058608058608016,0.0,24,14.200925827026367,00006e0600182000,122.25031852722168,0000000000400000,8.581161499023438,497,22.072315216064453,ffffffffffffffff,0,0,0x02051081
10.056411,2026-09-14T20:53:46.578930-06:00,0x02051081,100.0,14.013051986694336,502,0,22.185325622558594,0000c84200000000,0.00043333336361683905,0.0,8.678436635989328e-09,12.123823165893555,502,20.107507705688477,2b1815320531e339,0.0,12.051282051282008,0.0,24,0.06365776062011719,00006d0600182000,228.11222076416016,0000000000400000,14.40119743347168,502,22.072315216064453,ffffffffffffffff,0,0,0x02051081
10.156413,2026-09-14T20:53:46.678931-06:00,0x02051081,100.0,14.05954360961914,507,0,22.185325622558594,0000c84200000000,0.00043333336361683905,0.0,8.678436635989328e-09,12.125730514526367,507,20.107507705688477,2b1815320531e339,0.0,12.043956043956001,0.0,24,0.06771087646484375,00006c0600182000,78.11617851257324,0000000000400000,14.447212219238281,507,22.072315216064453,ffffffffffffffff,0,0,0x02051081
10.262081,2026-09-14T20:53:46.784599-06:00,0x02051081,100.0,19.701004028320312,512,0,22.185325622558594,0000c84200000000,0.00043333336361683905,0.0,8.678436635989328e-09,17.74120330810547,512,20.107507705688477,2b1815320531e339,0.0,12.036630036629994,0.0,24,5.778074264526367,00006b0600182000,183.78376960754395,0000000000400000,0.08249282836914062,513,22.072315216064453,ffffffffffffffff,0,0,0x02051081
10.362436,2026-09-14T20:53:46.884954-06:00,0x02051081,100.0,0.05054473876953125,518,0,22.185325622558594,0000c84200000000,0.00043333336361683905,0.0,8.678436635989328e-09,18.149852752685547,517,20.107507705688477,2b1815320531e339,0.0,12.02197802197798,0.0,24,6.14476203918457,0000690600182000,34.14130210876465,0000000000400000,0.43392181396484375,518,22.072315216064453,ffffffffffffffff,0,0,0x02051081
10.462467,2026-09-14T20:53:46.984985-06:00,0x02051081,100.0,0.0553131103515625,523,0,22.185325622558594,0000c84200000000,0.00043333336361683905,0.0,8.678436635989328e-09,18.185853958129883,522,20.107507705688477,2b1815320531e339,0.0,12.029304029303987,0.0,24,6.150245666503906,00006a0600182000,134.1719627380371,0000000000400000,0.44465065002441406,523,22.072315216064453,ffffffffffffffff,0,0,0x02051081
10.564346,2026-09-14T20:53:47.086865-06:00,0x02051081,100.0,1.9900798797607422,528,0,22.185325622558594,0000c84200000000,0.00043333336361683905,0.0,8.678436635989328e-09,0.062465667724609375,528,20.107507705688477,2b1815320531e339,0.0,12.02197802197798,0.0,24,8.007287979125977,0000690600182000,236.0517978668213,0000000000400000,2.376079559326172,528,22.072315216064453,ffffffffffffffff,0,0,0x02051081
10.664425,2026-09-14T20:53:47.186944-06:00,0x02051081,100.0,2.011537551879883,533,0,22.185325622558594,0000c84200000000,0.00043333336361683905,0.0,8.678436635989328e-09,0.09775161743164062,533,20.107507705688477,2b1815320531e339,0.0,12.014652014651972,0.0,24,8.090734481811523,0000680600182000,86.08484268188477,0000000000400000,2.389669418334961,533,22.072315216064453,ffffffffffffffff,0,0,0x02051081
10.770401,2026-09-14T20:53:47.292919-06:00,0x02051081,100.0,8.03828239440918,538,0,22.185325622558594,0000c84200000000,0.00043333336361683905,0.0,8.678436635989328e-09,6.073951721191406,538,20.107507705688477,2b1815320531e339,0.0,12.036630036629994,0.0,24,14.116764068603516,00006b0600182000,192.05999374389648,0000000000400000,8.424997329711914,538,22.072315216064453,ffffffffffffffff,0,0,0x02051081
10.876344,2026-09-14T20:53:47.398863-06:00,0x02051081,100.0,13.98921012878418,543,0,22.185325622558594,0000c84200000000,0.00043333336361683905,0.0,8.678436635989328e-09,12.065887451171875,543,20.107507705688477,2b1815320531e339,0.0,12.036630036629994,0.0,24,0.0629425048828125,00006b0600182000,48.06184768676758,0000000000400000,14.37520980834961,543,22.072315216064453,ffffffffffffffff,0,0,0x02051081
10.97641,2026-09-14T20:53:47.498929-06:00,0x02051081,100.0,14.057159423828125,548,0,22.185325622558594,0000c84200000000,0.00043333336361683905,0.0,8.678436635989328e-09,12.086629867553711,548,20.107507705688477,2b1815320531e339,0.0,12.036630036629994,0.0,24,0.07224082946777344,00006b0600182000,148.12779426574707,0000000000400000,14.443159103393555,548,22.072315216064453,ffffffffffffffff,0,0,0x02051081
11.07835,2026-09-14T20:53:47.600868-06:00,0x02051081,100.0,15.957355499267578,553,0,22.185325622558594,0000c84200000000,0.00043333336361683905,0.0,8.678436635989328e-09,14.078140258789062,553,20.107507705688477,2b1815320531e339,0.0,12.051282051282008,0.0,24,2.0618438720703125,00006d0600182000,0.0705718994140625,0000000000400000,16.345977783203125,553,22.072315216064453,ffffffffffffffff,0,0,0x02051081
11.182036,2026-09-14T20:53:47.704555-06:00,0x02051081,100.0,19.621610641479492,558,0,22.185325622558594,0000c84200000000,0.00043333336361683905,0.0,8.678436635989328e-09,17.76432991027832,558,20.107507705688477,2b1815320531e339,0.0,12.065934065934023,0.0,24,5.707025527954102,00006f0600182000,103.75738143920898,0000000000400000,0.053882598876953125,559,22.072315216064453,ffffffffffffffff,0,0,0x02051081
11.28241,2026-09-14T20:53:47.804929-06:00,0x02051081,100.0,0.0514984130859375,564,0,22.185325622558594,0000c84200000000,0.00043333336361683905,0.0,8.678436635989328e-09,18.13817024230957,563,20.107507705688477,2b1815320531e339,0.0,12.080586080586038,0.0,24,6.082057952880859,0000710600182000,204.1311264038086,0000000000400000,0.4382133483886719,564,22.072315216064453,ffffffffffffffff,0,0,0x02051081
11.382448,2026-09-14T20:53:47.904967-06:00,0x02051081,100.0,0.05030632019042969,569,0,22.185325622558594,0000c84200000000,0.00043333336361683905,0.0,8.678436635989328e-09,18.179655075073242,568,20.107507705688477,2b1815320531e339,0.0,12.10256410256406,0.0,24,6.123781204223633,0000740600182000,54.1689395904541,0000000000400000,0.43392181396484375,569,22.072315216064453,ffffffffffffffff,0,0,0x02051081
11.484358,2026-09-14T20:53:48.006876-06:00,0x02051081,100.0,2.008676528930664,574,0,22.185325622558594,0000c84200000000,0.00043333336361683905,0.0,8.678436635989328e-09,0.0400543212890625,574,20.107507705688477,2b1815320531e339,0.0,12.131868131868089,0.0,24,8.080244064331055,0000780600182000,156.07857704162598,0000000000400000,2.393960952758789,574,22.072315216064453,ffffffffffffffff,0,0,0x02051081
11.590314,2026-09-14T20:53:48.112833-06:00,0x02051081,100.0,7.951974868774414,579,0,22.185325622558594,0000c84200000000,0.00043333336361683905,0.0,8.678436635989328e-09,6.049156188964844,579,20.107507705688477,2b1815320531e339,0.0,12.139194139194096,0.0,24,13.99540901184082,0000790600182000,12.0391845703125,0000000000400000,8.337736129760742,579,22.072315216064453,ffffffffffffffff,0,0,0x02051081
11.690358,2026-09-14T20:53:48.212877-06:00,0x02051081,100.0,7.974863052368164,584,0,22.185325622558594,0000c84200000000,0.00043333336361683905,0.0,8.678436635989328e-09,6.092071533203125,584,20.107507705688477,2b1815320531e339,0.0,12.146520146520103,0.0,24,14.03665542602539,00007a0600182000,112.08295822143555,0000000000400000,8.354902267456055,584,22.072315216064453,ffffffffffffffff,0,0,0x02051081
11.796315,2026-09-14T20:53:48.318834-06:00,0x02051081,100.0,13.957500457763672,589,0,22.185325622558594,0000c84200000000,0.00043333336361683905,0.0,8.678436635989328e-09,12.054681777954102,589,20.107507705688477,2b1815320531e339,0.0,12.087912087912045,0.0,24,0.0400543212890625,0000720600182000,218.03975105285645,0000000000400000,14.34183120727539,589,22.072315216064453,ffffffffffffffff,0,0,0x02051081
11.896317,2026-09-14T20:53:48.418835-06:00,0x02051081,100.0,13.930320739746094,594,0,22.185325622558594,0000c84200000000,0.00043333336361683905,0.0,8.678436635989328e-09,12.058734893798828,594,20.107507705688477,2b1815320531e339,0.0,12.07326007326003,0.0,24,0.04506111145019531,0000700600182000,67.99912452697754,0000000000400000,14.31584358215332,594,22.072315216064453,ffffffffffffffff,0,0,0x02051081
11.996499,2026-09-14T20:53:48.519017-06:00,0x02051081,100.0,14.142274856567383,599,0,22.185325622558594,0000c84200000000,0.00043333336361683905,0.0,8.678436635989328e-09,12.235641479492188,599,20.107507705688477,2b1815320531e339,0.0,12.051282051282008,0.0,24,0.14662742614746094,00006d0600182000,168.1809425354004,0000000000400000,14.5263671875,599,22.072315216064453,ffffffffffffffff,0,0,0x02051081
12.101998,2026-09-14T20:53:48.624517-06:00,0x02051081,100.0,19.63043212890625,604,0,22.185325622558594,0000c84200000000,0.00043333336361683905,0.0,8.678436635989328e-09,17.738819122314453,604,20.107507705688477,2b1815320531e339,0.0,12.036630036629994,0.0,24,5.681514739990234,00006b0600182000,23.72908592224121,0000000000400000,0.032901763916015625,605,22.072315216064453,ffffffffffffffff,0,0,0x02051081
12.202381,2026-09-14T20:53:48.724900-06:00,0x02051081,100.0,0.03147125244140625,610,0,22.185325622558594,0000c84200000000,0.00043333336361683905,0.0,8.678436635989328e-09,18.07379722595215,609,20.107507705688477,2b1815320531e339,0.0,12.051282051282008,0.0,24,6.118535995483398,00006d0600182000,124.11189079284668,0000000000400000,0.4169940948486328,610,22.072315216064453,ffffffffffffffff,0,0,0x02051081
12.302386,2026-09-14T20:53:48.824905-06:00,0x02051081,100.0,0.031232833862304688,615,0,22.185325622558594,0000c84200000000,0.00043333336361683905,0.0,8.678436635989328e-09,18.0814266204834,614,20.107507705688477,2b1815320531e339,0.0,12.029304029303987,0.0,24,6.077766418457031,00006a0600182000,224.11751747131348,0000000000400000,0.4146099090576172,615,22.072315216064453,ffffffffffffffff,0,0,0x02051081
12.402463,2026-09-14T20:53:48.924981-06:00,0x02051081,100.0,0.056743621826171875,620,0,22.185325622558594,0000c84200000000,0.00043333336361683905,0.0,8.678436635989328e-09,18.160343170166016,619,20.107507705688477,2b1815320531e339,0.0,12.036630036629994,0.0,24,6.203413009643555,00006b0600182000,74.20563697814941,0000000000400000,0.4448890686035156,620,22.072315216064453,ffffffffffffffff,0,0,0x02051081
12.502477,2026-09-14T20:53:49.024995-06:00,0x02051081,100.0,0.052928924560546875,625,0,22.185325622558594,0000c84200000000,0.00043333336361683905,0.0,8.678436635989328e-09,18.179655075073242,624,20.107507705688477,2b1815320531e339,0.0,12.02197802197798,0.0,24,6.158351898193359,0000690600182000,174.21960830688477,0000000000400000,0.4398822784423828,625,22.072315216064453,ffffffffffffffff,0,0,0x02051081
12.604288,2026-09-14T20:53:49.126807-06:00,0x02051081,100.0,1.8928050994873047,630,0,22.185325622558594,0000c84200000000,0.00043333336361683905,0.0,8.678436635989328e-09,0.03504753112792969,630,20.107507705688477,2b1815320531e339,0.0,12.02197802197798,0.0,24,7.979869842529297,0000690600182000,26.030540466308594,0000000000400000,2.278566360473633,630,22.072315216064453,ffffffffffffffff,0,0,0x02051081
12.710348,2026-09-14T20:53:49.232867-06:00,0x02051081,100.0,7.9593658447265625,635,0,22.185325622558594,0000c84200000000,0.00043333336361683905,0.0,8.678436635989328e-09,6.103515625,635,20.107507705688477,2b1815320531e339,0.0,12.02197802197798,0.0,24,14.090776443481445,0000690600182000,132.09033012390137,0000000000400000,8.345603942871094,635,22.072315216064453,ffffffffffffffff,0,0,0x02051081
12.816464,2026-09-14T20:53:49.338982-06:00,0x02051081,100.0,14.0838623046875,640,0,22.185325622558594,0000c84200000000,0.00043333336361683905,0.0,8.678436635989328e-09,12.159109115600586,640,20.107507705688477,2b1815320531e339,0.0,12.02197802197798,0.0,24,0.1773834228515625,0000690600182000,238.206148147583,0000000000400000,14.468193054199219,640,22.072315216064453,ffffffffffffffff,0,0,0x02051081
12.922045,2026-09-14T20:53:49.444563-06:00,0x02051081,100.0,19.696712493896484,645,0,22.185325622558594,0000c84200000000,0.00043333336361683905,0.0,8.678436635989328e-09,17.749547958374023,645,20.107507705688477,2b1815320531e339,0.0,12.043956043956001,0.0,24,5.785226821899414,00006c0600182000,93.72949600219727,0000000000400000,0.041484832763671875,646,22.072315216064453,ffffffffffffffff,0,0,0x02051081
13.022246,2026-09-14T20:53:49.544764-06:00,0x02051081,100.0,19.896268844604492,650,0,22.185325622558594,0000c84200000000,0.00043333336361683905,0.0,8.678436635989328e-09,18.001317977905273,650,20.107507705688477,2b1815320531e339,0.0,12.051282051282008,0.0,24,5.910634994506836,00006d0600182000,193.93014907836914,0000000000400000,0.13399124145507812,651,22.072315216064453,ffffffffffffffff,0,0,0x02051081
13.12244,2026-09-14T20:53:49.644959-06:00,0x02051081,100.0,0.03647804260253906,656,0,22.185325622558594,0000c84200000000,0.00043333336361683905,0.0,8.678436635989328e-09,18.154144287109375,655,20.107507705688477,2b1815320531e339,0.0,12.058608058608016,0.0,24,6.130218505859375,00006e0600182000,44.191598892211914,0000000000400000,0.4241466522216797,656,22.072315216064453,ffffffffffffffff,0,0,0x02051081
13.224276,2026-09-14T20:53:49.746795-06:00,0x02051081,100.0,1.8951892852783203,661,0,22.185325622558594,0000c84200000000,0.00043333336361683905,0.0,8.678436635989328e-09,0.034332275390625,661,20.107507705688477,2b1815320531e339,0.0,12.07326007326003,0.0,24,7.967948913574219,0000700600182000,146.0275650024414,0000000000400000,2.2821426391601562,661,22.072315216064453,ffffffffffffffff,0,0,0x02051081
13.324341,2026-09-14T20:53:49.846859-06:00,0x02051081,100.0,1.9581317901611328,666,0,22.185325622558594,0000c84200000000,0.00043333336361683905,0.0,8.678436635989328e-09,0.04267692565917969,666,20.107507705688477,2b1815320531e339,0.0,12.095238095238052,0.0,24,8.036375045776367,0000730600182000,246.0920810699463,0000000000400000,2.3450851440429688,666,22.072315216064453,ffffffffffffffff,0,0,0x02051081
13.430309,2026-09-14T20:53:49.952827-06:00,0x02051081,100.0,7.862567901611328,671,0,22.185325622558594,0000c84200000000,0.00043333336361683905,0.0,8.678436635989328e-09,6.068944931030273,671,20.107507705688477,2b1815320531e339,0.0,12.109890109890067,0.0,24,14.004707336425781,0000750600182000,101.92322731018066,0000000000400000,8.253097534179688,671,22.072315216064453,ffffffffffffffff,0,0,0x02051081
13.536283,2026-09-14T20:53:50.058801-06:00,0x02051081,100.0,13.847827911376953,676,0,22.185325622558594,0000c84200000000,0.00043333336361683905,0.0,8.678436635989328e-09,11.994600296020508,676,20.107507705688477,2b1815320531e339,0.0,12.124542124542081,0.0,24,0.0362396240234375,0000770600182000,207.89718627929688,0000000000400000,14.264345169067383,676,22.072315216064453,ffffffffffffffff,0,0,0x02051081
13.636291,2026-09-14T20:53:50.158809-06:00,0x02051081,100.0,13.872623443603516,681,0,22.185325622558594,0000c84200000000,0.00043333336361683905,0.0,8.678436635989328e-09,12.00246810913086,681,20.107507705688477,2b1815320531e339,0.0,12.15384615384611,0.0,24,0.04744529724121094,00007b0600182000,57.99674987792969,0000000000400000,14.27459716796875,681,22.072315216064453,ffffffffffffffff,0,0,0x02051081
13.736344,2026-09-14T20:53:50.258863-06:00,0x02051081,100.0,13.919353485107422,686,0,22.185325622558594,0000c84200000000,0.00043333336361683905,0.0,8.678436635989328e-09,12.061834335327148,686,20.107507705688477,2b1815320531e339,0.0,12.117216117216074,0.0,24,0.05555152893066406,0000760600182000,158.0500602722168,0000000000400000,14.303922653198242,686,22.072315216064453,ffffffffffffffff,0,0,0x02051081
13.842023,2026-09-14T20:53:50.364541-06:00,0x02051081,100.0,19.642353057861328,691,0,22.185325622558594,0000c84200000000,0.00043333336361683905,0.0,8.678436635989328e-09,17.78721809387207,691,20.107507705688477,2b1815320531e339,0.0,12.080586080586038,0.0,24,5.779743194580078,0000710600182000,13.728857040405273,0000000000400000,0.03266334533691406,692,22.072315216064453,ffffffffffffffff,0,0,0x02051081
13.942025,2026-09-14T20:53:50.464543-06:00,0x02051081,100.0,19.649028778076172,696,0,22.185325622558594,0000c84200000000,0.00043333336361683905,0.0,8.678436635989328e-09,17.739057540893555,696,20.107507705688477,2b1815320531e339,0.0,12.07326007326003,0.0,24,5.780458450317383,0000700600182000,113.73090744018555,0000000000400000,0.03337860107421875,697,22.072315216064453,ffffffffffffffff,0,0,0x02051081
14.042269,2026-09-14T20:53:50.564787-06:00,0x02051081,100.0,19.88363265991211,701,0,22.185325622558594,0000c84200000000,0.00043333336361683905,0.0,8.678436635989328e-09,17.986536026000977,701,20.107507705688477,2b1815320531e339,0.0,12.051282051282008,0.0,24,5.983114242553711,00006d0600182000,213.9747142791748,0000000000400000,0.14090538024902344,702,22.072315216064453,ffffffffffffffff,0,0,0x02051081
14.142454,2026-09-14T20:53:50.664973-06:00,0x02051081,100.0,0.03314018249511719,707,0,22.185325622558594,0000c84200000000,0.00043333336361683905,0.0,8.678436635989328e-09,18.172740936279297,706,20.107507705688477,2b1815320531e339,0.0,12.036630036629994,0.0,24,6.159067153930664,00006b0600182000,64.16606903076172,0000000000400000,0.4241466522216797,707,22.072315216064453,ffffffffffffffff,0,0,0x02051081
14.244262,2026-09-14T20:53:50.766781-06:00,0x02051081,100.0,1.8870830535888672,712,0,22.185325622558594,0000c84200000000,0.00043333336361683905,0.0,8.678436635989328e-09,0.03552436828613281,712,20.107507705688477,2b1815320531e339,0.0,12.043956043956001,0.0,24,8.02755355834961,00006c0600182000,165.97390174865723,0000000000400000,2.273082733154297,712,22.072315216064453,ffffffffffffffff,0,0,0x02051081
14.344309,2026-09-14T20:53:50.866827-06:00,0x02051081,100.0,1.9385814666748047,717,0,22.185325622558594,0000c84200000000,0.00043333336361683905,0.0,8.678436635989328e-09,0.034809112548828125,717,20.107507705688477,2b1815320531e339,0.0,12.036630036629994,0.0,24,8.022785186767578,00006b0600182000,16.022682189941406,0000000000400000,2.325773239135742,717,22.072315216064453,ffffffffffffffff,0,0,0x02051081
14.444314,2026-09-14T20:53:50.966832-06:00,0x02051081,100.0,1.8892288208007812,722,0,22.185325622558594,0000c84200000000,0.00043333336361683905,0.0,8.678436635989328e-09,0.03647804260253906,722,20.107507705688477,2b1815320531e339,0.0,12.029304029303987,0.0,24,8.032560348510742,00006a0600182000,116.02783203125,0000000000400000,2.273082733154297,722,22.072315216064453,ffffffffffffffff,0,0,0x02051081
14.544318,2026-09-14T20:53:51.066837-06:00,0x02051081,100.0,1.9042491912841797,727,0,22.185325622558594,0000c84200000000,0.00043333336361683905,0.0,8.678436635989328e-09,0.039577484130859375,727,20.107507705688477,2b1815320531e339,0.0,12.029304029303987,0.0,24,8.035898208618164,00006a0600182000,216.0320281982422,0000000000400000,2.294778823852539,727,22.072315216064453,ffffffffffffffff,0,0,0x02051081
14.650311,2026-09-14T20:53:51.172830-06:00,0x02051081,100.0,7.915019989013672,732,0,22.185325622558594,0000c84200000000,0.00043333336361683905,0.0,8.678436635989328e-09,6.083965301513672,732,20.107507705688477,2b1815320531e339,0.0,12.014652014651972,0.0,24,14.027118682861328,0000680600182000,72.0827579498291,0000000000400000,8.30698013305664,732,22.072315216064453,ffffffffffffffff,0,0,0x02051081
14.750322,2026-09-14T20:53:51.272840-06:00,0x02051081,100.0,7.894754409790039,737,0,22.185325622558594,0000c84200000000,0.00043333336361683905,0.0,8.678436635989328e-09,6.052732467651367,737,20.107507705688477,2b1815320531e339,0.0,12.02197802197798,0.0,24,14.043331146240234,0000690600182000,172.09339141845703,0000000000400000,8.282899856567383,737,22.072315216064453,ffffffffffffffff,0,0,0x02051081
14.856265,2026-09-14T20:53:51.378783-06:00,0x02051081,100.0,13.89002799987793,742,0,22.185325622558594,0000c84200000000,0.00043333336361683905,0.0,8.678436635989328e-09,11.998176574707031,742,20.107507705688477,2b1815320531e339,0.0,12.029304029303987,0.0,24,0.03504753112792969,00006a0600182000,28.036832809448242,0000000000400000,14.27602767944336,742,22.072315216064453,ffffffffffffffff,0,0,0x02051081
14.962016,2026-09-14T20:53:51.484535-06:00,0x02051081,100.0,19.624948501586914,747,0,22.185325622558594,0000c84200000000,0.00043333336361683905,0.0,8.678436635989328e-09,17.80104637145996,747,20.107507705688477,2b1815320531e339,0.0,12.051282051282008,0.0,24,5.789995193481445,00006d0600182000,133.7878704071045,0000000000400000,0.03409385681152344,748,22.072315216064453,ffffffffffffffff,0,0,0x02051081
15.062223,2026-09-14T20:53:51.584741-06:00,0x02051081,100.0,19.826889038085938,752,0,22.185325622558594,0000c84200000000,0.00043333336361683905,0.0,8.678436635989328e-09,17.995595932006836,752,20.107507705688477,2b1815320531e339,0.0,12.043956043956001,0.0,24,6.001472473144531,00006c0600182000,233.9942455291748,0000000000400000,0.1308917999267578,753,22.072315216064453,ffffffffffffffff,0,0,0x02051081
15.162437,2026-09-14T20:53:51.684956-06:00,0x02051081,100.0,0.03886222839355469,758,0,22.185325622558594,0000c84200000000,0.00043333336361683905,0.0,8.678436635989328e-09,18.225431442260742,757,20.107507705688477,2b1815320531e339,0.0,12.065934065934023,0.0,24,6.212472915649414,00006f0600182000,84.16247367858887,0000000000400000,0.4267692565917969,758,22.072315216064453,ffffffffffffffff,0,0,0x02051081
15.264256,2026-09-14T20:53:51.786775-06:00,0x02051081,100.0,1.8849372863769531,763,0,22.185325622558594,0000c84200000000,0.00043333336361683905,0.0,8.678436635989328e-09,0.03886222839355469,763,20.107507705688477,2b1815320531e339,0.0,12.087912087912045,0.0,24,8.039236068725586,0000720600182000,185.98127365112305,0000000000400000,2.270936965942383,763,22.072315216064453,ffffffffffffffff,0,0,0x02051081
15.364298,2026-09-14T20:53:51.886817-06:00,0x02051081,100.0,1.9307136535644531,768,0,22.185325622558594,0000c84200000000,0.00043333336361683905,0.0,8.678436635989328e-09,0.033855438232421875,768,20.107507705688477,2b1815320531e339,0.0,12.10256410256406,0.0,24,8.025646209716797,0000740600182000,36.081552505493164,0000000000400000,2.316713333129883,768,22.072315216064453,ffffffffffffffff,0,0,0x02051081
15.464342,2026-09-14T20:53:51.986860-06:00,0x02051081,100.0,1.9197463989257812,773,0,22.185325622558594,0000c84200000000,0.00043333336361683905,0.0,8.678436635989328e-09,0.07843971252441406,773,20.107507705688477,2b1815320531e339,0.0,12.117216117216074,0.0,24,8.123397827148438,0000760600182000,136.1250877380371,0000000000400000,2.3033618927001953,773,22.072315216064453,ffffffffffffffff,0,0,0x02051081
15.570259,2026-09-14T20:53:52.092777-06:00,0x02051081,100.0,7.869243621826172,778,0,22.185325622558594,0000c84200000000,0.00043333336361683905,0.0,8.678436635989328e-09,6.0482025146484375,778,20.107507705688477,2b1815320531e339,0.0,12.139194139194096,0.0,24,14.042377471923828,0000790600182000,242.04230308532715,0000000000400000,8.255958557128906,778,22.072315216064453,ffffffffffffffff,0,0,0x02051081
15.670329,2026-09-14T20:53:52.192848-06:00,0x02051081,100.0,7.929325103759766,783,0,22.185325622558594,0000c84200000000,0.00043333336361683905,0.0,8.678436635989328e-09,6.073713302612305,783,20.107507705688477,2b1815320531e339,0.0,12.146520146520103,0.0,24,14.06550407409668,00007a0600182000,92.06390380859375,0000000000400000,8.31747055053711,783,22.072315216064453,ffffffffffffffff,0,0,0x02051081
15.776302,2026-09-14T20:53:52.298820-06:00,0x02051081,100.0,13.885736465454102,788,0,22.185325622558594,0000c84200000000,0.00043333336361683905,0.0,8.678436635989328e-09,12.096643447875977,788,20.107507705688477,2b1815320531e339,0.0,12.095238095238052,0.0,24,0.09012222290039062,0000730600182000,198.03643226623535,0000000000400000,14.273643493652344,788,22.072315216064453,ffffffffffffffff,0,0,0x02051081
15.876356,2026-09-14T20:53:52.398875-06:00,0x02051081,100.0,13.987064361572266,793,0,22.185325622558594,0000c84200000000,0.00043333336361683905,0.0,8.678436635989328e-09,12.102365493774414,793,20.107507705688477,2b1815320531e339,0.0,12.065934065934023,0.0,24,0.09036064147949219,00006f0600182000,48.09212684631348,0000000000400000,14.376640319824219,793,22.072315216064453,ffffffffffffffff,0,0,0x02051081
15.982031,2026-09-14T20:53:52.504550-06:00,0x02051081,100.0,19.66238021850586,798,0,22.185325622558594,0000c84200000000,0.00043333336361683905,0.0,8.678436635989328e-09,17.82965660095215,798,20.107507705688477,2b1815320531e339,0.0,12.065934065934023,0.0,24,5.767107009887695,00006f0600182000,153.76734733581543,0000000000400000,0.058650970458984375,799,22.072315216064453,ffffffffffffffff,0,0,0x02051081
16.08221,2026-09-14T20:53:52.604728-06:00,0x02051081,100.0,19.806623458862305,803,0,22.185325622558594,0000c84200000000,0.00043333336361683905,0.0,8.678436635989328e-09,18.005847930908203,803,20.107507705688477,2b1815320531e339,0.0,12.051282051282008,0.0,24,6.001949310302734,00006d0600182000,3.976106643676758,0000000000400000,0.1780986785888672,804,22.072315216064453,ffffffffffffffff,0,0,0x02051081
16.182401,2026-09-14T20:53:52.704920-06:00,0x02051081,100.0,0.032901763916015625,809,0,22.185325622558594,0000c84200000000,0.00043333336361683905,0.0,8.678436635989328e-09,18.151044845581055,808,20.107507705688477,2b1815320531e339,0.0,12.036630036629994,0.0,24,6.145238876342773,00006b0600182000,104.16817665100098,0000000000400000,0.41937828063964844,809,22.072315216064453,ffffffffffffffff,0,0,0x02051081
16.282416,2026-09-14T20:53:52.804935-06:00,0x02051081,100.0,0.0324249267578125,814,0,22.185325622558594,0000c84200000000,0.00043333336361683905,0.0,8.678436635989328e-09,18.162965774536133,813,20.107507705688477,2b1815320531e339,0.0,12.036630036629994,0.0,24,6.155967712402344,00006b0600182000,204.18357849121094,0000000000400000,0.41961669921875,814,22.072315216064453,ffffffffffffffff,0,0,0x02051081
16.382427,2026-09-14T20:53:52.904945-06:00,0x02051081,100.0,0.03933906555175781,819,0,22.185325622558594,0000c84200000000,0.00043333336361683905,0.0,8.678436635989328e-09,18.225431442260742,818,20.107507705688477,2b1815320531e339,0.0,12.036630036629994,0.0,24,6.218910217285156,00006b0600182000,54.215431213378906,0000000000400000,0.42748451232910156,819,22.072315216064453,ffffffffffffffff,0,0,0x02051081
16.482433,2026-09-14T20:53:53.004951-06:00,0x02051081,100.0,0.04887580871582031,824,0,22.185325622558594,0000c84200000000,0.00043333336361683905,0.0,8.678436635989328e-09,18.183469772338867,823,20.107507705688477,2b1815320531e339,0.0,12.02197802197798,0.0,24,6.175994873046875,0000690600182000,154.2215347290039,0000000000400000,0.4334449768066406,824,22.072315216064453,ffffffffffffffff,0,0,0x02051081
16.584311,2026-09-14T20:53:53.106829-06:00,0x02051081,100.0,1.9462108612060547,829,0,22.185325622558594,0000c84200000000,0.00043333336361683905,0.0,8.678436635989328e-09,0.06270408630371094,829,20.107507705688477,2b1815320531e339,0.0,12.029304029303987,0.0,24,8.057355880737305,00006a0600182000,6.110429763793945,0000000000400000,2.333402633666992,829,22.072315216064453,ffffffffffffffff,0,0,0x02051081
16.690262,2026-09-14T20:53:53.212781-06:00,0x02051081,100.0,7.871389389038086,834,0,22.185325622558594,0000c84200000000,0.00043333336361683905,0.0,8.678436635989328e-09,6.016731262207031,834,20.107507705688477,2b1815320531e339,0.0,12.02197802197798,0.0,24,14.057636260986328,0000690600182000,112.06197738647461,0000000000400000,8.25810432434082,834,22.072315216064453,ffffffffffffffff,0,0,0x02051081
16.790265,2026-09-14T20:53:53.312784-06:00,0x02051081,100.0,7.831573486328125,839,0,22.185325622558594,0000c84200000000,0.00043333336361683905,0.0,8.678436635989328e-09,6.018161773681641,839,20.107507705688477,2b1815320531e339,0.0,12.029304029303987,0.0,24,14.063835144042969,00006a0600182000,212.0647430419922,0000000000400000,8.21685791015625,839,22.072315216064453,ffffffffffffffff,0,0,0x02051081
16.890283,2026-09-14T20:53:53.412802-06:00,0x02051081,100.0,7.924318313598633,844,0,22.185325622558594,0000c84200000000,0.00043333336361683905,0.0,8.678436635989328e-09,6.0939788818359375,844,20.107507705688477,2b1815320531e339,0.0,12.043956043956001,0.0,24,14.036417007446289,00006c0600182000,62.07847595214844,0000000000400000,8.31294059753418,844,22.072315216064453,ffffffffffffffff,0,0,0x02051081
16.996287,2026-09-14T20:53:53.518806-06:00,0x02051081,100.0,13.931512832641602,849,0,22.185325622558594,0000c84200000000,0.00043333336361683905,0.0,8.678436635989328e-09,12.094736099243164,849,20.107507705688477,2b1815320531e339,0.0,12.051282051282008,0.0,24,0.09012222290039062,00006d0600182000,168.08271408081055,0000000000400000,14.317750930786133,849,22.072315216064453,ffffffffffffffff,0,0,0x02051081
17.102197,2026-09-14T20:53:53.624708-06:00,0x02051081,100.0,19.799470901489258,854,0,22.185325622558594,0000c84200000000,0.00043333336361683905,0.0,8.678436635989328e-09,17.952680587768555,854,20.107507705688477,2b1815320531e339,0.0,12.10256410256406,0.0,24,5.9986114501953125,0000740600182000,23.940086364746094,0000000000400000,0.16570091247558594,855,22.072315216064453,ffffffffffffffff,0,0,0x02051081
17.2024,2026-09-14T20:53:53.724919-06:00,0x02051081,100.0,0.03218650817871094,860,0,22.185325622558594,0000c84200000000,0.00043333336361683905,0.0,8.678436635989328e-09,18.160343170166016,859,20.107507705688477,2b1815320531e339,0.0,12.058608058608016,0.0,24,6.150007247924805,00006e0600182000,124.15099143981934,0000000000400000,0.41747093200683594,860,22.072315216064453,ffffffffffffffff,0,0,0x02051081
17.30244,2026-09-14T20:53:53.824959-06:00,0x02051081,100.0,0.030994415283203125,865,0,22.185325622558594,0000c84200000000,0.00043333336361683905,0.0,8.678436635989328e-09,18.25571060180664,864,20.107507705688477,2b1815320531e339,0.0,12.095238095238052,0.0,24,6.220340728759766,0000730600182000,224.19071197509766,0000000000400000,0.4131793975830078,865,22.072315216064453,ffffffffffffffff,0,0,0x02051081
17.404245,2026-09-14T20:53:53.926764-06:00,0x02051081,100.0,1.8761157989501953,870,0,22.185325622558594,0000c84200000000,0.00043333336361683905,0.0,8.678436635989328e-09,0.06413459777832031,870,20.107507705688477,2b1815320531e339,0.0,12.10256410256406,0.0,24,8.048772811889648,0000740600182000,76.0502815246582,0000000000400000,2.2618770599365234,870,22.072315216064453,ffffffffffffffff,0,0,0x02051081
17.504295,2026-09-14T20:53:54.026814-06:00,0x02051081,100.0,1.8765926361083984,875,0,22.185325622558594,0000c84200000000,0.00043333336361683905,0.0,8.678436635989328e-09,0.06532669067382812,875,20.107507705688477,2b1815320531e339,0.0,12.117216117216074,0.0,24,8.10551643371582,0000760600182000,176.1002540588379,0000000000400000,2.265453338623047,875,22.072315216064453,ffffffffffffffff,0,0,0x02051081
17.610245,2026-09-14T20:53:54.132764-06:00,0x02051081,100.0,7.853984832763672,880,0,22.185325622558594,0000c84200000000,0.00043333336361683905,0.0,8.678436635989328e-09,6.056547164916992,880,20.107507705688477,2b1815320531e339,0.0,12.139194139194096,0.0,24,14.055013656616211,0000790600182000,32.007694244384766,0000000000400000,8.246898651123047,880,22.072315216064453,ffffffffffffffff,0,0,0x02051081
17.71028,2026-09-14T20:53:54.232799-06:00,0x02051081,100.0,7.902383804321289,885,0,22.185325622558594,0000c84200000000,0.00043333336361683905,0.0,8.678436635989328e-09,6.056547164916992,885,20.107507705688477,2b1815320531e339,0.0,12.117216117216074,0.0,24,14.094352722167969,0000760600182000,132.04216957092285,0000000000400000,8.2855224609375,885,22.072315216064453,ffffffffffffffff,0,0,0x02051081
17.816273,2026-09-14T20:53:54.338792-06:00,0x02051081,100.0,13.825654983520508,890,0,22.185325622558594,0000c84200000000,0.00043333336361683905,0.0,8.678436635989328e-09,12.094974517822266,890,20.107507705688477,2b1815320531e339,0.0,12.058608058608016,0.0,24,0.03552436828613281,00006e0600182000,238.0354404449463,0000000000400000,14.209747314453125,890,22.072315216064453,ffffffffffffffff,0,0,0x02051081
17.922106,2026-09-14T20:53:54.444625-06:00,0x02051081,100.0,19.62900161743164,895,0,22.185325622558594,0000c84200000000,0.00043333336361683905,0.0,8.678436635989328e-09,17.8830623626709,895,20.107507705688477,2b1815320531e339,0.0,12.058608058608016,0.0,24,5.921602249145508,00006e0600182000,93.91331672668457,0000000000400000,0.08130073547363281,896,22.072315216064453,ffffffffffffffff,0,0,0x02051081
18.02238,2026-09-14T20:53:54.544898-06:00,0x02051081,100.0,0.030755996704101562,901,0,22.185325622558594,0000c84200000000,0.00043333336361683905,0.0,8.678436635989328e-09,18.15199851989746,900,20.107507705688477,2b1815320531e339,0.0,12.051282051282008,0.0,24,6.145238876342773,00006d0600182000,194.18668746948242,0000000000400000,0.415802001953125,901,22.072315216064453,ffffffffffffffff,0,0,0x02051081
18.122543,2026-09-14T20:53:54.645062-06:00,0x02051081,100.0,0.041484832763671875,906,0,22.185325622558594,0000c84200000000,0.00043333336361683905,0.0,8.678436635989328e-09,18.31841468811035,905,20.107507705688477,2b1815320531e339,0.0,12.043956043956001,0.0,24,6.356716156005859,00006c0600182000,44.35896873474121,0000000000400000,0.44083595275878906,906,22.072315216064453,ffffffffffffffff,0,0,0x02051081
18.224237,2026-09-14T20:53:54.746756-06:00,0x02051081,100.0,1.840829849243164,911,0,22.185325622558594,0000c84200000000,0.00043333336361683905,0.0,8.678436635989328e-09,0.06604194641113281,911,20.107507705688477,2b1815320531e339,0.0,12.029304029303987,0.0,24,8.004903793334961,00006a0600182000,146.05307579040527,0000000000400000,2.2301673889160156,911,22.072315216064453,ffffffffffffffff,0,0,0x02051081
18.328291,2026-09-14T20:53:54.850810-06:00,0x02051081,100.0,5.885124206542969,916,0,22.185325622558594,0000c84200000000,0.00043333336361683905,0.0,8.678436635989328e-09,4.118204116821289,916,20.107507705688477,2b1815320531e339,0.0,12.036630036629994,0.0,24,12.060165405273438,00006b0600182000,0.058650970458984375,0000000000400000,6.27589225769043,916,22.072315216064453,ffffffffffffffff,0,0,0x02051081
18.430253,2026-09-14T20:53:54.952771-06:00,0x02051081,100.0,7.850408554077148,921,0,22.185325622558594,0000c84200000000,0.00043333336361683905,0.0,8.678436635989328e-09,6.080865859985352,921,20.107507705688477,2b1815320531e339,0.0,12.014652014651972,0.0,24,14.023065567016602,0000680600182000,102.020263671875,0000000000400000,8.238077163696289,921,22.072315216064453,ffffffffffffffff,0,0,0x02051081
18.536288,2026-09-14T20:53:55.058806-06:00,0x02051081,100.0,13.813495635986328,926,0,22.185325622558594,0000c84200000000,0.00043333336361683905,0.0,8.678436635989328e-09,12.12167739868164,926,20.107507705688477,2b1815320531e339,0.0,12.014652014651972,0.0,24,0.06413459777832031,0000680600182000,208.0554962158203,0000000000400000,14.211893081665039,926,22.072315216064453,ffffffffffffffff,0,0,0x02051081
18.642097,2026-09-14T20:53:55.164616-06:00,0x02051081,100.0,19.693851470947266,931,0,22.185325622558594,0000c84200000000,0.00043333336361683905,0.0,8.678436635989328e-09,17.877817153930664,931,20.107507705688477,2b1815320531e339,0.0,12.02197802197798,0.0,24,5.924224853515625,0000690600182000,63.92669677734375,0000000000400000,0.080108642578125,932,22.072315216064453,ffffffffffffffff,0,0,0x02051081
18.742423,2026-09-14T20:53:55.264941-06:00,0x02051081,100.0,0.039577484130859375,937,0,22.185325622558594,0000c84200000000,0.00043333336361683905,0.0,8.678436635989328e-09,18.258094787597656,936,20.107507705688477,2b1815320531e339,0.0,12.036630036629994,0.0,24,6.202220916748047,00006b0600182000,164.25228118896484,0000000000400000,0.4239082336425781,937,22.072315216064453,ffffffffffffffff,0,0,0x02051081
18.844248,2026-09-14T20:53:55.366767-06:00,0x02051081,100.0,1.8911361694335938,942,0,22.185325622558594,0000c84200000000,0.00043333336361683905,0.0,8.678436635989328e-09,0.03838539123535156,942,20.107507705688477,2b1815320531e339,0.0,12.029304029303987,0.0,24,8.07332992553711,00006a0600182000,16.077280044555664,0000000000400000,2.275705337524414,942,22.072315216064453,ffffffffffffffff,0,0,0x02051081
18.950207,2026-09-14T20:53:55.472725-06:00,0x02051081,100.0,7.842063903808594,947,0,22.185325622558594,0000c84200000000,0.00043333336361683905,0.0,8.678436635989328e-09,6.046533584594727,947,20.107507705688477,2b1815320531e339,0.0,12.036630036629994,0.0,24,14.037609100341797,00006b0600182000,122.03550338745117,0000000000400000,8.226633071899414,947,22.072315216064453,ffffffffffffffff,0,0,0x02051081
19.050214,2026-09-14T20:53:55.572733-06:00,0x02051081,100.0,7.830142974853516,952,0,22.185325622558594,0000c84200000000,0.00043333336361683905,0.0,8.678436635989328e-09,6.056070327758789,952,20.107507705688477,2b1815320531e339,0.0,12.058608058608016,0.0,24,14.03951644897461,00006e0600182000,222.04303741455078,0000000000400000,8.214235305786133,952,22.072315216064453,ffffffffffffffff,0,0,0x02051081
19.150259,2026-09-14T20:53:55.672777-06:00,0x02051081,100.0,7.629632949829102,957,0,22.185325622558594,0000c84200000000,0.00043333336361683905,0.0,8.678436635989328e-09,6.103277206420898,957,20.107507705688477,2b1815320531e339,0.0,12.058608058608016,0.0,24,14.015913009643555,00006e0600182000,72.09515571594238,0000000000400000,8.083105087280273,957,22.072315216064453,ffffffffffffffff,0,0,0x02051081
19.250321,2026-09-14T20:53:55.772839-06:00,0x02051081,100.0,7.915019989013672,962,0,22.185325622558594,0000c84200000000,0.00043333336361683905,0.0,8.678436635989328e-09,6.160974502563477,962,20.107507705688477,2b1815320531e339,0.0,12.07326007326003,0.0,24,14.100790023803711,0000700600182000,172.15728759765625,0000000000400000,8.302688598632812,962,22.072315216064453,ffffffffffffffff,0,0,0x02051081
19.356433,2026-09-14T20:53:55.878951-06:00,0x02051081,100.0,14.046907424926758,967,0,22.185325622558594,0000c84200000000,0.00043333336361683905,0.0,8.678436635989328e-09,12.282848358154297,967,20.107507705688477,2b1815320531e339,0.0,12.095238095238052,0.0,24,0.15974044799804688,0000730600182000,28.21826934814453,0000000000400000,14.426231384277344,967,22.072315216064453,ffffffffffffffff,0,0,0x02051081
19.462067,2026-09-14T20:53:55.984585-06:00,0x02051081,100.0,19.658803939819336,972,0,22.185325622558594,0000c84200000000,0.00043333336361683905,0.0,8.678436635989328e-09,17.850875854492188,972,20.107507705688477,2b1815320531e339,0.0,12.131868131868089,0.0,24,5.901098251342773,0000780600182000,133.85248184204102,0000000000400000,0.05602836608886719,973,22.072315216064453,ffffffffffffffff,0,0,0x02051081
19.562405,2026-09-14T20:53:56.084924-06:00,0x02051081,100.0,0.031948089599609375,978,0,22.185325622558594,0000c84200000000,0.00043333336361683905,0.0,8.678436635989328e-09,18.20206642150879,977,20.107507705688477,2b1815320531e339,0.0,12.131868131868089,0.0,24,6.191730499267578,0000780600182000,234.1909408569336,0000000000400000,0.4131793975830078,978,22.072315216064453,ffffffffffffffff,0,0,0x02051081
19.66244,2026-09-14T20:53:56.184958-06:00,0x02051081,100.0,0.03719329833984375,983,0,22.185325622558594,0000c84200000000,0.00043333336361683905,0.0,8.678436635989328e-09,18.23139190673828,982,20.107507705688477,2b1815320531e339,0.0,12.139194139194096,0.0,24,6.223201751708984,0000790600182000,84.28001403808594,0000000000400000,0.4267692565917969,983,22.072315216064453,ffffffffffffffff,0,0,0x02051081
19.764234,2026-09-14T20:53:56.286752-06:00,0x02051081,100.0,1.8694400787353516,988,0,22.185325622558594,0000c84200000000,0.00043333336361683905,0.0,8.678436635989328e-09,0.037670135498046875,988,20.107507705688477,2b1815320531e339,0.0,12.087912087912045,0.0,24,8.07952880859375,0000720600182000,186.07425689697266,0000000000400000,2.2559165954589844,988,22.072315216064453,ffffffffffffffff,0,0,0x02051081
19.864249,2026-09-14T20:53:56.386768-06:00,0x02051081,100.0,1.8682479858398438,993,0,22.185325622558594,0000c84200000000,0.00043333336361683905,0.0,8.678436635989328e-09,0.0476837158203125,993,20.107507705688477,2b1815320531e339,0.0,12.058608058608016,0.0,24,8.094072341918945,00006e0600182000,36.04555130004883,0000000000400000,2.2497177124023438,993,22.072315216064453,ffffffffffffffff,0,0,0x02051081
19.97027,2026-09-14T20:53:56.492788-06:00,0x02051081,100.0,7.916927337646484,998,0,22.185325622558594,0000c84200000000,0.00043333336361683905,0.0,8.678436635989328e-09,6.133079528808594,998,20.107507705688477,2b1815320531e339,0.0,12.058608058608016,0.0,24,14.113664627075195,00006e0600182000,142.06624031066895,0000000000400000,8.283138275146484,998,22.072315216064453,ffffffffffffffff,0,0,0x02051081
20.076285,2026-09-14T20:53:56.598804-06:00,0x02051081,100.0,13.911247253417969,1003,0,22.185325622558594,0000c84200000000,0.00043333336361683905,0.0,8.678436635989328e-09,12.098073959350586,1003,20.107507705688477,2b1815320531e339,0.0,12.036630036629994,0.0,24,0.12040138244628906,00006b0600182000,248.08144569396973,0000000000400000,14.280557632446289,1003,22.072315216064453,ffffffffffffffff,0,0,0x02051081
20.176308,2026-09-14T20:53:56.698827-06:00,0x02051081,100.0,13.949871063232422,1008,0,22.185325622558594,0000c84200000000,0.00043333336361683905,0.0,8.678436635989328e-09,12.171268463134766,1008,20.107507705688477,2b1815320531e339,0.0,12.036630036629994,0.0,24,0.08440017700195312,00006b0600182000,98.10137748718262,0000000000400000,14.31894302368164,1008,22.072315216064453,ffffffffffffffff,0,0,0x02051081
20.282086,2026-09-14T20:53:56.804604-06:00,0x02051081,100.0,19.733428955078125,1013,0,22.185325622558594,0000c84200000000,0.00043333336361683905,0.0,8.678436635989328e-09,17.894506454467773,1013,20.107507705688477,2b1815320531e339,0.0,12.02197802197798,0.0,24,5.882978439331055,0000690600182000,203.87864112854004,0000000000400000,0.06985664367675781,1014,22.072315216064453,ffffffffffffffff,0,0,0x02051081
20.38243,2026-09-14T20:53:56.904949-06:00,0x02051081,100.0,0.05316734313964844,1019,0,22.185325622558594,0000c84200000000,0.00043333336361683905,0.0,8.678436635989328e-09,18.285274505615234,1018,20.107507705688477,2b1815320531e339,0.0,12.036630036629994,0.0,24,6.234407424926758,00006b0600182000,54.28051948547363,0000000000400000,0.43654441833496094,1019,22.072315216064453,ffffffffffffffff,0,0,0x02051081
20.484176,2026-09-14T20:53:57.006694-06:00,0x02051081,100.0,1.8053054809570312,1024,0,22.185325622558594,0000c84200000000,0.00043333336361683905,0.0,8.678436635989328e-09,0.034332275390625,1024,20.107507705688477,2b1815320531e339,0.0,12.029304029303987,0.0,24,7.975339889526367,00006a0600182000,156.02612495422363,0000000000400000,2.1886825561523438,1024,22.072315216064453,ffffffffffffffff,0,0,0x02051081
20.584203,2026-09-14T20:53:57.106721-06:00,0x02051081,100.0,1.8107891082763672,1029,0,22.185325622558594,0000c84200000000,0.00043333336361683905,0.0,8.678436635989328e-09,0.06270408630371094,1029,20.107507705688477,2b1815320531e339,0.0,12.014652014651972,0.0,24,8.059978485107422,0000680600182000,6.053924560546875,0000000000400000,2.195596694946289,1029,22.072315216064453,ffffffffffffffff,0,0,0x02051081
20.684254,2026-09-14T20:53:57.206773-06:00,0x02051081,100.0,1.8382072448730469,1034,0,22.185325622558594,0000c84200000000,0.00043333336361683905,0.0,8.678436635989328e-09,0.06556510925292969,1034,20.107507705688477,2b1815320531e339,0.0,12.029304029303987,0.0,24,8.060455322265625,00006a0600182000,106.10532760620117,0000000000400000,2.2284984588623047,1034,22.072315216064453,ffffffffffffffff,0,0,0x02051081
20.790215,2026-09-14T20:53:57.312734-06:00,0x02051081,100.0,7.828950881958008,1039,0,22.185325622558594,0000c84200000000,0.00043333336361683905,0.0,8.678436635989328e-09,6.027936935424805,1039,20.107507705688477,2b1815320531e339,0.0,12.02197802197798,0.0,24,14.076709747314453,0000690600182000,212.0664119720459,0000000000400000,8.218526840209961,1039,22.072315216064453,ffffffffffffffff,0,0,0x02051081
20.890249,2026-09-14T20:53:57.412767-06:00,0x02051081,100.0,7.822751998901367,1044,0,22.185325622558594,0000c84200000000,0.00043333336361683905,0.0,8.678436635989328e-09,6.114959716796875,1044,20.107507705688477,2b1815320531e339,0.0,12.043956043956001,0.0,24,14.058589935302734,00006c0600182000,62.101125717163086,0000000000400000,8.210420608520508,1044,22.072315216064453,ffffffffffffffff,0,0,0x02051081
20.996228,2026-09-14T20:53:57.518747-06:00,0x02051081,100.0,13.831615447998047,1049,0,22.185325622558594,0000c84200000000,0.00043333336361683905,0.0,8.678436635989328e-09,12.048482894897461,1049,20.107507705688477,2b1815320531e339,0.0,12.043956043956001,0.0,24,0.08940696716308594,00006c0600182000,168.08056831359863,0000000000400000,14.219045639038086,1049,22.072315216064453,ffffffffffffffff,0,0,0x02051081
21.096245,2026-09-14T20:53:57.618764-06:00,0x02051081,100.0,13.851165771484375,1054,0,22.185325622558594,0000c84200000000,0.00043333336361683905,0.0,8.678436635989328e-09,12.11404800415039,1054,20.107507705688477,2b1815320531e339,0.0,12.124542124542081,0.0,24,0.062465667724609375,0000770600182000,18.05591583251953,0000000000400000,14.238595962524414,1054,22.072315216064453,ffffffffffffffff,0,0,0x02051081
21.196274,2026-09-14T20:53:57.718793-06:00,0x02051081,100.0,13.867616653442383,1059,0,22.185325622558594,0000c84200000000,0.00043333336361683905,0.0,8.678436635989328e-09,12.090921401977539,1059,20.107507705688477,2b1815320531e339,0.0,12.065934065934023,0.0,24,0.08654594421386719,00006f0600182000,118.08490753173828,0000000000400000,14.251232147216797,1059,22.072315216064453,ffffffffffffffff,0,0,0x02051081
21.296297,2026-09-14T20:53:57.818816-06:00,0x02051081,100.0,13.896942138671875,1064,0,22.185325622558594,0000c84200000000,0.00043333336361683905,0.0,8.678436635989328e-09,12.117862701416016,1064,20.107507705688477,2b1815320531e339,0.0,12.087912087912045,0.0,24,0.10633468627929688,0000720600182000,218.1079387664795,0000000000400000,14.284372329711914,1064,22.072315216064453,ffffffffffffffff,0,0,0x02051081
21.402053,2026-09-14T20:53:57.924572-06:00,0x02051081,100.0,19.660234451293945,1069,0,22.185325622558594,0000c84200000000,0.00043333336361683905,0.0,8.678436635989328e-09,17.92621612548828,1069,20.107507705688477,2b1815320531e339,0.0,12.109890109890067,0.0,24,5.919694900512695,0000750600182000,73.90499114990234,0000000000400000,0.04172325134277344,1070,22.072315216064453,ffffffffffffffff,0,0,0x02051081
21.502081,2026-09-14T20:53:58.024600-06:00,0x02051081,100.0,19.70815658569336,1074,0,22.185325622558594,0000c84200000000,0.00043333336361683905,0.0,8.678436635989328e-09,17.958641052246094,1074,20.107507705688477,2b1815320531e339,0.0,12.139194139194096,0.0,24,5.949735641479492,0000790600182000,173.93255233764648,0000000000400000,0.08344650268554688,1075,22.072315216064453,ffffffffffffffff,0,0,0x02051081
21.602107,2026-09-14T20:53:58.124625-06:00,0x02051081,100.0,19.66691017150879,1079,0,22.185325622558594,0000c84200000000,0.00043333336361683905,0.0,8.678436635989328e-09,17.984390258789062,1079,20.107507705688477,2b1815320531e339,0.0,12.131868131868089,0.0,24,5.968570709228516,0000780600182000,23.928165435791016,0000000000400000,0.08463859558105469,1080,22.072315216064453,ffffffffffffffff,0,0,0x02051081
21.702438,2026-09-14T20:53:58.224957-06:00,0x02051081,100.0,0.052928924560546875,1085,0,22.185325622558594,0000c84200000000,0.00043333336361683905,0.0,8.678436635989328e-09,18.31650733947754,1084,20.107507705688477,2b1815320531e339,0.0,12.109890109890067,0.0,24,6.307363510131836,0000750600182000,124.25947189331055,0000000000400000,0.43773651123046875,1085,22.072315216064453,ffffffffffffffff,0,0,0x02051081
21.80419,2026-09-14T20:53:58.326709-06:00,0x02051081,100.0,1.811981201171875,1090,0,22.185325622558594,0000c84200000000,0.00043333336361683905,0.0,8.678436635989328e-09,0.06532669067382812,1090,20.107507705688477,2b1815320531e339,0.0,12.087912087912045,0.0,24,8.066177368164062,0000720600182000,226.0117530822754,0000000000400000,2.1975040435791016,1090,22.072315216064453,ffffffffffffffff,0,0,0x02051081
21.904236,2026-09-14T20:53:58.426754-06:00,0x02051081,100.0,1.813650131225586,1095,0,22.185325622558594,0000c84200000000,0.00043333336361683905,0.0,8.678436635989328e-09,0.06747245788574219,1095,20.107507705688477,2b1815320531e339,0.0,12.065934065934023,0.0,24,8.059978485107422,00006f0600182000,76.05290412902832,0000000000400000,2.197265625,1095,22.072315216064453,ffffffffffffffff,0,0,0x02051081
22.01019,2026-09-14T20:53:58.532709-06:00,0x02051081,100.0,7.80034065246582,1100,0,22.185325622558594,0000c84200000000,0.00043333336361683905,0.0,8.678436635989328e-09,6.070375442504883,1100,20.107507705688477,2b1815320531e339,0.0,12.058608058608016,0.0,24,14.06097412109375,00006e0600182000,182.0070743560791,0000000000400000,8.188486099243164,1100,22.072315216064453,ffffffffffffffff,0,0,0x02051081
22.110227,2026-09-14T20:53:58.632746-06:00,0x02051081,100.0,7.849454879760742,1105,0,22.185325622558594,0000c84200000000,0.00043333336361683905,0.0,8.678436635989328e-09,6.103754043579102,1105,20.107507705688477,2b1815320531e339,0.0,12.043956043956001,0.0,24,14.011621475219727,00006c0600182000,32.05585479736328,0000000000400000,8.234262466430664,1105,22.072315216064453,ffffffffffffffff,0,0,0x02051081
22.21618,2026-09-14T20:53:58.738698-06:00,0x02051081,100.0,13.730049133300781,1110,0,22.185325622558594,0000c84200000000,0.00043333336361683905,0.0,8.678436635989328e-09,12.059688568115234,1110,20.107507705688477,2b1815320531e339,0.0,12.043956043956001,0.0,24,0.06031990051269531,00006c0600182000,138.00883293151855,0000000000400000,14.133930206298828,1110,22.072315216064453,ffffffffffffffff,0,0,0x02051081
22.316231,2026-09-14T20:53:58.838749-06:00,0x02051081,100.0,13.82303237915039,1115,0,22.185325622558594,0000c84200000000,0.00043333336361683905,0.0,8.678436635989328e-09,12.114524841308594,1115,20.107507705688477,2b1815320531e339,0.0,12.029304029303987,0.0,24,0.10085105895996094,00006a0600182000,238.05928230285645,0000000000400000,14.21213150024414,1115,22.072315216064453,ffffffffffffffff,0,0,0x02051081
22.422084,2026-09-14T20:53:58.944602-06:00,0x02051081,100.0,19.69456672668457,1120,0,22.185325622558594,0000c84200000000,0.00043333336361683905,0.0,8.678436635989328e-09,17.966270446777344,1120,20.107507705688477,2b1815320531e339,0.0,12.02197802197798,0.0,24,5.961894989013672,0000690600182000,93.95790100097656,0000000000400000,0.08320808410644531,1121,22.072315216064453,ffffffffffffffff,0,0,0x02051081
22.522429,2026-09-14T20:53:59.044948-06:00,0x02051081,100.0,0.052928924560546875,1126,0,22.185325622558594,0000c84200000000,0.00043333336361683905,0.0,8.678436635989328e-09,18.270015716552734,1125,20.107507705688477,2b1815320531e339,0.0,12.036630036629994,0.0,24,6.263971328735352,00006b0600182000,194.3037509918213,0000000000400000,0.4367828369140625,1126,22.072315216064453,ffffffffffffffff,0,0,0x02051081
22.622463,2026-09-14T20:53:59.144982-06:00,0x02051081,100.0,0.049114227294921875,1131,0,22.185325622558594,0000c84200000000,0.00043333336361683905,0.0,8.678436635989328e-09,18.300294876098633,1130,20.107507705688477,2b1815320531e339,0.0,12.014652014651972,0.0,24,6.351232528686523,0000680600182000,44.29507255554199,0000000000400000,0.4279613494873047,1131,22.072315216064453,ffffffffffffffff,0,0,0x02051081
22.724172,2026-09-14T20:53:59.246690-06:00,0x02051081,100.0,1.7800331115722656,1136,0,22.185325622558594,0000c84200000000,0.00043333336361683905,0.0,8.678436635989328e-09,0.06461143493652344,1136,20.107507705688477,2b1815320531e339,0.0,12.014652014651972,0.0,24,8.057594299316406,0000680600182000,146.00372314453125,0000000000400000,2.167940139770508,1136,22.072315216064453,ffffffffffffffff,0,0,0x02051081
22.824174,2026-09-14T20:53:59.346693-06:00,0x02051081,100.0,1.7852783203125,1141,0,22.185325622558594,0000c84200000000,0.00043333336361683905,0.0,8.678436635989328e-09,0.06437301635742188,1141,20.107507705688477,2b1815320531e339,0.0,12.036630036629994,0.0,24,8.008956909179688,00006b0600182000,246.00625038146973,0000000000400000,2.1734237670898438,1141,22.072315216064453,ffffffffffffffff,0,0,0x02051081
22.924219,2026-09-14T20:53:59.446737-06:00,0x02051081,100.0,1.82342529296875,1146,0,22.185325622558594,0000c84200000000,0.00043333336361683905,0.0,8.678436635989328e-09,0.06771087646484375,1146,20.107507705688477,2b1815320531e339,0.0,12.036630036629994,0.0,24,8.101224899291992,00006b0600182000,96.0536003112793,0000000000400000,2.212047576904297,1146,22.072315216064453,ffffffffffffffff,0,0,0x02051081
23.024241,2026-09-14T20:53:59.546760-06:00,0x02051081,100.0,1.882314682006836,1151,0,22.185325622558594,0000c84200000000,0.00043333336361683905,0.0,8.678436635989328e-09,0.08845329284667969,1151,20.107507705688477,2b1815320531e339,0.0,12.043956043956001,0.0,24,8.133411407470703,00006c0600182000,196.0761547088623,0000000000400000,2.268552780151367,1151,22.072315216064453,ffffffffffffffff,0,0,0x02051081
23.13034,2026-09-14T20:53:59.652857-06:00,0x02051081,100.0,7.984638214111328,1156,0,22.185325622558594,0000c84200000000,0.00043333336361683905,0.0,8.678436635989328e-09,6.236791610717773,1156,20.107507705688477,2b1815320531e339,0.0,12.058608058608016,0.0,24,14.176368713378906,00006e0600182000,52.21986770629883,0000000000400000,8.371114730834961,1156,22.072315216064453,ffffffffffffffff,0,0,0x02051081
23.236159,2026-09-14T20:53:59.758678-06:00,0x02051081,100.0,13.581275939941406,1161,0,22.185325622558594,0000c84200000000,0.00043333336361683905,0.0,8.678436635989328e-09,12.060880661010742,1161,20.107507705688477,2b1815320531e339,0.0,12.095238095238052,0.0,24,0.05626678466796875,0000730600182000,158.04052352905273,0000000000400000,13.975858688354492,1161,22.072315216064453,ffffffffffffffff,0,0,0x02051081
23.336164,2026-09-14T20:53:59.858682-06:00,0x02051081,100.0,13.769865036010742,1166,0,22.185325622558594,0000c84200000000,0.00043333336361683905,0.0,8.678436635989328e-09,12.013912200927734,1166,20.107507705688477,2b1815320531e339,0.0,12.10256410256406,0.0,24,0.04649162292480469,0000740600182000,7.991313934326172,0000000000400000,14.156818389892578,1166,22.072315216064453,ffffffffffffffff,0,0,0x02051081
23.4362,2026-09-14T20:53:59.958719-06:00,0x02051081,100.0,13.852357864379883,1171,0,22.185325622558594,0000c84200000000,0.00043333336361683905,0.0,8.678436635989328e-09,12.050390243530273,1171,20.107507705688477,2b1815320531e339,0.0,12.109890109890067,0.0,24,0.041484832763671875,0000750600182000,108.02769660949707,0000000000400000,14.237403869628906,1171,22.072315216064453,ffffffffffffffff,0,0,0x02051081
23.542093,2026-09-14T20:54:00.064612-06:00,0x02051081,100.0,19.67930793762207,1176,0,22.185325622558594,0000c84200000000,0.00043333336361683905,0.0,8.678436635989328e-09,17.981290817260742,1176,20.107507705688477,2b1815320531e339,0.0,12.139194139194096,0.0,24,5.9757232666015625,0000790600182000,213.92059326171875,0000000000400000,0.05817413330078125,1177,22.072315216064453,ffffffffffffffff,0,0,0x02051081
23.642425,2026-09-14T20:54:00.164944-06:00,0x02051081,100.0,0.0324249267578125,1182,0,22.185325622558594,0000c84200000000,0.00043333336361683905,0.0,8.678436635989328e-09,18.283843994140625,1181,20.107507705688477,2b1815320531e339,0.0,12.139194139194096,0.0,24,6.323099136352539,0000790600182000,64.31913375854492,0000000000400000,0.41866302490234375,1182,22.072315216064453,ffffffffffffffff,0,0,0x02051081
23.742439,2026-09-14T20:54:00.264957-06:00,0x02051081,100.0,0.03504753112792969,1187,0,22.185325622558594,0000c84200000000,0.00043333336361683905,0.0,8.678436635989328e-09,18.342018127441406,1186,20.107507705688477,2b1815320531e339,0.0,12.080586080586038,0.0,24,6.264209747314453,0000710600182000,164.33262825012207,0000000000400000,0.41866302490234375,1187,22.072315216064453,ffffffffffffffff,0,0,0x02051081
23.844148,2026-09-14T20:54:00.366666-06:00,0x02051081,100.0,1.7969608306884766,1192,0,22.185325622558594,0000c84200000000,0.00043333336361683905,0.0,8.678436635989328e-09,0.05745887756347656,1192,20.107507705688477,2b1815320531e339,0.0,12.058608058608016,0.0,24,8.045196533203125,00006e0600182000,16.045093536376953,0000000000400000,2.181529998779297,1192,22.072315216064453,ffffffffffffffff,0,0,0x02051081
23.944177,2026-09-14T20:54:00.466696-06:00,0x02051081,100.0,1.7669200897216797,1197,0,22.185325622558594,0000c84200000000,0.00043333336361683905,0.0,8.678436635989328e-09,0.03552436828613281,1197,20.107507705688477,2b1815320531e339,0.0,12.051282051282008,0.0,24,8.070707321166992,00006d0600182000,116.0745620727539,0000000000400000,2.147674560546875,1197,22.072315216064453,ffffffffffffffff,0,0,0x02051081
24.050145,2026-09-14T20:54:00.572663-06:00,0x02051081,100.0,7.737398147583008,1202,0,22.185325622558594,0000c84200000000,0.00043333336361683905,0.0,8.678436635989328e-09,6.032705307006836,1202,20.107507705688477,2b1815320531e339,0.0,12.043956043956001,0.0,24,14.039754867553711,00006c0600182000,222.04208374023438,0000000000400000,8.124828338623047,1202,22.072315216064453,ffffffffffffffff,0,0,0x02051081
24.150191,2026-09-14T20:54:00.672710-06:00,0x02051081,100.0,7.80177116394043,1207,0,22.185325622558594,0000c84200000000,0.00043333336361683905,0.0,8.678436635989328e-09,6.050348281860352,1207,20.107507705688477,2b1815320531e339,0.0,12.043956043956001,0.0,24,14.038562774658203,00006c0600182000,72.09563255310059,0000000000400000,8.188724517822266,1207,22.072315216064453,ffffffffffffffff,0,0,0x02051081
24.256123,2026-09-14T20:54:00.778642-06:00,0x02051081,100.0,13.67497444152832,1212,0,22.185325622558594,0000c84200000000,0.00043333336361683905,0.0,8.678436635989328e-09,12.03608512878418,1212,20.107507705688477,2b1815320531e339,0.0,12.036630036629994,0.0,24,0.0324249267578125,00006b0600182000,178.02762985229492,0000000000400000,14.067888259887695,1212,22.072315216064453,ffffffffffffffff,0,0,0x02051081
24.356154,2026-09-14T20:54:00.878672-06:00,0x02051081,100.0,13.748645782470703,1217,0,22.185325622558594,0000c84200000000,0.00043333336361683905,0.0,8.678436635989328e-09,12.063980102539062,1217,20.107507705688477,2b1815320531e339,0.0,12.02197802197798,0.0,24,0.0591278076171875,0000690600182000,28.032541275024414,0000000000400000,14.130353927612305,1217,22.072315216064453,ffffffffffffffff,0,0,0x02051081
24.46205,2026-09-14T20:54:00.984568-06:00,0x02051081,100.0,19.673824310302734,1222,0,22.185325622558594,0000c84200000000,0.00043333336361683905,0.0,8.678436635989328e-09,17.91977882385254,1222,20.107507705688477,2b1815320531e339,0.0,12.02197802197798,0.0,24,5.958795547485352,0000690600182000,133.9285373687744,0000000000400000,0.052928924560546875,1223,22.072315216064453,ffffffffffffffff,0,0,0x02051081
24.562074,2026-09-14T20:54:01.084592-06:00,0x02051081,100.0,19.66691017150879,1227,0,22.185325622558594,0000c84200000000,0.00043333336361683905,0.0,8.678436635989328e-09,17.94123649597168,1227,20.107507705688477,2b1815320531e339,0.0,12.029304029303987,0.0,24,5.934476852416992,00006a0600182000,233.95252227783203,0000000000400000,0.057697296142578125,1228,22.072315216064453,ffffffffffffffff,0,0,0x02051081
24.662103,2026-09-14T20:54:01.184621-06:00,0x02051081,100.0,19.67906951904297,1232,0,22.185325622558594,0000c84200000000,0.00043333336361683905,0.0,8.678436635989328e-09,18.018484115600586,1232,20.107507705688477,2b1815320531e339,0.0,12.036630036629994,0.0,24,5.965709686279297,00006b0600182000,84.02538299560547,0000000000400000,0.08678436279296875,1233,22.072315216064453,ffffffffffffffff,0,0,0x02051081
24.762405,2026-09-14T20:54:01.284923-06:00,0x02051081,100.0,0.05435943603515625,1238,0,22.185325622558594,0000c84200000000,0.00043333336361683905,0.0,8.678436635989328e-09,18.323659896850586,1237,20.107507705688477,2b1815320531e339,0.0,12.029304029303987,0.0,24,6.313800811767578,00006a0600182000,184.3271255493164,0000000000400000,0.4417896270751953,1238,22.072315216064453,ffffffffffffffff,0,0,0x02051081
24.862423,2026-09-14T20:54:01.384941-06:00,0x02051081,100.0,0.05555152893066406,1243,0,22.185325622558594,0000c84200000000,0.00043333336361683905,0.0,8.678436635989328e-09,18.294334411621094,1242,20.107507705688477,2b1815320531e339,0.0,12.029304029303987,0.0,24,6.281852722167969,00006a0600182000,34.288644790649414,0000000000400000,0.4436969757080078,1243,22.072315216064453,ffffffffffffffff,0,0,0x02051081
24.96419,2026-09-14T20:54:01.486708-06:00,0x02051081,100.0,1.8377304077148438,1248,0,22.185325622558594,0000c84200000000,0.00043333336361683905,0.0,8.678436635989328e-09,0.06532669067382812,1248,20.107507705688477,2b1815320531e339,0.0,12.043956043956001,0.0,24,8.05974006652832,00006c0600182000,136.05570793151855,0000000000400000,2.220630645751953,1248,22.072315216064453,ffffffffffffffff,0,0,0x02051081
25.064198,2026-09-14T20:54:01.586717-06:00,0x02051081,100.0,1.7883777618408203,1253,0,22.185325622558594,0000c84200000000,0.00043333336361683905,0.0,8.678436635989328e-09,0.07414817810058594,1253,20.107507705688477,2b1815320531e339,0.0,12.058608058608016,0.0,24,8.064746856689453,00006e0600182000,236.06395721435547,0000000000400000,2.182483673095703,1253,22.072315216064453,ffffffffffffffff,0,0,0x02051081
25.170194,2026-09-14T20:54:01.692712-06:00,0x02051081,100.0,7.830619812011719,1258,0,22.185325622558594,0000c84200000000,0.00043333336361683905,0.0,8.678436635989328e-09,6.119728088378906,1258,20.107507705688477,2b1815320531e339,0.0,12.087912087912045,0.0,24,14.068603515625,0000720600182000,92.11015701293945,0000000000400000,8.215665817260742,1258,22.072315216064453,ffffffffffffffff,0,0,0x02051081
25.276174,2026-09-14T20:54:01.798692-06:00,0x02051081,100.0,13.731241226196289,1263,0,22.185325622558594,0000c84200000000,0.00043333336361683905,0.0,8.678436635989328e-09,12.056112289428711,1263,20.107507705688477,2b1815320531e339,0.0,12.109890109890067,0.0,24,0.08869171142578125,0000750600182000,198.0898380279541,0000000000400000,14.124155044555664,1263,22.072315216064453,ffffffffffffffff,0,0,0x02051081
25.382026,2026-09-14T20:54:01.904545-06:00,0x02051081,100.0,19.6225643157959,1268,0,22.185325622558594,0000c84200000000,0.00043333336361683905,0.0,8.678436635989328e-09,17.90332794189453,1268,20.107507705688477,2b1815320531e339,0.0,12.10256410256406,0.0,24,5.947589874267578,0000740600182000,53.939104080200195,0000000000400000,0.055789947509765625,1269,22.072315216064453,ffffffffffffffff,0,0,0x02051081
25.482399,2026-09-14T20:54:02.004918-06:00,0x02051081,100.0,0.05221366882324219,1274,0,22.185325622558594,0000c84200000000,0.00043333336361683905,0.0,8.678436635989328e-09,18.33200454711914,1273,20.107507705688477,2b1815320531e339,0.0,12.124542124542081,0.0,24,6.32023811340332,0000770600182000,154.3121337890625,0000000000400000,0.43845176696777344,1274,22.072315216064453,ffffffffffffffff,0,0,0x02051081
25.582417,2026-09-14T20:54:02.104936-06:00,0x02051081,100.0,0.05030632019042969,1279,0,22.185325622558594,0000c84200000000,0.00043333336361683905,0.0,8.678436635989328e-09,18.34893226623535,1278,20.107507705688477,2b1815320531e339,0.0,12.146520146520103,0.0,24,6.340742111206055,00007a0600182000,4.291772842407227,0000000000400000,0.4343986511230469,1279,22.072315216064453,ffffffffffffffff,0,0,0x02051081
25.682442,2026-09-14T20:54:02.204961-06:00,0x02051081,100.0,0.03933906555175781,1284,0,22.185325622558594,0000c84200000000,0.00043333336361683905,0.0,8.678436635989328e-09,18.377065658569336,1283,20.107507705688477,2b1815320531e339,0.0,12.10256410256406,0.0,24,6.367683410644531,0000740600182000,104.31694984436035,0000000000400000,0.4253387451171875,1284,22.072315216064453,ffffffffffffffff,0,0,0x02051081
25.78415,2026-09-14T20:54:02.306669-06:00,0x02051081,100.0,1.7657279968261719,1289,0,22.185325622558594,0000c84200000000,0.00043333336361683905,0.0,8.678436635989328e-09,0.03814697265625,1289,20.107507705688477,2b1815320531e339,0.0,12.058608058608016,0.0,24,8.079767227172852,00006e0600182000,206.0246467590332,0000000000400000,2.1495819091796875,1289,22.072315216064453,ffffffffffffffff,0,0,0x02051081
25.890161,2026-09-14T20:54:02.412679-06:00,0x02051081,100.0,7.781505584716797,1294,0,22.185325622558594,0000c84200000000,0.00043333336361683905,0.0,8.678436635989328e-09,6.093263626098633,1294,20.107507705688477,2b1815320531e339,0.0,12.058608058608016,0.0,24,14.039039611816406,00006e0600182000,62.03889846801758,0000000000400000,8.165359497070312,1294,22.072315216064453,ffffffffffffffff,0,0,0x02051081
25.99611,2026-09-14T20:54:02.518629-06:00,0x02051081,100.0,13.715982437133789,1299,0,22.185325622558594,0000c84200000000,0.00043333336361683905,0.0,8.678436635989328e-09,12.044191360473633,1299,20.107507705688477,2b1815320531e339,0.0,12.051282051282008,0.0,24,0.03600120544433594,00006d0600182000,167.98853874206543,0000000000400000,14.100790023803711,1299,22.072315216064453,ffffffffffffffff,0,0,0x02051081
26.102049,2026-09-14T20:54:02.624568-06:00,0x02051081,100.0,19.657373428344727,1304,0,22.185325622558594,0000c84200000000,0.00043333336361683905,0.0,8.678436635989328e-09,17.937898635864258,1304,20.107507705688477,2b1815320531e339,0.0,12.02197802197798,0.0,24,5.981683731079102,0000690600182000,23.973464965820312,0000000000400000,0.0553131103515625,1305,22.072315216064453,ffffffffffffffff,0,0,0x02051081
26.202411,2026-09-14T20:54:02.724930-06:00,0x02051081,100.0,0.051975250244140625,1310,0,22.185325622558594,0000c84200000000,0.00043333336361683905,0.0,8.678436635989328e-09,18.30315589904785,1309,20.107507705688477,2b1815320531e339,0.0,12.029304029303987,0.0,24,6.291389465332031,00006a0600182000,124.33576583862305,0000000000400000,0.4382133483886719,1310,22.072315216064453,ffffffffffffffff,0,0,0x02051081
26.302463,2026-09-14T20:54:02.824981-06:00,0x02051081,100.0,0.05221366882324219,1315,0,22.185325622558594,0000c84200000000,0.00043333336361683905,0.0,8.678436635989328e-09,18.402814865112305,1314,20.107507705688477,2b1815320531e339,0.0,12.029304029303987,0.0,24,6.398916244506836,00006a0600182000,224.38716888427734,0000000000400000,0.4363059997558594,1315,22.072315216064453,ffffffffffffffff,0,0,0x02051081
26.40412,2026-09-14T20:54:02.926639-06:00,0x02051081,100.0,1.7330646514892578,1320,0,22.185325622558594,0000c84200000000,0.00043333336361683905,0.0,8.678436635989328e-09,0.06341934204101562,1320,20.107507705688477,2b1815320531e339,0.0,12.02197802197798,0.0,24,8.005380630493164,0000690600182000,76.04861259460449,0000000000400000,2.1212100982666016,1320,22.072315216064453,ffffffffffffffff,0,0,0x02051081
26.50412,2026-09-14T20:54:03.026639-06:00,0x02051081,100.0,1.7409324645996094,1325,0,22.185325622558594,0000c84200000000,0.00043333336361683905,0.0,8.678436635989328e-09,0.0629425048828125,1325,20.107507705688477,2b1815320531e339,0.0,12.014652014651972,0.0,24,8.00633430480957,0000680600182000,176.04923248291016,0000000000400000,2.12860107421875,1325,22.072315216064453,ffffffffffffffff,0,0,0x02051081
26.604164,2026-09-14T20:54:03.126683-06:00,0x02051081,100.0,1.7735958099365234,1330,0,22.185325622558594,0000c84200000000,0.00043333336361683905,0.0,8.678436635989328e-09,0.06365776062011719,1330,20.107507705688477,2b1815320531e339,0.0,12.014652014651972,0.0,24,8.051156997680664,0000680600182000,26.105880737304688,0000000000400000,2.158641815185547,1330,22.072315216064453,ffffffffffffffff,0,0,0x02051081
26.710151,2026-09-14T20:54:03.232670-06:00,0x02051081,100.0,7.747650146484375,1335,0,22.185325622558594,0000c84200000000,0.00043333336361683905,0.0,8.678436635989328e-09,6.052970886230469,1335,20.107507705688477,2b1815320531e339,0.0,12.014652014651972,0.0,24,14.094352722167969,0000680600182000,132.0934295654297,0000000000400000,8.135557174682617,1335,22.072315216064453,ffffffffffffffff,0,0,0x02051081
26.810199,2026-09-14T20:54:03.332717-06:00,0x02051081,100.0,7.844209671020508,1340,0,22.185325622558594,0000c84200000000,0.00043333336361683905,0.0,8.678436635989328e-09,6.0939788818359375,1340,20.107507705688477,2b1815320531e339,0.0,12.02197802197798,0.0,24,14.141082763671875,0000690600182000,232.14030265808105,0000000000400000,8.230924606323242,1340,22.072315216064453,ffffffffffffffff,0,0,0x02051081
26.9102,2026-09-14T20:54:03.432719-06:00,0x02051081,100.0,7.852315902709961,1345,0,22.185325622558594,0000c84200000000,0.00043333336361683905,0.0,8.678436635989328e-09,6.147623062133789,1345,20.107507705688477,2b1815320531e339,0.0,12.051282051282008,0.0,24,14.140129089355469,00006d0600182000,82.13686943054199,0000000000400000,8.239030838012695,1345,22.072315216064453,ffffffffffffffff,0,0,0x02051081
27.016125,2026-09-14T20:54:03.538644-06:00,0x02051081,100.0,13.716459274291992,1350,0,22.185325622558594,0000c84200000000,0.00043333336361683905,0.0,8.678436635989328e-09,12.024164199829102,1350,20.107507705688477,2b1815320531e339,0.0,12.065934065934023,0.0,24,0.07033348083496094,00006f0600182000,188.06195259094238,0000000000400000,14.102458953857422,1350,22.072315216064453,ffffffffffffffff,0,0,0x02051081
27.116171,2026-09-14T20:54:03.638690-06:00,0x02051081,100.0,13.818740844726562,1355,0,22.185325622558594,0000c84200000000,0.00043333336361683905,0.0,8.678436635989328e-09,12.119531631469727,1355,20.107507705688477,2b1815320531e339,0.0,12.07326007326003,0.0,24,0.06580352783203125,0000700600182000,38.115501403808594,0000000000400000,14.204740524291992,1355,22.072315216064453,ffffffffffffffff,0,0,0x02051081
27.222019,2026-09-14T20:54:03.744538-06:00,0x02051081,100.0,19.6688175201416,1360,0,22.185325622558594,0000c84200000000,0.00043333336361683905,0.0,8.678436635989328e-09,17.97175407409668,1360,20.107507705688477,2b1815320531e339,0.0,12.080586080586038,0.0,24,5.961894989013672,0000710600182000,143.96357536315918,0000000000400000,0.055789947509765625,1361,22.072315216064453,ffffffffffffffff,0,0,0x02051081
27.322124,2026-09-14T20:54:03.844642-06:00,0x02051081,100.0,19.77682113647461,1365,0,22.185325622558594,0000c84200000000,0.00043333336361683905,0.0,8.678436635989328e-09,18.082618713378906,1365,20.107507705688477,2b1815320531e339,0.0,12.109890109890067,0.0,24,5.9871673583984375,0000750600182000,244.06814575195312,0000000000400000,0.048160552978515625,1366,22.072315216064453,ffffffffffffffff,0,0,0x02051081
27.422408,2026-09-14T20:54:03.944927-06:00,0x02051081,100.0,0.05054473876953125,1371,0,22.185325622558594,0000c84200000000,0.00043333336361683905,0.0,8.678436635989328e-09,18.36562156677246,1370,20.107507705688477,2b1815320531e339,0.0,12.124542124542081,0.0,24,6.311178207397461,0000770600182000,94.30265426635742,0000000000400000,0.43320655822753906,1371,22.072315216064453,ffffffffffffffff,0,0,0x02051081
27.522436,2026-09-14T20:54:04.044955-06:00,0x02051081,100.0,0.049591064453125,1376,0,22.185325622558594,0000c84200000000,0.00043333336361683905,0.0,8.678436635989328e-09,18.34249496459961,1375,20.107507705688477,2b1815320531e339,0.0,12.131868131868089,0.0,24,6.378173828125,0000780600182000,194.33069229125977,0000000000400000,0.43773651123046875,1376,22.072315216064453,ffffffffffffffff,0,0,0x02051081
27.622454,2026-09-14T20:54:04.144973-06:00,0x02051081,100.0,0.051975250244140625,1381,0,22.185325622558594,0000c84200000000,0.00043333336361683905,0.0,8.678436635989328e-09,18.365144729614258,1380,20.107507705688477,2b1815320531e339,0.0,12.139194139194096,0.0,24,6.350517272949219,0000790600182000,44.3570613861084,0000000000400000,0.4410743713378906,1381,22.072315216064453,ffffffffffffffff,0,0,0x02051081
27.724101,2026-09-14T20:54:04.246620-06:00,0x02051081,100.0,1.7139911651611328,1386,0,22.185325622558594,0000c84200000000,0.00043333336361683905,0.0,8.678436635989328e-09,0.06365776062011719,1386,20.107507705688477,2b1815320531e339,0.0,12.080586080586038,0.0,24,8.054256439208984,0000710600182000,146.00419998168945,0000000000400000,2.103090286254883,1386,22.072315216064453,ffffffffffffffff,0,0,0x02051081
27.828131,2026-09-14T20:54:04.350650-06:00,0x02051081,100.0,5.778312683105469,1391,0,22.185325622558594,0000c84200000000,0.00043333336361683905,0.0,8.678436635989328e-09,4.099607467651367,1391,20.107507705688477,2b1815320531e339,0.0,12.058608058608016,0.0,24,12.083768844604492,00006e0600182000,0.03457069396972656,0000000000400000,6.163358688354492,1391,22.072315216064453,ffffffffffffffff,0,0,0x02051081
27.930228,2026-09-14T20:54:04.452746-06:00,0x02051081,100.0,7.880449295043945,1396,0,22.185325622558594,0000c84200000000,0.00043333336361683905,0.0,8.678436635989328e-09,6.136178970336914,1396,20.107507705688477,2b1815320531e339,0.0,12.065934065934023,0.0,24,14.183282852172852,00006f0600182000,102.13065147399902,0000000000400000,8.264541625976562,1396,22.072315216064453,ffffffffffffffff,0,0,0x02051081
28.03613,2026-09-14T20:54:04.558648-06:00,0x02051081,100.0,13.741254806518555,1401,0,22.185325622558594,0000c84200000000,0.00043333336361683905,0.0,8.678436635989328e-09,12.046575546264648,1401,20.107507705688477,2b1815320531e339,0.0,12.051282051282008,0.0,24,0.042438507080078125,00006d0600182000,208.03332328796387,0000000000400000,14.126777648925781,1401,22.072315216064453,ffffffffffffffff,0,0,0x02051081
28.142064,2026-09-14T20:54:04.664582-06:00,0x02051081,100.0,19.6683406829834,1406,0,22.185325622558594,0000c84200000000,0.00043333336361683905,0.0,8.678436635989328e-09,18.029451370239258,1406,20.107507705688477,2b1815320531e339,0.0,12.029304029303987,0.0,24,6.02269172668457,00006a0600182000,64.02063369750977,0000000000400000,0.05936622619628906,1407,22.072315216064453,ffffffffffffffff,0,0,0x02051081
28.242416,2026-09-14T20:54:04.764935-06:00,0x02051081,100.0,0.03600120544433594,1412,0,22.185325622558594,0000c84200000000,0.00043333336361683905,0.0,8.678436635989328e-09,18.329620361328125,1411,20.107507705688477,2b1815320531e339,0.0,12.036630036629994,0.0,24,6.332159042358398,00006b0600182000,164.37387466430664,0000000000400000,0.4210472106933594,1412,22.072315216064453,ffffffffffffffff,0,0,0x02051081
28.342441,2026-09-14T20:54:04.864960-06:00,0x02051081,100.0,0.03361701965332031,1417,0,22.185325622558594,0000c84200000000,0.00043333336361683905,0.0,8.678436635989328e-09,18.358707427978516,1416,20.107507705688477,2b1815320531e339,0.0,12.036630036629994,0.0,24,6.400585174560547,00006b0600182000,14.273643493652344,0000000000400000,0.415802001953125,1417,22.072315216064453,ffffffffffffffff,0,0,0x02051081
28.444111,2026-09-14T20:54:04.966629-06:00,0x02051081,100.0,1.718759536743164,1422,0,22.185325622558594,0000c84200000000,0.00043333336361683905,0.0,8.678436635989328e-09,0.03457069396972656,1422,20.107507705688477,2b1815320531e339,0.0,12.02197802197798,0.0,24,8.023262023925781,0000690600182000,115.94319343566895,0000000000400000,2.103567123413086,1422,22.072315216064453,ffffffffffffffff,0,0,0x02051081
28.544151,2026-09-14T20:54:05.066670-06:00,0x02051081,100.0,1.695394515991211,1427,0,22.185325622558594,0000c84200000000,0.00043333336361683905,0.0,8.678436635989328e-09,0.03743171691894531,1427,20.107507705688477,2b1815320531e339,0.0,12.029304029303987,0.0,24,8.056163787841797,00006a0600182000,215.98410606384277,0000000000400000,2.086162567138672,1427,22.072315216064453,ffffffffffffffff,0,0,0x02051081
28.644151,2026-09-14T20:54:05.166670-06:00,0x02051081,100.0,1.7688274383544922,1432,0,22.185325622558594,0000c84200000000,0.00043333336361683905,0.0,8.678436635989328e-09,0.03743171691894531,1432,20.107507705688477,2b1815320531e339,0.0,12.02197802197798,0.0,24,8.030414581298828,0000690600182000,66.06388092041016,0000000000400000,2.1543502807617188,1432,22.072315216064453,ffffffffffffffff,0,0,0x02051081
28.750123,2026-09-14T20:54:05.272641-06:00,0x02051081,100.0,7.712125778198242,1437,0,22.185325622558594,0000c84200000000,0.00043333336361683905,0.0,8.678436635989328e-09,6.014823913574219,1437,20.107507705688477,2b1815320531e339,0.0,12.029304029303987,0.0,24,14.044046401977539,00006a0600182000,172.03521728515625,0000000000400000,8.099079132080078,1437,22.072315216064453,ffffffffffffffff,0,0,0x02051081
28.856119,2026-09-14T20:54:05.378638-06:00,0x02051081,100.0,13.725519180297852,1442,0,22.185325622558594,0000c84200000000,0.00043333336361683905,0.0,8.678436635989328e-09,12.09568977355957,1442,20.107507705688477,2b1815320531e339,0.0,12.029304029303987,0.0,24,0.03647804260253906,00006a0600182000,27.994394302368164,0000000000400000,14.113426208496094,1442,22.072315216064453,ffffffffffffffff,0,0,0x02051081
28.962058,2026-09-14T20:54:05.484577-06:00,0x02051081,100.0,19.664287567138672,1447,0,22.185325622558594,0000c84200000000,0.00043333336361683905,0.0,8.678436635989328e-09,17.983675003051758,1447,20.107507705688477,2b1815320531e339,0.0,12.051282051282008,0.0,24,5.980491638183594,00006d0600182000,133.93330574035645,0000000000400000,0.0553131103515625,1448,22.072315216064453,ffffffffffffffff,0,0,0x02051081
29.062421,2026-09-14T20:54:05.584940-06:00,0x02051081,100.0,0.03790855407714844,1453,0,22.185325622558594,0000c84200000000,0.00043333336361683905,0.0,8.678436635989328e-09,18.314361572265625,1452,20.107507705688477,2b1815320531e339,0.0,12.07326007326003,0.0,24,6.389856338500977,0000700600182000,234.29632186889648,0000000000400000,0.4253387451171875,1453,22.072315216064453,ffffffffffffffff,0,0,0x02051081
29.162427,2026-09-14T20:54:05.684946-06:00,0x02051081,100.0,0.03600120544433594,1458,0,22.185325622558594,0000c84200000000,0.00043333336361683905,0.0,8.678436635989328e-09,18.414020538330078,1457,20.107507705688477,2b1815320531e339,0.0,12.080586080586038,0.0,24,6.356477737426758,0000710600182000,84.34772491455078,0000000000400000,0.4200935363769531,1458,22.072315216064453,ffffffffffffffff,0,0,0x02051081
29.262545,2026-09-14T20:54:05.785064-06:00,0x02051081,100.0,0.1201629638671875,1463,0,22.185325622558594,0000c84200000000,0.00043333336361683905,0.0,8.678436635989328e-09,18.52583885192871,1462,20.107507705688477,2b1815320531e339,0.0,12.10256410256406,0.0,24,6.474971771240234,0000740600182000,184.46588516235352,0000000000400000,0.5686283111572266,1463,22.072315216064453,ffffffffffffffff,0,0,0x02051081
29.364104,2026-09-14T20:54:05.886622-06:00,0x02051081,100.0,1.6236305236816406,1468,0,22.185325622558594,0000c84200000000,0.00043333336361683905,0.0,8.678436635989328e-09,0.03886222839355469,1468,20.107507705688477,2b1815320531e339,0.0,12.117216117216074,0.0,24,8.004188537597656,0000760600182000,36.07511520385742,0000000000400000,2.0143985748291016,1468,22.072315216064453,ffffffffffffffff,0,0,0x02051081
29.464136,2026-09-14T20:54:05.986655-06:00,0x02051081,100.0,1.764059066772461,1473,0,22.185325622558594,0000c84200000000,0.00043333336361683905,0.0,8.678436635989328e-09,0.03457069396972656,1473,20.107507705688477,2b1815320531e339,0.0,12.131868131868089,0.0,24,8.108854293823242,0000780600182000,136.1076831817627,0000000000400000,2.1479129791259766,1473,22.072315216064453,ffffffffffffffff,0,0,0x02051081
29.57006,2026-09-14T20:54:06.092578-06:00,0x02051081,100.0,7.681131362915039,1478,0,22.185325622558594,0000c84200000000,0.00043333336361683905,0.0,8.678436635989328e-09,5.959749221801758,1478,20.107507705688477,2b1815320531e339,0.0,12.139194139194096,0.0,24,13.988256454467773,0000790600182000,242.03133583068848,0000000000400000,8.065462112426758,1478,22.072315216064453,ffffffffffffffff,0,0,0x02051081
29.670137,2026-09-14T20:54:06.192655-06:00,0x02051081,100.0,7.724285125732422,1483,0,22.185325622558594,0000c84200000000,0.00043333336361683905,0.0,8.678436635989328e-09,6.125926971435547,1483,20.107507705688477,2b1815320531e339,0.0,12.117216117216074,0.0,24,14.053583145141602,0000760600182000,92.1177864074707,0000000000400000,8.109331130981445,1483,22.072315216064453,ffffffffffffffff,0,0,0x02051081
29.776103,2026-09-14T20:54:06.298622-06:00,0x02051081,100.0,13.68570327758789,1488,0,22.185325622558594,0000c84200000000,0.00043333336361683905,0.0,8.678436635989328e-09,12.006998062133789,1488,20.107507705688477,2b1815320531e339,0.0,12.07326007326003,0.0,24,0.03552436828613281,0000700600182000,198.08459281921387,0000000000400000,14.068126678466797,1488,22.072315216064453,ffffffffffffffff,0,0,0x02051081
29.88201,2026-09-14T20:54:06.404529-06:00,0x02051081,100.0,19.62733268737793,1493,0,22.185325622558594,0000c84200000000,0.00043333336361683905,0.0,8.678436635989328e-09,18.000125885009766,1493,20.107507705688477,2b1815320531e339,0.0,12.051282051282008,0.0,24,5.948781967163086,00006d0600182000,53.94482612609863,0000000000400000,0.03528594970703125,1494,22.072315216064453,ffffffffffffffff,0,0,0x02051081
29.982012,2026-09-14T20:54:06.504531-06:00,0x02051081,100.0,19.62757110595703,1498,0,22.185325622558594,0000c84200000000,0.00043333336361683905,0.0,8.678436635989328e-09,17.960071563720703,1498,20.107507705688477,2b1815320531e339,0.0,12.036630036629994,0.0,24,5.909442901611328,00006b0600182000,153.9468765258789,0000000000400000,0.03361701965332031,1499,22.072315216064453,ffffffffffffffff,0,0,0x02051081
30.082012,2026-09-14T20:54:06.604531-06:00,0x02051081,100.0,19.63043212890625,1503,0,22.185325622558594,0000c84200000000,0.00043333336361683905,0.0,8.678436635989328e-09,18.006563186645508,1503,20.107507705688477,2b1815320531e339,0.0,12.043956043956001,0.0,24,5.944728851318359,00006c0600182000,3.9467811584472656,0000000000400000,0.033855438232421875,1504,22.072315216064453,ffffffffffffffff,0,0,0x02051081
30.182389,2026-09-14T20:54:06.704907-06:00,0x02051081,100.0,0.031232833862304688,1509,0,22.185325622558594,0000c84200000000,0.00043333336361683905,0.0,8.678436635989328e-09,18.336057662963867,1508,20.107507705688477,2b1815320531e339,0.0,12.036630036629994,0.0,24,6.37364387512207,00006b0600182000,104.3233871459961,0000000000400000,0.41556358337402344,1509,22.072315216064453,ffffffffffffffff,0,0,0x02051081
30.282468,2026-09-14T20:54:06.804987-06:00,0x02051081,100.0,0.03838539123535156,1514,0,22.185325622558594,0000c84200000000,0.00043333336361683905,0.0,8.678436635989328e-09,18.362760543823242,1513,20.107507705688477,2b1815320531e339,0.0,12.029304029303987,0.0,24,6.409168243408203,00006a0600182000,204.40316200256348,0000000000400000,0.42700767517089844,1514,22.072315216064453,ffffffffffffffff,0,0,0x02051081
30.382493,2026-09-14T20:54:06.905011-06:00,0x02051081,100.0,0.0400543212890625,1519,0,22.185325622558594,0000c84200000000,0.00043333336361683905,0.0,8.678436635989328e-09,18.444538116455078,1518,20.107507705688477,2b1815320531e339,0.0,12.02197802197798,0.0,24,6.433010101318359,0000690600182000,54.42667007446289,0000000000400000,0.4322528839111328,1519,22.072315216064453,ffffffffffffffff,0,0,0x02051081
30.484086,2026-09-14T20:54:07.006604-06:00,0x02051081,100.0,1.7156600952148438,1524,0,22.185325622558594,0000c84200000000,0.00043333336361683905,0.0,8.678436635989328e-09,0.03409385681152344,1524,20.107507705688477,2b1815320531e339,0.0,12.014652014651972,0.0,24,8.025884628295898,0000680600182000,156.0194492340088,0000000000400000,2.0995140075683594,1524,22.072315216064453,ffffffffffffffff,0,0,0x02051081
30.59015,2026-09-14T20:54:07.112669-06:00,0x02051081,100.0,7.799863815307617,1529,0,22.185325622558594,0000c84200000000,0.00043333336361683905,0.0,8.678436635989328e-09,6.148815155029297,1529,20.107507705688477,2b1815320531e339,0.0,12.02197802197798,0.0,24,14.055728912353516,0000690600182000,12.143850326538086,0000000000400000,8.184194564819336,1529,22.072315216064453,ffffffffffffffff,0,0,0x02051081
30.690157,2026-09-14T20:54:07.212675-06:00,0x02051081,100.0,7.771015167236328,1534,0,22.185325622558594,0000c84200000000,0.00043333336361683905,0.0,8.678436635989328e-09,6.159305572509766,1534,20.107507705688477,2b1815320531e339,0.0,12.036630036629994,0.0,24,14.146089553833008,00006b0600182000,112.15043067932129,0000000000400000,8.15892219543457,1534,22.072315216064453,ffffffffffffffff,0,0,0x02051081
30.796099,2026-09-14T20:54:07.318618-06:00,0x02051081,100.0,13.705253601074219,1539,0,22.185325622558594,0000c84200000000,0.00043333336361683905,0.0,8.678436635989328e-09,12.102603912353516,1539,20.107507705688477,2b1815320531e339,0.0,12.043956043956001,0.0,24,0.09250640869140625,00006c0600182000,218.092679977417,0000000000400000,14.09149169921875,1539,22.072315216064453,ffffffffffffffff,0,0,0x02051081
30.902064,2026-09-14T20:54:07.424582-06:00,0x02051081,100.0,19.6835994720459,1544,0,22.185325622558594,0000c84200000000,0.00043333336361683905,0.0,8.678436635989328e-09,18.019437789916992,1544,20.107507705688477,2b1815320531e339,0.0,12.036630036629994,0.0,24,6.060361862182617,00006b0600182000,73.97341728210449,0000000000400000,0.059604644775390625,1545,22.072315216064453,ffffffffffffffff,0,0,0x02051081
31.002401,2026-09-14T20:54:07.524920-06:00,0x02051081,100.0,0.049591064453125,1550,0,22.185325622558594,0000c84200000000,0.00043333336361683905,0.0,8.678436635989328e-09,18.358230590820312,1549,20.107507705688477,2b1815320531e339,0.0,12.051282051282008,0.0,24,6.348371505737305,00006d0600182000,174.31092262268066,0000000000400000,0.4360675811767578,1550,22.072315216064453,ffffffffffffffff,0,0,0x02051081
31.102409,2026-09-14T20:54:07.624928-06:00,0x02051081,100.0,0.03170967102050781,1555,0,22.185325622558594,0000c84200000000,0.00043333336361683905,0.0,8.678436635989328e-09,18.37301254272461,1554,20.107507705688477,2b1815320531e339,0.0,12.10256410256406,0.0,24,6.410360336303711,0000740600182000,24.35612678527832,0000000000400000,0.4172325134277344,1555,22.072315216064453,ffffffffffffffff,0,0,0x02051081
31.202422,2026-09-14T20:54:07.724940-06:00,0x02051081,100.0,0.032901763916015625,1560,0,22.185325622558594,0000c84200000000,0.00043333336361683905,0.0,8.678436635989328e-09,18.381357192993164,1559,20.107507705688477,2b1815320531e339,0.0,12.087912087912045,0.0,24,6.331682205200195,0000720600182000,124.36842918395996,0000000000400000,0.41985511779785156,1560,22.072315216064453,ffffffffffffffff,0,0,0x02051081
31.302453,2026-09-14T20:54:07.824972-06:00,0x02051081,100.0,0.03933906555175781,1565,0,22.185325622558594,0000c84200000000,0.00043333336361683905,0.0,8.678436635989328e-09,18.404006958007812,1564,20.107507705688477,2b1815320531e339,0.0,12.10256410256406,0.0,24,6.409883499145508,0000740600182000,224.39980506896973,0000000000400000,0.4267692565917969,1565,22.072315216064453,ffffffffffffffff,0,0,0x02051081
31.402511,2026-09-14T20:54:07.925030-06:00,0x02051081,100.0,0.041484832763671875,1570,0,22.185325622558594,0000c84200000000,0.00043333336361683905,0.0,8.678436635989328e-09,18.474102020263672,1569,20.107507705688477,2b1815320531e339,0.0,12.131868131868089,0.0,24,6.429910659790039,0000780600182000,74.45740699768066,0000000000400000,0.4329681396484375,1570,22.072315216064453,ffffffffffffffff,0,0,0x02051081
31.50411,2026-09-14T20:54:08.026629-06:00,0x02051081,100.0,1.7063617706298828,1575,0,22.185325622558594,0000c84200000000,0.00043333336361683905,0.0,8.678436635989328e-09,0.06961822509765625,1575,20.107507705688477,2b1815320531e339,0.0,12.139194139194096,0.0,24,8.030176162719727,0000790600182000,176.0561466217041,0000000000400000,2.0983219146728516,1575,22.072315216064453,ffffffffffffffff,0,0,0x02051081
31.610156,2026-09-14T20:54:08.132674-06:00,0x02051081,100.0,7.801294326782227,1580,0,22.185325622558594,0000c84200000000,0.00043333336361683905,0.0,8.678436635989328e-09,6.121397018432617,1580,20.107507705688477,2b1815320531e339,0.0,12.124542124542081,0.0,24,14.116764068603516,0000770600182000,32.114505767822266,0000000000400000,8.18634033203125,1580,22.072315216064453,ffffffffffffffff,0,0,0x02051081
31.716084,2026-09-14T20:54:08.238602-06:00,0x02051081,100.0,13.716697692871094,1585,0,22.185325622558594,0000c84200000000,0.00043333336361683905,0.0,8.678436635989328e-09,12.104272842407227,1585,20.107507705688477,2b1815320531e339,0.0,12.07326007326003,0.0,24,0.04100799560546875,0000700600182000,138.04268836975098,0000000000400000,14.10222053527832,1585,22.072315216064453,ffffffffffffffff,0,0,0x02051081
31.822061,2026-09-14T20:54:08.344579-06:00,0x02051081,100.0,19.63019371032715,1590,0,22.185325622558594,0000c84200000000,0.00043333336361683905,0.0,8.678436635989328e-09,18.081188201904297,1590,20.11275291442871,2b1815320531e339,0.0,12.065934065934023,0.0,24,6.075143814086914,00006f0600182000,244.0195083618164,0000000000400000,0.0553131103515625,1591,22.072315216064453,ffffffffffffffff,0,0,0x02051081
31.922417,2026-09-14T20:54:08.444935-06:00,0x02051081,100.0,0.037670135498046875,1596,0,22.185325622558594,0000c84200000000,0.00043333336361683905,0.0,8.678436635989328e-09,18.3870792388916,1595,20.11275291442871,2b1815320531e339,0.0,12.043956043956001,0.0,24,6.429910659790039,00006c0600182000,94.37417984008789,0000000000400000,0.4215240478515625,1596,22.072315216064453,ffffffffffffffff,0,0,0x02051081
32.024101,2026-09-14T20:54:08.546619-06:00,0x02051081,100.0,1.7306804656982422,1601,0,22.185325622558594,0000c84200000000,0.00043333336361683905,0.0,8.678436635989328e-09,0.03409385681152344,1601,20.11275291442871,2b1815320531e339,0.0,12.036630036629994,0.0,24,8.059978485107422,00006b0600182000,196.0582733154297,0000000000400000,2.1147727966308594,1601,22.072315216064453,ffffffffffffffff,0,0,0x02051081
32.130112,2026-09-14T20:54:08.652630-06:00,0x02051081,100.0,7.744550704956055,1606,0,22.185325622558594,0000c84200000000,0.00043333336361683905,0.0,8.678436635989328e-09,6.08515739440918,1606,20.11275291442871,2b1815320531e339,0.0,12.043956043956001,0.0,24,14.04261589050293,00006c0600182000,52.129268646240234,0000000000400000,8.128881454467773,1606,22.072315216064453,ffffffffffffffff,0,0,0x02051081
32.236023,2026-09-14T20:54:08.758541-06:00,0x02051081,100.0,13.663053512573242,1611,0,22.185325622558594,0000c84200000000,0.00043333336361683905,0.0,8.678436635989328e-09,12.04991340637207,1611,20.11275291442871,2b1815320531e339,0.0,12.036630036629994,0.0,24,0.0362396240234375,00006b0600182000,158.04004669189453,0000000000400000,14.047384262084961,1611,22.072315216064453,ffffffffffffffff,0,0,0x02051081
32.336069,2026-09-14T20:54:08.858588-06:00,0x02051081,100.0,13.689994812011719,1616,0,22.185325622558594,0000c84200000000,0.00043333336361683905,0.0,8.678436635989328e-09,12.094497680664062,1616,20.11275291442871,2b1815320531e339,0.0,12.02197802197798,0.0,24,0.03457069396972656,0000690600182000,8.092164993286133,0000000000400000,14.078140258789062,1616,22.072315216064453,ffffffffffffffff,0,0,0x02051081
32.442045,2026-09-14T20:54:08.964563-06:00,0x02051081,100.0,19.635915756225586,1621,0,22.185325622558594,0000c84200000000,0.00043333336361683905,0.0,8.678436635989328e-09,18.021583557128906,1621,20.11275291442871,2b1815320531e339,0.0,12.029304029303987,0.0,24,6.063222885131836,00006a0600182000,114.06779289245605,0000000000400000,0.051975250244140625,1622,22.072315216064453,ffffffffffffffff,0,0,0x02051081
32.542054,2026-09-14T20:54:09.064573-06:00,0x02051081,100.0,19.617080688476562,1626,0,22.185325622558594,0000c84200000000,0.00043333336361683905,0.0,8.678436635989328e-09,17.992019653320312,1626,20.11275291442871,2b1815320531e339,0.0,12.029304029303987,0.0,24,6.028890609741211,00006a0600182000,214.07699584960938,0000000000400000,0.053882598876953125,1627,22.072315216064453,ffffffffffffffff,0,0,0x02051081
32.642406,2026-09-14T20:54:09.164925-06:00,0x02051081,100.0,0.0362396240234375,1632,0,22.185325622558594,0000c84200000000,0.00043333336361683905,0.0,8.678436635989328e-09,18.43404769897461,1631,20.11275291442871,2b1815320531e339,0.0,12.02197802197798,0.0,24,6.378889083862305,0000690600182000,64.42952156066895,0000000000400000,0.42057037353515625,1632,22.072315216064453,ffffffffffffffff,0,0,0x02051081
32.742535,2026-09-14T20:54:09.265054-06:00,0x02051081,100.0,0.06914138793945312,1637,0,22.185325622558594,0000c84200000000,0.00043333336361683905,0.0,8.678436635989328e-09,18.5699462890625,1636,20.11275291442871,2b1815320531e339,0.0,12.029304029303987,0.0,24,6.471395492553711,00006a0600182000,164.55841064453125,0000000000400000,0.5619525909423828,1637,22.072315216064453,ffffffffffffffff,0,0,0x02051081
32.844128,2026-09-14T20:54:09.366646-06:00,0x02051081,100.0,1.7473697662353516,1642,0,22.185325622558594,0000c84200000000,0.00043333336361683905,0.0,8.678436635989328e-09,0.06461143493652344,1642,20.11275291442871,2b1815320531e339,0.0,12.043956043956001,0.0,24,8.157968521118164,00006c0600182000,16.104459762573242,0000000000400000,2.1305084228515625,1642,22.072315216064453,ffffffffffffffff,0,0,0x02051081
32.950092,2026-09-14T20:54:09.472610-06:00,0x02051081,100.0,7.708549499511719,1647,0,22.185325622558594,0000c84200000000,0.00043333336361683905,0.0,8.678436635989328e-09,6.075382232666016,1647,20.11275291442871,2b1815320531e339,0.0,12.051282051282008,0.0,24,14.067888259887695,00006d0600182000,122.06864356994629,0000000000400000,8.093833923339844,1647,22.072315216064453,ffffffffffffffff,0,0,0x02051081
33.05607,2026-09-14T20:54:09.578588-06:00,0x02051081,100.0,13.684988021850586,1652,0,22.185325622558594,0000c84200000000,0.00043333336361683905,0.0,8.678436635989328e-09,12.060165405273438,1652,20.11275291442871,2b1815320531e339,0.0,12.058608058608016,0.0,24,0.04315376281738281,00006e0600182000,228.04689407348633,0000000000400000,14.07003402709961,1652,22.072315216064453,ffffffffffffffff,0,0,0x02051081
33.162078,2026-09-14T20:54:09.684596-06:00,0x02051081,100.0,19.70648765563965,1657,0,22.185325622558594,0000c84200000000,0.00043333336361683905,0.0,8.678436635989328e-09,18.063783645629883,1657,20.11275291442871,2b1815320531e339,0.0,12.080586080586038,0.0,24,6.05320930480957,0000710600182000,84.1073989868164,0000000000400000,0.06389617919921875,1658,22.072315216064453,ffffffffffffffff,0,0,0x02051081
33.26243,2026-09-14T20:54:09.784949-06:00,0x02051081,100.0,0.03814697265625,1663,0,22.185325622558594,0000c84200000000,0.00043333336361683905,0.0,8.678436635989328e-09,18.465757369995117,1662,20.11275291442871,2b1815320531e339,0.0,12.10256410256406,0.0,24,6.374359130859375,0000740600182000,184.46016311645508,0000000000400000,0.42319297790527344,1663,22.072315216064453,ffffffffffffffff,0,0,0x02051081
33.362457,2026-09-14T20:54:09.884976-06:00,0x02051081,100.0,0.034332275390625,1668,0,22.185325622558594,0000c84200000000,0.00043333336361683905,0.0,8.678436635989328e-09,18.384456634521484,1667,20.11275291442871,2b1815320531e339,0.0,12.117216117216074,0.0,24,6.4945220947265625,0000760600182000,34.48963165283203,0000000000400000,0.41604042053222656,1668,22.072315216064453,ffffffffffffffff,0,0,0x02051081
33.463992,2026-09-14T20:54:09.986511-06:00,0x02051081,100.0,1.5897750854492188,1673,0,22.185325622558594,0000c84200000000,0.00043333336361683905,0.0,8.678436635989328e-09,0.03504753112792969,1673,20.11275291442871,2b1815320531e339,0.0,12.131868131868089,0.0,24,7.941246032714844,0000780600182000,136.02447509765625,0000000000400000,1.9752979278564453,1673,22.072315216064453,ffffffffffffffff,0,0,0x02051081
33.563996,2026-09-14T20:54:10.086514-06:00,0x02051081,100.0,1.6236305236816406,1678,0,22.185325622558594,0000c84200000000,0.00043333336361683905,0.0,8.678436635989328e-09,0.03790855407714844,1678,20.11275291442871,2b1815320531e339,0.0,12.139194139194096,0.0,24,7.977008819580078,0000790600182000,236.02795600891113,0000000000400000,2.009153366088867,1678,22.072315216064453,ffffffffffffffff,0,0,0x02051081
33.664084,2026-09-14T20:54:10.186603-06:00,0x02051081,100.0,1.5933513641357422,1683,0,22.185325622558594,0000c84200000000,0.00043333336361683905,0.0,8.678436635989328e-09,0.12993812561035156,1683,20.11275291442871,2b1815320531e339,0.0,12.087912087912045,0.0,24,8.05354118347168,0000720600182000,86.12346649169922,0000000000400000,2.0530223846435547,1683,22.072315216064453,ffffffffffffffff,0,0,0x02051081
33.770029,2026-09-14T20:54:10.292548-06:00,0x02051081,100.0,7.668018341064453,1688,0,22.185325622558594,0000c84200000000,0.00043333336361683905,0.0,8.678436635989328e-09,6.027936935424805,1688,20.11275291442871,2b1815320531e339,0.0,12.058608058608016,0.0,24,14.069080352783203,00006e0600182000,192.06857681274414,0000000000400000,8.055448532104492,1688,22.072315216064453,ffffffffffffffff,0,0,0x02051081
33.870046,2026-09-14T20:54:10.392565-06:00,0x02051081,100.0,7.628679275512695,1693,0,22.185325622558594,0000c84200000000,0.00043333336361683905,0.0,8.678436635989328e-09,6.096601486206055,1693,20.11275291442871,2b1815320531e339,0.0,12.065934065934023,0.0,24,14.08696174621582,00006f0600182000,42.08707809448242,0000000000400000,8.013725280761719,1693,22.072315216064453,ffffffffffffffff,0,0,0x02051081
33.976054,2026-09-14T20:54:10.498573-06:00,0x02051081,100.0,13.669252395629883,1698,0,22.185325622558594,0000c84200000000,0.00043333336361683905,0.0,8.678436635989328e-09,12.106180191040039,1698,20.11275291442871,2b1815320531e339,0.0,12.043956043956001,0.0,24,0.03814697265625,00006c0600182000,148.09489250183105,0000000000400000,14.056205749511719,1698,22.072315216064453,ffffffffffffffff,0,0,0x02051081
34.076087,2026-09-14T20:54:10.598605-06:00,0x02051081,100.0,13.704299926757812,1703,0,22.185325622558594,0000c84200000000,0.00043333336361683905,0.0,8.678436635989328e-09,12.140750885009766,1703,20.11275291442871,2b1815320531e339,0.0,12.029304029303987,0.0,24,0.036716461181640625,00006a0600182000,248.12746047973633,0000000000400000,14.09149169921875,1703,22.072315216064453,ffffffffffffffff,0,0,0x02051081
34.182041,2026-09-14T20:54:10.704560-06:00,0x02051081,100.0,19.632816314697266,1708,0,22.185325622558594,0000c84200000000,0.00043333336361683905,0.0,8.678436635989328e-09,18.092632293701172,1708,20.11275291442871,2b1815320531e339,0.0,12.029304029303987,0.0,24,6.081819534301758,00006a0600182000,104.08425331115723,0000000000400000,0.0362396240234375,1709,22.072315216064453,ffffffffffffffff,0,0,0x02051081
34.282427,2026-09-14T20:54:10.804945-06:00,0x02051081,100.0,0.04553794860839844,1714,0,22.185325622558594,0000c84200000000,0.00043333336361683905,0.0,8.678436635989328e-09,18.39303970336914,1713,20.11275291442871,2b1815320531e339,0.0,12.029304029303987,0.0,24,6.377220153808594,00006a0600182000,204.4699192047119,0000000000400000,0.4329681396484375,1714,22.072315216064453,ffffffffffffffff,0,0,0x02051081
34.382463,2026-09-14T20:54:10.904981-06:00,0x02051081,100.0,0.035762786865234375,1719,0,22.185325622558594,0000c84200000000,0.00043333336361683905,0.0,8.678436635989328e-09,18.42975616455078,1718,20.11275291442871,2b1815320531e339,0.0,12.02197802197798,0.0,24,6.483316421508789,0000690600182000,54.45075035095215,0000000000400000,0.42319297790527344,1719,22.072315216064453,ffffffffffffffff,0,0,0x02051081
34.484056,2026-09-14T20:54:11.006575-06:00,0x02051081,100.0,1.6446113586425781,1724,0,22.185325622558594,0000c84200000000,0.00043333336361683905,0.0,8.678436635989328e-09,0.03170967102050781,1724,20.11275291442871,2b1815320531e339,0.0,12.02197802197798,0.0,24,7.991790771484375,0000690600182000,156.04472160339355,0000000000400000,2.0263195037841797,1724,22.072315216064453,ffffffffffffffff,0,0,0x02051081
34.590006,2026-09-14T20:54:11.112525-06:00,0x02051081,100.0,7.635593414306641,1729,0,22.185325622558594,0000c84200000000,0.00043333336361683905,0.0,8.678436635989328e-09,6.062507629394531,1729,20.11275291442871,2b1815320531e339,0.0,12.02197802197798,0.0,24,13.970375061035156,0000690600182000,12.056589126586914,0000000000400000,8.020877838134766,1729,22.072315216064453,ffffffffffffffff,0,0,0x02051081
34.696037,2026-09-14T20:54:11.218555-06:00,0x02051081,100.0,13.645648956298828,1734,0,22.185325622558594,0000c84200000000,0.00043333336361683905,0.0,8.678436635989328e-09,12.095928192138672,1734,20.11275291442871,2b1815320531e339,0.0,12.036630036629994,0.0,24,0.03528594970703125,00006b0600182000,118.0872917175293,0000000000400000,14.031648635864258,1734,22.072315216064453,ffffffffffffffff,0,0,0x02051081
34.80203,2026-09-14T20:54:11.324548-06:00,0x02051081,100.0,19.628286361694336,1739,0,22.185325622558594,0000c84200000000,0.00043333336361683905,0.0,8.678436635989328e-09,18.088579177856445,1739,20.11275291442871,2b1815320531e339,0.0,12.029304029303987,0.0,24,6.083250045776367,00006a0600182000,224.08008575439453,0000000000400000,0.04172325134277344,1740,22.072315216064453,ffffffffffffffff,0,0,0x02051081
34.902403,2026-09-14T20:54:11.424921-06:00,0x02051081,100.0,0.032901763916015625,1745,0,22.185325622558594,0000c84200000000,0.00043333336361683905,0.0,8.678436635989328e-09,18.463850021362305,1744,20.11275291442871,2b1815320531e339,0.0,12.051282051282008,0.0,24,6.411552429199219,00006d0600182000,74.37586784362793,0000000000400000,0.41866302490234375,1745,22.072315216064453,ffffffffffffffff,0,0,0x02051081
35.002407,2026-09-14T20:54:11.524926-06:00,0x02051081,100.0,0.033855438232421875,1750,0,22.185325622558594,0000c84200000000,0.00043333336361683905,0.0,8.678436635989328e-09,18.385648727416992,1749,20.11275291442871,2b1815320531e339,0.0,12.065934065934023,0.0,24,6.412744522094727,00006f0600182000,174.38054084777832,0000000000400000,0.41985511779785156,1750,22.072315216064453,ffffffffffffffff,0,0,0x02051081
35.103994,2026-09-14T20:54:11.626513-06:00,0x02051081,100.0,1.6438961029052734,1755,0,22.185325622558594,0000c84200000000,0.00043333336361683905,0.0,8.678436635989328e-09,0.061511993408203125,1755,20.11275291442871,2b1815320531e339,0.0,12.146520146520103,0.0,24,8.04901123046875,00007a0600182000,26.053667068481445,0000000000400000,2.029895782470703,1755,22.072315216064453,ffffffffffffffff,0,0,0x02051081
35.204044,2026-09-14T20:54:11.726562-06:00,0x02051081,100.0,1.6868114471435547,1760,0,22.185325622558594,0000c84200000000,0.00043333336361683905,0.0,8.678436635989328e-09,0.06318092346191406,1760,20.11275291442871,2b1815320531e339,0.0,12.10256410256406,0.0,24,8.103609085083008,0000740600182000,126.10363960266113,0000000000400000,2.0694732666015625,1760,22.072315216064453,ffffffffffffffff,0,0,0x02051081
35.310005,2026-09-14T20:54:11.832523-06:00,0x02051081,100.0,7.650852203369141,1765,0,22.185325622558594,0000c84200000000,0.00043333336361683905,0.0,8.678436635989328e-09,6.077051162719727,1765,20.11275291442871,2b1815320531e339,0.0,12.124542124542081,0.0,24,13.979196548461914,0000770600182000,232.06448554992676,0000000000400000,8.037090301513672,1765,22.072315216064453,ffffffffffffffff,0,0,0x02051081
35.410034,2026-09-14T20:54:11.932553-06:00,0x02051081,100.0,7.688283920288086,1770,0,22.185325622558594,0000c84200000000,0.00043333336361683905,0.0,8.678436635989328e-09,6.01506233215332,1770,20.11275291442871,2b1815320531e339,0.0,12.139194139194096,0.0,24,14.094114303588867,0000790600182000,82.09061622619629,0000000000400000,8.074045181274414,1770,22.072315216064453,ffffffffffffffff,0,0,0x02051081
35.510075,2026-09-14T20:54:12.032594-06:00,0x02051081,100.0,7.639408111572266,1775,0,22.185325622558594,0000c84200000000,0.00043333336361683905,0.0,8.678436635989328e-09,6.147623062133789,1775,20.11275291442871,2b1815320531e339,0.0,12.139194139194096,0.0,24,14.087915420532227,0000790600182000,182.13129043579102,0000000000400000,8.033037185668945,1775,22.072315216064453,ffffffffffffffff,0,0,0x02051081
35.615984,2026-09-14T20:54:12.138503-06:00,0x02051081,100.0,13.60630989074707,1780,0,22.185325622558594,0000c84200000000,0.00043333336361683905,0.0,8.678436635989328e-09,12.00723648071289,1780,20.11275291442871,2b1815320531e339,0.0,12.109890109890067,0.0,24,0.04315376281738281,0000750600182000,37.99605369567871,0000000000400000,13.992071151733398,1780,22.072315216064453,ffffffffffffffff,0,0,0x02051081
35.715994,2026-09-14T20:54:12.238512-06:00,0x02051081,100.0,13.62919807434082,1785,0,22.185325622558594,0000c84200000000,0.00043333336361683905,0.0,8.678436635989328e-09,12.06660270690918,1785,20.11275291442871,2b1815320531e339,0.0,12.065934065934023,0.0,24,0.0438690185546875,00006f0600182000,138.00549507141113,0000000000400000,14.015436172485352,1785,22.072315216064453,ffffffffffffffff,0,0,0x02051081
35.822006,2026-09-14T20:54:12.344525-06:00,0x02051081,100.0,19.649028778076172,1790,0,22.185325622558594,0000c84200000000,0.00043333336361683905,0.0,8.678436635989328e-09,18.032550811767578,1790,20.11275291442871,2b1815320531e339,0.0,12.051282051282008,0.0,24,6.065845489501953,00006d0600182000,244.0180778503418,0000000000400000,0.03910064697265625,1791,22.072315216064453,ffffffffffffffff,0,0,0x02051081
35.922065,2026-09-14T20:54:12.444583-06:00,0x02051081,100.0,19.52815055847168,1795,0,22.185325622558594,0000c84200000000,0.00043333336361683905,0.0,8.678436635989328e-09,18.09239387512207,1795,20.11275291442871,2b1815320531e339,0.0,12.051282051282008,0.0,24,6.118535995483398,00006d0600182000,93.9023494720459,0000000000400000,0.04124641418457031,1796,22.072315216064453,ffffffffffffffff,0,0,0x02051081
36.022432,2026-09-14T20:54:12.544951-06:00,0x02051081,100.0,0.04935264587402344,1801,0,22.185325622558594,0000c84200000000,0.00043333336361683905,0.0,8.678436635989328e-09,18.508195877075195,1800,20.11275291442871,2b1815320531e339,0.0,12.051282051282008,0.0,24,6.504058837890625,00006d0600182000,194.26989555358887,0000000000400000,0.4374980926513672,1801,22.072315216064453,ffffffffffffffff,0,0,0x02051081
36.122433,2026-09-14T20:54:12.644952-06:00,0x02051081,100.0,0.049114227294921875,1806,0,22.185325622558594,0000c84200000000,0.00043333336361683905,0.0,8.678436635989328e-09,18.463134765625,1805,20.11275291442871,2b1815320531e339,0.0,12.036630036629994,0.0,24,6.494045257568359,00006b0600182000,44.50345039367676,0000000000400000,0.43702125549316406,1806,22.072315216064453,ffffffffffffffff,0,0,0x02051081
36.222463,2026-09-14T20:54:12.744982-06:00,0x02051081,100.0,0.050067901611328125,1811,0,22.185325622558594,0000c84200000000,0.00043333336361683905,0.0,8.678436635989328e-09,18.490076065063477,1810,20.11275291442871,2b1815320531e339,0.0,12.029304029303987,0.0,24,6.532192230224609,00006a0600182000,144.5331573486328,0000000000400000,0.43702125549316406,1811,22.072315216064453,ffffffffffffffff,0,0,0x02051081
36.323977,2026-09-14T20:54:12.846487-06:00,0x02051081,100.0,1.5861988067626953,1816,0,22.185325622558594,0000c84200000000,0.00043333336361683905,0.0,8.678436635989328e-09,0.05173683166503906,1816,20.11275291442871,2b1815320531e339,0.0,12.029304029303987,0.0,24,7.9975128173828125,00006a0600182000,246.03867530822754,0000000000400000,1.9741058349609375,1816,22.072315216064453,ffffffffffffffff,0,0,0x02051081
36.42999,2026-09-14T20:54:12.952508-06:00,0x02051081,100.0,7.563352584838867,1821,0,22.185325622558594,0000c84200000000,0.00043333336361683905,0.0,8.678436635989328e-09,6.079912185668945,1821,20.11275291442871,2b1815320531e339,0.0,12.02197802197798,0.0,24,13.983011245727539,0000690600182000,102.06127166748047,0000000000400000,7.951498031616211,1821,22.072315216064453,ffffffffffffffff,0,0,0x02051081
36.530041,2026-09-14T20:54:13.052559-06:00,0x02051081,100.0,7.508754730224609,1826,0,22.185325622558594,0000c84200000000,0.00043333336361683905,0.0,8.678436635989328e-09,6.0672760009765625,1826,20.11275291442871,2b1815320531e339,0.0,12.02197802197798,0.0,24,14.069795608520508,0000690600182000,202.11172103881836,0000000000400000,7.976770401000977,1826,22.072315216064453,ffffffffffffffff,0,0,0x02051081
36.635956,2026-09-14T20:54:13.158474-06:00,0x02051081,100.0,13.544797897338867,1831,0,22.185325622558594,0000c84200000000,0.00043333336361683905,0.0,8.678436635989328e-09,11.992931365966797,1831,20.11275291442871,2b1815320531e339,0.0,12.029304029303987,0.0,24,0.034809112548828125,00006a0600182000,58.043479919433594,0000000000400000,13.929367065429688,1831,22.072315216064453,ffffffffffffffff,0,0,0x02051081
36.736018,2026-09-14T20:54:13.258536-06:00,0x02051081,100.0,13.632535934448242,1836,0,22.185325622558594,0000c84200000000,0.00043333336361683905,0.0,8.678436635989328e-09,12.055158615112305,1836,20.11275291442871,2b1815320531e339,0.0,12.036630036629994,0.0,24,0.03790855407714844,00006b0600182000,158.10537338256836,0000000000400000,14.020204544067383,1836,22.072315216064453,ffffffffffffffff,0,0,0x02051081
36.842021,2026-09-14T20:54:13.364540-06:00,0x02051081,100.0,19.62733268737793,1841,0,22.185325622558594,0000c84200000000,0.00043333336361683905,0.0,8.678436635989328e-09,18.062114715576172,1841,20.11275291442871,2b1815320531e339,0.0,12.043956043956001,0.0,24,6.058216094970703,00006c0600182000,14.047861099243164,0000000000400000,0.03528594970703125,1842,22.072315216064453,ffffffffffffffff,0,0,0x02051081
36.942055,2026-09-14T20:54:13.464573-06:00,0x02051081,100.0,19.609689712524414,1846,0,22.185325622558594,0000c84200000000,0.00043333336361683905,0.0,8.678436635989328e-09,18.091678619384766,1846,20.11275291442871,2b1815320531e339,0.0,12.051282051282008,0.0,24,6.089687347412109,00006d0600182000,114.08162117004395,0000000000400000,0.054836273193359375,1847,22.072315216064453,ffffffffffffffff,0,0,0x02051081
37.042436,2026-09-14T20:54:13.564954-06:00,0x02051081,100.0,0.05054473876953125,1852,0,22.185325622558594,0000c84200000000,0.00043333336361683905,0.0,8.678436635989328e-09,18.477678298950195,1851,20.11275291442871,2b1815320531e339,0.0,12.080586080586038,0.0,24,6.516218185424805,0000710600182000,214.4622802734375,0000000000400000,0.438690185546875,1852,22.072315216064453,ffffffffffffffff,0,0,0x02051081
37.143971,2026-09-14T20:54:13.666489-06:00,0x02051081,100.0,1.5871524810791016,1857,0,22.185325622558594,0000c84200000000,0.00043333336361683905,0.0,8.678436635989328e-09,0.06175041198730469,1857,20.11275291442871,2b1815320531e339,0.0,12.087912087912045,0.0,24,8.056879043579102,0000720600182000,66.0550594329834,0000000000400000,1.97601318359375,1857,22.072315216064453,ffffffffffffffff,0,0,0x02051081
37.244011,2026-09-14T20:54:13.766521-06:00,0x02051081,100.0,1.6260147094726562,1862,0,22.185325622558594,0000c84200000000,0.00043333336361683905,0.0,8.678436635989328e-09,0.05078315734863281,1862,20.11275291442871,2b1815320531e339,0.0,12.109890109890067,0.0,24,8.041858673095703,0000750600182000,166.08667373657227,0000000000400000,2.011537551879883,1862,22.072315216064453,ffffffffffffffff,0,0,0x02051081
37.350009,2026-09-14T20:54:13.872527-06:00,0x02051081,100.0,7.622957229614258,1867,0,22.185325622558594,0000c84200000000,0.00043333336361683905,0.0,8.678436635989328e-09,6.103515625,1867,20.11275291442871,2b1815320531e339,0.0,12.124542124542081,0.0,24,14.04714584350586,0000770600182000,22.094249725341797,0000000000400000,8.010149002075195,1867,22.072315216064453,ffffffffffffffff,0,0,0x02051081
37.455955,2026-09-14T20:54:13.978473-06:00,0x02051081,100.0,13.571977615356445,1872,0,22.185325622558594,0000c84200000000,0.00043333336361683905,0.0,8.678436635989328e-09,12.002944946289062,1872,20.11275291442871,2b1815320531e339,0.0,12.146520146520103,0.0,24,0.04291534423828125,00007a0600182000,128.04031372070312,0000000000400000,13.959646224975586,1872,22.072315216064453,ffffffffffffffff,0,0,0x02051081
37.562107,2026-09-14T20:54:14.084626-06:00,0x02051081,100.0,19.536972045898438,1877,0,22.185325622558594,0000c84200000000,0.00043333336361683905,0.0,8.678436635989328e-09,18.147706985473633,1877,20.11275291442871,2b1815320531e339,0.0,12.124542124542081,0.0,24,6.206750869750977,0000770600182000,234.1928482055664,0000000000400000,0.07796287536621094,1878,22.072315216064453,ffffffffffffffff,0,0,0x02051081
37.662463,2026-09-14T20:54:14.184982-06:00,0x02051081,100.0,0.03886222839355469,1883,0,22.185325622558594,0000c84200000000,0.00043333336361683905,0.0,8.678436635989328e-09,18.56231689453125,1882,20.11275291442871,2b1815320531e339,0.0,12.07326007326003,0.0,24,6.490468978881836,0000700600182000,84.55944061279297,0000000000400000,0.4291534423828125,1883,22.072315216064453,ffffffffffffffff,0,0,0x02051081
37.763984,2026-09-14T20:54:14.286503-06:00,0x02051081,100.0,1.5921592712402344,1888,0,22.185325622558594,0000c84200000000,0.00043333336361683905,0.0,8.678436635989328e-09,0.03743171691894531,1888,20.11275291442871,2b1815320531e339,0.0,12.065934065934023,0.0,24,8.027076721191406,00006f0600182000,186.0806941986084,0000000000400000,1.978158950805664,1888,22.072315216064453,ffffffffffffffff,0,0,0x02051081
37.869989,2026-09-14T20:54:14.392507-06:00,0x02051081,100.0,7.608890533447266,1893,0,22.185325622558594,0000c84200000000,0.00043333336361683905,0.0,8.678436635989328e-09,6.097316741943359,1893,20.11275291442871,2b1815320531e339,0.0,12.051282051282008,0.0,24,14.040231704711914,00006d0600182000,42.08493232727051,0000000000400000,7.992744445800781,1893,22.072315216064453,ffffffffffffffff,0,0,0x02051081
37.975939,2026-09-14T20:54:14.498457-06:00,0x02051081,100.0,13.516426086425781,1898,0,22.185325622558594,0000c84200000000,0.00043333336361683905,0.0,8.678436635989328e-09,12.040853500366211,1898,20.11275291442871,2b1815320531e339,0.0,12.036630036629994,0.0,24,0.03600120544433594,00006b0600182000,148.03504943847656,0000000000400000,13.902902603149414,1898,22.072315216064453,ffffffffffffffff,0,0,0x02051081
38.075942,2026-09-14T20:54:14.598460-06:00,0x02051081,100.0,13.542652130126953,1903,0,22.185325622558594,0000c84200000000,0.00043333336361683905,0.0,8.678436635989328e-09,12.051582336425781,1903,20.11275291442871,2b1815320531e339,0.0,12.036630036629994,0.0,24,0.03552436828613281,00006b0600182000,248.03805351257324,0000000000400000,13.93747329711914,1903,22.072315216064453,ffffffffffffffff,0,0,0x02051081
38.175986,2026-09-14T20:54:14.698505-06:00,0x02051081,100.0,13.583660125732422,1908,0,22.185325622558594,0000c84200000000,0.00043333336361683905,0.0,8.678436635989328e-09,12.046098709106445,1908,20.11275291442871,2b1815320531e339,0.0,12.029304029303987,0.0,24,0.036716461181640625,00006a0600182000,98.0839729309082,0000000000400000,13.97252082824707,1908,22.072315216064453,ffffffffffffffff,0,0,0x02051081
38.282052,2026-09-14T20:54:14.804570-06:00,0x02051081,100.0,19.631624221801758,1913,0,22.185325622558594,0000c84200000000,0.00043333336361683905,0.0,8.678436635989328e-09,18.11361312866211,1913,20.11275291442871,2b1815320531e339,0.0,12.02197802197798,0.0,24,6.106853485107422,0000690600182000,204.1492462158203,0000000000400000,0.054836273193359375,1914,22.072315216064453,ffffffffffffffff,0,0,0x02051081
38.382416,2026-09-14T20:54:14.904935-06:00,0x02051081,100.0,0.03814697265625,1919,0,22.185325622558594,0000c84200000000,0.00043333336361683905,0.0,8.678436635989328e-09,18.52583885192871,1918,20.11275291442871,2b1815320531e339,0.0,12.014652014651972,0.0,24,6.460905075073242,0000680600182000,54.427385330200195,0000000000400000,0.42319297790527344,1919,22.072315216064453,ffffffffffffffff,0,0,0x02051081
38.48243,2026-09-14T20:54:15.004949-06:00,0x02051081,100.0,0.039577484130859375,1924,0,22.185325622558594,0000c84200000000,0.00043333336361683905,0.0,8.678436635989328e-09,18.543720245361328,1923,20.11275291442871,2b1815320531e339,0.0,12.029304029303987,0.0,24,6.5288543701171875,00006a0600182000,154.44159507751465,0000000000400000,0.4246234893798828,1924,22.072315216064453,ffffffffffffffff,0,0,0x02051081
38.582508,2026-09-14T20:54:15.105026-06:00,0x02051081,100.0,0.04673004150390625,1929,0,22.185325622558594,0000c84200000000,0.00043333336361683905,0.0,8.678436635989328e-09,18.5699462890625,1928,20.11275291442871,2b1815320531e339,0.0,12.02197802197798,0.0,24,6.598711013793945,0000690600182000,4.544258117675781,0000000000400000,0.44727325439453125,1929,22.072315216064453,ffffffffffffffff,0,0,0x02051081
38.682592,2026-09-14T20:54:15.205110-06:00,0x02051081,100.0,0.0438690185546875,1934,0,22.185325622558594,0000c84200000000,0.00043333336361683905,0.0,8.678436635989328e-09,18.652915954589844,1933,20.11275291442871,2b1815320531e339,0.0,12.029304029303987,0.0,24,6.645917892456055,00006a0600182000,104.62808609008789,0000000000400000,0.5407333374023438,1934,22.072315216064453,ffffffffffffffff,0,0,0x02051081
38.783987,2026-09-14T20:54:15.306506-06:00,0x02051081,100.0,1.6090869903564453,1939,0,22.185325622558594,0000c84200000000,0.00043333336361683905,0.0,8.678436635989328e-09,0.0591278076171875,1939,20.11275291442871,2b1815320531e339,0.0,12.058608058608016,0.0,24,8.095741271972656,00006e0600182000,206.0234546661377,0000000000400000,1.992940902709961,1939,22.072315216064453,ffffffffffffffff,0,0,0x02051081
38.889975,2026-09-14T20:54:15.412493-06:00,0x02051081,100.0,7.598638534545898,1944,0,22.185325622558594,0000c84200000000,0.00043333336361683905,0.0,8.678436635989328e-09,6.047964096069336,1944,20.11275291442871,2b1815320531e339,0.0,12.051282051282008,0.0,24,14.035463333129883,00006d0600182000,62.08372116088867,0000000000400000,7.982730865478516,1944,22.072315216064453,ffffffffffffffff,0,0,0x02051081
38.995977,2026-09-14T20:54:15.518496-06:00,0x02051081,100.0,13.5650634765625,1949,0,22.185325622558594,0000c84200000000,0.00043333336361683905,0.0,8.678436635989328e-09,12.053966522216797,1949,20.11275291442871,2b1815320531e339,0.0,12.058608058608016,0.0,24,0.03647804260253906,00006e0600182000,168.08605194091797,0000000000400000,13.949394226074219,1949,22.072315216064453,ffffffffffffffff,0,0,0x02051081
39.095999,2026-09-14T20:54:15.618517-06:00,0x02051081,100.0,13.64588737487793,1954,0,22.185325622558594,0000c84200000000,0.00043333336361683905,0.0,8.678436635989328e-09,12.068510055541992,1954,20.11275291442871,2b1815320531e339,0.0,12.139194139194096,0.0,24,0.06198883056640625,0000790600182000,18.059968948364258,0000000000400000,14.031410217285156,1954,22.072315216064453,ffffffffffffffff,0,0,0x02051081
39.196007,2026-09-14T20:54:15.718525-06:00,0x02051081,100.0,13.537883758544922,1959,0,22.185325622558594,0000c84200000000,0.00043333336361683905,0.0,8.678436635989328e-09,12.062788009643555,1959,20.11275291442871,2b1815320531e339,0.0,12.109890109890067,0.0,24,0.05793571472167969,0000750600182000,118.06797981262207,0000000000400000,13.946294784545898,1959,22.072315216064453,ffffffffffffffff,0,0,0x02051081
39.302049,2026-09-14T20:54:15.824568-06:00,0x02051081,100.0,19.65951919555664,1964,0,22.185325622558594,0000c84200000000,0.00043333336361683905,0.0,8.678436635989328e-09,18.178462982177734,1964,20.11275291442871,2b1815320531e339,0.0,12.131868131868089,0.0,24,6.160497665405273,0000780600182000,224.11036491394043,0000000000400000,0.05984306335449219,1965,22.072315216064453,ffffffffffffffff,0,0,0x02051081
39.402415,2026-09-14T20:54:15.924934-06:00,0x02051081,100.0,0.05221366882324219,1970,0,22.185325622558594,0000c84200000000,0.00043333336361683905,0.0,8.678436635989328e-09,18.495798110961914,1969,20.11275291442871,2b1815320531e339,0.0,12.139194139194096,0.0,24,6.482124328613281,0000790600182000,74.53322410583496,0000000000400000,0.43892860412597656,1970,22.072315216064453,ffffffffffffffff,0,0,0x02051081
39.502437,2026-09-14T20:54:16.024956-06:00,0x02051081,100.0,0.07152557373046875,1975,0,22.185325622558594,0000c84200000000,0.00043333336361683905,0.0,8.678436635989328e-09,18.515348434448242,1974,20.11275291442871,2b1815320531e339,0.0,12.15384615384611,0.0,24,6.5555572509765625,00007b0600182000,174.55458641052246,0000000000400000,0.461578369140625,1975,22.072315216064453,ffffffffffffffff,0,0,0x02051081
39.602483,2026-09-14T20:54:16.125001-06:00,0x02051081,100.0,0.05364418029785156,1980,0,22.185325622558594,0000c84200000000,0.00043333336361683905,0.0,8.678436635989328e-09,18.60809326171875,1979,20.11275291442871,2b1815320531e339,0.0,12.095238095238052,0.0,24,6.598711013793945,0000730600182000,24.599552154541016,0000000000400000,0.4451274871826172,1980,22.072315216064453,ffffffffffffffff,0,0,0x02051081
39.70391,2026-09-14T20:54:16.226429-06:00,0x02051081,100.0,1.5058517456054688,1985,0,22.185325622558594,0000c84200000000,0.00043333336361683905,0.0,8.678436635989328e-09,0.03814697265625,1985,20.11275291442871,2b1815320531e339,0.0,12.065934065934023,0.0,24,8.03065299987793,00006f0600182000,126.02734565734863,0000000000400000,1.894235610961914,1985,22.072315216064453,ffffffffffffffff,0,0,0x02051081
39.803953,2026-09-14T20:54:16.326472-06:00,0x02051081,100.0,1.5544891357421875,1990,0,22.185325622558594,0000c84200000000,0.00043333336361683905,0.0,8.678436635989328e-09,0.03933906555175781,1990,20.11275291442871,2b1815320531e339,0.0,12.058608058608016,0.0,24,8.030891418457031,00006e0600182000,226.06968879699707,0000000000400000,1.9354820251464844,1990,22.072315216064453,ffffffffffffffff,0,0,0x02051081
39.909967,2026-09-14T20:54:16.432486-06:00,0x02051081,100.0,7.591962814331055,1995,0,22.185325622558594,0000c84200000000,0.00043333336361683905,0.0,8.678436635989328e-09,6.103515625,1995,20.11275291442871,2b1815320531e339,0.0,12.043956043956001,0.0,24,14.046192169189453,00006c0600182000,82.04150199890137,0000000000400000,7.976055145263672,1995,22.072315216064453,ffffffffffffffff,0,0,0x02051081
40.002104,2026-09-14T20:54:16.524622-06:00,0x02051081,100.0,19.72031593322754,1999,0,22.185325622558594,0000c84200000000,0.00043333336361683905,0.0,8.678436635989328e-09,18.18680763244629,1999,20.11275291442871,2b1815320531e339,0.0,12.036630036629994,0.0,24,6.230354309082031,00006b0600182000,174.177885055542,0000000000400000,0.07772445678710938,2000,22.072315216064453,ffffffffffffffff,0,0,0x02051081
