(1789440816.532994) can0 0205B941#0000000000000000
(1789440816.539174) can0 0205B801#00006D0600182000
(1789440816.545253) can0 01011840#FFFFFFFFFFFFFFFF
(1789440816.546120) can0 02051081#0000C84200000000
(1789440816.547011) can0 0205B881#2B1815320531E339
(1789440816.553179) can0 0205B941#0000000000000000
(1789440816.559189) can0 0205B801#00006D0600182000
(1789440816.564662) can0 01011840#FFFFFFFFFFFFFFFF
(1789440816.565055) can0 02051081#0000C84200000000
(1789440816.566942) can0 0205B881#2B1815320531E339
(1789440816.572998) can0 0205B941#0000000000000000
(1789440816.579003) can0 0205B801#00006C0600182000
(1789440816.584542) can0 01011840#FFFFFFFFFFFFFFFF
(1789440816.584925) can0 02051081#0000C84200000000
(1789440816.586997) can0 0205B881#2B1815320531E339
(1789440816.592957) can0 0205B941#0000000000000000
(1789440816.598954) can0 0205B801#00006D0600182000
(1789440816.601051) can0 0205B841#0000000000400000
(1789440816.604519) can0 01011840#FFFFFFFFFFFFFFFF
(1789440816.604908) can0 02051081#0000C84200000000
(1789440816.607006) can0 0205B881#2B1815320531E339
(1789440816.612989) can0 0205B941#0000000000000000
(1789440816.616107) can0 02051801#0000FFFFFFFF0000
(1789440816.617904) can0 0205BC01#6B392E9A
(1789440816.619013) can0 0205B801#0000690600182000
(1789440816.624532) can0 01011840#FFFFFFFFFFFFFFFF
(1789440816.624915) can0 02051081#0000C84200000000
(1789440816.626990) can0 0205B881#2B1815320531E339
(1789440816.632958) can0 0205B941#0000000000000000
(1789440816.638992) can0 0205B801#00006C0600182000
(1789440816.644615) can0 01011840#FFFFFFFFFFFFFFFF
(1789440816.645025) can0 02051081#0000C84200000000
(1789440816.646957) can0 0205B881#2B1815320531E339
(1789440816.652980) can0 0205B941#0000000000000000
(1789440816.658981) can0 0205B801#00006D0600182000
(1789440816.664559) can0 01011840#FFFFFFFFFFFFFFFF
(1789440816.664951) can0 02051081#0000C84200000000
(1789440816.666962) can0 0205B881#2B1815320531E339
(1789440816.673057) can0 0205B941#0000000000000000
(1789440816.679009) can0 0205B801#00006D0600182000
(1789440816.684494) can0 01011840#FFFFFFFFFFFFFFFF
(1789440816.684864) can0 02051081#0000C84200000000
(1789440816.686938) can0 0205B881#2B1815320531E339
(1789440816.693000) can0 0205B941#0000000000000000
(1789440816.698949) can0 0205B801#00006C0600182000
(1789440816.704494) can0 01011840#FFFFFFFFFFFFFFFF
(1789440816.704878) can0 02051081#0000C84200000000
(1789440816.706944) can0 0205B881#2B1815320531E339
(1789440816.712986) can0 0205B941#0000000000000000
(1789440816.718960) can0 0205B801#00006C0600182000
(1789440816.724535) can0 01011840#FFFFFFFFFFFFFFFF
(1789440816.724921) can0 02051081#0000C84200000000
(1789440816.726944) can0 0205B881#2B1815320531E339
(1789440816.733006) can0 0205B941#0000000000000000
(1789440816.738956) can0 0205B801#00006B0600182000
(1789440816.744494) can0 01011840#FFFFFFFFFFFFFFFF
(1789440816.744878) can0 02051081#0000C84200000000
(1789440816.746944) can0 0205B881#2B1815320531E339
(1789440816.753005) can0 0205B941#0000000000000000
(1789440816.759029) can0 0205B801#00006B0600182000
(1789440816.764515) can0 01011840#FFFFFFFFFFFFFFFF
(1789440816.764898) can0 02051081#0000C84200000000
(1789440816.766939) can0 0205B881#2B1815320531E339
(1789440816.773002) can0 0205B941#0000000000000000
(1789440816.778955) can0 0205B801#00006C0600182000
(1789440816.784515) can0 01011840#FFFFFFFFFFFFFFFF
(1789440816.784899) can0 02051081#0000C84200000000
(1789440816.786943) can0 0205B881#2B1815320531E339
(1789440816.793022) can0 0205B941#0000000000000000
(1789440816.798958) can0 0205B801#00006B0600182000
(1789440816.804538) can0 01011840#FFFFFFFFFFFFFFFF
(1789440816.804923) can0 02051081#0000C84200000000
(1789440816.806953) can0 0205B881#2B1815320531E339
(1789440816.812951) can0 0205B941#0000000000000000
(1789440816.819002) can0 0205B801#00006C0600182000
(1789440816.824501) can0 01011840#FFFFFFFFFFFFFFFF
(1789440816.824890) can0 02051081#0000C84200000000
(1789440816.826993) can0 0205B881#2B1815320531E339
(1789440816.833001) can0 0205B941#0000000000000000
(1789440816.839007) can0 0205B801#00006B0600182000
(1789440816.844546) can0 01011840#FFFFFFFFFFFFFFFF
(1789440816.844946) can0 02051081#0000C84200000000
(1789440816.846998) can0 0205B881#2B1815320531E339
(1789440816.850997) can0 0205B841#0000000000400000
(1789440816.852952) can0 0205B941#0000000000000000
(1789440816.858946) can0 0205B801#00006A0600182000
(1789440816.864512) can0 01011840#FFFFFFFFFFFFFFFF
(1789440816.864896) can0 02051081#0000C84200000000
(1789440816.866944) can0 0205B881#2B1815320531E339
(1789440816.872960) can0 0205B941#0000000000000000
(1789440816.879003) can0 0205B801#00006A0600182000
(1789440816.884490) can0 01011840#FFFFFFFFFFFFFFFF
(1789440816.884873) can0 02051081#0000C84200000000
(1789440816.886945) can0 0205B881#2B1815320531E339
(1789440816.892957) can0 0205B941#0000000000000000
(1789440816.898955) can0 0205B801#00006A0600182000
(1789440816.904516) can0 01011840#FFFFFFFFFFFFFFFF
(1789440816.904905) can0 02051081#0000C84200000000
(1789440816.906942) can0 0205B881#2B1815320531E339
(1789440816.912952) can0 0205B941#0000000000000000
(1789440816.919007) can0 0205B801#00006A0600182000
(1789440816.924503) can0 01011840#FFFFFFFFFFFFFFFF
(1789440816.924888) can0 02051081#0000C84200000000
(1789440816.926939) can0 0205B881#2B1815320531E339
(1789440816.932953) can0 0205B941#0000000000000000
(1789440816.938948) can0 0205B801#00006A0600182000
(1789440816.944488) can0 01011840#FFFFFFFFFFFFFFFF
(1789440816.944873) can0 02051081#0000C84200000000
(1789440816.946994) can0 0205B881#2B1815320531E339
(1789440816.952951) can0 0205B941#0000000000000000
(1789440816.958950) can0 0205B801#00006B0600182000
(1789440816.964603) can0 01011840#FFFFFFFFFFFFFFFF
(1789440816.965002) can0 02051081#0000C84200000000
(1789440816.966992) can0 0205B881#2B1815320531E339
(1789440816.973007) can0 0205B941#0000000000000000
(1789440816.978944) can0 0205B801#0000690600182000
(1789440816.984518) can0 01011840#FFFFFFFFFFFFFFFF
(1789440816.984898) can0 02051081#0000C84200000000
(1789440816.986989) can0 0205B881#2B1815320531E339
(1789440816.993039) can0 0205B941#0000000000000000
(1789440816.999001) can0 0205B801#0000690600182000
(1789440817.004487) can0 01011840#FFFFFFFFFFFFFFFF
(1789440817.004871) can0 02051081#0000C84200000000
(1789440817.007000) can0 0205B881#2B1815320531E339
(1789440817.012948) can0 0205B941#0000000000000000
(1789440817.018955) can0 0205B801#00006B0600182000
(1789440817.024484) can0 01011840#FFFFFFFFFFFFFFFF
(1789440817.024870) can0 02051081#0000C84200000000
(1789440817.026993) can0 0205B881#2B1815320531E339
(1789440817.032998) can0 0205B941#0000000000000000
(1789440817.039002) can0 0205B801#0000690600182000
(1789440817.044508) can0 01011840#FFFFFFFFFFFFFFFF
(1789440817.044898) can0 02051081#0000C84200000000
(1789440817.046938) can0 0205B881#2B1815320531E339
(1789440817.053013) can0 0205B941#0000000000000000
(1789440817.058945) can0 0205B801#0000690600182000
(1789440817.064528) can0 01011840#FFFFFFFFFFFFFFFF
(1789440817.064912) can0 02051081#0000C84200000000
(1789440817.066948) can0 0205B881#2B1815320531E339
(1789440817.072963) can0 0205B941#0000000000000000
(1789440817.078944) can0 0205B801#00006B0600182000
(1789440817.084517) can0 01011840#FFFFFFFFFFFFFFFF
(1789440817.084901) can0 02051081#0000C84200000000
(1789440817.086993) can0 0205B881#2B1815320531E339
(1789440817.093013) can0 0205B941#0000000000000000
(1789440817.098946) can0 0205B801#0000680600182000
(1789440817.100997) can0 0205B841#0000000000400000
(1789440817.104514) can0 01011840#FFFFFFFFFFFFFFFF
(1789440817.104899) can0 02051081#0000C84200000000
(1789440817.106992) can0 0205B881#2B1815320531E339
(1789440817.112957) can0 0205B941#0000000000000000
(1789440817.119003) can0 0205B801#0000680600182000
(1789440817.124538) can0 01011840#FFFFFFFFFFFFFFFF
(1789440817.124925) can0 02051081#0000C84200000000
(1789440817.126941) can0 0205B881#2B1815320531E339
(1789440817.132949) can0 0205B941#0000000000000000
(1789440817.138994) can0 0205B801#00006B0600182000
(1789440817.144530) can0 01011840#FFFFFFFFFFFFFFFF
(1789440817.144920) can0 02051081#0000C84200000000
(1789440817.146986) can0 0205B881#2B1815320531E339
(1789440817.152954) can0 0205B941#0000000000000000
(1789440817.158946) can0 0205B801#0000690600182000
(1789440817.164545) can0 01011840#FFFFFFFFFFFFFFFF
(1789440817.164932) can0 02051081#0000C84200000000
(1789440817.166936) can0 0205B881#2B1815320531E339
(1789440817.172944) can0 0205B941#0000000000000000
(1789440817.178995) can0 0205B801#0000680600182000
(1789440817.184491) can0 01011840#FFFFFFFFFFFFFFFF
(1789440817.184876) can0 02051081#0000C84200000000
(1789440817.186939) can0 0205B881#2B1815320531E339
(1789440817.192950) can0 0205B941#0000000000000000
(1789440817.199000) can0 0205B801#00006A0600182000
(1789440817.204490) can0 01011840#FFFFFFFFFFFFFFFF
(1789440817.204874) can0 02051081#0000C84200000000
(1789440817.206942) can0 0205B881#2B1815320531E339
(1789440817.212956) can0 0205B941#0000000000000000
(1789440817.219006) can0 0205B801#0000690600182000
(1789440817.224483) can0 01011840#FFFFFFFFFFFFFFFF
(1789440817.224869) can0 02051081#0000C84200000000
(1789440817.226939) can0 0205B881#2B1815320531E339
(1789440817.232999) can0 0205B941#0000000000000000
(1789440817.239027) can0 0205B801#00006A0600182000
(1789440817.244533) can0 01011840#FFFFFFFFFFFFFFFF
(1789440817.244914) can0 02051081#0000C84200000000
(1789440817.246937) can0 0205B881#2B1815320531E339
(1789440817.252951) can0 0205B941#0000000000000000
(1789440817.258945) can0 0205B801#00006B0600182000
(1789440817.264574) can0 01011840#FFFFFFFFFFFFFFFF
(1789440817.264965) can0 02051081#0000C84200000000
(1789440817.266939) can0 0205B881#2B1815320531E339
(1789440817.272952) can0 0205B941#0000000000000000
(1789440817.278941) can0 0205B801#0000680600182000
(1789440817.284501) can0 01011840#FFFFFFFFFFFFFFFF
(1789440817.284883) can0 02051081#0000C84200000000
(1789440817.286937) can0 0205B881#2B1815320531E339
(1789440817.292948) can0 0205B941#0000000000000000
(1789440817.298943) can0 0205B801#00006A0600182000
(1789440817.304531) can0 01011840#FFFFFFFFFFFFFFFF
(1789440817.304920) can0 02051081#0000C84200000000
(1789440817.306988) can0 0205B881#2B1815320531E339
(1789440817.312996) can0 0205B941#0000000000000000
(1789440817.318954) can0 0205B801#00006B0600182000
(1789440817.324531) can0 01011840#FFFFFFFFFFFFFFFF
(1789440817.324916) can0 02051081#0000C84200000000
(1789440817.326988) can0 0205B881#2B1815320531E339
(1789440817.333015) can0 0205B941#0000000000000000
(1789440817.338943) can0 0205B801#0000690600182000
(1789440817.344529) can0 01011840#FFFFFFFFFFFFFFFF
(1789440817.344911) can0 02051081#0000C84200000000
(1789440817.346933) can0 0205B881#2B1815320531E339
(1789440817.350995) can0 0205B841#0000000000400000
(1789440817.352995) can0 0205B941#0000000000000000
(1789440817.359011) can0 0205B801#00006A0600182000
(1789440817.364542) can0 01011840#FFFFFFFFFFFFFFFF
(1789440817.364926) can0 02051081#0000C84200000000
(1789440817.366984) can0 0205B881#2B1815320531E339
(1789440817.372946) can0 0205B941#0000000000000000
(1789440817.378944) can0 0205B801#00006B0600182000
(1789440817.384557) can0 01011840#FFFFFFFFFFFFFFFF
(1789440817.384942) can0 02051081#0000C84200000000
(1789440817.386938) can0 0205B881#2B1815320531E339
(1789440817.392954) can0 0205B941#0000000000000000
(1789440817.398946) can0 0205B801#00006A0600182000
(1789440817.404525) can0 01011840#FFFFFFFFFFFFFFFF
(1789440817.404912) can0 02051081#0000C84200000000
(1789440817.406937) can0 0205B881#2B1815320531E339
(1789440817.412999) can0 0205B941#0000000000000000
(1789440817.418991) can0 0205B801#00006B0600182000
(1789440817.424533) can0 01011840#FFFFFFFFFFFFFFFF
(1789440817.424921) can0 02051081#0000C84200000000
(1789440817.426935) can0 0205B881#2B1815320531E339
(1789440817.432950) can0 0205B941#0000000000000000
(1789440817.438945) can0 0205B801#00006D0600182000
(1789440817.444555) can0 01011840#FFFFFFFFFFFFFFFF
(1789440817.446383) can0 02051081#0000C84200000000
(1789440817.446985) can0 0205B881#2B1815320531E339
(1789440817.452998) can0 0205B941#0000000000000000
(1789440817.458987) can0 0205B801#00006B0600182000
(1789440817.464542) can0 01011840#FFFFFFFFFFFFFFFF
(1789440817.464934) can0 02051081#0000C84200000000
(1789440817.466986) can0 0205B881#2B1815320531E339
(1789440817.472996) can0 0205B941#0000000000000000
(1789440817.478990) can0 0205B801#00006B0600182000
(1789440817.484514) can0 01011840#FFFFFFFFFFFFFFFF
(1789440817.484897) can0 02051081#0000C84200000000
(1789440817.486941) can0 0205B881#2B1815320531E339
(1789440817.492975) can0 0205B941#0000000000000000
(1789440817.498942) can0 0205B801#00006D0600182000
(1789440817.504551) can0 01011840#FFFFFFFFFFFFFFFF
(1789440817.504936) can0 02051081#0000C84200000000
(1789440817.506930) can0 0205B881#2B1815320531E339
(1789440817.512943) can0 0205B941#0000000000000000
(1789440817.518995) can0 0205B801#00006A0600182000
(1789440817.524544) can0 01011840#FFFFFFFFFFFFFFFF
(1789440817.524930) can0 02051081#0000C84200000000
(1789440817.526934) can0 0205B881#2B1815320531E339
(1789440817.532945) can0 0205B941#0000000000000000
(1789440817.538989) can0 0205B801#00006C0600182000
(1789440817.544522) can0 01011840#FFFFFFFFFFFFFFFF
(1789440817.544905) can0 02051081#0000C84200000000
(1789440817.546933) can0 0205B881#2B1815320531E339
(1789440817.552940) can0 0205B941#0000000000000000
(1789440817.558938) can0 0205B801#00006D0600182000
(1789440817.565311) can0 01011840#FFFFFFFFFFFFFFFF
(1789440817.565843) can0 02051081#0000C84200000000
(1789440817.566955) can0 0205B881#2B1815320531E339
(1789440817.573021) can0 0205B941#0000000000000000
(1789440817.578943) can0 0205B801#00006B0600182000
(1789440817.584523) can0 01011840#FFFFFFFFFFFFFFFF
(1789440817.584899) can0 02051081#0000C84200000000
(1789440817.586923) can0 0205B881#2B1815320531E339
(1789440817.592991) can0 0205B941#0000000000000000
(1789440817.598989) can0 0205B801#00006C0600182000
(1789440817.600938) can0 0205B841#0000000000400000
(1789440817.604513) can0 01011840#FFFFFFFFFFFFFFFF
(1789440817.604897) can0 02051081#0000C84200000000
(1789440817.606990) can0 0205B881#2B1815320531E339
(1789440817.613003) can0 0205B941#0000000000000000
(1789440817.615942) can0 02051801#0000FFFFFFFF0000
(1789440817.617891) can0 0205BC01#6B392E9A
(1789440817.619029) can0 0205B801#0000710600182000
(1789440817.624511) can0 01011840#FFFFFFFFFFFFFFFF
(1789440817.624896) can0 02051081#0000C84200000000
(1789440817.626981) can0 0205B881#2B1815320531E339
(1789440817.632944) can0 0205B941#0000000000000000
(1789440817.638969) can0 0205B801#00006C0600182000
(1789440817.646583) can0 01011840#FFFFFFFFFFFFFFFF
(1789440817.646982) can0 0205B881#2B1815320531E339
(1789440817.647081) can0 02051081#0000C84200000000
(1789440817.652956) can0 0205B941#0000000000000000
(1789440817.658986) can0 0205B801#00006C0600182000
(1789440817.664536) can0 01011840#FFFFFFFFFFFFFFFF
(1789440817.664912) can0 02051081#0000C84200000000
(1789440817.666926) can0 0205B881#2B1815320531E339
(1789440817.672939) can0 0205B941#0000000000000000
(1789440817.678991) can0 0205B801#00006D0600182000
(1789440817.684537) can0 01011840#FFFFFFFFFFFFFFFF
(1789440817.684927) can0 02051081#0000C84200000000
(1789440817.686988) can0 0205B881#2B1815320531E339
(1789440817.693005) can0 0205B941#0000000000000000
(1789440817.698937) can0 0205B801#00006E0600182000
(1789440817.704569) can0 01011840#FFFFFFFFFFFFFFFF
(1789440817.704961) can0 02051081#0000C84200000000
(1789440817.706928) can0 0205B881#2B1815320531E339
(1789440817.712992) can0 0205B941#0000000000000000
(1789440817.718937) can0 0205B801#00006E0600182000
(1789440817.724538) can0 01011840#FFFFFFFFFFFFFFFF
(1789440817.724928) can0 02051081#0000C84200000000
(1789440817.726930) can0 0205B881#2B1815320531E339
(1789440817.732989) can0 0205B941#0000000000000000
(1789440817.738988) can0 0205B801#00006F0600182000
(1789440817.744533) can0 01011840#FFFFFFFFFFFFFFFF
(1789440817.744918) can0 02051081#0000C84200000000
(1789440817.746977) can0 0205B881#2B1815320531E339
(1789440817.752992) can0 0205B941#0000000000000000
(1789440817.758936) can0 0205B801#00006E0600182000
(1789440817.764516) can0 01011840#FFFFFFFFFFFFFFFF
(1789440817.764901) can0 02051081#0000C84200000000
(1789440817.766978) can0 0205B881#2B1815320531E339
(1789440817.772991) can0 0205B941#0000000000000000
(1789440817.778989) can0 0205B801#00006F0600182000
(1789440817.784512) can0 01011840#FFFFFFFFFFFFFFFF
(1789440817.784894) can0 02051081#0000C84200000000
(1789440817.786975) can0 0205B881#2B1815320531E339
(1789440817.792987) can0 0205B941#0000000000000000
(1789440817.798941) can0 0205B801#0000720600182000
(1789440817.804516) can0 01011840#FFFFFFFFFFFFFFFF
(1789440817.804900) can0 02051081#0000C84200000000
(1789440817.806935) can0 0205B881#2B1815320531E339
(1789440817.812998) can0 0205B941#0000000000000000
(1789440817.818939) can0 0205B801#0000710600182000
(1789440817.824516) can0 01011840#FFFFFFFFFFFFFFFF
(1789440817.824899) can0 02051081#0000C84200000000
(1789440817.826980) can0 0205B881#2B1815320531E339
(1789440817.832989) can0 0205B941#0000000000000000
(1789440817.839009) can0 0205B801#0000710600182000
(1789440817.844569) can0 01011840#FFFFFFFFFFFFFFFF
(1789440817.844956) can0 02051081#0000C84200000000
(1789440817.846977) can0 0205B881#2B1815320531E339
(1789440817.850931) can0 0205B841#0000000000400000
(1789440817.852940) can0 0205B941#0000000000000000
(1789440817.858935) can0 0205B801#0000730600182000
(1789440817.864538) can0 01011840#FFFFFFFFFFFFFFFF
(1789440817.864921) can0 02051081#0000C84200000000
(1789440817.866929) can0 0205B881#2B1815320531E339
(1789440817.872950) can0 0205B941#0000000000000000
(1789440817.878984) can0 0205B801#0000730600182000
(1789440817.884531) can0 01011840#FFFFFFFFFFFFFFFF
(1789440817.884918) can0 02051081#0000C84200000000
(1789440817.886998) can0 0205B881#2B1815320531E339
(1789440817.892943) can0 0205B941#0000000000000000
(1789440817.898993) can0 0205B801#0000730600182000
(1789440817.904521) can0 01011840#FFFFFFFFFFFFFFFF
(1789440817.904908) can0 02051081#0000C84200000000
(1789440817.906930) can0 0205B881#2B1815320531E339
(1789440817.912989) can0 0205B941#0000000000000000
(1789440817.918990) can0 0205B801#0000750600182000
(1789440817.924509) can0 01011840#FFFFFFFFFFFFFFFF
(1789440817.924894) can0 02051081#0000C84200000000
(1789440817.926980) can0 0205B881#2B1815320531E339
(1789440817.932942) can0 0205B941#0000000000000000
(1789440817.938965) can0 0205B801#0000740600182000
(1789440817.944609) can0 01011840#FFFFFFFFFFFFFFFF
(1789440817.944997) can0 02051081#0000C84200000000
(1789440817.946972) can0 0205B881#2B1815320531E339
(1789440817.952982) can0 0205B941#0000000000000000
(1789440817.958993) can0 0205B801#0000740600182000
(1789440817.964572) can0 01011840#FFFFFFFFFFFFFFFF
(1789440817.964965) can0 02051081#0000C84200000000
(1789440817.966930) can0 0205B881#2B1815320531E339
(1789440817.972937) can0 0205B941#0000000000000000
(1789440817.978932) can0 0205B801#0000760600182000
(1789440817.984536) can0 01011840#FFFFFFFFFFFFFFFF
(1789440817.984925) can0 02051081#0000C84200000000
(1789440817.986931) can0 0205B881#2B1815320531E339
(1789440817.992988) can0 0205B941#0000000000000000
(1789440817.998984) can0 0205B801#0000750600182000
(1789440818.004536) can0 01011840#FFFFFFFFFFFFFFFF
(1789440818.004920) can0 02051081#0000C84200000000
(1789440818.006976) can0 0205B881#2B1815320531E339
(1789440818.012998) can0 0205B941#0000000000000000
(1789440818.018983) can0 0205B801#0000750600182000
(1789440818.024518) can0 01011840#FFFFFFFFFFFFFFFF
(1789440818.024904) can0 02051081#0000C84200000000
(1789440818.026928) can0 0205B881#2B1815320531E339
(1789440818.032939) can0 0205B941#0000000000000000
(1789440818.038937) can0 0205B801#0000770600182000
(1789440818.044524) can0 01011840#FFFFFFFFFFFFFFFF
(1789440818.044913) can0 02051081#0000C84200000000
(1789440818.046976) can0 0205B881#2B1815320531E339
(1789440818.052996) can0 0205B941#0000000000000000
(1789440818.058930) can0 0205B801#0000760600182000
(1789440818.064541) can0 01011840#FFFFFFFFFFFFFFFF
(1789440818.064926) can0 02051081#0000C84200000000
(1789440818.066925) can0 0205B881#2B1815320531E339
(1789440818.072946) can0 0205B941#0000000000000000
(1789440818.078935) can0 0205B801#0000770600182000
(1789440818.084516) can0 01011840#FFFFFFFFFFFFFFFF
(1789440818.084901) can0 02051081#0000C84200000000
(1789440818.086978) can0 0205B881#2B1815320531E339
(1789440818.092937) can0 0205B941#0000000000000000
(1789440818.098986) can0 0205B801#0000780600182000
(1789440818.100978) can0 0205B841#0000000000400000
(1789440818.104527) can0 01011840#FFFFFFFFFFFFFFFF
(1789440818.104909) can0 02051081#0000C84200000000
(1789440818.106974) can0 0205B881#2B1815320531E339
(1789440818.112987) can0 0205B941#0000000000000000
(1789440818.118929) can0 0205B801#0000770600182000
(1789440818.124514) can0 01011840#FFFFFFFFFFFFFFFF
(1789440818.124898) can0 02051081#0000C84200000000
(1789440818.126930) can0 0205B881#2B1815320531E339
(1789440818.132936) can0 0205B941#0000000000000000
(1789440818.138944) can0 0205B801#0000780600182000
(1789440818.144575) can0 01011840#FFFFFFFFFFFFFFFF
(1789440818.144972) can0 02051081#0000C84200000000
(1789440818.146972) can0 0205B881#2B1815320531E339
(1789440818.152936) can0 0205B941#0000000000000000
(1789440818.158931) can0 0205B801#00007A0600182000
(1789440818.164551) can0 01011840#FFFFFFFFFFFFFFFF
(1789440818.164934) can0 02051081#0000C84200000000
(1789440818.166924) can0 0205B881#2B1815320531E339
(1789440818.172935) can0 0205B941#0000000000000000
(1789440818.178987) can0 0205B801#0000770600182000
(1789440818.184513) can0 01011840#FFFFFFFFFFFFFFFF
(1789440818.184929) can0 02051081#0000C84200000000
(1789440818.186931) can0 0205B881#2B1815320531E339
(1789440818.192935) can0 0205B941#0000000000000000
(1789440818.198931) can0 0205B801#0000780600182000
(1789440818.204547) can0 01011840#FFFFFFFFFFFFFFFF
(1789440818.204930) can0 02051081#0000C84200000000
(1789440818.206973) can0 0205B881#2B1815320531E339
(1789440818.212943) can0 0205B941#0000000000000000
(1789440818.218933) can0 0205B801#00007A0600182000
(1789440818.224501) can0 01011840#FFFFFFFFFFFFFFFF
(1789440818.224886) can0 02051081#0000C84200000000
(1789440818.226971) can0 0205B881#2B1815320531E339
(1789440818.232983) can0 0205B941#0000000000000000
(1789440818.238986) can0 0205B801#0000780600182000
(1789440818.244484) can0 01011840#FFFFFFFFFFFFFFFF
(1789440818.244868) can0 02051081#0000C84200000000
(1789440818.246923) can0 0205B881#2B1815320531E339
(1789440818.252936) can0 0205B941#0000000000000000
(1789440818.258930) can0 0205B801#0000780600182000
(1789440818.264625) can0 01011840#FFFFFFFFFFFFFFFF
(1789440818.265028) can0 02051081#0000C84200000000
(1789440818.266972) can0 0205B881#2B1815320531E339
(1789440818.272989) can0 0205B941#0000000000000000
(1789440818.278981) can0 0205B801#0000780600182000
(1789440818.284550) can0 01011840#FFFFFFFFFFFFFFFF
(1789440818.284931) can0 02051081#0000C84200000000
(1789440818.286921) can0 0205B881#2B1815320531E339
(1789440818.292933) can0 0205B941#0000000000000000
(1789440818.298929) can0 0205B801#0000760600182000
(1789440818.304521) can0 01011840#FFFFFFFFFFFFFFFF
(1789440818.304908) can0 02051081#0000C84200000000
(1789440818.306926) can0 0205B881#2B1815320531E339
(1789440818.312937) can0 0205B941#0000000000000000
(1789440818.318935) can0 0205B801#0000750600182000
(1789440818.324528) can0 01011840#FFFFFFFFFFFFFFFF
(1789440818.324917) can0 02051081#0000C84200000000
(1789440818.326921) can0 0205B881#2B1815320531E339
(1789440818.332932) can0 0205B941#0000000000000000
(1789440818.338931) can0 0205B801#0000740600182000
(1789440818.344518) can0 01011840#FFFFFFFFFFFFFFFF
(1789440818.344905) can0 02051081#0000C84200000000
(1789440818.346970) can0 0205B881#2B1815320531E339
(1789440818.350928) can0 0205B841#0000000000400000
(1789440818.352975) can0 0205B941#0000000000000000
(1789440818.358929) can0 0205B801#0000710600182000
(1789440818.364519) can0 01011840#FFFFFFFFFFFFFFFF
(1789440818.364906) can0 02051081#0000C84200000000
(1789440818.366972) can0 0205B881#2B1815320531E339
(1789440818.372984) can0 0205B941#0000000000000000
(1789440818.378981) can0 0205B801#00006F0600182000
(1789440818.384531) can0 01011840#FFFFFFFFFFFFFFFF
(1789440818.384918) can0 02051081#0000C84200000000
(1789440818.386968) can0 0205B881#2B1815320531E339
(1789440818.392980) can0 0205B941#0000000000000000
(1789440818.398932) can0 0205B801#0000710600182000
(1789440818.404521) can0 01011840#FFFFFFFFFFFFFFFF
(1789440818.404910) can0 02051081#0000C84200000000
(1789440818.406920) can0 0205B881#2B1815320531E339
(1789440818.412941) can0 0205B941#0000000000000000
(1789440818.418927) can0 0205B801#00006F0600182000
(1789440818.424521) can0 01011840#FFFFFFFFFFFFFFFF
(1789440818.424907) can0 02051081#0000C84200000000
(1789440818.426918) can0 0205B881#2B1815320531E339
(1789440818.432931) can0 0205B941#0000000000000000
(1789440818.438936) can0 0205B801#00006E0600182000
(1789440818.444529) can0 01011840#FFFFFFFFFFFFFFFF
(1789440818.444918) can0 02051081#0000C84200000000
(1789440818.447013) can0 0205B881#2B1815320531E339
(1789440818.452959) can0 0205B941#0000000000000000
(1789440818.458935) can0 0205B801#00006F0600182000
(1789440818.464553) can0 01011840#FFFFFFFFFFFFFFFF
(1789440818.464936) can0 02051081#0000C84200000000
(1789440818.466920) can0 0205B881#2B1815320531E339
(1789440818.472978) can0 0205B941#0000000000000000
(1789440818.478980) can0 0205B801#00006E0600182000
(1789440818.484534) can0 01011840#FFFFFFFFFFFFFFFF
(1789440818.484928) can0 02051081#0000C84200000000
(1789440818.486919) can0 0205B881#2B1815320531E339
(1789440818.492931) can0 0205B941#0000000000000000
(1789440818.498930) can0 0205B801#00006E0600182000
(1789440818.504514) can0 01011840#FFFFFFFFFFFFFFFF
(1789440818.504898) can0 02051081#0000C84200000000
(1789440818.506917) can0 0205B881#2B1815320531E339
(1789440818.512952) can0 0205B941#0000000000000000
(1789440818.518944) can0 0205B801#00006F0600182000
(1789440818.524599) can0 01011840#FFFFFFFFFFFFFFFF
(1789440818.524993) can0 02051081#0000C84200000000
(1789440818.526966) can0 0205B881#2B1815320531E339
(1789440818.532979) can0 0205B941#0000000000000000
(1789440818.538924) can0 0205B801#00006D0600182000
(1789440818.544526) can0 01011840#FFFFFFFFFFFFFFFF
(1789440818.544915) can0 02051081#0000C84200000000
(1789440818.546921) can0 0205B881#2B1815320531E339
(1789440818.552983) can0 0205B941#0000000000000000
(1789440818.558944) can0 0205B801#00006D0600182000
(1789440818.564610) can0 01011840#FFFFFFFFFFFFFFFF
(1789440818.565001) can0 02051081#0000C84200000000
(1789440818.566965) can0 0205B881#2B1815320531E339
(1789440818.572975) can0 0205B941#0000000000000000
(1789440818.578978) can0 0205B801#00006F0600182000
(1789440818.584512) can0 01011840#FFFFFFFFFFFFFFFF
(1789440818.584893) can0 02051081#0000C84200000000
(1789440818.586946) can0 0205B881#2B1815320531E339
(1789440818.593017) can0 0205B941#0000000000000000
(1789440818.598957) can0 0205B801#00006C0600182000
(1789440818.600986) can0 0205B841#0000000000400000
(1789440818.604517) can0 01011840#FFFFFFFFFFFFFFFF
(1789440818.604892) can0 02051081#0000C84200000000
(1789440818.606911) can0 0205B881#2B1815320531E339
(1789440818.612984) can0 0205B941#0000000000000000
(1789440818.615975) can0 02051801#0000FFFFFFFF0000
(1789440818.617882) can0 0205BC01#6B392E9A
(1789440818.618926) can0 0205B801#00006B0600182000
(1789440818.624513) can0 01011840#FFFFFFFFFFFFFFFF
(1789440818.624896) can0 02051081#0000C84200000000
(1789440818.626918) can0 0205B881#2B1815320531E339
(1789440818.632975) can0 0205B941#0000000000000000
(1789440818.638931) can0 0205B801#00006E0600182000
(1789440818.644567) can0 01011840#FFFFFFFFFFFFFFFF
(1789440818.644966) can0 02051081#0000C84200000000
(1789440818.646926) can0 0205B881#2B1815320531E339
(1789440818.652983) can0 0205B941#0000000000000000
(1789440818.658921) can0 0205B801#00006C0600182000
(1789440818.664611) can0 01011840#FFFFFFFFFFFFFFFF
(1789440818.665002) can0 02051081#0000C84200000000
(1789440818.666919) can0 0205B881#2B1815320531E339
(1789440818.672979) can0 0205B941#0000000000000000
(1789440818.678926) can0 0205B801#00006C0600182000
(1789440818.684530) can0 01011840#FFFFFFFFFFFFFFFF
(1789440818.684912) can0 02051081#0000C84200000000
(1789440818.686921) can0 0205B881#2B1815320531E339
(1789440818.692924) can0 0205B941#0000000000000000
(1789440818.698923) can0 0205B801#00006D0600182000
(1789440818.704502) can0 01011840#FFFFFFFFFFFFFFFF
(1789440818.704888) can0 02051081#0000C84200000000
(1789440818.706965) can0 0205B881#2B1815320531E339
(1789440818.713000) can0 0205B941#0000000000000000
(1789440818.718992) can0 0205B801#00006C0600182000
(1789440818.724588) can0 01011840#FFFFFFFFFFFFFFFF
(1789440818.724982) can0 02051081#0000C84200000000
(1789440818.726917) can0 0205B881#2B1815320531E339
(1789440818.732973) can0 0205B941#0000000000000000
(1789440818.738974) can0 0205B801#00006A0600182000
(1789440818.744509) can0 01011840#FFFFFFFFFFFFFFFF
(1789440818.744895) can0 02051081#0000C84200000000
(1789440818.746917) can0 0205B881#2B1815320531E339
(1789440818.752977) can0 0205B941#0000000000000000
(1789440818.758925) can0 0205B801#00006D0600182000
(1789440818.764489) can0 01011840#FFFFFFFFFFFFFFFF
(1789440818.764874) can0 02051081#0000C84200000000
(1789440818.766967) can0 0205B881#2B1815320531E339
(1789440818.772975) can0 0205B941#0000000000000000
(1789440818.778922) can0 0205B801#00006B0600182000
(1789440818.784490) can0 01011840#FFFFFFFFFFFFFFFF
(1789440818.784875) can0 02051081#0000C84200000000
(1789440818.786913) can0 0205B881#2B1815320531E339
(1789440818.792975) can0 0205B941#0000000000000000
(1789440818.798923) can0 0205B801#00006A0600182000
(1789440818.804484) can0 01011840#FFFFFFFFFFFFFFFF
(1789440818.804869) can0 02051081#0000C84200000000
(1789440818.806964) can0 0205B881#2B1815320531E339
(1789440818.812933) can0 0205B941#0000000000000000
(1789440818.818973) can0 0205B801#00006B0600182000
(1789440818.824524) can0 01011840#FFFFFFFFFFFFFFFF
(1789440818.824912) can0 02051081#0000C84200000000
(1789440818.826917) can0 0205B881#2B1815320531E339
(1789440818.832923) can0 0205B941#0000000000000000
(1789440818.838973) can0 0205B801#00006B0600182000
(1789440818.844512) can0 01011840#FFFFFFFFFFFFFFFF
(1789440818.844898) can0 02051081#0000C84200000000
(1789440818.846963) can0 0205B881#2B1815320531E339
(1789440818.850974) can0 0205B841#0000000000400000
(1789440818.852925) can0 0205B941#0000000000000000
(1789440818.858974) can0 0205B801#00006B0600182000
(1789440818.864517) can0 01011840#FFFFFFFFFFFFFFFF
(1789440818.864904) can0 02051081#0000C84200000000
(1789440818.866912) can0 0205B881#2B1815320531E339
(1789440818.873007) can0 0205B941#0000000000000000
(1789440818.879010) can0 0205B801#00006B0600182000
(1789440818.884534) can0 01011840#FFFFFFFFFFFFFFFF
(1789440818.884914) can0 02051081#0000C84200000000
(1789440818.886964) can0 0205B881#2B1815320531E339
(1789440818.892987) can0 0205B941#0000000000000000
(1789440818.898924) can0 0205B801#00006A0600182000
(1789440818.904559) can0 01011840#FFFFFFFFFFFFFFFF
(1789440818.904941) can0 02051081#0000C84200000000
(1789440818.906961) can0 0205B881#2B1815320531E339
(1789440818.912975) can0 0205B941#0000000000000000
(1789440818.918972) can0 0205B801#0000690600182000
(1789440818.924508) can0 01011840#FFFFFFFFFFFFFFFF
(1789440818.924894) can0 02051081#0000C84200000000
(1789440818.926965) can0 0205B881#2B1815320531E339
(1789440818.932922) can0 0205B941#0000000000000000
(1789440818.938925) can0 0205B801#00006C0600182000
(1789440818.944495) can0 01011840#FFFFFFFFFFFFFFFF
(1789440818.944881) can0 02051081#0000C84200000000
(1789440818.946916) can0 0205B881#2B1815320531E339
(1789440818.952973) can0 0205B941#0000000000000000
(1789440818.958927) can0 0205B801#00006A0600182000
(1789440818.964705) can0 01011840#FFFFFFFFFFFFFFFF
(1789440818.965101) can0 02051081#0000C84200000000
(1789440818.966965) can0 0205B881#2B1815320531E339
(1789440818.972973) can0 0205B941#0000000000000000
(1789440818.978932) can0 0205B801#0000690600182000
(1789440818.984540) can0 01011840#FFFFFFFFFFFFFFFF
(1789440818.984925) can0 02051081#0000C84200000000
(1789440818.986908) can0 0205B881#2B1815320531E339
(1789440818.992980) can0 0205B941#0000000000000000
(1789440818.998931) can0 0205B801#00006B0600182000
(1789440819.004527) can0 01011840#FFFFFFFFFFFFFFFF
(1789440819.004914) can0 02051081#0000C84200000000
(1789440819.006963) can0 0205B881#2B1815320531E339
(1789440819.012924) can0 0205B941#0000000000000000
(1789440819.018941) can0 0205B801#0000690600182000
(1789440819.024547) can0 01011840#FFFFFFFFFFFFFFFF
(1789440819.024930) can0 02051081#0000C84200000000
(1789440819.026912) can0 0205B881#2B1815320531E339
(1789440819.032974) can0 0205B941#0000000000000000
(1789440819.038915) can0 0205B801#0000690600182000
(1789440819.044550) can0 01011840#FFFFFFFFFFFFFFFF
(1789440819.044964) can0 02051081#0000C84200000000
(1789440819.046980) can0 0205B881#2B1815320531E339
(1789440819.052933) can0 0205B941#0000000000000000
(1789440819.058995) can0 0205B801#00006A0600182000
(1789440819.064548) can0 01011840#FFFFFFFFFFFFFFFF
(1789440819.064927) can0 02051081#0000C84200000000
(1789440819.066956) can0 0205B881#2B1815320531E339
(1789440819.072928) can0 0205B941#0000000000000000
(1789440819.078973) can0 0205B801#0000690600182000
(1789440819.084571) can0 01011840#FFFFFFFFFFFFFFFF
(1789440819.084957) can0 02051081#0000C84200000000
(1789440819.086911) can0 0205B881#2B1815320531E339
(1789440819.092985) can0 0205B941#0000000000000000
(1789440819.098967) can0 0205B801#0000690600182000
(1789440819.100970) can0 0205B841#0000000000400000
(1789440819.104553) can0 01011840#FFFFFFFFFFFFFFFF
(1789440819.104935) can0 02051081#0000C84200000000
(1789440819.106962) can0 0205B881#2B1815320531E339
(1789440819.112972) can0 0205B941#0000000000000000
(1789440819.118923) can0 0205B801#00006B0600182000
(1789440819.124507) can0 01011840#FFFFFFFFFFFFFFFF
(1789440819.124893) can0 02051081#0000C84200000000
(1789440819.126915) can0 0205B881#2B1815320531E339
(1789440819.132975) can0 0205B941#0000000000000000
(1789440819.138969) can0 0205B801#0000690600182000
(1789440819.144551) can0 01011840#FFFFFFFFFFFFFFFF
(1789440819.144946) can0 02051081#0000C84200000000
(1789440819.146961) can0 0205B881#2B1815320531E339
(1789440819.152976) can0 0205B941#0000000000000000
(1789440819.158964) can0 0205B801#0000680600182000
(1789440819.164584) can0 01011840#FFFFFFFFFFFFFFFF
(1789440819.164981) can0 02051081#0000C84200000000
(1789440819.166907) can0 0205B881#2B1815320531E339
(1789440819.172917) can0 0205B941#0000000000000000
(1789440819.178969) can0 0205B801#00006A0600182000
(1789440819.184511) can0 01011840#FFFFFFFFFFFFFFFF
(1789440819.184897) can0 02051081#0000C84200000000
(1789440819.186907) can0 0205B881#2B1815320531E339
(1789440819.192926) can0 0205B941#0000000000000000
(1789440819.198968) can0 0205B801#0000690600182000
(1789440819.204497) can0 01011840#FFFFFFFFFFFFFFFF
(1789440819.204885) can0 02051081#0000C84200000000
(1789440819.206910) can0 0205B881#2B1815320531E339
(1789440819.212930) can0 0205B941#0000000000000000
(1789440819.218970) can0 0205B801#0000680600182000
(1789440819.224517) can0 01011840#FFFFFFFFFFFFFFFF
(1789440819.224912) can0 02051081#0000C84200000000
(1789440819.226912) can0 0205B881#2B1815320531E339
(1789440819.232924) can0 0205B941#0000000000000000
(1789440819.238920) can0 0205B801#00006A0600182000
(1789440819.244513) can0 01011840#FFFFFFFFFFFFFFFF
(1789440819.244896) can0 02051081#0000C84200000000
(1789440819.246960) can0 0205B881#2B1815320531E339
(1789440819.252975) can0 0205B941#0000000000000000
(1789440819.258969) can0 0205B801#0000690600182000
(1789440819.264488) can0 01011840#FFFFFFFFFFFFFFFF
(1789440819.264872) can0 02051081#0000C84200000000
(1789440819.266910) can0 0205B881#2B1815320531E339
(1789440819.272924) can0 0205B941#0000000000000000
(1789440819.278914) can0 0205B801#0000690600182000
(1789440819.284679) can0 01011840#FFFFFFFFFFFFFFFF
(1789440819.285114) can0 02051081#0000C84200000000
(1789440819.286922) can0 0205B881#2B1815320531E339
(1789440819.292941) can0 0205B941#0000000000000000
(1789440819.298931) can0 0205B801#00006C0600182000
(1789440819.304569) can0 01011840#FFFFFFFFFFFFFFFF
(1789440819.304943) can0 02051081#0000C84200000000
(1789440819.306954) can0 0205B881#2B1815320531E339
(1789440819.312965) can0 0205B941#0000000000000000
(1789440819.318985) can0 0205B801#0000690600182000
(1789440819.324759) can0 01011840#FFFFFFFFFFFFFFFF
(1789440819.325233) can0 02051081#0000C84200000000
(1789440819.327024) can0 0205B881#2B1815320531E339
(1789440819.332944) can0 0205B941#0000000000000000
(1789440819.338923) can0 0205B801#0000690600182000
(1789440819.344542) can0 01011840#FFFFFFFFFFFFFFFF
(1789440819.344914) can0 02051081#0000C84200000000
(1789440819.346959) can0 0205B881#2B1815320531E339
(1789440819.350912) can0 0205B841#0000000000400000
(1789440819.352964) can0 0205B941#0000000000000000
(1789440819.358918) can0 0205B801#00006B0600182000
(1789440819.364529) can0 01011840#FFFFFFFFFFFFFFFF
(1789440819.364917) can0 02051081#0000C84200000000
(1789440819.366911) can0 0205B881#2B1815320531E339
(1789440819.372919) can0 0205B941#0000000000000000
(1789440819.378961) can0 0205B801#00006A0600182000
(1789440819.384508) can0 01011840#FFFFFFFFFFFFFFFF
(1789440819.384893) can0 02051081#0000C84200000000
(1789440819.386915) can0 0205B881#2B1815320531E339
(1789440819.392919) can0 0205B941#0000000000000000
(1789440819.398962) can0 0205B801#00006A0600182000
(1789440819.404521) can0 01011840#FFFFFFFFFFFFFFFF
(1789440819.404908) can0 02051081#0000C84200000000
(1789440819.406902) can0 0205B881#2B1815320531E339
(1789440819.412922) can0 0205B941#0000000000000000
(1789440819.418916) can0 0205B801#00006C0600182000
(1789440819.424515) can0 01011840#FFFFFFFFFFFFFFFF
(1789440819.424902) can0 02051081#0000C84200000000
(1789440819.426910) can0 0205B881#2B1815320531E339
(1789440819.432966) can0 0205B941#0000000000000000
(1789440819.438962) can0 0205B801#00006A0600182000
(1789440819.444498) can0 01011840#FFFFFFFFFFFFFFFF
(1789440819.444884) can0 02051081#0000C84200000000
(1789440819.446911) can0 0205B881#2B1815320531E339
(1789440819.452939) can0 0205B941#0000000000000000
(1789440819.458923) can0 0205B801#0000690600182000
(1789440819.464529) can0 01011840#FFFFFFFFFFFFFFFF
(1789440819.464913) can0 02051081#0000C84200000000
(1789440819.466963) can0 0205B881#2B1815320531E339
(1789440819.472968) can0 0205B941#0000000000000000
(1789440819.478964) can0 0205B801#00006B0600182000
(1789440819.484555) can0 01011840#FFFFFFFFFFFFFFFF
(1789440819.484940) can0 02051081#0000C84200000000
(1789440819.486907) can0 0205B881#2B1815320531E339
(1789440819.492964) can0 0205B941#0000000000000000
(1789440819.498966) can0 0205B801#00006B0600182000
(1789440819.504502) can0 01011840#FFFFFFFFFFFFFFFF
(1789440819.504888) can0 02051081#0000C84200000000
(1789440819.506904) can0 0205B881#2B1815320531E339
(1789440819.512920) can0 0205B941#0000000000000000
(1789440819.518916) can0 0205B801#00006B0600182000
(1789440819.524523) can0 01011840#FFFFFFFFFFFFFFFF
(1789440819.524911) can0 02051081#0000C84200000000
(1789440819.526906) can0 0205B881#2B1815320531E339
(1789440819.532918) can0 0205B941#0000000000000000
(1789440819.538939) can0 0205B801#00006D0600182000
(1789440819.544556) can0 01011840#FFFFFFFFFFFFFFFF
(1789440819.544948) can0 02051081#0000C84200000000
(1789440819.546956) can0 0205B881#2B1815320531E339
(1789440819.552963) can0 0205B941#0000000000000000
(1789440819.558960) can0 0205B801#00006C0600182000
(1789440819.564511) can0 01011840#FFFFFFFFFFFFFFFF
(1789440819.564897) can0 02051081#0000C84200000000
(1789440819.566956) can0 0205B881#2B1815320531E339
(1789440819.572962) can0 0205B941#0000000000000000
(1789440819.578957) can0 0205B801#00006C0600182000
(1789440819.584490) can0 01011840#FFFFFFFFFFFFFFFF
(1789440819.584875) can0 02051081#0000C84200000000
(1789440819.586904) can0 0205B881#2B1815320531E339
(1789440819.592933) can0 0205B941#0000000000000000
(1789440819.598962) can0 0205B801#00006C0600182000
(1789440819.600962) can0 0205B841#0000000000400000
(1789440819.604546) can0 01011840#FFFFFFFFFFFFFFFF
(1789440819.604930) can0 02051081#0000C84200000000
(1789440819.606970) can0 0205B881#2B1815320531E339
(1789440819.612936) can0 0205B941#0000000000000000
(1789440819.616291) can0 02051801#0000FFFFFFFF0000
(1789440819.617911) can0 0205BC01#6B392E9A
(1789440819.618905) can0 0205B801#0000710600182000
(1789440819.624526) can0 01011840#FFFFFFFFFFFFFFFF
(1789440819.624905) can0 02051081#0000C84200000000
(1789440819.626895) can0 0205B881#2B1815320531E339
(1789440819.632908) can0 0205B941#0000000000000000
(1789440819.638957) can0 0205B801#00006E0600182000
(1789440819.644534) can0 01011840#FFFFFFFFFFFFFFFF
(1789440819.644978) can0 02051081#0000C84200000000
(1789440819.646904) can0 0205B881#2B1815320531E339
(1789440819.652913) can0 0205B941#0000000000000000
(1789440819.658967) can0 0205B801#00006D0600182000
(1789440819.664553) can0 01011840#FFFFFFFFFFFFFFFF
(1789440819.664945) can0 02051081#0000C84200000000
(1789440819.666960) can0 0205B881#2B1815320531E339
(1789440819.672965) can0 0205B941#0000000000000000
(1789440819.678917) can0 0205B801#00006D0600182000
(1789440819.684601) can0 01011840#FFFFFFFFFFFFFFFF
(1789440819.684994) can0 02051081#0000C84200000000
(1789440819.686901) can0 0205B881#2B1815320531E339
(1789440819.692962) can0 0205B941#0000000000000000
(1789440819.698956) can0 0205B801#00006E0600182000
(1789440819.704525) can0 01011840#FFFFFFFFFFFFFFFF
(1789440819.704908) can0 02051081#0000C84200000000
(1789440819.706955) can0 0205B881#2B1815320531E339
(1789440819.712961) can0 0205B941#0000000000000000
(1789440819.718906) can0 0205B801#0000700600182000
(1789440819.724516) can0 01011840#FFFFFFFFFFFFFFFF
(1789440819.724901) can0 02051081#0000C84200000000
(1789440819.726899) can0 0205B881#2B1815320531E339
(1789440819.732978) can0 0205B941#0000000000000000
(1789440819.738934) can0 0205B801#00006F0600182000
(1789440819.744551) can0 01011840#FFFFFFFFFFFFFFFF
(1789440819.744937) can0 02051081#0000C84200000000
(1789440819.746953) can0 0205B881#2B1815320531E339
(1789440819.752912) can0 0205B941#0000000000000000
(1789440819.758911) can0 0205B801#00006F0600182000
(1789440819.764573) can0 01011840#FFFFFFFFFFFFFFFF
(1789440819.764963) can0 02051081#0000C84200000000
(1789440819.766898) can0 0205B881#2B1815320531E339
(1789440819.772912) can0 0205B941#0000000000000000
(1789440819.778910) can0 0205B801#0000700600182000
(1789440819.784497) can0 01011840#FFFFFFFFFFFFFFFF
(1789440819.784876) can0 02051081#0000C84200000000
(1789440819.786964) can0 0205B881#2B1815320531E339
(1789440819.792970) can0 0205B941#0000000000000000
(1789440819.798952) can0 0205B801#0000710600182000
(1789440819.804539) can0 01011840#FFFFFFFFFFFFFFFF
(1789440819.804914) can0 02051081#0000C84200000000
(1789440819.806960) can0 0205B881#2B1815320531E339
(1789440819.812964) can0 0205B941#0000000000000000
(1789440819.818961) can0 0205B801#0000710600182000
(1789440819.824545) can0 01011840#FFFFFFFFFFFFFFFF
(1789440819.824924) can0 02051081#0000C84200000000
(1789440819.826898) can0 0205B881#2B1815320531E339
(1789440819.832910) can0 0205B941#0000000000000000
(1789440819.838959) can0 0205B801#0000710600182000
(1789440819.844501) can0 01011840#FFFFFFFFFFFFFFFF
(1789440819.844887) can0 02051081#0000C84200000000
(1789440819.846903) can0 0205B881#2B1815320531E339
(1789440819.850919) can0 0205B841#0000000000400000
(1789440819.852961) can0 0205B941#0000000000000000
(1789440819.858910) can0 0205B801#0000720600182000
(1789440819.864516) can0 01011840#FFFFFFFFFFFFFFFF
(1789440819.864903) can0 02051081#0000C84200000000
(1789440819.866904) can0 0205B881#2B1815320531E339
(1789440819.872911) can0 0205B941#0000000000000000
(1789440819.878992) can0 0205B801#0000730600182000
(1789440819.884602) can0 01011840#FFFFFFFFFFFFFFFF
(1789440819.884991) can0 02051081#0000C84200000000
(1789440819.886898) can0 0205B881#2B1815320531E339
(1789440819.892956) can0 0205B941#0000000000000000
(1789440819.898919) can0 0205B801#0000750600182000
(1789440819.904540) can0 01011840#FFFFFFFFFFFFFFFF
(1789440819.904929) can0 02051081#0000C84200000000
(1789440819.906948) can0 0205B881#2B1815320531E339
(1789440819.912961) can0 0205B941#0000000000000000
(1789440819.918904) can0 0205B801#0000720600182000
(1789440819.924520) can0 01011840#FFFFFFFFFFFFFFFF
(1789440819.924907) can0 02051081#0000C84200000000
(1789440819.926946) can0 0205B881#2B1815320531E339
(1789440819.932908) can0 0205B941#0000000000000000
(1789440819.938908) can0 0205B801#0000730600182000
(1789440819.944498) can0 01011840#FFFFFFFFFFFFFFFF
(1789440819.944883) can0 02051081#0000C84200000000
(1789440819.946951) can0 0205B881#2B1815320531E339
(1789440819.952910) can0 0205B941#0000000000000000
(1789440819.958909) can0 0205B801#0000750600182000
(1789440819.964490) can0 01011840#FFFFFFFFFFFFFFFF
(1789440819.964876) can0 02051081#0000C84200000000
(1789440819.966949) can0 0205B881#2B1815320531E339
(1789440819.972979) can0 0205B941#0000000000000000
(1789440819.978963) can0 0205B801#0000750600182000
(1789440819.984594) can0 01011840#FFFFFFFFFFFFFFFF
(1789440819.985126) can0 02051081#0000C84200000000
(1789440819.986909) can0 0205B881#2B1815320531E339
(1789440819.992909) can0 0205B941#0000000000000000
(1789440819.998916) can0 0205B801#0000760600182000
(1789440820.004552) can0 01011840#FFFFFFFFFFFFFFFF
(1789440820.004940) can0 02051081#0000C84200000000
(1789440820.006896) can0 0205B881#2B1815320531E339
(1789440820.012909) can0 0205B941#0000000000000000
(1789440820.018911) can0 0205B801#0000770600182000
(1789440820.024534) can0 01011840#FFFFFFFFFFFFFFFF
(1789440820.024923) can0 02051081#0000C84200000000
(1789440820.026901) can0 0205B881#2B1815320531E339
(1789440820.032954) can0 0205B941#0000000000000000
(1789440820.038955) can0 0205B801#0000770600182000
(1789440820.044497) can0 01011840#FFFFFFFFFFFFFFFF
(1789440820.044883) can0 02051081#0000C84200000000
(1789440820.046951) can0 0205B881#2B1815320531E339
(1789440820.052907) can0 0205B941#0000000000000000
(1789440820.058905) can0 0205B801#0000770600182000
(1789440820.064488) can0 01011840#FFFFFFFFFFFFFFFF
(1789440820.064873) can0 02051081#0000C84200000000
(1789440820.066948) can0 0205B881#2B1815320531E339
(1789440820.072960) can0 0205B941#0000000000000000
(1789440820.078958) can0 0205B801#0000780600182000
(1789440820.084496) can0 01011840#FFFFFFFFFFFFFFFF
(1789440820.084896) can0 02051081#0000C84200000000
(1789440820.086904) can0 0205B881#2B1815320531E339
(1789440820.092919) can0 0205B941#0000000000000000
(1789440820.098906) can0 0205B801#0000770600182000
(1789440820.100958) can0 0205B841#0000000000400000
(1789440820.104525) can0 01011840#FFFFFFFFFFFFFFFF
(1789440820.104910) can0 02051081#0000C84200000000
(1789440820.106897) can0 0205B881#2B1815320531E339
(1789440820.112955) can0 0205B941#0000000000000000
(1789440820.118955) can0 0205B801#0000770600182000
(1789440820.124524) can0 01011840#FFFFFFFFFFFFFFFF
(1789440820.124912) can0 02051081#0000C84200000000
(1789440820.126944) can0 0205B881#2B1815320531E339
(1789440820.132956) can0 0205B941#0000000000000000
(1789440820.138958) can0 0205B801#0000790600182000
(1789440820.144496) can0 01011840#FFFFFFFFFFFFFFFF
(1789440820.144891) can0 02051081#0000C84200000000
(1789440820.146955) can0 0205B881#2B1815320531E339
(1789440820.152906) can0 0205B941#0000000000000000
(1789440820.158902) can0 0205B801#0000790600182000
(1789440820.164574) can0 01011840#FFFFFFFFFFFFFFFF
(1789440820.164963) can0 02051081#0000C84200000000
(1789440820.166898) can0 0205B881#2B1815320531E339
(1789440820.172951) can0 0205B941#0000000000000000
(1789440820.178953) can0 0205B801#00007A0600182000
(1789440820.184504) can0 01011840#FFFFFFFFFFFFFFFF
(1789440820.184889) can0 02051081#0000C84200000000
(1789440820.186898) can0 0205B881#2B1815320531E339
(1789440820.192953) can0 0205B941#0000000000000000
(1789440820.198950) can0 0205B801#0000790600182000
(1789440820.204492) can0 01011840#FFFFFFFFFFFFFFFF
(1789440820.204877) can0 02051081#0000C84200000000
(1789440820.206945) can0 0205B881#2B1815320531E339
(1789440820.212905) can0 0205B941#0000000000000000
(1789440820.218912) can0 0205B801#0000790600182000
(1789440820.224524) can0 01011840#FFFFFFFFFFFFFFFF
(1789440820.224912) can0 02051081#0000C84200000000
(1789440820.226899) can0 0205B881#2B1815320531E339
(1789440820.232950) can0 0205B941#0000000000000000
(1789440820.238962) can0 0205B801#00007A0600182000
(1789440820.244528) can0 01011840#FFFFFFFFFFFFFFFF
(1789440820.244916) can0 02051081#0000C84200000000
(1789440820.246947) can0 0205B881#2B1815320531E339
(1789440820.252903) can0 0205B941#0000000000000000
(1789440820.258957) can0 0205B801#00007A0600182000
(1789440820.264508) can0 01011840#FFFFFFFFFFFFFFFF
(1789440820.264894) can0 02051081#0000C84200000000
(1789440820.266894) can0 0205B881#2B1815320531E339
(1789440820.272952) can0 0205B941#0000000000000000
(1789440820.278950) can0 0205B801#0000780600182000
(1789440820.284499) can0 01011840#FFFFFFFFFFFFFFFF
(1789440820.284884) can0 02051081#0000C84200000000
(1789440820.286891) can0 0205B881#2B1815320531E339
(1789440820.292903) can0 0205B941#0000000000000000
(1789440820.298901) can0 0205B801#0000760600182000
(1789440820.304489) can0 01011840#FFFFFFFFFFFFFFFF
(1789440820.304875) can0 02051081#0000C84200000000
(1789440820.306891) can0 0205B881#2B1815320531E339
(1789440820.312934) can0 0205B941#0000000000000000
(1789440820.318902) can0 0205B801#0000770600182000
(1789440820.324551) can0 01011840#FFFFFFFFFFFFFFFF
(1789440820.324932) can0 02051081#0000C84200000000
(1789440820.326892) can0 0205B881#2B1815320531E339
(1789440820.332903) can0 0205B941#0000000000000000
(1789440820.338955) can0 0205B801#0000730600182000
(1789440820.344541) can0 01011840#FFFFFFFFFFFFFFFF
(1789440820.344924) can0 02051081#0000C84200000000
(1789440820.346889) can0 0205B881#2B1815320531E339
(1789440820.350949) can0 0205B841#0000000000400000
(1789440820.352901) can0 0205B941#0000000000000000
(1789440820.358899) can0 0205B801#00006F0600182000
(1789440820.364573) can0 01011840#FFFFFFFFFFFFFFFF
(1789440820.364966) can0 02051081#0000C84200000000
(1789440820.366943) can0 0205B881#2B1815320531E339
(1789440820.372896) can0 0205B941#0000000000000000
(1789440820.378986) can0 0205B801#0000700600182000
(1789440820.384499) can0 01011840#FFFFFFFFFFFFFFFF
(1789440820.384885) can0 02051081#0000C84200000000
(1789440820.386939) can0 0205B881#2B1815320531E339
(1789440820.392908) can0 0205B941#0000000000000000
(1789440820.398959) can0 0205B801#0000700600182000
(1789440820.404531) can0 01011840#FFFFFFFFFFFFFFFF
(1789440820.404918) can0 02051081#0000C84200000000
(1789440820.406892) can0 0205B881#2B1815320531E339
(1789440820.412905) can0 0205B941#0000000000000000
(1789440820.418913) can0 0205B801#00006F0600182000
(1789440820.424529) can0 01011840#FFFFFFFFFFFFFFFF
(1789440820.424916) can0 02051081#0000C84200000000
(1789440820.426892) can0 0205B881#2B1815320531E339
(1789440820.432948) can0 0205B941#0000000000000000
(1789440820.438951) can0 0205B801#00006F0600182000
(1789440820.444522) can0 01011840#FFFFFFFFFFFFFFFF
(1789440820.444910) can0 02051081#0000C84200000000
(1789440820.446891) can0 0205B881#2B1815320531E339
(1789440820.452909) can0 0205B941#0000000000000000
(1789440820.458899) can0 0205B801#00006E0600182000
(1789440820.464498) can0 01011840#FFFFFFFFFFFFFFFF
(1789440820.464879) can0 02051081#0000C84200000000
(1789440820.466942) can0 0205B881#2B1815320531E339
(1789440820.472899) can0 0205B941#0000000000000000
(1789440820.478900) can0 0205B801#00006E0600182000
(1789440820.484524) can0 01011840#FFFFFFFFFFFFFFFF
(1789440820.484912) can0 02051081#0000C84200000000
(1789440820.486892) can0 0205B881#2B1815320531E339
(1789440820.492949) can0 0205B941#0000000000000000
(1789440820.498948) can0 0205B801#00006F0600182000
(1789440820.504494) can0 01011840#FFFFFFFFFFFFFFFF
(1789440820.504880) can0 02051081#0000C84200000000
(1789440820.506889) can0 0205B881#2B1815320531E339
(1789440820.512904) can0 0205B941#0000000000000000
(1789440820.518902) can0 0205B801#00006E0600182000
(1789440820.524511) can0 01011840#FFFFFFFFFFFFFFFF
(1789440820.524898) can0 02051081#0000C84200000000
(1789440820.526942) can0 0205B881#2B1815320531E339
(1789440820.532902) can0 0205B941#0000000000000000
(1789440820.538904) can0 0205B801#00006D0600182000
(1789440820.544529) can0 01011840#FFFFFFFFFFFFFFFF
(1789440820.544918) can0 02051081#0000C84200000000
(1789440820.546889) can0 0205B881#2B1815320531E339
(1789440820.552905) can0 0205B941#0000000000000000
(1789440820.558947) can0 0205B801#00006E0600182000
(1789440820.564580) can0 01011840#FFFFFFFFFFFFFFFF
(1789440820.564974) can0 02051081#0000C84200000000
(1789440820.566889) can0 0205B881#2B1815320531E339
(1789440820.572908) can0 0205B941#0000000000000000
(1789440820.578945) can0 0205B801#00006E0600182000
(1789440820.584517) can0 01011840#FFFFFFFFFFFFFFFF
(1789440820.584899) can0 02051081#0000C84200000000
(1789440820.586890) can0 0205B881#2B1815320531E339
(1789440820.592948) can0 0205B941#0000000000000000
(1789440820.598948) can0 0205B801#00006C0600182000
(1789440820.600948) can0 0205B841#0000000000400000
(1789440820.604491) can0 01011840#FFFFFFFFFFFFFFFF
(1789440820.604876) can0 02051081#0000C84200000000
(1789440820.606937) can0 0205B881#2B1815320531E339
(1789440820.612905) can0 0205B941#0000000000000000
(1789440820.615955) can0 02051801#0000FFFFFFFF0000
(1789440820.618006) can0 0205BC01#6B392E9A
(1789440820.618945) can0 0205B801#00006E0600182000
(1789440820.624527) can0 01011840#FFFFFFFFFFFFFFFF
(1789440820.624917) can0 02051081#0000C84200000000
(1789440820.626937) can0 0205B881#2B1815320531E339
(1789440820.632949) can0 0205B941#0000000000000000
(1789440820.639018) can0 0205B801#00006B0600182000
(1789440820.645056) can0 01011840#FFFFFFFFFFFFFFFF
(1789440820.645588) can0 02051081#0000C84200000000
(1789440820.646898) can0 0205B881#2B1815320531E339
(1789440820.652957) can0 0205B941#0000000000000000
(1789440820.658941) can0 0205B801#00006C0600182000
(1789440820.664550) can0 01011840#FFFFFFFFFFFFFFFF
(1789440820.664931) can0 02051081#0000C84200000000
(1789440820.666884) can0 0205B881#2B1815320531E339
(1789440820.672903) can0 0205B941#0000000000000000
(1789440820.678955) can0 0205B801#00006D0600182000
(1789440820.684551) can0 01011840#FFFFFFFFFFFFFFFF
(1789440820.684940) can0 02051081#0000C84200000000
(1789440820.686939) can0 0205B881#2B1815320531E339
(1789440820.692915) can0 0205B941#0000000000000000
(1789440820.698906) can0 0205B801#00006C0600182000
(1789440820.704560) can0 01011840#FFFFFFFFFFFFFFFF
(1789440820.704944) can0 02051081#0000C84200000000
(1789440820.706891) can0 0205B881#2B1815320531E339
(1789440820.712925) can0 0205B941#0000000000000000
(1789440820.718899) can0 0205B801#00006B0600182000
(1789440820.724557) can0 01011840#FFFFFFFFFFFFFFFF
(1789440820.724944) can0 02051081#0000C84200000000
(1789440820.726934) can0 0205B881#2B1815320531E339
(1789440820.732896) can0 0205B941#0000000000000000
(1789440820.738944) can0 0205B801#00006C0600182000
(1789440820.744504) can0 01011840#FFFFFFFFFFFFFFFF
(1789440820.744890) can0 02051081#0000C84200000000
(1789440820.746934) can0 0205B881#2B1815320531E339
(1789440820.752952) can0 0205B941#0000000000000000
(1789440820.758899) can0 0205B801#00006B0600182000
(1789440820.764595) can0 01011840#FFFFFFFFFFFFFFFF
(1789440820.764988) can0 02051081#0000C84200000000
(1789440820.766886) can0 0205B881#2B1815320531E339
(1789440820.772949) can0 0205B941#0000000000000000
(1789440820.778898) can0 0205B801#00006B0600182000
(1789440820.784507) can0 01011840#FFFFFFFFFFFFFFFF
(1789440820.784893) can0 02051081#0000C84200000000
(1789440820.786937) can0 0205B881#2B1815320531E339
(1789440820.792905) can0 0205B941#0000000000000000
(1789440820.798943) can0 0205B801#00006C0600182000
(1789440820.804525) can0 01011840#FFFFFFFFFFFFFFFF
(1789440820.804913) can0 02051081#0000C84200000000
(1789440820.806938) can0 0205B881#2B1815320531E339
(1789440820.812946) can0 0205B941#0000000000000000
(1789440820.818901) can0 0205B801#00006A0600182000
(1789440820.824524) can0 01011840#FFFFFFFFFFFFFFFF
(1789440820.824912) can0 02051081#0000C84200000000
(1789440820.826938) can0 0205B881#2B1815320531E339
(1789440820.832941) can0 0205B941#0000000000000000
(1789440820.838898) can0 0205B801#00006B0600182000
(1789440820.844501) can0 01011840#FFFFFFFFFFFFFFFF
(1789440820.844887) can0 02051081#0000C84200000000
(1789440820.846940) can0 0205B881#2B1815320531E339
(1789440820.850895) can0 0205B841#0000000000400000
(1789440820.852900) can0 0205B941#0000000000000000
(1789440820.858948) can0 0205B801#00006B0600182000
(1789440820.864490) can0 01011840#FFFFFFFFFFFFFFFF
(1789440820.864875) can0 02051081#0000C84200000000
(1789440820.866888) can0 0205B881#2B1815320531E339
(1789440820.872949) can0 0205B941#0000000000000000
(1789440820.878953) can0 0205B801#00006B0600182000
(1789440820.884533) can0 01011840#FFFFFFFFFFFFFFFF
(1789440820.884921) can0 02051081#0000C84200000000
(1789440820.886890) can0 0205B881#2B1815320531E339
(1789440820.892910) can0 0205B941#0000000000000000
(1789440820.898894) can0 0205B801#0000690600182000
(1789440820.904516) can0 01011840#FFFFFFFFFFFFFFFF
(1789440820.904899) can0 02051081#0000C84200000000
(1789440820.906885) can0 0205B881#2B1815320531E339
(1789440820.912896) can0 0205B941#0000000000000000
(1789440820.918948) can0 0205B801#00006B0600182000
(1789440820.924517) can0 01011840#FFFFFFFFFFFFFFFF
(1789440820.924904) can0 02051081#0000C84200000000
(1789440820.926888) can0 0205B881#2B1815320531E339
(1789440820.932945) can0 0205B941#0000000000000000
(1789440820.938938) can0 0205B801#00006A0600182000
(1789440820.944498) can0 01011840#FFFFFFFFFFFFFFFF
(1789440820.944883) can0 02051081#0000C84200000000
(1789440820.946937) can0 0205B881#2B1815320531E339
(1789440820.952949) can0 0205B941#0000000000000000
(1789440820.958948) can0 0205B801#00006A0600182000
(1789440820.964562) can0 01011840#FFFFFFFFFFFFFFFF
(1789440820.964952) can0 02051081#0000C84200000000
(1789440820.966886) can0 0205B881#2B1815320531E339
(1789440820.972938) can0 0205B941#0000000000000000
(1789440820.978940) can0 0205B801#00006B0600182000
(1789440820.984498) can0 01011840#FFFFFFFFFFFFFFFF
(1789440820.984884) can0 02051081#0000C84200000000
(1789440820.986881) can0 0205B881#2B1815320531E339
(1789440820.992900) can0 0205B941#0000000000000000
(1789440820.998938) can0 0205B801#00006A0600182000
(1789440821.004490) can0 01011840#FFFFFFFFFFFFFFFF
(1789440821.004874) can0 02051081#0000C84200000000
(1789440821.006883) can0 0205B881#2B1815320531E339
(1789440821.012966) can0 0205B941#0000000000000000
(1789440821.018950) can0 0205B801#00006A0600182000
(1789440821.024550) can0 01011840#FFFFFFFFFFFFFFFF
(1789440821.024936) can0 02051081#0000C84200000000
(1789440821.026880) can0 0205B881#2B1815320531E339
(1789440821.032938) can0 0205B941#0000000000000000
(1789440821.038946) can0 0205B801#00006A0600182000
(1789440821.044519) can0 01011840#FFFFFFFFFFFFFFFF
(1789440821.044919) can0 02051081#0000C84200000000
(1789440821.046937) can0 0205B881#2B1815320531E339
(1789440821.052896) can0 0205B941#0000000000000000
(1789440821.058887) can0 0205B801#0000690600182000
(1789440821.064527) can0 01011840#FFFFFFFFFFFFFFFF
(1789440821.064915) can0 02051081#0000C84200000000
(1789440821.066883) can0 0205B881#2B1815320531E339
(1789440821.072946) can0 0205B941#0000000000000000
(1789440821.078894) can0 0205B801#00006A0600182000
(1789440821.084504) can0 01011840#FFFFFFFFFFFFFFFF
(1789440821.084890) can0 02051081#0000C84200000000
(1789440821.086891) can0 0205B881#2B1815320531E339
(1789440821.092901) can0 0205B941#0000000000000000
(1789440821.098896) can0 0205B801#00006B0600182000
(1789440821.100937) can0 0205B841#0000000000400000
(1789440821.104524) can0 01011840#FFFFFFFFFFFFFFFF
(1789440821.104909) can0 02051081#0000C84200000000
(1789440821.106890) can0 0205B881#2B1815320531E339
(1789440821.112893) can0 0205B941#0000000000000000
(1789440821.118886) can0 0205B801#0000690600182000
(1789440821.124520) can0 01011840#FFFFFFFFFFFFFFFF
(1789440821.124903) can0 02051081#0000C84200000000
(1789440821.126880) can0 0205B881#2B1815320531E339
(1789440821.132942) can0 0205B941#0000000000000000
(1789440821.138937) can0 0205B801#0000690600182000
(1789440821.144506) can0 01011840#FFFFFFFFFFFFFFFF
(1789440821.144891) can0 02051081#0000C84200000000
(1789440821.146882) can0 0205B881#2B1815320531E339
(1789440821.152892) can0 0205B941#0000000000000000
(1789440821.158945) can0 0205B801#00006A0600182000
(1789440821.164495) can0 01011840#FFFFFFFFFFFFFFFF
(1789440821.164881) can0 02051081#0000C84200000000
(1789440821.166882) can0 0205B881#2B1815320531E339
(1789440821.172947) can0 0205B941#0000000000000000
(1789440821.178935) can0 0205B801#0000690600182000
(1789440821.184488) can0 01011840#FFFFFFFFFFFFFFFF
(1789440821.184873) can0 02051081#0000C84200000000
(1789440821.186879) can0 0205B881#2B1815320531E339
(1789440821.192890) can0 0205B941#0000000000000000
(1789440821.198940) can0 0205B801#0000680600182000
(1789440821.204486) can0 01011840#FFFFFFFFFFFFFFFF
(1789440821.204871) can0 02051081#0000C84200000000
(1789440821.206883) can0 0205B881#2B1815320531E339
(1789440821.212895) can0 0205B941#0000000000000000
(1789440821.218898) can0 0205B801#00006C0600182000
(1789440821.224522) can0 01011840#FFFFFFFFFFFFFFFF
(1789440821.224911) can0 02051081#0000C84200000000
(1789440821.226928) can0 0205B881#2B1815320531E339
(1789440821.232936) can0 0205B941#0000000000000000
(1789440821.238891) can0 0205B801#00006A0600182000
(1789440821.244498) can0 01011840#FFFFFFFFFFFFFFFF
(1789440821.244884) can0 02051081#0000C84200000000
(1789440821.246931) can0 0205B881#2B1815320531E339
(1789440821.252946) can0 0205B941#0000000000000000
(1789440821.258937) can0 0205B801#00006B0600182000
(1789440821.264493) can0 01011840#FFFFFFFFFFFFFFFF
(1789440821.264878) can0 02051081#0000C84200000000
(1789440821.266928) can0 0205B881#2B1815320531E339
(1789440821.272952) can0 0205B941#0000000000000000
(1789440821.278937) can0 0205B801#00006B0600182000
(1789440821.284530) can0 01011840#FFFFFFFFFFFFFFFF
(1789440821.284917) can0 02051081#0000C84200000000
(1789440821.286933) can0 0205B881#2B1815320531E339
(1789440821.292891) can0 0205B941#0000000000000000
(1789440821.298888) can0 0205B801#0000690600182000
(1789440821.304506) can0 01011840#FFFFFFFFFFFFFFFF
(1789440821.304891) can0 02051081#0000C84200000000
(1789440821.306927) can0 0205B881#2B1815320531E339
(1789440821.312937) can0 0205B941#0000000000000000
(1789440821.318935) can0 0205B801#00006A0600182000
(1789440821.324506) can0 01011840#FFFFFFFFFFFFFFFF
(1789440821.324893) can0 02051081#0000C84200000000
(1789440821.326879) can0 0205B881#2B1815320531E339
(1789440821.332889) can0 0205B941#0000000000000000
(1789440821.338899) can0 0205B801#00006C0600182000
(1789440821.344684) can0 01011840#FFFFFFFFFFFFFFFF
(1789440821.345105) can0 02051081#0000C84200000000
(1789440821.346946) can0 0205B881#2B1815320531E339
(1789440821.350885) can0 0205B841#0000000000400000
(1789440821.352886) can0 0205B941#0000000000000000
(1789440821.358883) can0 0205B801#0000690600182000
(1789440821.364553) can0 01011840#FFFFFFFFFFFFFFFF
(1789440821.364942) can0 02051081#0000C84200000000
(1789440821.366878) can0 0205B881#2B1815320531E339
(1789440821.372894) can0 0205B941#0000000000000000
(1789440821.378886) can0 0205B801#00006A0600182000
(1789440821.384506) can0 01011840#FFFFFFFFFFFFFFFF
(1789440821.384892) can0 02051081#0000C84200000000
(1789440821.386931) can0 0205B881#2B1815320531E339
(1789440821.392888) can0 0205B941#0000000000000000
(1789440821.398896) can0 0205B801#00006C0600182000
(1789440821.404526) can0 01011840#FFFFFFFFFFFFFFFF
(1789440821.404912) can0 02051081#0000C84200000000
(1789440821.406931) can0 0205B881#2B1815320531E339
(1789440821.412935) can0 0205B941#0000000000000000
(1789440821.418945) can0 0205B801#00006A0600182000
(1789440821.424521) can0 01011840#FFFFFFFFFFFFFFFF
(1789440821.424909) can0 02051081#0000C84200000000
(1789440821.426930) can0 0205B881#2B1815320531E339
(1789440821.432889) can0 0205B941#0000000000000000
(1789440821.438884) can0 0205B801#0000690600182000
(1789440821.444503) can0 01011840#FFFFFFFFFFFFFFFF
(1789440821.444889) can0 02051081#0000C84200000000
(1789440821.446930) can0 0205B881#2B1815320531E339
(1789440821.452894) can0 0205B941#0000000000000000
(1789440821.458888) can0 0205B801#00006C0600182000
(1789440821.464493) can0 01011840#FFFFFFFFFFFFFFFF
(1789440821.464871) can0 02051081#0000C84200000000
(1789440821.466926) can0 0205B881#2B1815320531E339
(1789440821.472941) can0 0205B941#0000000000000000
(1789440821.478937) can0 0205B801#00006A0600182000
(1789440821.484489) can0 01011840#FFFFFFFFFFFFFFFF
(1789440821.484871) can0 02051081#0000C84200000000
(1789440821.486925) can0 0205B881#2B1815320531E339
(1789440821.492938) can0 0205B941#0000000000000000
(1789440821.498936) can0 0205B801#00006B0600182000
(1789440821.504491) can0 01011840#FFFFFFFFFFFFFFFF
(1789440821.504876) can0 02051081#0000C84200000000
(1789440821.506924) can0 0205B881#2B1815320531E339
(1789440821.512934) can0 0205B941#0000000000000000
(1789440821.518897) can0 0205B801#00006D0600182000
(1789440821.524498) can0 01011840#FFFFFFFFFFFFFFFF
(1789440821.524889) can0 02051081#0000C84200000000
(1789440821.526874) can0 0205B881#2B1815320531E339
(1789440821.532885) can0 0205B941#0000000000000000
(1789440821.538934) can0 0205B801#00006C0600182000
(1789440821.544521) can0 01011840#FFFFFFFFFFFFFFFF
(1789440821.544905) can0 02051081#0000C84200000000
(1789440821.546928) can0 0205B881#2B1815320531E339
(1789440821.552886) can0 0205B941#0000000000000000
(1789440821.558936) can0 0205B801#00006C0600182000
(1789440821.564667) can0 01011840#FFFFFFFFFFFFFFFF
(1789440821.565066) can0 02051081#0000C84200000000
(1789440821.566921) can0 0205B881#2B1815320531E339
(1789440821.572888) can0 0205B941#0000000000000000
(1789440821.578879) can0 0205B801#00006C0600182000
(1789440821.584545) can0 01011840#FFFFFFFFFFFFFFFF
(1789440821.584926) can0 02051081#0000C84200000000
(1789440821.586877) can0 0205B881#2B1815320531E339
(1789440821.592889) can0 0205B941#0000000000000000
(1789440821.598917) can0 0205B801#00006C0600182000
(1789440821.600881) can0 0205B841#0000000000400000
(1789440821.604604) can0 01011840#FFFFFFFFFFFFFFFF
(1789440821.604994) can0 02051081#0000C84200000000
(1789440821.606927) can0 0205B881#2B1815320531E339
(1789440821.612936) can0 0205B941#0000000000000000
(1789440821.615931) can0 02051801#0000FFFFFFFF0000
(1789440821.617890) can0 0205BC01#6B392E9A
(1789440821.618936) can0 0205B801#0000720600182000
(1789440821.624533) can0 01011840#FFFFFFFFFFFFFFFF
(1789440821.624921) can0 02051081#0000C84200000000
(1789440821.626877) can0 0205B881#2B1815320531E339
(1789440821.632883) can0 0205B941#0000000000000000
(1789440821.638933) can0 0205B801#00006F0600182000
(1789440821.644521) can0 01011840#FFFFFFFFFFFFFFFF
(1789440821.644905) can0 02051081#0000C84200000000
(1789440821.646932) can0 0205B881#2B1815320531E339
(1789440821.652892) can0 0205B941#0000000000000000
(1789440821.658882) can0 0205B801#00006E0600182000
(1789440821.664522) can0 01011840#FFFFFFFFFFFFFFFF
(1789440821.664929) can0 02051081#0000C84200000000
(1789440821.666952) can0 0205B881#2B1815320531E339
(1789440821.672967) can0 0205B941#0000000000000000
(1789440821.678932) can0 0205B801#00006E0600182000
(1789440821.684530) can0 01011840#FFFFFFFFFFFFFFFF
(1789440821.684902) can0 02051081#0000C84200000000
(1789440821.686872) can0 0205B881#2B1815320531E339
(1789440821.692878) can0 0205B941#0000000000000000
(1789440821.698895) can0 0205B801#0000700600182000
(1789440821.704542) can0 01011840#FFFFFFFFFFFFFFFF
(1789440821.704928) can0 02051081#0000C84200000000
(1789440821.706876) can0 0205B881#2B1815320531E339
(1789440821.712898) can0 0205B941#0000000000000000
(1789440821.718931) can0 0205B801#00006E0600182000
(1789440821.724553) can0 01011840#FFFFFFFFFFFFFFFF
(1789440821.724943) can0 02051081#0000C84200000000
(1789440821.726872) can0 0205B881#2B1815320531E339
(1789440821.732893) can0 0205B941#0000000000000000
(1789440821.738934) can0 0205B801#00006F0600182000
(1789440821.744615) can0 01011840#FFFFFFFFFFFFFFFF
(1789440821.745013) can0 02051081#0000C84200000000
(1789440821.746928) can0 0205B881#2B1815320531E339
(1789440821.752899) can0 0205B941#0000000000000000
(1789440821.758931) can0 0205B801#0000700600182000
(1789440821.764513) can0 01011840#FFFFFFFFFFFFFFFF
(1789440821.764898) can0 02051081#0000C84200000000
(1789440821.766926) can0 0205B881#2B1815320531E339
(1789440821.772885) can0 0205B941#0000000000000000
(1789440821.778881) can0 0205B801#0000700600182000
(1789440821.784494) can0 01011840#FFFFFFFFFFFFFFFF
(1789440821.784878) can0 02051081#0000C84200000000
(1789440821.786870) can0 0205B881#2B1815320531E339
(1789440821.792882) can0 0205B941#0000000000000000
(1789440821.798969) can0 0205B801#0000710600182000
(1789440821.804621) can0 01011840#FFFFFFFFFFFFFFFF
(1789440821.805018) can0 02051081#0000C84200000000
(1789440821.806918) can0 0205B881#2B1815320531E339
(1789440821.812891) can0 0205B941#0000000000000000
(1789440821.818898) can0 0205B801#0000740600182000
(1789440821.824524) can0 01011840#FFFFFFFFFFFFFFFF
(1789440821.824914) can0 02051081#0000C84200000000
(1789440821.826924) can0 0205B881#2B1815320531E339
(1789440821.832929) can0 0205B941#0000000000000000
(1789440821.838884) can0 0205B801#0000720600182000
(1789440821.844517) can0 01011840#FFFFFFFFFFFFFFFF
(1789440821.844903) can0 02051081#0000C84200000000
(1789440821.846875) can0 0205B881#2B1815320531E339
(1789440821.850880) can0 0205B841#0000000000400000
(1789440821.852886) can0 0205B941#0000000000000000
(1789440821.858930) can0 0205B801#0000710600182000
(1789440821.864503) can0 01011840#FFFFFFFFFFFFFFFF
(1789440821.864891) can0 02051081#0000C84200000000
(1789440821.866869) can0 0205B881#2B1815320531E339
(1789440821.872888) can0 0205B941#0000000000000000
(1789440821.878937) can0 0205B801#0000730600182000
(1789440821.884494) can0 01011840#FFFFFFFFFFFFFFFF
(1789440821.884882) can0 02051081#0000C84200000000
(1789440821.886874) can0 0205B881#2B1815320531E339
(1789440821.892935) can0 0205B941#0000000000000000
(1789440821.898937) can0 0205B801#0000730600182000
(1789440821.904518) can0 01011840#FFFFFFFFFFFFFFFF
(1789440821.904906) can0 02051081#0000C84200000000
(1789440821.906875) can0 0205B881#2B1815320531E339
(1789440821.912928) can0 0205B941#0000000000000000
(1789440821.918930) can0 0205B801#0000740600182000
(1789440821.924494) can0 01011840#FFFFFFFFFFFFFFFF
(1789440821.924879) can0 02051081#0000C84200000000
(1789440821.926874) can0 0205B881#2B1815320531E339
(1789440821.932933) can0 0205B941#0000000000000000
(1789440821.938932) can0 0205B801#0000750600182000
(1789440821.944493) can0 01011840#FFFFFFFFFFFFFFFF
(1789440821.944879) can0 02051081#0000C84200000000
(1789440821.946923) can0 0205B881#2B1815320531E339
(1789440821.952881) can0 0205B941#0000000000000000
(1789440821.958932) can0 0205B801#0000740600182000
(1789440821.964481) can0 01011840#FFFFFFFFFFFFFFFF
(1789440821.964866) can0 02051081#0000C84200000000
(1789440821.966872) can0 0205B881#2B1815320531E339
(1789440821.972884) can0 0205B941#0000000000000000
(1789440821.978879) can0 0205B801#0000740600182000
(1789440821.984487) can0 01011840#FFFFFFFFFFFFFFFF
(1789440821.984872) can0 02051081#0000C84200000000
(1789440821.986920) can0 0205B881#2B1815320531E339
(1789440821.992886) can0 0205B941#0000000000000000
(1789440821.998875) can0 0205B801#0000770600182000
(1789440822.004481) can0 01011840#FFFFFFFFFFFFFFFF
(1789440822.004867) can0 02051081#0000C84200000000
(1789440822.006868) can0 0205B881#2B1815320531E339
(1789440822.012881) can0 0205B941#0000000000000000
(1789440822.018875) can0 0205B801#0000760600182000
(1789440822.024519) can0 01011840#FFFFFFFFFFFFFFFF
(1789440822.024907) can0 02051081#0000C84200000000
(1789440822.026870) can0 0205B881#2B1815320531E339
(1789440822.032880) can0 0205B941#0000000000000000
(1789440822.038876) can0 0205B801#0000760600182000
(1789440822.044493) can0 01011840#FFFFFFFFFFFFFFFF
(1789440822.044879) can0 02051081#0000C84200000000
(1789440822.046921) can0 0205B881#2B1815320531E339
(1789440822.052956) can0 0205B941#0000000000000000
(1789440822.058933) can0 0205B801#0000770600182000
(1789440822.064548) can0 01011840#FFFFFFFFFFFFFFFF
(1789440822.064936) can0 02051081#0000C84200000000
(1789440822.066864) can0 0205B881#2B1815320531E339
(1789440822.072876) can0 0205B941#0000000000000000
(1789440822.078875) can0 0205B801#0000770600182000
(1789440822.084507) can0 01011840#FFFFFFFFFFFFFFFF
(1789440822.084893) can0 02051081#0000C84200000000
(1789440822.086877) can0 0205B881#2B1815320531E339
(1789440822.092894) can0 0205B941#0000000000000000
(1789440822.098879) can0 0205B801#0000770600182000
(1789440822.100876) can0 0205B841#0000000000400000
(1789440822.104533) can0 01011840#FFFFFFFFFFFFFFFF
(1789440822.104924) can0 02051081#0000C84200000000
(1789440822.106921) can0 0205B881#2B1815320531E339
(1789440822.112928) can0 0205B941#0000000000000000
(1789440822.118923) can0 0205B801#0000790600182000
(1789440822.124539) can0 01011840#FFFFFFFFFFFFFFFF
(1789440822.124923) can0 02051081#0000C84200000000
(1789440822.126865) can0 0205B881#2B1815320531E339
(1789440822.132875) can0 0205B941#0000000000000000
(1789440822.138928) can0 0205B801#0000770600182000
(1789440822.144517) can0 01011840#FFFFFFFFFFFFFFFF
(1789440822.144903) can0 02051081#0000C84200000000
(1789440822.146928) can0 0205B881#2B1815320531E339
(1789440822.152883) can0 0205B941#0000000000000000
(1789440822.158877) can0 0205B801#0000780600182000
(1789440822.164711) can0 01011840#FFFFFFFFFFFFFFFF
(1789440822.165118) can0 02051081#0000C84200000000
(1789440822.166918) can0 0205B881#2B1815320531E339
(1789440822.172873) can0 0205B941#0000000000000000
(1789440822.178884) can0 0205B801#00007B0600182000
(1789440822.184536) can0 01011840#FFFFFFFFFFFFFFFF
(1789440822.184921) can0 02051081#0000C84200000000
(1789440822.186866) can0 0205B881#2B1815320531E339
(1789440822.192878) can0 0205B941#0000000000000000
(1789440822.198875) can0 0205B801#0000780600182000
(1789440822.204499) can0 01011840#FFFFFFFFFFFFFFFF
(1789440822.204883) can0 02051081#0000C84200000000
(1789440822.206870) can0 0205B881#2B1815320531E339
(1789440822.212926) can0 0205B941#0000000000000000
(1789440822.218926) can0 0205B801#0000790600182000
(1789440822.224514) can0 01011840#FFFFFFFFFFFFFFFF
(1789440822.224900) can0 02051081#0000C84200000000
(1789440822.226872) can0 0205B881#2B1815320531E339
(1789440822.232880) can0 0205B941#0000000000000000
(1789440822.238880) can0 0205B801#00007A0600182000
(1789440822.244500) can0 01011840#FFFFFFFFFFFFFFFF
(1789440822.244884) can0 02051081#0000C84200000000
(1789440822.246918) can0 0205B881#2B1815320531E339
(1789440822.252877) can0 0205B941#0000000000000000
(1789440822.258874) can0 0205B801#0000780600182000
(1789440822.264512) can0 01011840#FFFFFFFFFFFFFFFF
(1789440822.264896) can0 02051081#0000C84200000000
(1789440822.266869) can0 0205B881#2B1815320531E339
(1789440822.272927) can0 0205B941#0000000000000000
(1789440822.278876) can0 0205B801#0000760600182000
(1789440822.284521) can0 01011840#FFFFFFFFFFFFFFFF
(1789440822.284905) can0 02051081#0000C84200000000
(1789440822.286868) can0 0205B881#2B1815320531E339
(1789440822.292876) can0 0205B941#0000000000000000
(1789440822.298872) can0 0205B801#0000770600182000
(1789440822.304529) can0 01011840#FFFFFFFFFFFFFFFF
(1789440822.304916) can0 02051081#0000C84200000000
(1789440822.306915) can0 0205B881#2B1815320531E339
(1789440822.312930) can0 0205B941#0000000000000000
(1789440822.318870) can0 0205B801#0000730600182000
(1789440822.324493) can0 01011840#FFFFFFFFFFFFFFFF
(1789440822.324877) can0 02051081#0000C84200000000
(1789440822.326866) can0 0205B881#2B1815320531E339
(1789440822.332878) can0 0205B941#0000000000000000
(1789440822.338920) can0 0205B801#0000720600182000
(1789440822.344480) can0 01011840#FFFFFFFFFFFFFFFF
(1789440822.344864) can0 02051081#0000C84200000000
(1789440822.346864) can0 0205B881#2B1815320531E339
(1789440822.350874) can0 0205B841#0000000000400000
(1789440822.352875) can0 0205B941#0000000000000000
(1789440822.358924) can0 0205B801#0000720600182000
(1789440822.364516) can0 01011840#FFFFFFFFFFFFFFFF
(1789440822.364900) can0 02051081#0000C84200000000
(1789440822.366867) can0 0205B881#2B1815320531E339
(1789440822.372877) can0 0205B941#0000000000000000
(1789440822.378930) can0 0205B801#00006F0600182000
(1789440822.385654) can0 01011840#FFFFFFFFFFFFFFFF
(1789440822.386088) can0 02051081#0000C84200000000
(1789440822.386903) can0 0205B881#2B1815320531E339
(1789440822.392973) can0 0205B941#0000000000000000
(1789440822.399037) can0 0205B801#00006F0600182000
(1789440822.406654) can0 01011840#FFFFFFFFFFFFFFFF
(1789440822.406978) can0 0205B881#2B1815320531E339
(1789440822.407084) can0 02051081#0000C84200000000
(1789440822.412975) can0 0205B941#0000000000000000
(1789440822.418968) can0 0205B801#00006F0600182000
(1789440822.424623) can0 01011840#FFFFFFFFFFFFFFFF
(1789440822.425051) can0 02051081#0000C84200000000
(1789440822.426962) can0 0205B881#2B1815320531E339
(1789440822.432918) can0 0205B941#0000000000000000
(1789440822.438978) can0 0205B801#00006E0600182000
(1789440822.444613) can0 01011840#FFFFFFFFFFFFFFFF
(1789440822.445028) can0 02051081#0000C84200000000
(1789440822.446903) can0 0205B881#2B1815320531E339
(1789440822.452922) can0 0205B941#0000000000000000
(1789440822.458929) can0 0205B801#00006E0600182000
(1789440822.464639) can0 01011840#FFFFFFFFFFFFFFFF
(1789440822.465064) can0 02051081#0000C84200000000
(1789440822.466954) can0 0205B881#2B1815320531E339
(1789440822.472938) can0 0205B941#0000000000000000
(1789440822.478924) can0 0205B801#00006F0600182000
(1789440822.485612) can0 01011840#FFFFFFFFFFFFFFFF
(1789440822.486003) can0 02051081#0000C84200000000
(1789440822.486914) can0 0205B881#2B1815320531E339
(1789440822.492891) can0 0205B941#0000000000000000
(1789440822.498889) can0 0205B801#00006D0600182000
(1789440822.506608) can0 01011840#FFFFFFFFFFFFFFFF
(1789440822.507022) can0 0205B881#2B1815320531E339
(1789440822.507155) can0 02051081#0000C84200000000
(1789440822.513031) can0 0205B941#0000000000000000
(1789440822.518990) can0 0205B801#00006D0600182000
(1789440822.524960) can0 01011840#FFFFFFFFFFFFFFFF
(1789440822.525450) can0 02051081#0000C84200000000
(1789440822.526978) can0 0205B881#2B1815320531E339
(1789440822.533013) can0 0205B941#0000000000000000
(1789440822.538949) can0 0205B801#00006E0600182000
(1789440822.544490) can0 01011840#FFFFFFFFFFFFFFFF
(1789440822.544857) can0 02051081#0000C84200000000
(1789440822.546913) can0 0205B881#2B1815320531E339
(1789440822.552876) can0 0205B941#0000000000000000
(1789440822.558920) can0 0205B801#00006E0600182000
(1789440822.564554) can0 01011840#FFFFFFFFFFFFFFFF
(1789440822.564953) can0 02051081#0000C84200000000
(1789440822.566861) can0 0205B881#2B1815320531E339
(1789440822.572878) can0 0205B941#0000000000000000
(1789440822.578914) can0 0205B801#00006D0600182000
(1789440822.584542) can0 01011840#FFFFFFFFFFFFFFFF
(1789440822.584931) can0 02051081#0000C84200000000
(1789440822.586912) can0 0205B881#2B1815320531E339
(1789440822.592874) can0 0205B941#0000000000000000
(1789440822.598874) can0 0205B801#00006E0600182000
(1789440822.600919) can0 0205B841#0000000000400000
(1789440822.604518) can0 01011840#FFFFFFFFFFFFFFFF
(1789440822.604903) can0 02051081#0000C84200000000
(1789440822.606861) can0 0205B881#2B1815320531E339
(1789440822.612921) can0 0205B941#0000000000000000
(1789440822.615964) can0 02051801#0000FFFFFFFF0000
(1789440822.617826) can0 0205BC01#6B392E9A
(1789440822.618871) can0 0205B801#00006B0600182000
(1789440822.624530) can0 01011840#FFFFFFFFFFFFFFFF
(1789440822.624936) can0 02051081#0000C84200000000
(1789440822.626951) can0 0205B881#2B1815320531E339
(1789440822.632929) can0 0205B941#0000000000000000
(1789440822.638916) can0 0205B801#00006C0600182000
(1789440822.644572) can0 01011840#FFFFFFFFFFFFFFFF
(1789440822.644955) can0 02051081#0000C84200000000
(1789440822.646910) can0 0205B881#2B1815320531E339
(1789440822.652927) can0 0205B941#0000000000000000
(1789440822.658922) can0 0205B801#00006C0600182000
(1789440822.664524) can0 01011840#FFFFFFFFFFFFFFFF
(1789440822.664922) can0 02051081#0000C84200000000
(1789440822.666866) can0 0205B881#2B1815320531E339
(1789440822.672928) can0 0205B941#0000000000000000
(1789440822.678922) can0 0205B801#00006A0600182000
(1789440822.684536) can0 01011840#FFFFFFFFFFFFFFFF
(1789440822.684924) can0 02051081#0000C84200000000
(1789440822.686913) can0 0205B881#2B1815320531E339
(1789440822.693073) can0 0205B941#0000000000000000
(1789440822.699120) can0 0205B801#00006C0600182000
(1789440822.704606) can0 01011840#FFFFFFFFFFFFFFFF
(1789440822.704993) can0 02051081#0000C84200000000
(1789440822.706906) can0 0205B881#2B1815320531E339
(1789440822.712914) can0 0205B941#0000000000000000
(1789440822.718866) can0 0205B801#00006C0600182000
(1789440822.724535) can0 01011840#FFFFFFFFFFFFFFFF
(1789440822.724918) can0 02051081#0000C84200000000
(1789440822.726928) can0 0205B881#2B1815320531E339
(1789440822.732879) can0 0205B941#0000000000000000
(1789440822.738919) can0 0205B801#00006B0600182000
(1789440822.744547) can0 01011840#FFFFFFFFFFFFFFFF
(1789440822.744931) can0 02051081#0000C84200000000
(1789440822.746861) can0 0205B881#2B1815320531E339
(1789440822.752870) can0 0205B941#0000000000000000
(1789440822.758869) can0 0205B801#00006B0600182000
(1789440822.764763) can0 01011840#FFFFFFFFFFFFFFFF
(1789440822.765309) can0 02051081#0000C84200000000
(1789440822.766884) can0 0205B881#2B1815320531E339
(1789440822.772871) can0 0205B941#0000000000000000
(1789440822.778911) can0 0205B801#00006C0600182000
(1789440822.784554) can0 01011840#FFFFFFFFFFFFFFFF
(1789440822.784948) can0 02051081#0000C84200000000
(1789440822.786862) can0 0205B881#2B1815320531E339
(1789440822.792871) can0 0205B941#0000000000000000
(1789440822.798920) can0 0205B801#00006B0600182000
(1789440822.804523) can0 01011840#FFFFFFFFFFFFFFFF
(1789440822.804909) can0 02051081#0000C84200000000
(1789440822.806907) can0 0205B881#2B1815320531E339
(1789440822.812870) can0 0205B941#0000000000000000
(1789440822.818948) can0 0205B801#00006B0600182000
(1789440822.824558) can0 01011840#FFFFFFFFFFFFFFFF
(1789440822.824975) can0 02051081#0000C84200000000
(1789440822.826858) can0 0205B881#2B1815320531E339
(1789440822.832922) can0 0205B941#0000000000000000
(1789440822.838918) can0 0205B801#00006B0600182000
(1789440822.844535) can0 01011840#FFFFFFFFFFFFFFFF
(1789440822.844924) can0 02051081#0000C84200000000
(1789440822.846908) can0 0205B881#2B1815320531E339
(1789440822.850921) can0 0205B841#0000000000400000
(1789440822.852913) can0 0205B941#0000000000000000
(1789440822.858870) can0 0205B801#00006A0600182000
(1789440822.864496) can0 01011840#FFFFFFFFFFFFFFFF
(1789440822.864886) can0 02051081#0000C84200000000
(1789440822.866909) can0 0205B881#2B1815320531E339
(1789440822.872921) can0 0205B941#0000000000000000
(1789440822.878928) can0 0205B801#00006A0600182000
(1789440822.884526) can0 01011840#FFFFFFFFFFFFFFFF
(1789440822.884915) can0 02051081#0000C84200000000
(1789440822.886859) can0 0205B881#2B1815320531E339
(1789440822.892878) can0 0205B941#0000000000000000
(1789440822.898874) can0 0205B801#00006C0600182000
(1789440822.904505) can0 01011840#FFFFFFFFFFFFFFFF
(1789440822.904892) can0 02051081#0000C84200000000
(1789440822.906909) can0 0205B881#2B1815320531E339
(1789440822.912920) can0 0205B941#0000000000000000
(1789440822.918924) can0 0205B801#0000690600182000
(1789440822.924501) can0 01011840#FFFFFFFFFFFFFFFF
(1789440822.924887) can0 02051081#0000C84200000000
(1789440822.926859) can0 0205B881#2B1815320531E339
(1789440822.932922) can0 0205B941#0000000000000000
(1789440822.938863) can0 0205B801#0000690600182000
(1789440822.944510) can0 01011840#FFFFFFFFFFFFFFFF
(1789440822.944896) can0 02051081#0000C84200000000
(1789440822.946909) can0 0205B881#2B1815320531E339
(1789440822.952876) can0 0205B941#0000000000000000
(1789440822.958864) can0 0205B801#00006B0600182000
(1789440822.964498) can0 01011840#FFFFFFFFFFFFFFFF
(1789440822.964887) can0 02051081#0000C84200000000
(1789440822.966908) can0 0205B881#2B1815320531E339
(1789440822.972866) can0 0205B941#0000000000000000
(1789440822.978863) can0 0205B801#0000690600182000
(1789440822.984486) can0 01011840#FFFFFFFFFFFFFFFF
(1789440822.984871) can0 02051081#0000C84200000000
(1789440822.986908) can0 0205B881#2B1815320531E339
(1789440822.992869) can0 0205B941#0000000000000000
(1789440822.998912) can0 0205B801#00006A0600182000
(1789440823.004494) can0 01011840#FFFFFFFFFFFFFFFF
(1789440823.004879) can0 02051081#0000C84200000000
(1789440823.006853) can0 0205B881#2B1815320531E339
(1789440823.012916) can0 0205B941#0000000000000000
(1789440823.018865) can0 0205B801#00006C0600182000
(1789440823.024515) can0 01011840#FFFFFFFFFFFFFFFF
(1789440823.024908) can0 02051081#0000C84200000000
(1789440823.026853) can0 0205B881#2B1815320531E339
(1789440823.032916) can0 0205B941#0000000000000000
(1789440823.038865) can0 0205B801#0000690600182000
(1789440823.044495) can0 01011840#FFFFFFFFFFFFFFFF
(1789440823.044880) can0 02051081#0000C84200000000
(1789440823.046909) can0 0205B881#2B1815320531E339
(1789440823.052916) can0 0205B941#0000000000000000
(1789440823.058876) can0 0205B801#0000690600182000
(1789440823.064504) can0 01011840#FFFFFFFFFFFFFFFF
(1789440823.064893) can0 02051081#0000C84200000000
(1789440823.066893) can0 0205B881#2B1815320531E339
(1789440823.072932) can0 0205B941#0000000000000000
(1789440823.078862) can0 0205B801#00006B0600182000
(1789440823.084553) can0 01011840#FFFFFFFFFFFFFFFF
(1789440823.084938) can0 02051081#0000C84200000000
(1789440823.086910) can0 0205B881#2B1815320531E339
(1789440823.092875) can0 0205B941#0000000000000000
(1789440823.098915) can0 0205B801#0000680600182000
(1789440823.100914) can0 0205B841#0000000000400000
(1789440823.104558) can0 01011840#FFFFFFFFFFFFFFFF
(1789440823.104946) can0 02051081#0000C84200000000
(1789440823.106909) can0 0205B881#2B1815320531E339
(1789440823.112912) can0 0205B941#0000000000000000
(1789440823.118862) can0 0205B801#0000680600182000
(1789440823.124536) can0 01011840#FFFFFFFFFFFFFFFF
(1789440823.124920) can0 02051081#0000C84200000000
(1789440823.126856) can0 0205B881#2B1815320531E339
(1789440823.132933) can0 0205B941#0000000000000000
(1789440823.138927) can0 0205B801#00006A0600182000
(1789440823.144541) can0 01011840#FFFFFFFFFFFFFFFF
(1789440823.144924) can0 02051081#0000C84200000000
(1789440823.146854) can0 0205B881#2B1815320531E339
(1789440823.152869) can0 0205B941#0000000000000000
(1789440823.158917) can0 0205B801#0000690600182000
(1789440823.164559) can0 01011840#FFFFFFFFFFFFFFFF
(1789440823.164951) can0 02051081#0000C84200000000
(1789440823.166853) can0 0205B881#2B1815320531E339
(1789440823.172863) can0 0205B941#0000000000000000
(1789440823.178911) can0 0205B801#0000680600182000
(1789440823.184514) can0 01011840#FFFFFFFFFFFFFFFF
(1789440823.184895) can0 02051081#0000C84200000000
(1789440823.186904) can0 0205B881#2B1815320531E339
(1789440823.192863) can0 0205B941#0000000000000000
(1789440823.198858) can0 0205B801#0000690600182000
(1789440823.204513) can0 01011840#FFFFFFFFFFFFFFFF
(1789440823.204896) can0 02051081#0000C84200000000
(1789440823.206854) can0 0205B881#2B1815320531E339
(1789440823.212911) can0 0205B941#0000000000000000
(1789440823.218906) can0 0205B801#0000690600182000
(1789440823.224499) can0 01011840#FFFFFFFFFFFFFFFF
(1789440823.224893) can0 02051081#0000C84200000000
(1789440823.226901) can0 0205B881#2B1815320531E339
(1789440823.232865) can0 0205B941#0000000000000000
(1789440823.238865) can0 0205B801#0000690600182000
(1789440823.244489) can0 01011840#FFFFFFFFFFFFFFFF
(1789440823.244873) can0 02051081#0000C84200000000
(1789440823.246855) can0 0205B881#2B1815320531E339
(1789440823.252910) can0 0205B941#0000000000000000
(1789440823.258864) can0 0205B801#00006A0600182000
(1789440823.264521) can0 01011840#FFFFFFFFFFFFFFFF
(1789440823.264905) can0 02051081#0000C84200000000
(1789440823.266905) can0 0205B881#2B1815320531E339
(1789440823.272865) can0 0205B941#0000000000000000
(1789440823.278906) can0 0205B801#00006A0600182000
(1789440823.284494) can0 01011840#FFFFFFFFFFFFFFFF
(1789440823.284879) can0 02051081#0000C84200000000
(1789440823.286901) can0 0205B881#2B1815320531E339
(1789440823.292917) can0 0205B941#0000000000000000
(1789440823.298945) can0 0205B801#0000690600182000
(1789440823.304491) can0 01011840#FFFFFFFFFFFFFFFF
(1789440823.304875) can0 02051081#0000C84200000000
(1789440823.306851) can0 0205B881#2B1815320531E339
(1789440823.312862) can0 0205B941#0000000000000000
(1789440823.318861) can0 0205B801#00006B0600182000
(1789440823.324492) can0 01011840#FFFFFFFFFFFFFFFF
(1789440823.324876) can0 02051081#0000C84200000000
(1789440823.326912) can0 0205B881#2B1815320531E339
(1789440823.332859) can0 0205B941#0000000000000000
(1789440823.338865) can0 0205B801#00006A0600182000
(1789440823.344533) can0 01011840#FFFFFFFFFFFFFFFF
(1789440823.344920) can0 02051081#0000C84200000000
(1789440823.346902) can0 0205B881#2B1815320531E339
(1789440823.350910) can0 0205B841#0000000000400000
(1789440823.352911) can0 0205B941#0000000000000000
(1789440823.358908) can0 0205B801#0000690600182000
(1789440823.364508) can0 01011840#FFFFFFFFFFFFFFFF
(1789440823.366632) can0 02051081#0000C84200000000
(1789440823.366940) can0 0205B881#2B1815320531E339
(1789440823.372866) can0 0205B941#0000000000000000
(1789440823.378861) can0 0205B801#00006B0600182000
(1789440823.384519) can0 01011840#FFFFFFFFFFFFFFFF
(1789440823.384899) can0 02051081#0000C84200000000
(1789440823.386900) can0 0205B881#2B1815320531E339
(1789440823.392912) can0 0205B941#0000000000000000
(1789440823.398913) can0 0205B801#0000690600182000
(1789440823.404614) can0 01011840#FFFFFFFFFFFFFFFF
(1789440823.405014) can0 02051081#0000C84200000000
(1789440823.406852) can0 0205B881#2B1815320531E339
(1789440823.412861) can0 0205B941#0000000000000000
(1789440823.418859) can0 0205B801#00006A0600182000
(1789440823.424536) can0 01011840#FFFFFFFFFFFFFFFF
(1789440823.425077) can0 02051081#0000C84200000000
(1789440823.426852) can0 0205B881#2B1815320531E339
(1789440823.432907) can0 0205B941#0000000000000000
(1789440823.438911) can0 0205B801#00006B0600182000
(1789440823.444527) can0 01011840#FFFFFFFFFFFFFFFF
(1789440823.444915) can0 02051081#0000C84200000000
(1789440823.446853) can0 0205B881#2B1815320531E339
(1789440823.452933) can0 0205B941#0000000000000000
(1789440823.458904) can0 0205B801#00006A0600182000
(1789440823.464553) can0 01011840#FFFFFFFFFFFFFFFF
(1789440823.464937) can0 02051081#0000C84200000000
(1789440823.466847) can0 0205B881#2B1815320531E339
(1789440823.472874) can0 0205B941#0000000000000000
(1789440823.478873) can0 0205B801#00006A0600182000
(1789440823.484567) can0 01011840#FFFFFFFFFFFFFFFF
(1789440823.484954) can0 02051081#0000C84200000000
(1789440823.486847) can0 0205B881#2B1815320531E339
(1789440823.492913) can0 0205B941#0000000000000000
(1789440823.498859) can0 0205B801#00006C0600182000
(1789440823.504543) can0 01011840#FFFFFFFFFFFFFFFF
(1789440823.504930) can0 02051081#0000C84200000000
(1789440823.506847) can0 0205B881#2B1815320531E339
(1789440823.512864) can0 0205B941#0000000000000000
(1789440823.518904) can0 0205B801#00006B0600182000
(1789440823.524546) can0 01011840#FFFFFFFFFFFFFFFF
(1789440823.524930) can0 02051081#0000C84200000000
(1789440823.526849) can0 0205B881#2B1815320531E339
(1789440823.532859) can0 0205B941#0000000000000000
(1789440823.538910) can0 0205B801#00006B0600182000
(1789440823.544522) can0 01011840#FFFFFFFFFFFFFFFF
(1789440823.544909) can0 02051081#0000C84200000000
(1789440823.546847) can0 0205B881#2B1815320531E339
(1789440823.552912) can0 0205B941#0000000000000000
(1789440823.558855) can0 0205B801#00006E0600182000
(1789440823.564529) can0 01011840#FFFFFFFFFFFFFFFF
(1789440823.564921) can0 02051081#0000C84200000000
(1789440823.566853) can0 0205B881#2B1815320531E339
(1789440823.572906) can0 0205B941#0000000000000000
(1789440823.578861) can0 0205B801#00006C0600182000
(1789440823.584528) can0 01011840#FFFFFFFFFFFFFFFF
(1789440823.584917) can0 02051081#0000C84200000000
(1789440823.586846) can0 0205B881#2B1815320531E339
(1789440823.592858) can0 0205B941#0000000000000000
(1789440823.598908) can0 0205B801#00006B0600182000
(1789440823.600855) can0 0205B841#0000000000400000
(1789440823.604527) can0 01011840#FFFFFFFFFFFFFFFF
(1789440823.604912) can0 02051081#0000C84200000000
(1789440823.606850) can0 0205B881#2B1815320531E339
(1789440823.612859) can0 0205B941#0000000000000000
(1789440823.615905) can0 02051801#0000FFFFFFFF0000
(1789440823.617897) can0 0205BC01#6B392E9A
(1789440823.618849) can0 0205B801#0000730600182000
(1789440823.624513) can0 01011840#FFFFFFFFFFFFFFFF
(1789440823.624899) can0 02051081#0000C84200000000
(1789440823.626901) can0 0205B881#2B1815320531E339
(1789440823.632858) can0 0205B941#0000000000000000
(1789440823.638857) can0 0205B801#00006D0600182000
(1789440823.644519) can0 01011840#FFFFFFFFFFFFFFFF
(1789440823.644908) can0 02051081#0000C84200000000
(1789440823.646895) can0 0205B881#2B1815320531E339
(1789440823.652936) can0 0205B941#0000000000000000
(1789440823.658901) can0 0205B801#00006D0600182000
(1789440823.664569) can0 01011840#FFFFFFFFFFFFFFFF
(1789440823.664958) can0 02051081#0000C84200000000
(1789440823.666844) can0 0205B881#2B1815320531E339
(1789440823.672858) can0 0205B941#0000000000000000
(1789440823.678906) can0 0205B801#00006F0600182000
(1789440823.684526) can0 01011840#FFFFFFFFFFFFFFFF
(1789440823.684916) can0 02051081#0000C84200000000
(1789440823.686899) can0 0205B881#2B1815320531E339
(1789440823.692906) can0 0205B941#0000000000000000
(1789440823.698853) can0 0205B801#00006E0600182000
(1789440823.704528) can0 01011840#FFFFFFFFFFFFFFFF
(1789440823.704916) can0 02051081#0000C84200000000
(1789440823.706901) can0 0205B881#2B1815320531E339
(1789440823.713166) can0 0205B941#0000000000000000
(1789440823.718957) can0 0205B801#00006E0600182000
(1789440823.724623) can0 01011840#FFFFFFFFFFFFFFFF
(1789440823.725015) can0 02051081#0000C84200000000
(1789440823.726838) can0 0205B881#2B1815320531E339
(1789440823.732906) can0 0205B941#0000000000000000
(1789440823.738848) can0 0205B801#0000710600182000
(1789440823.744592) can0 01011840#FFFFFFFFFFFFFFFF
(1789440823.744993) can0 02051081#0000C84200000000
(1789440823.746901) can0 0205B881#2B1815320531E339
(1789440823.752860) can0 0205B941#0000000000000000
(1789440823.758862) can0 0205B801#00006F0600182000
(1789440823.764563) can0 01011840#FFFFFFFFFFFFFFFF
(1789440823.764948) can0 02051081#0000C84200000000
(1789440823.766843) can0 0205B881#2B1815320531E339
(1789440823.772902) can0 0205B941#0000000000000000
(1789440823.778858) can0 0205B801#0000700600182000
(1789440823.784576) can0 01011840#FFFFFFFFFFFFFFFF
(1789440823.784987) can0 02051081#0000C84200000000
(1789440823.786861) can0 0205B881#2B1815320531E339
(1789440823.792855) can0 0205B941#0000000000000000
(1789440823.798846) can0 0205B801#0000720600182000
(1789440823.804551) can0 01011840#FFFFFFFFFFFFFFFF
(1789440823.804941) can0 02051081#0000C84200000000
(1789440823.806844) can0 0205B881#2B1815320531E339
(1789440823.812863) can0 0205B941#0000000000000000
(1789440823.818905) can0 0205B801#0000710600182000
(1789440823.824512) can0 01011840#FFFFFFFFFFFFFFFF
(1789440823.824898) can0 02051081#0000C84200000000
(1789440823.826899) can0 0205B881#2B1815320531E339
(1789440823.832901) can0 0205B941#0000000000000000
(1789440823.838877) can0 0205B801#0000710600182000
(1789440823.844568) can0 01011840#FFFFFFFFFFFFFFFF
(1789440823.844956) can0 02051081#0000C84200000000
(1789440823.846892) can0 0205B881#2B1815320531E339
(1789440823.850848) can0 0205B841#0000000000400000
(1789440823.852851) can0 0205B941#0000000000000000
(1789440823.858881) can0 0205B801#0000730600182000
(1789440823.864566) can0 01011840#FFFFFFFFFFFFFFFF
(1789440823.864962) can0 02051081#0000C84200000000
(1789440823.866841) can0 0205B881#2B1815320531E339
(1789440823.872895) can0 0205B941#0000000000000000
(1789440823.878856) can0 0205B801#0000730600182000
(1789440823.884548) can0 01011840#FFFFFFFFFFFFFFFF
(1789440823.884940) can0 02051081#0000C84200000000
(1789440823.886893) can0 0205B881#2B1815320531E339
(1789440823.892914) can0 0205B941#0000000000000000
(1789440823.898861) can0 0205B801#0000740600182000
(1789440823.904542) can0 01011840#FFFFFFFFFFFFFFFF
(1789440823.904932) can0 02051081#0000C84200000000
(1789440823.906846) can0 0205B881#2B1815320531E339
(1789440823.912904) can0 0205B941#0000000000000000
(1789440823.918902) can0 0205B801#0000740600182000
(1789440823.924542) can0 01011840#FFFFFFFFFFFFFFFF
(1789440823.924925) can0 02051081#0000C84200000000
(1789440823.926844) can0 0205B881#2B1815320531E339
(1789440823.932904) can0 0205B941#0000000000000000
(1789440823.938901) can0 0205B801#0000750600182000
(1789440823.944521) can0 01011840#FFFFFFFFFFFFFFFF
(1789440823.944909) can0 02051081#0000C84200000000
(1789440823.946894) can0 0205B881#2B1815320531E339
(1789440823.952852) can0 0205B941#0000000000000000
(1789440823.958850) can0 0205B801#0000740600182000
(1789440823.964525) can0 01011840#FFFFFFFFFFFFFFFF
(1789440823.964914) can0 02051081#0000C84200000000
(1789440823.966925) can0 0205B881#2B1815320531E339
(1789440823.972851) can0 0205B941#0000000000000000
(1789440823.978843) can0 0205B801#0000770600182000
(1789440823.984544) can0 01011840#FFFFFFFFFFFFFFFF
(1789440823.984930) can0 02051081#0000C84200000000
(1789440823.986842) can0 0205B881#2B1815320531E339
(1789440823.992901) can0 0205B941#0000000000000000
(1789440823.998917) can0 0205B801#0000760600182000
(1789440824.004572) can0 01011840#FFFFFFFFFFFFFFFF
(1789440824.004965) can0 02051081#0000C84200000000
(1789440824.006897) can0 0205B881#2B1815320531E339
(1789440824.012849) can0 0205B941#0000000000000000
(1789440824.018902) can0 0205B801#0000760600182000
(1789440824.024533) can0 01011840#FFFFFFFFFFFFFFFF
(1789440824.024921) can0 02051081#0000C84200000000
(1789440824.026898) can0 0205B881#2B1815320531E339
(1789440824.032850) can0 0205B941#0000000000000000
(1789440824.038848) can0 0205B801#0000790600182000
(1789440824.044536) can0 01011840#FFFFFFFFFFFFFFFF
(1789440824.044922) can0 02051081#0000C84200000000
(1789440824.046841) can0 0205B881#2B1815320531E339
(1789440824.052853) can0 0205B941#0000000000000000
(1789440824.058898) can0 0205B801#0000770600182000
(1789440824.064521) can0 01011840#FFFFFFFFFFFFFFFF
(1789440824.064909) can0 02051081#0000C84200000000
(1789440824.066893) can0 0205B881#2B1815320531E339
(1789440824.072851) can0 0205B941#0000000000000000
(1789440824.078846) can0 0205B801#0000770600182000
(1789440824.084529) can0 01011840#FFFFFFFFFFFFFFFF
(1789440824.084918) can0 02051081#0000C84200000000
(1789440824.086940) can0 0205B881#2B1815320531E339
(1789440824.092875) can0 0205B941#0000000000000000
(1789440824.098897) can0 0205B801#0000790600182000
(1789440824.100891) can0 0205B841#0000000000400000
(1789440824.104554) can0 01011840#FFFFFFFFFFFFFFFF
(1789440824.104941) can0 02051081#0000C84200000000
(1789440824.106900) can0 0205B881#2B1815320531E339
(1789440824.112853) can0 0205B941#0000000000000000
(1789440824.118848) can0 0205B801#0000780600182000
(1789440824.124537) can0 01011840#FFFFFFFFFFFFFFFF
(1789440824.124932) can0 02051081#0000C84200000000
(1789440824.126841) can0 0205B881#2B1815320531E339
(1789440824.132852) can0 0205B941#0000000000000000
(1789440824.138854) can0 0205B801#0000790600182000
(1789440824.144501) can0 01011840#FFFFFFFFFFFFFFFF
(1789440824.144889) can0 02051081#0000C84200000000
(1789440824.146842) can0 0205B881#2B1815320531E339
(1789440824.152908) can0 0205B941#0000000000000000
(1789440824.158898) can0 0205B801#0000790600182000
(1789440824.164625) can0 01011840#FFFFFFFFFFFFFFFF
(1789440824.165063) can0 02051081#0000C84200000000
(1789440824.166890) can0 0205B881#2B1815320531E339
(1789440824.172848) can0 0205B941#0000000000000000
(1789440824.178899) can0 0205B801#0000790600182000
(1789440824.184530) can0 01011840#FFFFFFFFFFFFFFFF
(1789440824.184919) can0 02051081#0000C84200000000
(1789440824.186840) can0 0205B881#2B1815320531E339
(1789440824.192856) can0 0205B941#0000000000000000
(1789440824.198899) can0 0205B801#00007A0600182000
(1789440824.204520) can0 01011840#FFFFFFFFFFFFFFFF
(1789440824.204908) can0 02051081#0000C84200000000
(1789440824.206840) can0 0205B881#2B1815320531E339
(1789440824.212897) can0 0205B941#0000000000000000
(1789440824.218902) can0 0205B801#00007A0600182000
(1789440824.224517) can0 01011840#FFFFFFFFFFFFFFFF
(1789440824.224907) can0 02051081#0000C84200000000
(1789440824.226898) can0 0205B881#2B1815320531E339
(1789440824.232853) can0 0205B941#0000000000000000
(1789440824.238848) can0 0205B801#0000780600182000
(1789440824.244524) can0 01011840#FFFFFFFFFFFFFFFF
(1789440824.244912) can0 02051081#0000C84200000000
(1789440824.246887) can0 0205B881#2B1815320531E339
(1789440824.252914) can0 0205B941#0000000000000000
(1789440824.258897) can0 0205B801#0000780600182000
(1789440824.264529) can0 01011840#FFFFFFFFFFFFFFFF
(1789440824.264920) can0 02051081#0000C84200000000
(1789440824.266839) can0 0205B881#2B1815320531E339
(1789440824.272895) can0 0205B941#0000000000000000
(1789440824.278897) can0 0205B801#0000780600182000
(1789440824.284517) can0 01011840#FFFFFFFFFFFFFFFF
(1789440824.284903) can0 02051081#0000C84200000000
(1789440824.286837) can0 0205B881#2B1815320531E339
(1789440824.292851) can0 0205B941#0000000000000000
(1789440824.298850) can0 0205B801#0000750600182000
(1789440824.304563) can0 01011840#FFFFFFFFFFFFFFFF
(1789440824.304950) can0 02051081#0000C84200000000
(1789440824.306887) can0 0205B881#2B1815320531E339
(1789440824.312843) can0 0205B941#0000000000000000
(1789440824.318843) can0 0205B801#0000750600182000
(1789440824.324502) can0 01011840#FFFFFFFFFFFFFFFF
(1789440824.324890) can0 02051081#0000C84200000000
(1789440824.326888) can0 0205B881#2B1815320531E339
(1789440824.332877) can0 0205B941#0000000000000000
(1789440824.338863) can0 0205B801#0000730600182000
(1789440824.344543) can0 01011840#FFFFFFFFFFFFFFFF
(1789440824.344922) can0 02051081#0000C84200000000
(1789440824.346846) can0 0205B881#2B1815320531E339
(1789440824.350905) can0 0205B841#0000000000400000
(1789440824.352848) can0 0205B941#0000000000000000
(1789440824.358848) can0 0205B801#0000700600182000
(1789440824.364551) can0 01011840#FFFFFFFFFFFFFFFF
(1789440824.364939) can0 02051081#0000C84200000000
(1789440824.366890) can0 0205B881#2B1815320531E339
(1789440824.372858) can0 0205B941#0000000000000000
(1789440824.378844) can0 0205B801#00006F0600182000
(1789440824.384540) can0 01011840#FFFFFFFFFFFFFFFF
(1789440824.384928) can0 02051081#0000C84200000000
(1789440824.386889) can0 0205B881#2B1815320531E339
(1789440824.392847) can0 0205B941#0000000000000000
(1789440824.398864) can0 0205B801#0000720600182000
(1789440824.404529) can0 01011840#FFFFFFFFFFFFFFFF
(1789440824.404917) can0 02051081#0000C84200000000
(1789440824.406885) can0 0205B881#2B1815320531E339
(1789440824.412894) can0 0205B941#0000000000000000
(1789440824.418895) can0 0205B801#00006F0600182000
(1789440824.424603) can0 01011840#FFFFFFFFFFFFFFFF
(1789440824.424996) can0 02051081#0000C84200000000
(1789440824.426844) can0 0205B881#2B1815320531E339
(1789440824.432892) can0 0205B941#0000000000000000
(1789440824.438892) can0 0205B801#00006E0600182000
(1789440824.444549) can0 01011840#FFFFFFFFFFFFFFFF
(1789440824.444937) can0 02051081#0000C84200000000
(1789440824.446843) can0 0205B881#2B1815320531E339
(1789440824.452896) can0 0205B941#0000000000000000
(1789440824.458840) can0 0205B801#0000700600182000
(1789440824.464494) can0 01011840#FFFFFFFFFFFFFFFF
(1789440824.464879) can0 02051081#0000C84200000000
(1789440824.466883) can0 0205B881#2B1815320531E339
(1789440824.472899) can0 0205B941#0000000000000000
(1789440824.478842) can0 0205B801#00006F0600182000
(1789440824.484490) can0 01011840#FFFFFFFFFFFFFFFF
(1789440824.484876) can0 02051081#0000C84200000000
(1789440824.486836) can0 0205B881#2B1815320531E339
(1789440824.492860) can0 0205B941#0000000000000000
(1789440824.498892) can0 0205B801#00006E0600182000
(1789440824.504529) can0 01011840#FFFFFFFFFFFFFFFF
(1789440824.504912) can0 02051081#0000C84200000000
(1789440824.506883) can0 0205B881#2B1815320531E339
(1789440824.512854) can0 0205B941#0000000000000000
(1789440824.518844) can0 0205B801#00006F0600182000
(1789440824.524551) can0 01011840#FFFFFFFFFFFFFFFF
(1789440824.524943) can0 02051081#0000C84200000000
(1789440824.526887) can0 0205B881#2B1815320531E339
(1789440824.532845) can0 0205B941#0000000000000000
(1789440824.538889) can0 0205B801#00006E0600182000
(1789440824.544534) can0 01011840#FFFFFFFFFFFFFFFF
(1789440824.544922) can0 02051081#0000C84200000000
(1789440824.546887) can0 0205B881#2B1815320531E339
(1789440824.552849) can0 0205B941#0000000000000000
(1789440824.558892) can0 0205B801#00006E0600182000
(1789440824.564504) can0 01011840#FFFFFFFFFFFFFFFF
(1789440824.564890) can0 02051081#0000C84200000000
(1789440824.566895) can0 0205B881#2B1815320531E339
(1789440824.572914) can0 0205B941#0000000000000000
(1789440824.578848) can0 0205B801#00006E0600182000
(1789440824.584540) can0 01011840#FFFFFFFFFFFFFFFF
(1789440824.584924) can0 02051081#0000C84200000000
(1789440824.586832) can0 0205B881#2B1815320531E339
(1789440824.592890) can0 0205B941#0000000000000000
(1789440824.598899) can0 0205B801#00006D0600182000
(1789440824.600846) can0 0205B841#0000000000400000
(1789440824.604538) can0 01011840#FFFFFFFFFFFFFFFF
(1789440824.604927) can0 02051081#0000C84200000000
(1789440824.606836) can0 0205B881#2B1815320531E339
(1789440824.612897) can0 0205B941#0000000000000000
(1789440824.615840) can0 02051801#0000FFFFFFFF0000
(1789440824.617842) can0 0205BC01#6B392E9A
(1789440824.618886) can0 0205B801#00006A0600182000
(1789440824.624523) can0 01011840#FFFFFFFFFFFFFFFF
(1789440824.624913) can0 02051081#0000C84200000000
(1789440824.626889) can0 0205B881#2B1815320531E339
(1789440824.632847) can0 0205B941#0000000000000000
(1789440824.638882) can0 0205B801#00006E0600182000
(1789440824.644490) can0 01011840#FFFFFFFFFFFFFFFF
(1789440824.644969) can0 02051081#0000C84200000000
(1789440824.646822) can0 0205B881#2B1815320531E339
(1789440824.652881) can0 0205B941#0000000000000000
(1789440824.658881) can0 0205B801#00006C0600182000
(1789440824.664473) can0 01011840#FFFFFFFFFFFFFFFF
(1789440824.665526) can0 02051081#0000C84200000000
(1789440824.666872) can0 0205B881#2B1815320531E339
(1789440824.672858) can0 0205B941#0000000000000000
(1789440824.678893) can0 0205B801#00006C0600182000
(1789440824.684543) can0 01011840#FFFFFFFFFFFFFFFF
(1789440824.684914) can0 02051081#0000C84200000000
(1789440824.686831) can0 0205B881#2B1815320531E339
(1789440824.692837) can0 0205B941#0000000000000000
(1789440824.698839) can0 0205B801#00006C0600182000
(1789440824.704529) can0 01011840#FFFFFFFFFFFFFFFF
(1789440824.704916) can0 02051081#0000C84200000000
(1789440824.706832) can0 0205B881#2B1815320531E339
(1789440824.712841) can0 0205B941#0000000000000000
(1789440824.718886) can0 0205B801#00006B0600182000
(1789440824.724521) can0 01011840#FFFFFFFFFFFFFFFF
(1789440824.724908) can0 02051081#0000C84200000000
(1789440824.726830) can0 0205B881#2B1815320531E339
(1789440824.732845) can0 0205B941#0000000000000000
(1789440824.738894) can0 0205B801#00006B0600182000
(1789440824.744537) can0 01011840#FFFFFFFFFFFFFFFF
(1789440824.744934) can0 02051081#0000C84200000000
(1789440824.746858) can0 0205B881#2B1815320531E339
(1789440824.752928) can0 0205B941#0000000000000000
(1789440824.758879) can0 0205B801#00006D0600182000
(1789440824.764536) can0 01011840#FFFFFFFFFFFFFFFF
(1789440824.764915) can0 02051081#0000C84200000000
(1789440824.766824) can0 0205B881#2B1815320531E339
(1789440824.772839) can0 0205B941#0000000000000000
(1789440824.778884) can0 0205B801#00006C0600182000
(1789440824.784543) can0 01011840#FFFFFFFFFFFFFFFF
(1789440824.784936) can0 02051081#0000C84200000000
(1789440824.786834) can0 0205B881#2B1815320531E339
(1789440824.792847) can0 0205B941#0000000000000000
(1789440824.798842) can0 0205B801#00006B0600182000
(1789440824.804551) can0 01011840#FFFFFFFFFFFFFFFF
(1789440824.804937) can0 02051081#0000C84200000000
(1789440824.806832) can0 0205B881#2B1815320531E339
(1789440824.812889) can0 0205B941#0000000000000000
(1789440824.818837) can0 0205B801#00006D0600182000
(1789440824.824576) can0 01011840#FFFFFFFFFFFFFFFF
(1789440824.824970) can0 02051081#0000C84200000000
(1789440824.826829) can0 0205B881#2B1815320531E339
(1789440824.832892) can0 0205B941#0000000000000000
(1789440824.838891) can0 0205B801#00006B0600182000
(1789440824.844546) can0 01011840#FFFFFFFFFFFFFFFF
(1789440824.844938) can0 02051081#0000C84200000000
(1789440824.846882) can0 0205B881#2B1815320531E339
(1789440824.850839) can0 0205B841#0000000000400000
(1789440824.852891) can0 0205B941#0000000000000000
(1789440824.858885) can0 0205B801#0000690600182000
(1789440824.864525) can0 01011840#FFFFFFFFFFFFFFFF
(1789440824.864914) can0 02051081#0000C84200000000
(1789440824.866877) can0 0205B881#2B1815320531E339
(1789440824.872921) can0 0205B941#0000000000000000
(1789440824.878885) can0 0205B801#00006D0600182000
(1789440824.884564) can0 01011840#FFFFFFFFFFFFFFFF
(1789440824.886605) can0 02051081#0000C84200000000
(1789440824.886922) can0 0205B881#2B1815320531E339
(1789440824.892842) can0 0205B941#0000000000000000
(1789440824.898853) can0 0205B801#00006A0600182000
(1789440824.904514) can0 01011840#FFFFFFFFFFFFFFFF
(1789440824.904904) can0 02051081#0000C84200000000
(1789440824.906908) can0 0205B881#2B1815320531E339
(1789440824.912895) can0 0205B941#0000000000000000
(1789440824.918831) can0 0205B801#00006A0600182000
(1789440824.924478) can0 01011840#FFFFFFFFFFFFFFFF
(1789440824.924844) can0 02051081#0000C84200000000
(1789440824.926882) can0 0205B881#2B1815320531E339
(1789440824.932843) can0 0205B941#0000000000000000
(1789440824.938840) can0 0205B801#00006C0600182000
(1789440824.944513) can0 01011840#FFFFFFFFFFFFFFFF
(1789440824.944897) can0 02051081#0000C84200000000
(1789440824.946880) can0 0205B881#2B1815320531E339
(1789440824.952840) can0 0205B941#0000000000000000
(1789440824.958835) can0 0205B801#0000690600182000
(1789440824.964507) can0 01011840#FFFFFFFFFFFFFFFF
(1789440824.964891) can0 02051081#0000C84200000000
(1789440824.966881) can0 0205B881#2B1815320531E339
(1789440824.972835) can0 0205B941#0000000000000000
(1789440824.978836) can0 0205B801#0000690600182000
(1789440824.984495) can0 01011840#FFFFFFFFFFFFFFFF
(1789440824.984885) can0 02051081#0000C84200000000
(1789440824.986830) can0 0205B881#2B1815320531E339
(1789440824.992893) can0 0205B941#0000000000000000
(1789440824.998846) can0 0205B801#00006B0600182000
(1789440825.004491) can0 01011840#FFFFFFFFFFFFFFFF
(1789440825.004877) can0 02051081#0000C84200000000
(1789440825.006881) can0 0205B881#2B1815320531E339
(1789440825.012886) can0 0205B941#0000000000000000
(1789440825.018888) can0 0205B801#0000690600182000
(1789440825.024482) can0 01011840#FFFFFFFFFFFFFFFF
(1789440825.024868) can0 02051081#0000C84200000000
(1789440825.026827) can0 0205B881#2B1815320531E339
(1789440825.032889) can0 0205B941#0000000000000000
(1789440825.038835) can0 0205B801#0000690600182000
(1789440825.044529) can0 01011840#FFFFFFFFFFFFFFFF
(1789440825.044913) can0 02051081#0000C84200000000
(1789440825.046876) can0 0205B881#2B1815320531E339
(1789440825.052836) can0 0205B941#0000000000000000
(1789440825.058887) can0 0205B801#00006A0600182000
(1789440825.064494) can0 01011840#FFFFFFFFFFFFFFFF
(1789440825.064878) can0 02051081#0000C84200000000
(1789440825.066879) can0 0205B881#2B1815320531E339
(1789440825.072886) can0 0205B941#0000000000000000
(1789440825.078835) can0 0205B801#0000690600182000
(1789440825.084521) can0 01011840#FFFFFFFFFFFFFFFF
(1789440825.084908) can0 02051081#0000C84200000000
(1789440825.086874) can0 0205B881#2B1815320531E339
(1789440825.092894) can0 0205B941#0000000000000000
(1789440825.098840) can0 0205B801#0000690600182000
(1789440825.100885) can0 0205B841#0000000000400000
(1789440825.104502) can0 01011840#FFFFFFFFFFFFFFFF
(1789440825.104888) can0 02051081#0000C84200000000
(1789440825.106894) can0 0205B881#2B1815320531E339
(1789440825.112890) can0 0205B941#0000000000000000
(1789440825.118890) can0 0205B801#00006A0600182000
(1789440825.124648) can0 01011840#FFFFFFFFFFFFFFFF
(1789440825.125049) can0 02051081#0000C84200000000
(1789440825.126827) can0 0205B881#2B1815320531E339
(1789440825.132889) can0 0205B941#0000000000000000
(1789440825.138886) can0 0205B801#00006A0600182000
(1789440825.144543) can0 01011840#FFFFFFFFFFFFFFFF
(1789440825.144931) can0 02051081#0000C84200000000
(1789440825.146881) can0 0205B881#2B1815320531E339
(1789440825.152837) can0 0205B941#0000000000000000
(1789440825.158885) can0 0205B801#0000690600182000
(1789440825.164552) can0 01011840#FFFFFFFFFFFFFFFF
(1789440825.164950) can0 02051081#0000C84200000000
(1789440825.166883) can0 0205B881#2B1815320531E339
(1789440825.172895) can0 0205B941#0000000000000000
(1789440825.178883) can0 0205B801#0000690600182000
(1789440825.184546) can0 01011840#FFFFFFFFFFFFFFFF
(1789440825.184934) can0 02051081#0000C84200000000
(1789440825.186829) can0 0205B881#2B1815320531E339
(1789440825.192840) can0 0205B941#0000000000000000
(1789440825.198830) can0 0205B801#0000690600182000
(1789440825.204499) can0 01011840#FFFFFFFFFFFFFFFF
(1789440825.204884) can0 02051081#0000C84200000000
(1789440825.206871) can0 0205B881#2B1815320531E339
(1789440825.212881) can0 0205B941#0000000000000000
(1789440825.218879) can0 0205B801#0000690600182000
(1789440825.224483) can0 01011840#FFFFFFFFFFFFFFFF
(1789440825.224869) can0 02051081#0000C84200000000
(1789440825.226827) can0 0205B881#2B1815320531E339
(1789440825.232838) can0 0205B941#0000000000000000
(1789440825.238834) can0 0205B801#00006C0600182000
(1789440825.244527) can0 01011840#FFFFFFFFFFFFFFFF
(1789440825.244911) can0 02051081#0000C84200000000
(1789440825.246875) can0 0205B881#2B1815320531E339
(1789440825.252833) can0 0205B941#0000000000000000
(1789440825.258830) can0 0205B801#0000690600182000
(1789440825.264518) can0 01011840#FFFFFFFFFFFFFFFF
(1789440825.264902) can0 02051081#0000C84200000000
(1789440825.266826) can0 0205B881#2B1815320531E339
(1789440825.272840) can0 0205B941#0000000000000000
(1789440825.278831) can0 0205B801#0000690600182000
(1789440825.284514) can0 01011840#FFFFFFFFFFFFFFFF
(1789440825.284904) can0 02051081#0000C84200000000
(1789440825.286825) can0 0205B881#2B1815320531E339
(1789440825.292832) can0 0205B941#0000000000000000
(1789440825.298836) can0 0205B801#00006B0600182000
(1789440825.304496) can0 01011840#FFFFFFFFFFFFFFFF
(1789440825.304880) can0 02051081#0000C84200000000
(1789440825.306877) can0 0205B881#2B1815320531E339
(1789440825.312835) can0 0205B941#0000000000000000
(1789440825.318839) can0 0205B801#0000690600182000
(1789440825.324490) can0 01011840#FFFFFFFFFFFFFFFF
(1789440825.324874) can0 02051081#0000C84200000000
(1789440825.326872) can0 0205B881#2B1815320531E339
(1789440825.332889) can0 0205B941#0000000000000000
(1789440825.338830) can0 0205B801#0000690600182000
(1789440825.344533) can0 01011840#FFFFFFFFFFFFFFFF
(1789440825.344923) can0 02051081#0000C84200000000
(1789440825.346875) can0 0205B881#2B1815320531E339
(1789440825.350836) can0 0205B841#0000000000400000
(1789440825.352881) can0 0205B941#0000000000000000
(1789440825.358830) can0 0205B801#00006C0600182000
(1789440825.364517) can0 01011840#FFFFFFFFFFFFFFFF
(1789440825.364913) can0 02051081#0000C84200000000
(1789440825.366875) can0 0205B881#2B1815320531E339
(1789440825.372835) can0 0205B941#0000000000000000
(1789440825.378846) can0 0205B801#00006A0600182000
(1789440825.384532) can0 01011840#FFFFFFFFFFFFFFFF
(1789440825.384919) can0 02051081#0000C84200000000
(1789440825.386873) can0 0205B881#2B1815320531E339
(1789440825.392886) can0 0205B941#0000000000000000
(1789440825.398835) can0 0205B801#00006A0600182000
(1789440825.404516) can0 01011840#FFFFFFFFFFFFFFFF
(1789440825.404902) can0 02051081#0000C84200000000
(1789440825.406821) can0 0205B881#2B1815320531E339
(1789440825.412834) can0 0205B941#0000000000000000
(1789440825.418835) can0 0205B801#00006C0600182000
(1789440825.424502) can0 01011840#FFFFFFFFFFFFFFFF
(1789440825.424887) can0 02051081#0000C84200000000
(1789440825.426869) can0 0205B881#2B1815320531E339
(1789440825.432890) can0 0205B941#0000000000000000
(1789440825.438882) can0 0205B801#00006A0600182000
(1789440825.444523) can0 01011840#FFFFFFFFFFFFFFFF
(1789440825.444908) can0 02051081#0000C84200000000
(1789440825.446821) can0 0205B881#2B1815320531E339
(1789440825.452864) can0 0205B941#0000000000000000
(1789440825.458830) can0 0205B801#00006A0600182000
(1789440825.464563) can0 01011840#FFFFFFFFFFFFFFFF
(1789440825.464954) can0 02051081#0000C84200000000
(1789440825.466818) can0 0205B881#2B1815320531E339
(1789440825.472839) can0 0205B941#0000000000000000
(1789440825.478828) can0 0205B801#00006D0600182000
(1789440825.484528) can0 01011840#FFFFFFFFFFFFFFFF
(1789440825.484914) can0 02051081#0000C84200000000
(1789440825.486870) can0 0205B881#2B1815320531E339
(1789440825.492889) can0 0205B941#0000000000000000
(1789440825.498877) can0 0205B801#00006C0600182000
(1789440825.504513) can0 01011840#FFFFFFFFFFFFFFFF
(1789440825.504898) can0 02051081#0000C84200000000
(1789440825.506817) can0 0205B881#2B1815320531E339
(1789440825.512831) can0 0205B941#0000000000000000
(1789440825.518877) can0 0205B801#00006B0600182000
(1789440825.524496) can0 01011840#FFFFFFFFFFFFFFFF
(1789440825.524885) can0 02051081#0000C84200000000
(1789440825.526884) can0 0205B881#2B1815320531E339
(1789440825.532877) can0 0205B941#0000000000000000
(1789440825.538833) can0 0205B801#00006D0600182000
(1789440825.544541) can0 01011840#FFFFFFFFFFFFFFFF
(1789440825.544925) can0 02051081#0000C84200000000
(1789440825.546867) can0 0205B881#2B1815320531E339
(1789440825.552887) can0 0205B941#0000000000000000
(1789440825.558878) can0 0205B801#00006C0600182000
(1789440825.564530) can0 01011840#FFFFFFFFFFFFFFFF
(1789440825.564920) can0 02051081#0000C84200000000
(1789440825.566869) can0 0205B881#2B1815320531E339
(1789440825.572879) can0 0205B941#0000000000000000
(1789440825.578875) can0 0205B801#00006D0600182000
(1789440825.584489) can0 01011840#FFFFFFFFFFFFFFFF
(1789440825.584873) can0 02051081#0000C84200000000
(1789440825.586818) can0 0205B881#2B1815320531E339
(1789440825.592829) can0 0205B941#0000000000000000
(1789440825.598876) can0 0205B801#00006E0600182000
(1789440825.600878) can0 0205B841#0000000000400000
(1789440825.604501) can0 01011840#FFFFFFFFFFFFFFFF
(1789440825.604885) can0 02051081#0000C84200000000
(1789440825.606821) can0 0205B881#2B1815320531E339
(1789440825.612833) can0 0205B941#0000000000000000
(1789440825.616024) can0 02051801#0000FFFFFFFF0000
(1789440825.617779) can0 0205BC01#6B392E9A
(1789440825.618824) can0 0205B801#0000720600182000
(1789440825.624502) can0 01011840#FFFFFFFFFFFFFFFF
(1789440825.624886) can0 02051081#0000C84200000000
(1789440825.626817) can0 0205B881#2B1815320531E339
(1789440825.632885) can0 0205B941#0000000000000000
(1789440825.638879) can0 0205B801#00006E0600182000
(1789440825.644522) can0 01011840#FFFFFFFFFFFFFFFF
(1789440825.644906) can0 02051081#0000C84200000000
(1789440825.646816) can0 0205B881#2B1815320531E339
(1789440825.652827) can0 0205B941#0000000000000000
(1789440825.658872) can0 0205B801#0000710600182000
(1789440825.664517) can0 01011840#FFFFFFFFFFFFFFFF
(1789440825.664901) can0 02051081#0000C84200000000
(1789440825.666865) can0 0205B881#2B1815320531E339
(1789440825.672831) can0 0205B941#0000000000000000
(1789440825.678873) can0 0205B801#00006E0600182000
(1789440825.684526) can0 01011840#FFFFFFFFFFFFFFFF
(1789440825.684912) can0 02051081#0000C84200000000
(1789440825.686867) can0 0205B881#2B1815320531E339
(1789440825.692830) can0 0205B941#0000000000000000
(1789440825.698880) can0 0205B801#00006F0600182000
(1789440825.704633) can0 01011840#FFFFFFFFFFFFFFFF
(1789440825.705032) can0 02051081#0000C84200000000
(1789440825.706872) can0 0205B881#2B1815320531E339
(1789440825.712882) can0 0205B941#0000000000000000
(1789440825.718824) can0 0205B801#0000710600182000
(1789440825.724536) can0 01011840#FFFFFFFFFFFFFFFF
(1789440825.724917) can0 02051081#0000C84200000000
(1789440825.726815) can0 0205B881#2B1815320531E339
(1789440825.732874) can0 0205B941#0000000000000000
(1789440825.738876) can0 0205B801#0000700600182000
(1789440825.744520) can0 01011840#FFFFFFFFFFFFFFFF
(1789440825.744904) can0 02051081#0000C84200000000
(1789440825.746821) can0 0205B881#2B1815320531E339
(1789440825.752880) can0 0205B941#0000000000000000
(1789440825.758886) can0 0205B801#0000700600182000
(1789440825.764544) can0 01011840#FFFFFFFFFFFFFFFF
(1789440825.764953) can0 02051081#0000C84200000000
(1789440825.766905) can0 0205B881#2B1815320531E339
(1789440825.772881) can0 0205B941#0000000000000000
(1789440825.778857) can0 0205B801#0000720600182000
(1789440825.784582) can0 01011840#FFFFFFFFFFFFFFFF
(1789440825.784964) can0 02051081#0000C84200000000
(1789440825.786813) can0 0205B881#2B1815320531E339
(1789440825.792866) can0 0205B941#0000000000000000
(1789440825.798880) can0 0205B801#0000710600182000
(1789440825.804535) can0 01011840#FFFFFFFFFFFFFFFF
(1789440825.804922) can0 02051081#0000C84200000000
(1789440825.806867) can0 0205B881#2B1815320531E339
(1789440825.812886) can0 0205B941#0000000000000000
(1789440825.818827) can0 0205B801#0000710600182000
(1789440825.824540) can0 01011840#FFFFFFFFFFFFFFFF
(1789440825.824930) can0 02051081#0000C84200000000
(1789440825.826819) can0 0205B881#2B1815320531E339
(1789440825.832877) can0 0205B941#0000000000000000
(1789440825.838870) can0 0205B801#0000730600182000
(1789440825.844616) can0 01011840#FFFFFFFFFFFFFFFF
(1789440825.845013) can0 02051081#0000C84200000000
(1789440825.846815) can0 0205B881#2B1815320531E339
(1789440825.850882) can0 0205B841#0000000000400000
(1789440825.852830) can0 0205B941#0000000000000000
(1789440825.858869) can0 0205B801#0000720600182000
(1789440825.864533) can0 01011840#FFFFFFFFFFFFFFFF
(1789440825.864929) can0 02051081#0000C84200000000
(1789440825.866821) can0 0205B881#2B1815320531E339
(1789440825.872880) can0 0205B941#0000000000000000
(1789440825.878825) can0 0205B801#0000730600182000
(1789440825.884553) can0 01011840#FFFFFFFFFFFFFFFF
(1789440825.884940) can0 02051081#0000C84200000000
(1789440825.886810) can0 0205B881#2B1815320531E339
(1789440825.892853) can0 0205B941#0000000000000000
(1789440825.898883) can0 0205B801#0000740600182000
(1789440825.904552) can0 01011840#FFFFFFFFFFFFFFFF
(1789440825.904933) can0 02051081#0000C84200000000
(1789440825.906864) can0 0205B881#2B1815320531E339
(1789440825.912877) can0 0205B941#0000000000000000
(1789440825.918818) can0 0205B801#0000730600182000
(1789440825.924497) can0 01011840#FFFFFFFFFFFFFFFF
(1789440825.924882) can0 02051081#0000C84200000000
(1789440825.926816) can0 0205B881#2B1815320531E339
(1789440825.932872) can0 0205B941#0000000000000000
(1789440825.938873) can0 0205B801#0000750600182000
(1789440825.944486) can0 01011840#FFFFFFFFFFFFFFFF
(1789440825.944870) can0 02051081#0000C84200000000
(1789440825.946814) can0 0205B881#2B1815320531E339
(1789440825.952826) can0 0205B941#0000000000000000
(1789440825.958821) can0 0205B801#0000770600182000
(1789440825.964485) can0 01011840#FFFFFFFFFFFFFFFF
(1789440825.964869) can0 02051081#0000C84200000000
(1789440825.966817) can0 0205B881#2B1815320531E339
(1789440825.972872) can0 0205B941#0000000000000000
(1789440825.978870) can0 0205B801#0000750600182000
(1789440825.984488) can0 01011840#FFFFFFFFFFFFFFFF
(1789440825.984872) can0 02051081#0000C84200000000
(1789440825.986862) can0 0205B881#2B1815320531E339
(1789440825.992874) can0 0205B941#0000000000000000
(1789440825.998872) can0 0205B801#0000750600182000
(1789440826.004484) can0 01011840#FFFFFFFFFFFFFFFF
(1789440826.004869) can0 02051081#0000C84200000000
(1789440826.006813) can0 0205B881#2B1815320531E339
(1789440826.012828) can0 0205B941#0000000000000000
(1789440826.018824) can0 0205B801#0000780600182000
(1789440826.024487) can0 01011840#FFFFFFFFFFFFFFFF
(1789440826.024872) can0 02051081#0000C84200000000
(1789440826.026862) can0 0205B881#2B1815320531E339
(1789440826.032877) can0 0205B941#0000000000000000
(1789440826.038870) can0 0205B801#0000770600182000
(1789440826.044519) can0 01011840#FFFFFFFFFFFFFFFF
(1789440826.044899) can0 02051081#0000C84200000000
(1789440826.046862) can0 0205B881#2B1815320531E339
(1789440826.052818) can0 0205B941#0000000000000000
(1789440826.058820) can0 0205B801#0000780600182000
(1789440826.064510) can0 01011840#FFFFFFFFFFFFFFFF
(1789440826.064895) can0 02051081#0000C84200000000
(1789440826.066859) can0 0205B881#2B1815320531E339
(1789440826.072828) can0 0205B941#0000000000000000
(1789440826.078824) can0 0205B801#0000780600182000
(1789440826.084493) can0 01011840#FFFFFFFFFFFFFFFF
(1789440826.084878) can0 02051081#0000C84200000000
(1789440826.086863) can0 0205B881#2B1815320531E339
(1789440826.092880) can0 0205B941#0000000000000000
(1789440826.098872) can0 0205B801#0000770600182000
(1789440826.100822) can0 0205B841#0000000000400000
(1789440826.104525) can0 01011840#FFFFFFFFFFFFFFFF
(1789440826.104912) can0 02051081#0000C84200000000
(1789440826.106860) can0 0205B881#2B1815320531E339
(1789440826.112883) can0 0205B941#0000000000000000
(1789440826.118875) can0 0205B801#0000780600182000
(1789440826.124557) can0 01011840#FFFFFFFFFFFFFFFF
(1789440826.124949) can0 02051081#0000C84200000000
(1789440826.126815) can0 0205B881#2B1815320531E339
(1789440826.132869) can0 0205B941#0000000000000000
(1789440826.138876) can0 0205B801#00007A0600182000
(1789440826.144651) can0 01011840#FFFFFFFFFFFFFFFF
(1789440826.145045) can0 02051081#0000C84200000000
(1789440826.146863) can0 0205B881#2B1815320531E339
(1789440826.152873) can0 0205B941#0000000000000000
(1789440826.158873) can0 0205B801#0000780600182000
(1789440826.164552) can0 01011840#FFFFFFFFFFFFFFFF
(1789440826.164945) can0 02051081#0000C84200000000
(1789440826.166811) can0 0205B881#2B1815320531E339
(1789440826.172822) can0 0205B941#0000000000000000
(1789440826.178816) can0 0205B801#0000790600182000
(1789440826.184515) can0 01011840#FFFFFFFFFFFFFFFF
(1789440826.184897) can0 02051081#0000C84200000000
(1789440826.186862) can0 0205B881#2B1815320531E339
(1789440826.192818) can0 0205B941#0000000000000000
(1789440826.198873) can0 0205B801#0000790600182000
(1789440826.204490) can0 01011840#FFFFFFFFFFFFFFFF
(1789440826.204876) can0 02051081#0000C84200000000
(1789440826.206810) can0 0205B881#2B1815320531E339
(1789440826.212868) can0 0205B941#0000000000000000
(1789440826.218825) can0 0205B801#0000780600182000
(1789440826.224488) can0 01011840#FFFFFFFFFFFFFFFF
(1789440826.224873) can0 02051081#0000C84200000000
(1789440826.226858) can0 0205B881#2B1815320531E339
(1789440826.232870) can0 0205B941#0000000000000000
(1789440826.238868) can0 0205B801#0000790600182000
(1789440826.244485) can0 01011840#FFFFFFFFFFFFFFFF
(1789440826.244870) can0 02051081#0000C84200000000
(1789440826.246812) can0 0205B881#2B1815320531E339
(1789440826.252825) can0 0205B941#0000000000000000
(1789440826.258821) can0 0205B801#0000780600182000
(1789440826.264482) can0 01011840#FFFFFFFFFFFFFFFF
(1789440826.264869) can0 02051081#0000C84200000000
(1789440826.266857) can0 0205B881#2B1815320531E339
(1789440826.272873) can0 0205B941#0000000000000000
(1789440826.278869) can0 0205B801#0000760600182000
(1789440826.284488) can0 01011840#FFFFFFFFFFFFFFFF
(1789440826.284878) can0 02051081#0000C84200000000
(1789440826.286811) can0 0205B881#2B1815320531E339
(1789440826.292821) can0 0205B941#0000000000000000
(1789440826.298818) can0 0205B801#0000750600182000
(1789440826.304480) can0 01011840#FFFFFFFFFFFFFFFF
(1789440826.304866) can0 02051081#0000C84200000000
(1789440826.306863) can0 0205B881#2B1815320531E339
(1789440826.312818) can0 0205B941#0000000000000000
(1789440826.318816) can0 0205B801#0000750600182000
(1789440826.324489) can0 01011840#FFFFFFFFFFFFFFFF
(1789440826.324880) can0 02051081#0000C84200000000
(1789440826.326808) can0 0205B881#2B1815320531E339
(1789440826.332823) can0 0205B941#0000000000000000
(1789440826.338864) can0 0205B801#0000730600182000
(1789440826.344486) can0 01011840#FFFFFFFFFFFFFFFF
(1789440826.344874) can0 02051081#0000C84200000000
(1789440826.346861) can0 0205B881#2B1815320531E339
(1789440826.350818) can0 0205B841#0000000000400000
(1789440826.352867) can0 0205B941#0000000000000000
(1789440826.358865) can0 0205B801#0000700600182000
(1789440826.364483) can0 01011840#FFFFFFFFFFFFFFFF
(1789440826.364872) can0 02051081#0000C84200000000
(1789440826.366813) can0 0205B881#2B1815320531E339
(1789440826.372866) can0 0205B941#0000000000000000
(1789440826.378849) can0 0205B801#0000710600182000
(1789440826.384595) can0 01011840#FFFFFFFFFFFFFFFF
(1789440826.384988) can0 02051081#0000C84200000000
(1789440826.386853) can0 0205B881#2B1815320531E339
(1789440826.392863) can0 0205B941#0000000000000000
(1789440826.398877) can0 0205B801#00006E0600182000
(1789440826.404545) can0 01011840#FFFFFFFFFFFFFFFF
(1789440826.404932) can0 02051081#0000C84200000000
(1789440826.406808) can0 0205B881#2B1815320531E339
(1789440826.412818) can0 0205B941#0000000000000000
(1789440826.418818) can0 0205B801#00006E0600182000
(1789440826.424502) can0 01011840#FFFFFFFFFFFFFFFF
(1789440826.424891) can0 02051081#0000C84200000000
(1789440826.426858) can0 0205B881#2B1815320531E339
(1789440826.432820) can0 0205B941#0000000000000000
(1789440826.438818) can0 0205B801#0000700600182000
(1789440826.444488) can0 01011840#FFFFFFFFFFFFFFFF
(1789440826.444874) can0 02051081#0000C84200000000
(1789440826.446858) can0 0205B881#2B1815320531E339
(1789440826.452818) can0 0205B941#0000000000000000
(1789440826.458867) can0 0205B801#00006E0600182000
(1789440826.464487) can0 01011840#FFFFFFFFFFFFFFFF
(1789440826.464875) can0 02051081#0000C84200000000
(1789440826.466857) can0 0205B881#2B1815320531E339
(1789440826.472895) can0 0205B941#0000000000000000
(1789440826.478871) can0 0205B801#00006F0600182000
(1789440826.484540) can0 01011840#FFFFFFFFFFFFFFFF
(1789440826.484924) can0 02051081#0000C84200000000
(1789440826.486806) can0 0205B881#2B1815320531E339
(1789440826.492867) can0 0205B941#0000000000000000
(1789440826.498813) can0 0205B801#0000700600182000
(1789440826.504505) can0 01011840#FFFFFFFFFFFFFFFF
(1789440826.504892) can0 02051081#0000C84200000000
(1789440826.506810) can0 0205B881#2B1815320531E339
(1789440826.512867) can0 0205B941#0000000000000000
(1789440826.518812) can0 0205B801#00006D0600182000
(1789440826.524523) can0 01011840#FFFFFFFFFFFFFFFF
(1789440826.524915) can0 02051081#0000C84200000000
(1789440826.526859) can0 0205B881#2B1815320531E339
(1789440826.532814) can0 0205B941#0000000000000000
(1789440826.538816) can0 0205B801#00006E0600182000
(1789440826.544558) can0 01011840#FFFFFFFFFFFFFFFF
(1789440826.544950) can0 02051081#0000C84200000000
(1789440826.546803) can0 0205B881#2B1815320531E339
(1789440826.552822) can0 0205B941#0000000000000000
(1789440826.558869) can0 0205B801#00006E0600182000
(1789440826.564529) can0 01011840#FFFFFFFFFFFFFFFF
(1789440826.564917) can0 02051081#0000C84200000000
(1789440826.566806) can0 0205B881#2B1815320531E339
(1789440826.572864) can0 0205B941#0000000000000000
(1789440826.578866) can0 0205B801#00006D0600182000
(1789440826.584529) can0 01011840#FFFFFFFFFFFFFFFF
(1789440826.584922) can0 02051081#0000C84200000000
(1789440826.586854) can0 0205B881#2B1815320531E339
(1789440826.592817) can0 0205B941#0000000000000000
(1789440826.598814) can0 0205B801#00006C0600182000
(1789440826.600815) can0 0205B841#0000000000400000
(1789440826.604507) can0 01011840#FFFFFFFFFFFFFFFF
(1789440826.604889) can0 02051081#0000C84200000000
(1789440826.606808) can0 0205B881#2B1815320531E339
(1789440826.612863) can0 0205B941#0000000000000000
(1789440826.615814) can0 02051801#0000FFFFFFFF0000
(1789440826.617963) can0 0205BC01#6B392E9A
(1789440826.618808) can0 0205B801#00006D0600182000
(1789440826.624491) can0 01011840#FFFFFFFFFFFFFFFF
(1789440826.624880) can0 02051081#0000C84200000000
(1789440826.626856) can0 0205B881#2B1815320531E339
(1789440826.632815) can0 0205B941#0000000000000000
(1789440826.638814) can0 0205B801#00006C0600182000
(1789440826.644488) can0 01011840#FFFFFFFFFFFFFFFF
(1789440826.644876) can0 02051081#0000C84200000000
(1789440826.646803) can0 0205B881#2B1815320531E339
(1789440826.652861) can0 0205B941#0000000000000000
(1789440826.658864) can0 0205B801#00006B0600182000
(1789440826.664484) can0 01011840#FFFFFFFFFFFFFFFF
(1789440826.664872) can0 02051081#0000C84200000000
(1789440826.666806) can0 0205B881#2B1815320531E339
(1789440826.672863) can0 0205B941#0000000000000000
(1789440826.678864) can0 0205B801#00006C0600182000
(1789440826.684492) can0 01011840#FFFFFFFFFFFFFFFF
(1789440826.684881) can0 02051081#0000C84200000000
(1789440826.686855) can0 0205B881#2B1815320531E339
(1789440826.692816) can0 0205B941#0000000000000000
(1789440826.698858) can0 0205B801#00006C0600182000
(1789440826.704483) can0 01011840#FFFFFFFFFFFFFFFF
(1789440826.704869) can0 02051081#0000C84200000000
(1789440826.706805) can0 0205B881#2B1815320531E339
(1789440826.712812) can0 0205B941#0000000000000000
(1789440826.718817) can0 0205B801#00006B0600182000
(1789440826.724628) can0 01011840#FFFFFFFFFFFFFFFF
(1789440826.725028) can0 02051081#0000C84200000000
(1789440826.726851) can0 0205B881#2B1815320531E339
(1789440826.732813) can0 0205B941#0000000000000000
(1789440826.738859) can0 0205B801#00006B0600182000
(1789440826.744516) can0 01011840#FFFFFFFFFFFFFFFF
(1789440826.744904) can0 02051081#0000C84200000000
(1789440826.746854) can0 0205B881#2B1815320531E339
(1789440826.752862) can0 0205B941#0000000000000000
(1789440826.758811) can0 0205B801#00006B0600182000
(1789440826.764507) can0 01011840#FFFFFFFFFFFFFFFF
(1789440826.764898) can0 02051081#0000C84200000000
(1789440826.766858) can0 0205B881#2B1815320531E339
(1789440826.772871) can0 0205B941#0000000000000000
(1789440826.778821) can0 0205B801#00006B0600182000
(1789440826.784517) can0 01011840#FFFFFFFFFFFFFFFF
(1789440826.784917) can0 02051081#0000C84200000000
(1789440826.786901) can0 0205B881#2B1815320531E339
(1789440826.792866) can0 0205B941#0000000000000000
(1789440826.798909) can0 0205B801#00006B0600182000
(1789440826.804531) can0 01011840#FFFFFFFFFFFFFFFF
(1789440826.804904) can0 02051081#0000C84200000000
(1789440826.806793) can0 0205B881#2B1815320531E339
(1789440826.812862) can0 0205B941#0000000000000000
(1789440826.818859) can0 0205B801#00006A0600182000
(1789440826.824507) can0 01011840#FFFFFFFFFFFFFFFF
(1789440826.824895) can0 02051081#0000C84200000000
(1789440826.826851) can0 0205B881#2B1815320531E339
(1789440826.832862) can0 0205B941#0000000000000000
(1789440826.838858) can0 0205B801#00006A0600182000
(1789440826.844487) can0 01011840#FFFFFFFFFFFFFFFF
(1789440826.844872) can0 02051081#0000C84200000000
(1789440826.846854) can0 0205B881#2B1815320531E339
(1789440826.850813) can0 0205B841#0000000000400000
(1789440826.852863) can0 0205B941#0000000000000000
(1789440826.858860) can0 0205B801#00006A0600182000
(1789440826.864595) can0 01011840#FFFFFFFFFFFFFFFF
(1789440826.864994) can0 02051081#0000C84200000000
(1789440826.866805) can0 0205B881#2B1815320531E339
(1789440826.872816) can0 0205B941#0000000000000000
(1789440826.878810) can0 0205B801#0000690600182000
(1789440826.884521) can0 01011840#FFFFFFFFFFFFFFFF
(1789440826.884904) can0 02051081#0000C84200000000
(1789440826.886852) can0 0205B881#2B1815320531E339
(1789440826.892864) can0 0205B941#0000000000000000
(1789440826.898813) can0 0205B801#0000690600182000
(1789440826.904522) can0 01011840#FFFFFFFFFFFFFFFF
(1789440826.904909) can0 02051081#0000C84200000000
(1789440826.906797) can0 0205B881#2B1815320531E339
(1789440826.912814) can0 0205B941#0000000000000000
(1789440826.918846) can0 0205B801#00006C0600182000
(1789440826.924552) can0 01011840#FFFFFFFFFFFFFFFF
(1789440826.924944) can0 02051081#0000C84200000000
(1789440826.926855) can0 0205B881#2B1815320531E339
(1789440826.932811) can0 0205B941#0000000000000000
(1789440826.938811) can0 0205B801#0000690600182000
(1789440826.944510) can0 01011840#FFFFFFFFFFFFFFFF
(1789440826.944901) can0 02051081#0000C84200000000
(1789440826.946801) can0 0205B881#2B1815320531E339
(1789440826.952815) can0 0205B941#0000000000000000
(1789440826.958853) can0 0205B801#0000690600182000
(1789440826.964498) can0 01011840#FFFFFFFFFFFFFFFF
(1789440826.964880) can0 02051081#0000C84200000000
(1789440826.966799) can0 0205B881#2B1815320531E339
(1789440826.972857) can0 0205B941#0000000000000000
(1789440826.978835) can0 0205B801#00006A0600182000
(1789440826.984540) can0 01011840#FFFFFFFFFFFFFFFF
(1789440826.984930) can0 02051081#0000C84200000000
(1789440826.986854) can0 0205B881#2B1815320531E339
(1789440826.992854) can0 0205B941#0000000000000000
(1789440826.998855) can0 0205B801#0000690600182000
(1789440827.004498) can0 01011840#FFFFFFFFFFFFFFFF
(1789440827.004886) can0 02051081#0000C84200000000
(1789440827.006798) can0 0205B881#2B1815320531E339
(1789440827.012860) can0 0205B941#0000000000000000
(1789440827.018806) can0 0205B801#00006A0600182000
(1789440827.024484) can0 01011840#FFFFFFFFFFFFFFFF
(1789440827.024871) can0 02051081#0000C84200000000
(1789440827.026803) can0 0205B881#2B1815320531E339
(1789440827.032812) can0 0205B941#0000000000000000
(1789440827.038813) can0 0205B801#00006B0600182000
(1789440827.044490) can0 01011840#FFFFFFFFFFFFFFFF
(1789440827.044876) can0 02051081#0000C84200000000
(1789440827.046847) can0 0205B881#2B1815320531E339
(1789440827.052859) can0 0205B941#0000000000000000
(1789440827.058806) can0 0205B801#0000690600182000
(1789440827.064480) can0 01011840#FFFFFFFFFFFFFFFF
(1789440827.064862) can0 02051081#0000C84200000000
(1789440827.066842) can0 0205B881#2B1815320531E339
(1789440827.072809) can0 0205B941#0000000000000000
(1789440827.078858) can0 0205B801#0000690600182000
(1789440827.084489) can0 01011840#FFFFFFFFFFFFFFFF
(1789440827.084875) can0 02051081#0000C84200000000
(1789440827.086802) can0 0205B881#2B1815320531E339
(1789440827.092810) can0 0205B941#0000000000000000
(1789440827.098855) can0 0205B801#00006A0600182000
(1789440827.100859) can0 0205B841#0000000000400000
(1789440827.104484) can0 01011840#FFFFFFFFFFFFFFFF
(1789440827.104870) can0 02051081#0000C84200000000
(1789440827.106848) can0 0205B881#2B1815320531E339
(1789440827.112864) can0 0205B941#0000000000000000
(1789440827.118857) can0 0205B801#00006A0600182000
(1789440827.124541) can0 01011840#FFFFFFFFFFFFFFFF
(1789440827.124939) can0 02051081#0000C84200000000
(1789440827.126852) can0 0205B881#2B1815320531E339
(1789440827.132860) can0 0205B941#0000000000000000
(1789440827.138864) can0 0205B801#0000690600182000
(1789440827.144515) can0 01011840#FFFFFFFFFFFFFFFF
(1789440827.144905) can0 02051081#0000C84200000000
(1789440827.146848) can0 0205B881#2B1815320531E339
(1789440827.152864) can0 0205B941#0000000000000000
(1789440827.158804) can0 0205B801#00006A0600182000
(1789440827.164556) can0 01011840#FFFFFFFFFFFFFFFF
(1789440827.165096) can0 02051081#0000C84200000000
(1789440827.166842) can0 0205B881#2B1815320531E339
(1789440827.172844) can0 0205B941#0000000000000000
(1789440827.178853) can0 0205B801#0000680600182000
(1789440827.184554) can0 01011840#FFFFFFFFFFFFFFFF
(1789440827.184932) can0 02051081#0000C84200000000
(1789440827.186846) can0 0205B881#2B1815320531E339
(1789440827.192861) can0 0205B941#0000000000000000
(1789440827.198854) can0 0205B801#0000690600182000
(1789440827.204507) can0 01011840#FFFFFFFFFFFFFFFF
(1789440827.204890) can0 02051081#0000C84200000000
(1789440827.206798) can0 0205B881#2B1815320531E339
(1789440827.212855) can0 0205B941#0000000000000000
(1789440827.218810) can0 0205B801#00006A0600182000
(1789440827.224503) can0 01011840#FFFFFFFFFFFFFFFF
(1789440827.224890) can0 02051081#0000C84200000000
(1789440827.226849) can0 0205B881#2B1815320531E339
(1789440827.232863) can0 0205B941#0000000000000000
(1789440827.238863) can0 0205B801#0000690600182000
(1789440827.244565) can0 01011840#FFFFFFFFFFFFFFFF
(1789440827.244960) can0 02051081#0000C84200000000
(1789440827.246847) can0 0205B881#2B1815320531E339
(1789440827.252857) can0 0205B941#0000000000000000
(1789440827.258852) can0 0205B801#00006A0600182000
(1789440827.264511) can0 01011840#FFFFFFFFFFFFFFFF
(1789440827.264903) can0 02051081#0000C84200000000
(1789440827.266848) can0 0205B881#2B1815320531E339
(1789440827.272807) can0 0205B941#0000000000000000
(1789440827.278802) can0 0205B801#00006B0600182000
(1789440827.284494) can0 01011840#FFFFFFFFFFFFFFFF
(1789440827.284881) can0 02051081#0000C84200000000
(1789440827.286845) can0 0205B881#2B1815320531E339
(1789440827.292857) can0 0205B941#0000000000000000
(1789440827.298862) can0 0205B801#00006A0600182000
(1789440827.304514) can0 01011840#FFFFFFFFFFFFFFFF
(1789440827.304903) can0 02051081#0000C84200000000
(1789440827.306847) can0 0205B881#2B1815320531E339
(1789440827.312806) can0 0205B941#0000000000000000
(1789440827.318803) can0 0205B801#00006A0600182000
(1789440827.324507) can0 01011840#FFFFFFFFFFFFFFFF
(1789440827.324894) can0 02051081#0000C84200000000
(1789440827.326795) can0 0205B881#2B1815320531E339
(1789440827.332806) can0 0205B941#0000000000000000
(1789440827.338852) can0 0205B801#00006B0600182000
(1789440827.344485) can0 01011840#FFFFFFFFFFFFFFFF
(1789440827.344872) can0 02051081#0000C84200000000
(1789440827.346796) can0 0205B881#2B1815320531E339
(1789440827.350801) can0 0205B841#0000000000400000
(1789440827.352802) can0 0205B941#0000000000000000
(1789440827.358803) can0 0205B801#00006A0600182000
(1789440827.364483) can0 01011840#FFFFFFFFFFFFFFFF
(1789440827.364870) can0 02051081#0000C84200000000
(1789440827.366849) can0 0205B881#2B1815320531E339
(1789440827.372807) can0 0205B941#0000000000000000
(1789440827.378804) can0 0205B801#00006A0600182000
(1789440827.384488) can0 01011840#FFFFFFFFFFFFFFFF
(1789440827.384874) can0 02051081#0000C84200000000
(1789440827.386797) can0 0205B881#2B1815320531E339
(1789440827.392851) can0 0205B941#0000000000000000
(1789440827.398800) can0 0205B801#00006B0600182000
(1789440827.404484) can0 01011840#FFFFFFFFFFFFFFFF
(1789440827.404872) can0 02051081#0000C84200000000
(1789440827.406844) can0 0205B881#2B1815320531E339
(1789440827.412853) can0 0205B941#0000000000000000
(1789440827.418861) can0 0205B801#00006B0600182000
(1789440827.424521) can0 01011840#FFFFFFFFFFFFFFFF
(1789440827.424906) can0 02051081#0000C84200000000
(1789440827.426841) can0 0205B881#2B1815320531E339
(1789440827.432808) can0 0205B941#0000000000000000
(1789440827.438854) can0 0205B801#00006A0600182000
(1789440827.444525) can0 01011840#FFFFFFFFFFFFFFFF
(1789440827.444914) can0 02051081#0000C84200000000
(1789440827.446841) can0 0205B881#2B1815320531E339
(1789440827.452857) can0 0205B941#0000000000000000
(1789440827.458799) can0 0205B801#00006D0600182000
(1789440827.464500) can0 01011840#FFFFFFFFFFFFFFFF
(1789440827.464888) can0 02051081#0000C84200000000
(1789440827.466844) can0 0205B881#2B1815320531E339
(1789440827.472801) can0 0205B941#0000000000000000
(1789440827.478801) can0 0205B801#00006B0600182000
(1789440827.484486) can0 01011840#FFFFFFFFFFFFFFFF
(1789440827.484872) can0 02051081#0000C84200000000
(1789440827.486842) can0 0205B881#2B1815320531E339
(1789440827.492888) can0 0205B941#0000000000000000
(1789440827.498857) can0 0205B801#00006B0600182000
(1789440827.504539) can0 01011840#FFFFFFFFFFFFFFFF
(1789440827.504919) can0 02051081#0000C84200000000
(1789440827.506841) can0 0205B881#2B1815320531E339
(1789440827.512800) can0 0205B941#0000000000000000
(1789440827.518800) can0 0205B801#00006D0600182000
(1789440827.524508) can0 01011840#FFFFFFFFFFFFFFFF
(1789440827.524894) can0 02051081#0000C84200000000
(1789440827.526844) can0 0205B881#2B1815320531E339
(1789440827.532801) can0 0205B941#0000000000000000
(1789440827.538799) can0 0205B801#00006C0600182000
(1789440827.544570) can0 01011840#FFFFFFFFFFFFFFFF
(1789440827.544969) can0 02051081#0000C84200000000
(1789440827.546842) can0 0205B881#2B1815320531E339
(1789440827.552803) can0 0205B941#0000000000000000
(1789440827.558799) can0 0205B801#00006C0600182000
(1789440827.564541) can0 01011840#FFFFFFFFFFFFFFFF
(1789440827.564930) can0 02051081#0000C84200000000
(1789440827.566839) can0 0205B881#2B1815320531E339
(1789440827.572848) can0 0205B941#0000000000000000
(1789440827.578803) can0 0205B801#00006E0600182000
(1789440827.584522) can0 01011840#FFFFFFFFFFFFFFFF
(1789440827.584911) can0 02051081#0000C84200000000
(1789440827.586790) can0 0205B881#2B1815320531E339
(1789440827.592803) can0 0205B941#0000000000000000
(1789440827.598806) can0 0205B801#00006D0600182000
(1789440827.600797) can0 0205B841#0000000000400000
(1789440827.604534) can0 01011840#FFFFFFFFFFFFFFFF
(1789440827.604923) can0 02051081#0000C84200000000
(1789440827.606789) can0 0205B881#2B1815320531E339
(1789440827.612798) can0 0205B941#0000000000000000
(1789440827.615849) can0 02051801#0000FFFFFFFF0000
(1789440827.617749) can0 0205BC01#6B392E9A
(1789440827.618850) can0 0205B801#0000720600182000
(1789440827.624499) can0 01011840#FFFFFFFFFFFFFFFF
(1789440827.624888) can0 02051081#0000C84200000000
(1789440827.626839) can0 0205B881#2B1815320531E339
(1789440827.632810) can0 0205B941#0000000000000000
(1789440827.638807) can0 0205B801#00006F0600182000
(1789440827.644523) can0 01011840#FFFFFFFFFFFFFFFF
(1789440827.644912) can0 02051081#0000C84200000000
(1789440827.646792) can0 0205B881#2B1815320531E339
(1789440827.652849) can0 0205B941#0000000000000000
(1789440827.658893) can0 0205B801#00006E0600182000
(1789440827.664578) can0 01011840#FFFFFFFFFFFFFFFF
(1789440827.664959) can0 02051081#0000C84200000000
(1789440827.666778) can0 0205B881#2B1815320531E339
(1789440827.672854) can0 0205B941#0000000000000000
(1789440827.678846) can0 0205B801#00006E0600182000
(1789440827.684548) can0 01011840#FFFFFFFFFFFFFFFF
(1789440827.684933) can0 02051081#0000C84200000000
(1789440827.686790) can0 0205B881#2B1815320531E339
(1789440827.692799) can0 0205B941#0000000000000000
(1789440827.698848) can0 0205B801#00006F0600182000
(1789440827.704501) can0 01011840#FFFFFFFFFFFFFFFF
(1789440827.704889) can0 02051081#0000C84200000000
(1789440827.706838) can0 0205B881#2B1815320531E339
(1789440827.712850) can0 0205B941#0000000000000000
(1789440827.718851) can0 0205B801#00006F0600182000
(1789440827.724493) can0 01011840#FFFFFFFFFFFFFFFF
(1789440827.724879) can0 02051081#0000C84200000000
(1789440827.726840) can0 0205B881#2B1815320531E339
(1789440827.732799) can0 0205B941#0000000000000000
(1789440827.738845) can0 0205B801#00006F0600182000
(1789440827.744613) can0 01011840#FFFFFFFFFFFFFFFF
(1789440827.745015) can0 02051081#0000C84200000000
(1789440827.746797) can0 0205B881#2B1815320531E339
(1789440827.752856) can0 0205B941#0000000000000000
(1789440827.758793) can0 0205B801#0000720600182000
(1789440827.764539) can0 01011840#FFFFFFFFFFFFFFFF
(1789440827.764924) can0 02051081#0000C84200000000
(1789440827.766836) can0 0205B881#2B1815320531E339
(1789440827.772850) can0 0205B941#0000000000000000
(1789440827.778797) can0 0205B801#0000710600182000
(1789440827.784501) can0 01011840#FFFFFFFFFFFFFFFF
(1789440827.784887) can0 02051081#0000C84200000000
(1789440827.786790) can0 0205B881#2B1815320531E339
(1789440827.792803) can0 0205B941#0000000000000000
(1789440827.798846) can0 0205B801#0000710600182000
(1789440827.804490) can0 01011840#FFFFFFFFFFFFFFFF
(1789440827.804877) can0 02051081#0000C84200000000
(1789440827.806867) can0 0205B881#2B1815320531E339
(1789440827.812910) can0 0205B941#0000000000000000
(1789440827.818832) can0 0205B801#0000740600182000
(1789440827.824522) can0 01011840#FFFFFFFFFFFFFFFF
(1789440827.824893) can0 02051081#0000C84200000000
(1789440827.826834) can0 0205B881#2B1815320531E339
(1789440827.832841) can0 0205B941#0000000000000000
(1789440827.838843) can0 0205B801#0000730600182000
(1789440827.844537) can0 01011840#FFFFFFFFFFFFFFFF
(1789440827.844925) can0 02051081#0000C84200000000
(1789440827.846791) can0 0205B881#2B1815320531E339
(1789440827.850798) can0 0205B841#0000000000400000
(1789440827.852845) can0 0205B941#0000000000000000
(1789440827.858800) can0 0205B801#0000730600182000
(1789440827.864512) can0 01011840#FFFFFFFFFFFFFFFF
(1789440827.864897) can0 02051081#0000C84200000000
(1789440827.866832) can0 0205B881#2B1815320531E339
(1789440827.872797) can0 0205B941#0000000000000000
(1789440827.878800) can0 0205B801#0000750600182000
(1789440827.884606) can0 01011840#FFFFFFFFFFFFFFFF
(1789440827.885007) can0 02051081#0000C84200000000
(1789440827.886787) can0 0205B881#2B1815320531E339
(1789440827.892842) can0 0205B941#0000000000000000
(1789440827.898843) can0 0205B801#0000740600182000
(1789440827.904533) can0 01011840#FFFFFFFFFFFFFFFF
(1789440827.904916) can0 02051081#0000C84200000000
(1789440827.906791) can0 0205B881#2B1815320531E339
(1789440827.912845) can0 0205B941#0000000000000000
(1789440827.918843) can0 0205B801#0000740600182000
(1789440827.924496) can0 01011840#FFFFFFFFFFFFFFFF
(1789440827.924882) can0 02051081#0000C84200000000
(1789440827.926833) can0 0205B881#2B1815320531E339
(1789440827.932823) can0 0205B941#0000000000000000
(1789440827.938811) can0 0205B801#0000760600182000
(1789440827.944541) can0 01011840#FFFFFFFFFFFFFFFF
(1789440827.944925) can0 02051081#0000C84200000000
(1789440827.946831) can0 0205B881#2B1815320531E339
(1789440827.952847) can0 0205B941#0000000000000000
(1789440827.958841) can0 0205B801#0000750600182000
(1789440827.964505) can0 01011840#FFFFFFFFFFFFFFFF
(1789440827.964891) can0 02051081#0000C84200000000
(1789440827.966786) can0 0205B881#2B1815320531E339
(1789440827.972796) can0 0205B941#0000000000000000
(1789440827.978797) can0 0205B801#0000750600182000
(1789440827.984485) can0 01011840#FFFFFFFFFFFFFFFF
(1789440827.984870) can0 02051081#0000C84200000000
(1789440827.986782) can0 0205B881#2B1815320531E339
(1789440827.992798) can0 0205B941#0000000000000000
(1789440827.998796) can0 0205B801#0000780600182000
(1789440828.004482) can0 01011840#FFFFFFFFFFFFFFFF
(1789440828.004868) can0 02051081#0000C84200000000
(1789440828.006836) can0 0205B881#2B1815320531E339
(1789440828.012796) can0 0205B941#0000000000000000
(1789440828.018790) can0 0205B801#0000770600182000
(1789440828.024487) can0 01011840#FFFFFFFFFFFFFFFF
(1789440828.024872) can0 02051081#0000C84200000000
(1789440828.026833) can0 0205B881#2B1815320531E339
(1789440828.032864) can0 0205B941#0000000000000000
(1789440828.038850) can0 0205B801#0000770600182000
(1789440828.044557) can0 01011840#FFFFFFFFFFFFFFFF
(1789440828.044948) can0 02051081#0000C84200000000
(1789440828.046838) can0 0205B881#2B1815320531E339
(1789440828.052789) can0 0205B941#0000000000000000
(1789440828.058791) can0 0205B801#0000790600182000
(1789440828.064509) can0 01011840#FFFFFFFFFFFFFFFF
(1789440828.064896) can0 02051081#0000C84200000000
(1789440828.066830) can0 0205B881#2B1815320531E339
(1789440828.072845) can0 0205B941#0000000000000000
(1789440828.078842) can0 0205B801#0000790600182000
(1789440828.084493) can0 01011840#FFFFFFFFFFFFFFFF
(1789440828.084877) can0 02051081#0000C84200000000
(1789440828.086785) can0 0205B881#2B1815320531E339
(1789440828.092808) can0 0205B941#0000000000000000
(1789440828.098838) can0 0205B801#0000790600182000
(1789440828.100794) can0 0205B841#0000000000400000
(1789440828.104495) can0 01011840#FFFFFFFFFFFFFFFF
(1789440828.104881) can0 02051081#0000C84200000000
(1789440828.106784) can0 0205B881#2B1815320531E339
(1789440828.112797) can0 0205B941#0000000000000000
(1789440828.118795) can0 0205B801#00007B0600182000
(1789440828.124567) can0 01011840#FFFFFFFFFFFFFFFF
(1789440828.124958) can0 02051081#0000C84200000000
(1789440828.126779) can0 0205B881#2B1815320531E339
(1789440828.132810) can0 0205B941#0000000000000000
(1789440828.138807) can0 0205B801#0000790600182000
(1789440828.144596) can0 01011840#FFFFFFFFFFFFFFFF
(1789440828.144980) can0 02051081#0000C84200000000
(1789440828.146784) can0 0205B881#2B1815320531E339
(1789440828.152851) can0 0205B941#0000000000000000
(1789440828.158845) can0 0205B801#0000790600182000
(1789440828.164572) can0 01011840#FFFFFFFFFFFFFFFF
(1789440828.164963) can0 02051081#0000C84200000000
(1789440828.166834) can0 0205B881#2B1815320531E339
(1789440828.172793) can0 0205B941#0000000000000000
(1789440828.178788) can0 0205B801#00007B0600182000
(1789440828.184616) can0 01011840#FFFFFFFFFFFFFFFF
(1789440828.185013) can0 02051081#0000C84200000000
(1789440828.186830) can0 0205B881#2B1815320531E339
(1789440828.192846) can0 0205B941#0000000000000000
(1789440828.198840) can0 0205B801#00007A0600182000
(1789440828.204522) can0 01011840#FFFFFFFFFFFFFFFF
(1789440828.204902) can0 02051081#0000C84200000000
(1789440828.206785) can0 0205B881#2B1815320531E339
(1789440828.212840) can0 0205B941#0000000000000000
(1789440828.218838) can0 0205B801#00007A0600182000
(1789440828.224491) can0 01011840#FFFFFFFFFFFFFFFF
(1789440828.224878) can0 02051081#0000C84200000000
(1789440828.226829) can0 0205B881#2B1815320531E339
(1789440828.232844) can0 0205B941#0000000000000000
(1789440828.238854) can0 0205B801#00007A0600182000
(1789440828.244516) can0 01011840#FFFFFFFFFFFFFFFF
(1789440828.244902) can0 02051081#0000C84200000000
(1789440828.246784) can0 0205B881#2B1815320531E339
(1789440828.252839) can0 0205B941#0000000000000000
(1789440828.258841) can0 0205B801#0000780600182000
(1789440828.264525) can0 01011840#FFFFFFFFFFFFFFFF
(1789440828.264909) can0 02051081#0000C84200000000
(1789440828.266779) can0 0205B881#2B1815320531E339
(1789440828.272794) can0 0205B941#0000000000000000
(1789440828.278789) can0 0205B801#0000760600182000
(1789440828.284499) can0 01011840#FFFFFFFFFFFFFFFF
(1789440828.284883) can0 02051081#0000C84200000000
(1789440828.286782) can0 0205B881#2B1815320531E339
(1789440828.292837) can0 0205B941#0000000000000000
(1789440828.298836) can0 0205B801#0000750600182000
(1789440828.304492) can0 01011840#FFFFFFFFFFFFFFFF
(1789440828.304876) can0 02051081#0000C84200000000
(1789440828.306779) can0 0205B881#2B1815320531E339
(1789440828.312793) can0 0205B941#0000000000000000
(1789440828.318794) can0 0205B801#0000720600182000
(1789440828.324523) can0 01011840#FFFFFFFFFFFFFFFF
(1789440828.324908) can0 02051081#0000C84200000000
(1789440828.326827) can0 0205B881#2B1815320531E339
(1789440828.332843) can0 0205B941#0000000000000000
(1789440828.338789) can0 0205B801#0000710600182000
(1789440828.344512) can0 01011840#FFFFFFFFFFFFFFFF
(1789440828.344896) can0 02051081#0000C84200000000
(1789440828.346831) can0 0205B881#2B1815320531E339
(1789440828.350836) can0 0205B841#0000000000400000
(1789440828.352839) can0 0205B941#0000000000000000
(1789440828.358837) can0 0205B801#0000700600182000
(1789440828.364517) can0 01011840#FFFFFFFFFFFFFFFF
(1789440828.364901) can0 02051081#0000C84200000000
(1789440828.366779) can0 0205B881#2B1815320531E339
(1789440828.372793) can0 0205B941#0000000000000000
(1789440828.378789) can0 0205B801#00006F0600182000
(1789440828.384504) can0 01011840#FFFFFFFFFFFFFFFF
(1789440828.384887) can0 02051081#0000C84200000000
(1789440828.386830) can0 0205B881#2B1815320531E339
(1789440828.392793) can0 0205B941#0000000000000000
(1789440828.398789) can0 0205B801#00006F0600182000
(1789440828.404519) can0 01011840#FFFFFFFFFFFFFFFF
(1789440828.404905) can0 02051081#0000C84200000000
(1789440828.406776) can0 0205B881#2B1815320531E339
(1789440828.412810) can0 0205B941#0000000000000000
(1789440828.418790) can0 0205B801#0000700600182000
(1789440828.424547) can0 01011840#FFFFFFFFFFFFFFFF
(1789440828.424937) can0 02051081#0000C84200000000
(1789440828.426828) can0 0205B881#2B1815320531E339
(1789440828.432791) can0 0205B941#0000000000000000
(1789440828.438797) can0 0205B801#00006F0600182000
(1789440828.444561) can0 01011840#FFFFFFFFFFFFFFFF
(1789440828.445005) can0 02051081#0000C84200000000
(1789440828.446784) can0 0205B881#2B1815320531E339
(1789440828.452844) can0 0205B941#0000000000000000
(1789440828.458782) can0 0205B801#00006F0600182000
(1789440828.464512) can0 01011840#FFFFFFFFFFFFFFFF
(1789440828.464893) can0 02051081#0000C84200000000
(1789440828.466779) can0 0205B881#2B1815320531E339
(1789440828.472835) can0 0205B941#0000000000000000
(1789440828.478837) can0 0205B801#00006E0600182000
(1789440828.484490) can0 01011840#FFFFFFFFFFFFFFFF
(1789440828.484875) can0 02051081#0000C84200000000
(1789440828.486776) can0 0205B881#2B1815320531E339
(1789440828.492837) can0 0205B941#0000000000000000
(1789440828.498835) can0 0205B801#00006E0600182000
(1789440828.504491) can0 01011840#FFFFFFFFFFFFFFFF
(1789440828.504875) can0 02051081#0000C84200000000
(1789440828.506781) can0 0205B881#2B1815320531E339
(1789440828.512838) can0 0205B941#0000000000000000
(1789440828.518870) can0 0205B801#00006D0600182000
(1789440828.524579) can0 01011840#FFFFFFFFFFFFFFFF
(1789440828.524971) can0 02051081#0000C84200000000
(1789440828.526778) can0 0205B881#2B1815320531E339
(1789440828.532834) can0 0205B941#0000000000000000
(1789440828.538835) can0 0205B801#00006E0600182000
(1789440828.544522) can0 01011840#FFFFFFFFFFFFFFFF
(1789440828.544914) can0 02051081#0000C84200000000
(1789440828.546780) can0 0205B881#2B1815320531E339
(1789440828.552814) can0 0205B941#0000000000000000
(1789440828.558856) can0 0205B801#00006D0600182000
(1789440828.564521) can0 01011840#FFFFFFFFFFFFFFFF
(1789440828.564896) can0 02051081#0000C84200000000
(1789440828.566864) can0 0205B881#2B1815320531E339
(1789440828.572840) can0 0205B941#0000000000000000
(1789440828.578833) can0 0205B801#00006C0600182000
(1789440828.584500) can0 01011840#FFFFFFFFFFFFFFFF
(1789440828.584881) can0 02051081#0000C84200000000
(1789440828.586773) can0 0205B881#2B1815320531E339
(1789440828.592832) can0 0205B941#0000000000000000
(1789440828.598833) can0 0205B801#00006D0600182000
(1789440828.600788) can0 0205B841#0000000000400000
(1789440828.604502) can0 01011840#FFFFFFFFFFFFFFFF
(1789440828.604886) can0 02051081#0000C84200000000
(1789440828.606778) can0 0205B881#2B1815320531E339
(1789440828.612844) can0 0205B941#0000000000000000
(1789440828.615780) can0 02051801#0000FFFFFFFF0000
(1789440828.617790) can0 0205BC01#6B392E9A
(1789440828.618835) can0 0205B801#00006B0600182000
(1789440828.624484) can0 01011840#FFFFFFFFFFFFFFFF
(1789440828.624870) can0 02051081#0000C84200000000
(1789440828.626780) can0 0205B881#2B1815320531E339
(1789440828.632785) can0 0205B941#0000000000000000
(1789440828.638793) can0 0205B801#00006C0600182000
(1789440828.644515) can0 01011840#FFFFFFFFFFFFFFFF
(1789440828.644900) can0 02051081#0000C84200000000
(1789440828.646782) can0 0205B881#2B1815320531E339
(1789440828.652793) can0 0205B941#0000000000000000
(1789440828.658817) can0 0205B801#00006E0600182000
(1789440828.664552) can0 01011840#FFFFFFFFFFFFFFFF
(1789440828.664932) can0 02051081#0000C84200000000
(1789440828.666819) can0 0205B881#2B1815320531E339
(1789440828.672798) can0 0205B941#0000000000000000
(1789440828.678834) can0 0205B801#00006B0600182000
(1789440828.684548) can0 01011840#FFFFFFFFFFFFFFFF
(1789440828.684937) can0 02051081#0000C84200000000
(1789440828.686778) can0 0205B881#2B1815320531E339
(1789440828.692785) can0 0205B941#0000000000000000
(1789440828.698787) can0 0205B801#00006B0600182000
(1789440828.704500) can0 01011840#FFFFFFFFFFFFFFFF
(1789440828.704885) can0 02051081#0000C84200000000
(1789440828.706826) can0 0205B881#2B1815320531E339
(1789440828.712835) can0 0205B941#0000000000000000
(1789440828.718781) can0 0205B801#00006D0600182000
(1789440828.724483) can0 01011840#FFFFFFFFFFFFFFFF
(1789440828.724868) can0 02051081#0000C84200000000
(1789440828.726772) can0 0205B881#2B1815320531E339
(1789440828.732834) can0 0205B941#0000000000000000
(1789440828.738788) can0 0205B801#00006B0600182000
(1789440828.744513) can0 01011840#FFFFFFFFFFFFFFFF
(1789440828.744897) can0 02051081#0000C84200000000
(1789440828.746778) can0 0205B881#2B1815320531E339
(1789440828.752785) can0 0205B941#0000000000000000
(1789440828.758831) can0 0205B801#00006B0600182000
(1789440828.764503) can0 01011840#FFFFFFFFFFFFFFFF
(1789440828.764886) can0 02051081#0000C84200000000
(1789440828.766781) can0 0205B881#2B1815320531E339
(1789440828.772814) can0 0205B941#0000000000000000
(1789440828.778837) can0 0205B801#00006C0600182000
(1789440828.784561) can0 01011840#FFFFFFFFFFFFFFFF
(1789440828.784944) can0 02051081#0000C84200000000
(1789440828.786819) can0 0205B881#2B1815320531E339
(1789440828.792838) can0 0205B941#0000000000000000
(1789440828.798784) can0 0205B801#00006B0600182000
(1789440828.804501) can0 01011840#FFFFFFFFFFFFFFFF
(1789440828.804887) can0 02051081#0000C84200000000
(1789440828.806824) can0 0205B881#2B1815320531E339
(1789440828.812835) can0 0205B941#0000000000000000
(1789440828.818827) can0 0205B801#00006A0600182000
(1789440828.824491) can0 01011840#FFFFFFFFFFFFFFFF
(1789440828.824874) can0 02051081#0000C84200000000
(1789440828.826852) can0 0205B881#2B1815320531E339
(1789440828.832866) can0 0205B941#0000000000000000
(1789440828.838876) can0 0205B801#00006B0600182000
(1789440828.844531) can0 01011840#FFFFFFFFFFFFFFFF
(1789440828.844903) can0 02051081#0000C84200000000
(1789440828.846765) can0 0205B881#2B1815320531E339
(1789440828.850776) can0 0205B841#0000000000400000
(1789440828.852774) can0 0205B941#0000000000000000
(1789440828.858828) can0 0205B801#00006B0600182000
(1789440828.864539) can0 01011840#FFFFFFFFFFFFFFFF
(1789440828.864928) can0 02051081#0000C84200000000
(1789440828.866828) can0 0205B881#2B1815320531E339
(1789440828.872783) can0 0205B941#0000000000000000
(1789440828.878845) can0 0205B801#00006A0600182000
(1789440828.884587) can0 01011840#FFFFFFFFFFFFFFFF
(1789440828.884981) can0 02051081#0000C84200000000
(1789440828.886820) can0 0205B881#2B1815320531E339
(1789440828.892778) can0 0205B941#0000000000000000
(1789440828.898787) can0 0205B801#00006B0600182000
(1789440828.904594) can0 01011840#FFFFFFFFFFFFFFFF
(1789440828.904993) can0 02051081#0000C84200000000
(1789440828.906821) can0 0205B881#2B1815320531E339
(1789440828.912831) can0 0205B941#0000000000000000
(1789440828.918778) can0 0205B801#00006B0600182000
(1789440828.924536) can0 01011840#FFFFFFFFFFFFFFFF
(1789440828.924925) can0 02051081#0000C84200000000
(1789440828.926825) can0 0205B881#2B1815320531E339
(1789440828.932786) can0 0205B941#0000000000000000
(1789440828.938830) can0 0205B801#00006A0600182000
(1789440828.944529) can0 01011840#FFFFFFFFFFFFFFFF
(1789440828.944920) can0 02051081#0000C84200000000
(1789440828.946824) can0 0205B881#2B1815320531E339
(1789440828.952814) can0 0205B941#0000000000000000
(1789440828.958839) can0 0205B801#00006B0600182000
(1789440828.964562) can0 01011840#FFFFFFFFFFFFFFFF
(1789440828.964948) can0 02051081#0000C84200000000
(1789440828.966773) can0 0205B881#2B1815320531E339
(1789440828.972779) can0 0205B941#0000000000000000
(1789440828.978781) can0 0205B801#00006A0600182000
(1789440828.984500) can0 01011840#FFFFFFFFFFFFFFFF
(1789440828.984885) can0 02051081#0000C84200000000
(1789440828.986770) can0 0205B881#2B1815320531E339
(1789440828.992831) can0 0205B941#0000000000000000
(1789440828.998806) can0 0205B801#00006B0600182000
(1789440829.004538) can0 01011840#FFFFFFFFFFFFFFFF
(1789440829.004928) can0 02051081#0000C84200000000
(1789440829.006816) can0 0205B881#2B1815320531E339
(1789440829.012789) can0 0205B941#0000000000000000
(1789440829.018837) can0 0205B801#0000690600182000
(1789440829.024555) can0 01011840#FFFFFFFFFFFFFFFF
(1789440829.024942) can0 02051081#0000C84200000000
(1789440829.026775) can0 0205B881#2B1815320531E339
(1789440829.032780) can0 0205B941#0000000000000000
(1789440829.038833) can0 0205B801#0000690600182000
(1789440829.044680) can0 01011840#FFFFFFFFFFFFFFFF
(1789440829.045078) can0 02051081#0000C84200000000
(1789440829.046822) can0 0205B881#2B1815320531E339
(1789440829.052786) can0 0205B941#0000000000000000
(1789440829.058779) can0 0205B801#00006A0600182000
(1789440829.064563) can0 01011840#FFFFFFFFFFFFFFFF
(1789440829.064947) can0 02051081#0000C84200000000
(1789440829.066768) can0 0205B881#2B1815320531E339
(1789440829.072776) can0 0205B941#0000000000000000
(1789440829.078829) can0 0205B801#0000690600182000
(1789440829.084501) can0 01011840#FFFFFFFFFFFFFFFF
(1789440829.084885) can0 02051081#0000C84200000000
(1789440829.086773) can0 0205B881#2B1815320531E339
(1789440829.092788) can0 0205B941#0000000000000000
(1789440829.098777) can0 0205B801#00006A0600182000
(1789440829.100776) can0 0205B841#0000000000400000
(1789440829.104485) can0 01011840#FFFFFFFFFFFFFFFF
(1789440829.104871) can0 02051081#0000C84200000000
(1789440829.106773) can0 0205B881#2B1815320531E339
(1789440829.112782) can0 0205B941#0000000000000000
(1789440829.118827) can0 0205B801#0000690600182000
(1789440829.124528) can0 01011840#FFFFFFFFFFFFFFFF
(1789440829.124914) can0 02051081#0000C84200000000
(1789440829.126772) can0 0205B881#2B1815320531E339
(1789440829.132780) can0 0205B941#0000000000000000
(1789440829.138871) can0 0205B801#0000690600182000
(1789440829.144531) can0 01011840#FFFFFFFFFFFFFFFF
(1789440829.144916) can0 02051081#0000C84200000000
(1789440829.146763) can0 0205B881#2B1815320531E339
(1789440829.152781) can0 0205B941#0000000000000000
(1789440829.158784) can0 0205B801#0000690600182000
(1789440829.164540) can0 01011840#FFFFFFFFFFFFFFFF
(1789440829.164942) can0 02051081#0000C84200000000
(1789440829.166816) can0 0205B881#2B1815320531E339
(1789440829.172830) can0 0205B941#0000000000000000
(1789440829.178824) can0 0205B801#0000690600182000
(1789440829.184526) can0 01011840#FFFFFFFFFFFFFFFF
(1789440829.184911) can0 02051081#0000C84200000000
(1789440829.186769) can0 0205B881#2B1815320531E339
(1789440829.192778) can0 0205B941#0000000000000000
(1789440829.198776) can0 0205B801#00006A0600182000
(1789440829.204629) can0 01011840#FFFFFFFFFFFFFFFF
(1789440829.205029) can0 02051081#0000C84200000000
(1789440829.206769) can0 0205B881#2B1815320531E339
(1789440829.212825) can0 0205B941#0000000000000000
(1789440829.218776) can0 0205B801#0000690600182000
(1789440829.224521) can0 01011840#FFFFFFFFFFFFFFFF
(1789440829.224907) can0 02051081#0000C84200000000
(1789440829.226763) can0 0205B881#2B1815320531E339
(1789440829.232832) can0 0205B941#0000000000000000
(1789440829.238838) can0 0205B801#0000680600182000
(1789440829.244521) can0 01011840#FFFFFFFFFFFFFFFF
(1789440829.244907) can0 02051081#0000C84200000000
(1789440829.246821) can0 0205B881#2B1815320531E339
(1789440829.252778) can0 0205B941#0000000000000000
(1789440829.258777) can0 0205B801#00006B0600182000
(1789440829.264520) can0 01011840#FFFFFFFFFFFFFFFF
(1789440829.264906) can0 02051081#0000C84200000000
(1789440829.266767) can0 0205B881#2B1815320531E339
(1789440829.272827) can0 0205B941#0000000000000000
(1789440829.278820) can0 0205B801#0000690600182000
(1789440829.284528) can0 01011840#FFFFFFFFFFFFFFFF
(1789440829.284912) can0 02051081#0000C84200000000
(1789440829.286818) can0 0205B881#2B1815320531E339
(1789440829.292776) can0 0205B941#0000000000000000
(1789440829.298828) can0 0205B801#0000690600182000
(1789440829.304512) can0 01011840#FFFFFFFFFFFFFFFF
(1789440829.304897) can0 02051081#0000C84200000000
(1789440829.306767) can0 0205B881#2B1815320531E339
(1789440829.312778) can0 0205B941#0000000000000000
(1789440829.318775) can0 0205B801#00006C0600182000
(1789440829.324514) can0 01011840#FFFFFFFFFFFFFFFF
(1789440829.324898) can0 02051081#0000C84200000000
(1789440829.326823) can0 0205B881#2B1815320531E339
(1789440829.332779) can0 0205B941#0000000000000000
(1789440829.338805) can0 0205B801#0000690600182000
(1789440829.344612) can0 01011840#FFFFFFFFFFFFFFFF
(1789440829.345010) can0 02051081#0000C84200000000
(1789440829.346834) can0 0205B881#2B1815320531E339
(1789440829.350834) can0 0205B841#0000000000400000
(1789440829.352828) can0 0205B941#0000000000000000
(1789440829.358831) can0 0205B801#0000690600182000
(1789440829.364518) can0 01011840#FFFFFFFFFFFFFFFF
(1789440829.364889) can0 02051081#0000C84200000000
(1789440829.366755) can0 0205B881#2B1815320531E339
(1789440829.372771) can0 0205B941#0000000000000000
(1789440829.378771) can0 0205B801#00006C0600182000
(1789440829.384518) can0 01011840#FFFFFFFFFFFFFFFF
(1789440829.384905) can0 02051081#0000C84200000000
(1789440829.386816) can0 0205B881#2B1815320531E339
(1789440829.392824) can0 0205B941#0000000000000000
(1789440829.398826) can0 0205B801#00006A0600182000
(1789440829.404491) can0 01011840#FFFFFFFFFFFFFFFF
(1789440829.404876) can0 02051081#0000C84200000000
(1789440829.406814) can0 0205B881#2B1815320531E339
(1789440829.412826) can0 0205B941#0000000000000000
(1789440829.418775) can0 0205B801#00006B0600182000
(1789440829.424482) can0 01011840#FFFFFFFFFFFFFFFF
(1789440829.424867) can0 02051081#0000C84200000000
(1789440829.426814) can0 0205B881#2B1815320531E339
(1789440829.432775) can0 0205B941#0000000000000000
(1789440829.438778) can0 0205B801#00006C0600182000
(1789440829.444522) can0 01011840#FFFFFFFFFFFFFFFF
(1789440829.444910) can0 02051081#0000C84200000000
(1789440829.446766) can0 0205B881#2B1815320531E339
(1789440829.452783) can0 0205B941#0000000000000000
(1789440829.458772) can0 0205B801#00006B0600182000
(1789440829.464533) can0 01011840#FFFFFFFFFFFFFFFF
(1789440829.464924) can0 02051081#0000C84200000000
(1789440829.466815) can0 0205B881#2B1815320531E339
(1789440829.472826) can0 0205B941#0000000000000000
(1789440829.478825) can0 0205B801#00006B0600182000
(1789440829.484499) can0 01011840#FFFFFFFFFFFFFFFF
(1789440829.484884) can0 02051081#0000C84200000000
(1789440829.486813) can0 0205B881#2B1815320531E339
(1789440829.492827) can0 0205B941#0000000000000000
(1789440829.498822) can0 0205B801#00006C0600182000
(1789440829.504488) can0 01011840#FFFFFFFFFFFFFFFF
(1789440829.504874) can0 02051081#0000C84200000000
(1789440829.506768) can0 0205B881#2B1815320531E339
(1789440829.512822) can0 0205B941#0000000000000000
(1789440829.518823) can0 0205B801#00006B0600182000
(1789440829.524481) can0 01011840#FFFFFFFFFFFFFFFF
(1789440829.524868) can0 02051081#0000C84200000000
(1789440829.526763) can0 0205B881#2B1815320531E339
(1789440829.532776) can0 0205B941#0000000000000000
(1789440829.538853) can0 0205B801#00006D0600182000
(1789440829.544630) can0 01011840#FFFFFFFFFFFFFFFF
(1789440829.545038) can0 02051081#0000C84200000000
(1789440829.546816) can0 0205B881#2B1815320531E339
(1789440829.552847) can0 0205B941#0000000000000000
(1789440829.558814) can0 0205B801#00006E0600182000
(1789440829.564539) can0 01011840#FFFFFFFFFFFFFFFF
(1789440829.564929) can0 02051081#0000C84200000000
(1789440829.566818) can0 0205B881#2B1815320531E339
(1789440829.572821) can0 0205B941#0000000000000000
(1789440829.578777) can0 0205B801#00006C0600182000
(1789440829.584542) can0 01011840#FFFFFFFFFFFFFFFF
(1789440829.584934) can0 02051081#0000C84200000000
(1789440829.586768) can0 0205B881#2B1815320531E339
(1789440829.592785) can0 0205B941#0000000000000000
(1789440829.598828) can0 0205B801#00006D0600182000
(1789440829.600767) can0 0205B841#0000000000400000
(1789440829.604528) can0 01011840#FFFFFFFFFFFFFFFF
(1789440829.604912) can0 02051081#0000C84200000000
(1789440829.606819) can0 0205B881#2B1815320531E339
(1789440829.612837) can0 0205B941#0000000000000000
(1789440829.615772) can0 02051801#0000FFFFFFFF0000
(1789440829.617719) can0 0205BC01#6B392E9A
(1789440829.618862) can0 0205B801#0000750600182000
(1789440829.624536) can0 01011840#FFFFFFFFFFFFFFFF
(1789440829.624917) can0 02051081#0000C84200000000
(1789440829.626805) can0 0205B881#2B1815320531E339
(1789440829.632772) can0 0205B941#0000000000000000
(1789440829.638829) can0 0205B801#00006E0600182000
(1789440829.644535) can0 01011840#FFFFFFFFFFFFFFFF
(1789440829.644922) can0 02051081#0000C84200000000
(1789440829.646813) can0 0205B881#2B1815320531E339
(1789440829.652822) can0 0205B941#0000000000000000
(1789440829.658836) can0 0205B801#00006E0600182000
(1789440829.664551) can0 01011840#FFFFFFFFFFFFFFFF
(1789440829.664943) can0 02051081#0000C84200000000
(1789440829.666810) can0 0205B881#2B1815320531E339
(1789440829.672830) can0 0205B941#0000000000000000
(1789440829.678766) can0 0205B801#0000700600182000
(1789440829.684545) can0 01011840#FFFFFFFFFFFFFFFF
(1789440829.684933) can0 02051081#0000C84200000000
(1789440829.686772) can0 0205B881#2B1815320531E339
(1789440829.692823) can0 0205B941#0000000000000000
(1789440829.698824) can0 0205B801#00006E0600182000
(1789440829.704531) can0 01011840#FFFFFFFFFFFFFFFF
(1789440829.704914) can0 02051081#0000C84200000000
(1789440829.706814) can0 0205B881#2B1815320531E339
(1789440829.712819) can0 0205B941#0000000000000000
(1789440829.718822) can0 0205B801#00006F0600182000
(1789440829.724507) can0 01011840#FFFFFFFFFFFFFFFF
(1789440829.724893) can0 02051081#0000C84200000000
(1789440829.726759) can0 0205B881#2B1815320531E339
(1789440829.732819) can0 0205B941#0000000000000000
(1789440829.738827) can0 0205B801#0000700600182000
(1789440829.744513) can0 01011840#FFFFFFFFFFFFFFFF
(1789440829.744900) can0 02051081#0000C84200000000
(1789440829.746761) can0 0205B881#2B1815320531E339
(1789440829.752774) can0 0205B941#0000000000000000
(1789440829.758767) can0 0205B801#0000710600182000
(1789440829.764502) can0 01011840#FFFFFFFFFFFFFFFF
(1789440829.764894) can0 02051081#0000C84200000000
(1789440829.766813) can0 0205B881#2B1815320531E339
(1789440829.772775) can0 0205B941#0000000000000000
(1789440829.778769) can0 0205B801#0000710600182000
(1789440829.784499) can0 01011840#FFFFFFFFFFFFFFFF
(1789440829.784884) can0 02051081#0000C84200000000
(1789440829.786823) can0 0205B881#2B1815320531E339
(1789440829.792857) can0 0205B941#0000000000000000
(1789440829.798778) can0 0205B801#0000730600182000
(1789440829.804527) can0 01011840#FFFFFFFFFFFFFFFF
(1789440829.804894) can0 02051081#0000C84200000000
(1789440829.806809) can0 0205B881#2B1815320531E339
(1789440829.812764) can0 0205B941#0000000000000000
(1789440829.818812) can0 0205B801#0000710600182000
(1789440829.824511) can0 01011840#FFFFFFFFFFFFFFFF
(1789440829.824899) can0 02051081#0000C84200000000
(1789440829.826806) can0 0205B881#2B1815320531E339
(1789440829.832772) can0 0205B941#0000000000000000
(1789440829.838823) can0 0205B801#0000730600182000
(1789440829.844514) can0 01011840#FFFFFFFFFFFFFFFF
(1789440829.844901) can0 02051081#0000C84200000000
(1789440829.846817) can0 0205B881#2B1815320531E339
(1789440829.850904) can0 0205B841#0000000000400000
(1789440829.852902) can0 0205B941#0000000000000000
(1789440829.858953) can0 0205B801#0000740600182000
(1789440829.864567) can0 01011840#FFFFFFFFFFFFFFFF
(1789440829.864958) can0 02051081#0000C84200000000
(1789440829.866802) can0 0205B881#2B1815320531E339
(1789440829.872763) can0 0205B941#0000000000000000
(1789440829.878767) can0 0205B801#0000730600182000
(1789440829.884527) can0 01011840#FFFFFFFFFFFFFFFF
(1789440829.884909) can0 02051081#0000C84200000000
(1789440829.886755) can0 0205B881#2B1815320531E339
(1789440829.892769) can0 0205B941#0000000000000000
(1789440829.898785) can0 0205B801#0000740600182000
(1789440829.904546) can0 01011840#FFFFFFFFFFFFFFFF
(1789440829.904935) can0 02051081#0000C84200000000
(1789440829.906760) can0 0205B881#2B1815320531E339
(1789440829.912821) can0 0205B941#0000000000000000
(1789440829.918818) can0 0205B801#0000750600182000
(1789440829.924511) can0 01011840#FFFFFFFFFFFFFFFF
(1789440829.924905) can0 02051081#0000C84200000000
(1789440829.926847) can0 0205B881#2B1815320531E339
(1789440829.932793) can0 0205B941#0000000000000000
(1789440829.938823) can0 0205B801#0000750600182000
(1789440829.944574) can0 01011840#FFFFFFFFFFFFFFFF
(1789440829.944965) can0 02051081#0000C84200000000
(1789440829.946759) can0 0205B881#2B1815320531E339
(1789440829.952773) can0 0205B941#0000000000000000
(1789440829.958767) can0 0205B801#0000750600182000
(1789440829.964527) can0 01011840#FFFFFFFFFFFFFFFF
(1789440829.964914) can0 02051081#0000C84200000000
(1789440829.966810) can0 0205B881#2B1815320531E339
(1789440829.972766) can0 0205B941#0000000000000000
(1789440829.978839) can0 0205B801#0000760600182000
(1789440829.984551) can0 01011840#FFFFFFFFFFFFFFFF
(1789440829.984937) can0 02051081#0000C84200000000
(1789440829.986755) can0 0205B881#2B1815320531E339
(1789440829.992768) can0 0205B941#0000000000000000
(1789440829.998771) can0 0205B801#0000770600182000
(1789440830.004522) can0 01011840#FFFFFFFFFFFFFFFF
(1789440830.004908) can0 02051081#0000C84200000000
(1789440830.006805) can0 0205B881#2B1815320531E339
(1789440830.012820) can0 0205B941#0000000000000000
(1789440830.018813) can0 0205B801#0000770600182000
(1789440830.024522) can0 01011840#FFFFFFFFFFFFFFFF
(1789440830.024906) can0 02051081#0000C84200000000
(1789440830.026803) can0 0205B881#2B1815320531E339
(1789440830.032819) can0 0205B941#0000000000000000
(1789440830.038817) can0 0205B801#0000790600182000
(1789440830.044537) can0 01011840#FFFFFFFFFFFFFFFF
(1789440830.044954) can0 02051081#0000C84200000000
(1789440830.046807) can0 0205B881#2B1815320531E339
(1789440830.052763) can0 0205B941#0000000000000000
(1789440830.058765) can0 0205B801#0000770600182000
(1789440830.064535) can0 01011840#FFFFFFFFFFFFFFFF
(1789440830.064923) can0 02051081#0000C84200000000
(1789440830.066759) can0 0205B881#2B1815320531E339
(1789440830.072815) can0 0205B941#0000000000000000
(1789440830.078811) can0 0205B801#0000780600182000
(1789440830.084530) can0 01011840#FFFFFFFFFFFFFFFF
(1789440830.084914) can0 02051081#0000C84200000000
(1789440830.086756) can0 0205B881#2B1815320531E339
(1789440830.092768) can0 0205B941#0000000000000000
(1789440830.098764) can0 0205B801#0000790600182000
(1789440830.100813) can0 0205B841#0000000000400000
(1789440830.104514) can0 01011840#FFFFFFFFFFFFFFFF
(1789440830.104897) can0 02051081#0000C84200000000
(1789440830.106753) can0 0205B881#2B1815320531E339
(1789440830.112777) can0 0205B941#0000000000000000
(1789440830.118766) can0 0205B801#0000780600182000
(1789440830.124516) can0 01011840#FFFFFFFFFFFFFFFF
(1789440830.124903) can0 02051081#0000C84200000000
(1789440830.126759) can0 0205B881#2B1815320531E339
(1789440830.132815) can0 0205B941#0000000000000000
(1789440830.138820) can0 0205B801#0000780600182000
(1789440830.144535) can0 01011840#FFFFFFFFFFFFFFFF
(1789440830.144937) can0 02051081#0000C84200000000
(1789440830.146807) can0 0205B881#2B1815320531E339
(1789440830.152764) can0 0205B941#0000000000000000
(1789440830.158762) can0 0205B801#00007B0600182000
(1789440830.164537) can0 01011840#FFFFFFFFFFFFFFFF
(1789440830.164940) can0 02051081#0000C84200000000
(1789440830.166761) can0 0205B881#2B1815320531E339
(1789440830.172814) can0 0205B941#0000000000000000
(1789440830.178766) can0 0205B801#0000790600182000
(1789440830.184530) can0 01011840#FFFFFFFFFFFFFFFF
(1789440830.184914) can0 02051081#0000C84200000000
(1789440830.186804) can0 0205B881#2B1815320531E339
(1789440830.192761) can0 0205B941#0000000000000000
(1789440830.198816) can0 0205B801#0000780600182000
(1789440830.204510) can0 01011840#FFFFFFFFFFFFFFFF
(1789440830.204894) can0 02051081#0000C84200000000
(1789440830.206804) can0 0205B881#2B1815320531E339
(1789440830.212781) can0 0205B941#0000000000000000
(1789440830.218759) can0 0205B801#00007A0600182000
(1789440830.224524) can0 01011840#FFFFFFFFFFFFFFFF
(1789440830.224914) can0 02051081#0000C84200000000
(1789440830.226783) can0 0205B881#2B1815320531E339
(1789440830.232771) can0 0205B941#0000000000000000
(1789440830.238774) can0 0205B801#0000770600182000
(1789440830.244559) can0 01011840#FFFFFFFFFFFFFFFF
(1789440830.244943) can0 02051081#0000C84200000000
(1789440830.246801) can0 0205B881#2B1815320531E339
(1789440830.252812) can0 0205B941#0000000000000000
(1789440830.258807) can0 0205B801#0000760600182000
(1789440830.264526) can0 01011840#FFFFFFFFFFFFFFFF
(1789440830.264913) can0 02051081#0000C84200000000
(1789440830.266756) can0 0205B881#2B1815320531E339
(1789440830.272813) can0 0205B941#0000000000000000
(1789440830.278811) can0 0205B801#0000780600182000
(1789440830.284524) can0 01011840#FFFFFFFFFFFFFFFF
(1789440830.284908) can0 02051081#0000C84200000000
(1789440830.286806) can0 0205B881#2B1815320531E339
(1789440830.292762) can0 0205B941#0000000000000000
(1789440830.298757) can0 0205B801#0000730600182000
(1789440830.304506) can0 01011840#FFFFFFFFFFFFFFFF
(1789440830.304890) can0 02051081#0000C84200000000
(1789440830.306802) can0 0205B881#2B1815320531E339
(1789440830.312817) can0 0205B941#0000000000000000
(1789440830.318757) can0 0205B801#0000710600182000
(1789440830.324515) can0 01011840#FFFFFFFFFFFFFFFF
(1789440830.324899) can0 02051081#0000C84200000000
(1789440830.326803) can0 0205B881#2B1815320531E339
(1789440830.332761) can0 0205B941#0000000000000000
(1789440830.338765) can0 0205B801#0000710600182000
(1789440830.344515) can0 01011840#FFFFFFFFFFFFFFFF
(1789440830.344899) can0 02051081#0000C84200000000
(1789440830.346754) can0 0205B881#2B1815320531E339
(1789440830.350812) can0 0205B841#0000000000400000
(1789440830.352763) can0 0205B941#0000000000000000
(1789440830.358762) can0 0205B801#0000710600182000
(1789440830.364509) can0 01011840#FFFFFFFFFFFFFFFF
(1789440830.364896) can0 02051081#0000C84200000000
(1789440830.366801) can0 0205B881#2B1815320531E339
(1789440830.372815) can0 0205B941#0000000000000000
(1789440830.378812) can0 0205B801#00006F0600182000
(1789440830.384519) can0 01011840#FFFFFFFFFFFFFFFF
(1789440830.384902) can0 02051081#0000C84200000000
(1789440830.386800) can0 0205B881#2B1815320531E339
(1789440830.392812) can0 0205B941#0000000000000000
(1789440830.398759) can0 0205B801#0000710600182000
(1789440830.404517) can0 01011840#FFFFFFFFFFFFFFFF
(1789440830.404902) can0 02051081#0000C84200000000
(1789440830.406754) can0 0205B881#2B1815320531E339
(1789440830.412765) can0 0205B941#0000000000000000
(1789440830.418761) can0 0205B801#00006F0600182000
(1789440830.424515) can0 01011840#FFFFFFFFFFFFFFFF
(1789440830.424899) can0 02051081#0000C84200000000
(1789440830.426802) can0 0205B881#2B1815320531E339
(1789440830.432763) can0 0205B941#0000000000000000
(1789440830.438770) can0 0205B801#00006E0600182000
(1789440830.444508) can0 01011840#FFFFFFFFFFFFFFFF
(1789440830.444894) can0 02051081#0000C84200000000
(1789440830.446804) can0 0205B881#2B1815320531E339
(1789440830.452762) can0 0205B941#0000000000000000
(1789440830.458763) can0 0205B801#0000700600182000
(1789440830.464510) can0 01011840#FFFFFFFFFFFFFFFF
(1789440830.464897) can0 02051081#0000C84200000000
(1789440830.466751) can0 0205B881#2B1815320531E339
(1789440830.472765) can0 0205B941#0000000000000000
(1789440830.478805) can0 0205B801#00006F0600182000
(1789440830.484515) can0 01011840#FFFFFFFFFFFFFFFF
(1789440830.484910) can0 02051081#0000C84200000000
(1789440830.486807) can0 0205B881#2B1815320531E339
(1789440830.492761) can0 0205B941#0000000000000000
(1789440830.498765) can0 0205B801#00006E0600182000
(1789440830.504529) can0 01011840#FFFFFFFFFFFFFFFF
(1789440830.504915) can0 02051081#0000C84200000000
(1789440830.506750) can0 0205B881#2B1815320531E339
(1789440830.512809) can0 0205B941#0000000000000000
(1789440830.518811) can0 0205B801#00006E0600182000
(1789440830.524508) can0 01011840#FFFFFFFFFFFFFFFF
(1789440830.524893) can0 02051081#0000C84200000000
(1789440830.526802) can0 0205B881#2B1815320531E339
(1789440830.532761) can0 0205B941#0000000000000000
(1789440830.538767) can0 0205B801#00006D0600182000
(1789440830.544515) can0 01011840#FFFFFFFFFFFFFFFF
(1789440830.544904) can0 02051081#0000C84200000000
(1789440830.546801) can0 0205B881#2B1815320531E339
(1789440830.552764) can0 0205B941#0000000000000000
(1789440830.558804) can0 0205B801#00006D0600182000
(1789440830.564646) can0 01011840#FFFFFFFFFFFFFFFF
(1789440830.565049) can0 02051081#0000C84200000000
(1789440830.566807) can0 0205B881#2B1815320531E339
(1789440830.572757) can0 0205B941#0000000000000000
(1789440830.578798) can0 0205B801#00006C0600182000
(1789440830.584537) can0 01011840#FFFFFFFFFFFFFFFF
(1789440830.584917) can0 02051081#0000C84200000000
(1789440830.586748) can0 0205B881#2B1815320531E339
(1789440830.592810) can0 0205B941#0000000000000000
(1789440830.598759) can0 0205B801#00006D0600182000
(1789440830.600807) can0 0205B841#0000000000400000
(1789440830.604567) can0 01011840#FFFFFFFFFFFFFFFF
(1789440830.604952) can0 02051081#0000C84200000000
(1789440830.606794) can0 0205B881#2B1815320531E339
(1789440830.612758) can0 0205B941#0000000000000000
(1789440830.615759) can0 02051801#0000FFFFFFFF0000
(1789440830.617707) can0 0205BC01#6B392E9A
(1789440830.618754) can0 0205B801#00006B0600182000
(1789440830.624527) can0 01011840#FFFFFFFFFFFFFFFF
(1789440830.624903) can0 02051081#0000C84200000000
(1789440830.626750) can0 0205B881#2B1815320531E339
(1789440830.632811) can0 0205B941#0000000000000000
(1789440830.638759) can0 0205B801#00006D0600182000
(1789440830.644513) can0 01011840#FFFFFFFFFFFFFFFF
(1789440830.644901) can0 02051081#0000C84200000000
(1789440830.646800) can0 0205B881#2B1815320531E339
(1789440830.652803) can0 0205B941#0000000000000000
(1789440830.658814) can0 0205B801#00006B0600182000
(1789440830.664549) can0 01011840#FFFFFFFFFFFFFFFF
(1789440830.664940) can0 02051081#0000C84200000000
(1789440830.666800) can0 0205B881#2B1815320531E339
(1789440830.672761) can0 0205B941#0000000000000000
(1789440830.678807) can0 0205B801#00006B0600182000
(1789440830.684516) can0 01011840#FFFFFFFFFFFFFFFF
(1789440830.684900) can0 02051081#0000C84200000000
(1789440830.686757) can0 0205B881#2B1815320531E339
(1789440830.692812) can0 0205B941#0000000000000000
(1789440830.698757) can0 0205B801#00006C0600182000
(1789440830.704550) can0 01011840#FFFFFFFFFFFFFFFF
(1789440830.704943) can0 02051081#0000C84200000000
(1789440830.706753) can0 0205B881#2B1815320531E339
(1789440830.712810) can0 0205B941#0000000000000000
(1789440830.718752) can0 0205B801#00006C0600182000
(1789440830.724531) can0 01011840#FFFFFFFFFFFFFFFF
(1789440830.724913) can0 02051081#0000C84200000000
(1789440830.726745) can0 0205B881#2B1815320531E339
(1789440830.732805) can0 0205B941#0000000000000000
(1789440830.738759) can0 0205B801#00006B0600182000
(1789440830.744517) can0 01011840#FFFFFFFFFFFFFFFF
(1789440830.744902) can0 02051081#0000C84200000000
(1789440830.746800) can0 0205B881#2B1815320531E339
(1789440830.752805) can0 0205B941#0000000000000000
(1789440830.758753) can0 0205B801#00006C0600182000
(1789440830.764508) can0 01011840#FFFFFFFFFFFFFFFF
(1789440830.764894) can0 02051081#0000C84200000000
(1789440830.766745) can0 0205B881#2B1815320531E339
(1789440830.772754) can0 0205B941#0000000000000000
(1789440830.778805) can0 0205B801#00006B0600182000
(1789440830.784514) can0 01011840#FFFFFFFFFFFFFFFF
(1789440830.784898) can0 02051081#0000C84200000000
(1789440830.786793) can0 0205B881#2B1815320531E339
(1789440830.792804) can0 0205B941#0000000000000000
(1789440830.798753) can0 0205B801#00006B0600182000
(1789440830.804516) can0 01011840#FFFFFFFFFFFFFFFF
(1789440830.804900) can0 02051081#0000C84200000000
(1789440830.806744) can0 0205B881#2B1815320531E339
(1789440830.812867) can0 0205B941#0000000000000000
(1789440830.818821) can0 0205B801#00006B0600182000
(1789440830.824521) can0 01011840#FFFFFFFFFFFFFFFF
(1789440830.824902) can0 02051081#0000C84200000000
(1789440830.826743) can0 0205B881#2B1815320531E339
(1789440830.832754) can0 0205B941#0000000000000000
(1789440830.838768) can0 0205B801#00006A0600182000
(1789440830.844549) can0 01011840#FFFFFFFFFFFFFFFF
(1789440830.844941) can0 02051081#0000C84200000000
(1789440830.846793) can0 0205B881#2B1815320531E339
(1789440830.850805) can0 0205B841#0000000000400000
(1789440830.852800) can0 0205B941#0000000000000000
(1789440830.858804) can0 0205B801#00006B0600182000
(1789440830.864501) can0 01011840#FFFFFFFFFFFFFFFF
(1789440830.864889) can0 02051081#0000C84200000000
(1789440830.866792) can0 0205B881#2B1815320531E339
(1789440830.872928) can0 0205B941#0000000000000000
(1789440830.878872) can0 0205B801#00006B0600182000
(1789440830.884510) can0 01011840#FFFFFFFFFFFFFFFF
(1789440830.884880) can0 02051081#0000C84200000000
(1789440830.886786) can0 0205B881#2B1815320531E339
(1789440830.892753) can0 0205B941#0000000000000000
(1789440830.898752) can0 0205B801#00006A0600182000
(1789440830.904531) can0 01011840#FFFFFFFFFFFFFFFF
(1789440830.904919) can0 02051081#0000C84200000000
(1789440830.906741) can0 0205B881#2B1815320531E339
(1789440830.912764) can0 0205B941#0000000000000000
(1789440830.918806) can0 0205B801#00006A0600182000
(1789440830.924500) can0 01011840#FFFFFFFFFFFFFFFF
(1789440830.924883) can0 02051081#0000C84200000000
(1789440830.926792) can0 0205B881#2B1815320531E339
(1789440830.932765) can0 0205B941#0000000000000000
(1789440830.938761) can0 0205B801#00006B0600182000
(1789440830.944614) can0 01011840#FFFFFFFFFFFFFFFF
(1789440830.945040) can0 02051081#0000C84200000000
(1789440830.946750) can0 0205B881#2B1815320531E339
(1789440830.952811) can0 0205B941#0000000000000000
(1789440830.958800) can0 0205B801#00006A0600182000
(1789440830.964559) can0 01011840#FFFFFFFFFFFFFFFF
(1789440830.964943) can0 02051081#0000C84200000000
(1789440830.966796) can0 0205B881#2B1815320531E339
(1789440830.972759) can0 0205B941#0000000000000000
(1789440830.978797) can0 0205B801#0000690600182000
(1789440830.984522) can0 01011840#FFFFFFFFFFFFFFFF
(1789440830.984909) can0 02051081#0000C84200000000
(1789440830.986740) can0 0205B881#2B1815320531E339
(1789440830.992806) can0 0205B941#0000000000000000
(1789440830.998784) can0 0205B801#00006B0600182000
(1789440831.004595) can0 01011840#FFFFFFFFFFFFFFFF
(1789440831.004985) can0 02051081#0000C84200000000
(1789440831.006741) can0 0205B881#2B1815320531E339
(1789440831.012801) can0 0205B941#0000000000000000
(1789440831.018762) can0 0205B801#00006A0600182000
(1789440831.024527) can0 01011840#FFFFFFFFFFFFFFFF
(1789440831.024915) can0 02051081#0000C84200000000
(1789440831.026789) can0 0205B881#2B1815320531E339
(1789440831.032800) can0 0205B941#0000000000000000
(1789440831.038807) can0 0205B801#0000690600182000
(1789440831.044524) can0 01011840#FFFFFFFFFFFFFFFF
(1789440831.044916) can0 02051081#0000C84200000000
(1789440831.046746) can0 0205B881#2B1815320531E339
(1789440831.052803) can0 0205B941#0000000000000000
(1789440831.058801) can0 0205B801#00006A0600182000
(1789440831.064542) can0 01011840#FFFFFFFFFFFFFFFF
(1789440831.064932) can0 02051081#0000C84200000000
(1789440831.066797) can0 0205B881#2B1815320531E339
(1789440831.072748) can0 0205B941#0000000000000000
(1789440831.078745) can0 0205B801#0000690600182000
(1789440831.084508) can0 01011840#FFFFFFFFFFFFFFFF
(1789440831.084894) can0 02051081#0000C84200000000
(1789440831.086792) can0 0205B881#2B1815320531E339
(1789440831.092803) can0 0205B941#0000000000000000
(1789440831.098797) can0 0205B801#0000690600182000
(1789440831.100747) can0 0205B841#0000000000400000
(1789440831.104492) can0 01011840#FFFFFFFFFFFFFFFF
(1789440831.104877) can0 02051081#0000C84200000000
(1789440831.106795) can0 0205B881#2B1815320531E339
(1789440831.112758) can0 0205B941#0000000000000000
(1789440831.118747) can0 0205B801#0000690600182000
(1789440831.124523) can0 01011840#FFFFFFFFFFFFFFFF
(1789440831.124911) can0 02051081#0000C84200000000
(1789440831.126789) can0 0205B881#2B1815320531E339
(1789440831.132752) can0 0205B941#0000000000000000
(1789440831.138752) can0 0205B801#0000690600182000
(1789440831.144525) can0 01011840#FFFFFFFFFFFFFFFF
(1789440831.144912) can0 02051081#0000C84200000000
(1789440831.146746) can0 0205B881#2B1815320531E339
(1789440831.152805) can0 0205B941#0000000000000000
(1789440831.158803) can0 0205B801#0000680600182000
(1789440831.164523) can0 01011840#FFFFFFFFFFFFFFFF
(1789440831.164915) can0 02051081#0000C84200000000
(1789440831.166746) can0 0205B881#2B1815320531E339
(1789440831.172796) can0 0205B941#0000000000000000
(1789440831.178751) can0 0205B801#00006A0600182000
(1789440831.184524) can0 01011840#FFFFFFFFFFFFFFFF
(1789440831.184911) can0 02051081#0000C84200000000
(1789440831.186794) can0 0205B881#2B1815320531E339
(1789440831.192753) can0 0205B941#0000000000000000
(1789440831.198800) can0 0205B801#0000680600182000
(1789440831.204503) can0 01011840#FFFFFFFFFFFFFFFF
(1789440831.204888) can0 02051081#0000C84200000000
(1789440831.206740) can0 0205B881#2B1815320531E339
(1789440831.212771) can0 0205B941#0000000000000000
(1789440831.218751) can0 0205B801#0000690600182000
(1789440831.224539) can0 01011840#FFFFFFFFFFFFFFFF
(1789440831.224927) can0 02051081#0000C84200000000
(1789440831.226738) can0 0205B881#2B1815320531E339
(1789440831.232754) can0 0205B941#0000000000000000
(1789440831.238756) can0 0205B801#00006B0600182000
(1789440831.244530) can0 01011840#FFFFFFFFFFFFFFFF
(1789440831.244942) can0 02051081#0000C84200000000
(1789440831.246815) can0 0205B881#2B1815320531E339
(1789440831.252748) can0 0205B941#0000000000000000
(1789440831.258797) can0 0205B801#0000690600182000
(1789440831.264558) can0 01011840#FFFFFFFFFFFFFFFF
(1789440831.264946) can0 02051081#0000C84200000000
(1789440831.266788) can0 0205B881#2B1815320531E339
(1789440831.272805) can0 0205B941#0000000000000000
(1789440831.278799) can0 0205B801#0000690600182000
(1789440831.284508) can0 01011840#FFFFFFFFFFFFFFFF
(1789440831.284894) can0 02051081#0000C84200000000
(1789440831.286786) can0 0205B881#2B1815320531E339
(1789440831.292796) can0 0205B941#0000000000000000
(1789440831.298795) can0 0205B801#00006B0600182000
(1789440831.304489) can0 01011840#FFFFFFFFFFFFFFFF
(1789440831.304874) can0 02051081#0000C84200000000
(1789440831.306736) can0 0205B881#2B1815320531E339
(1789440831.312752) can0 0205B941#0000000000000000
(1789440831.318795) can0 0205B801#0000690600182000
(1789440831.324488) can0 01011840#FFFFFFFFFFFFFFFF
(1789440831.324872) can0 02051081#0000C84200000000
(1789440831.326792) can0 0205B881#2B1815320531E339
(1789440831.332755) can0 0205B941#0000000000000000
(1789440831.338801) can0 0205B801#00006B0600182000
(1789440831.344519) can0 01011840#FFFFFFFFFFFFFFFF
(1789440831.344907) can0 02051081#0000C84200000000
(1789440831.346792) can0 0205B881#2B1815320531E339
(1789440831.350747) can0 0205B841#0000000000400000
(1789440831.352797) can0 0205B941#0000000000000000
(1789440831.358799) can0 0205B801#00006B0600182000
(1789440831.364507) can0 01011840#FFFFFFFFFFFFFFFF
(1789440831.364893) can0 02051081#0000C84200000000
(1789440831.366785) can0 0205B881#2B1815320531E339
(1789440831.372752) can0 0205B941#0000000000000000
(1789440831.378748) can0 0205B801#00006A0600182000
(1789440831.384519) can0 01011840#FFFFFFFFFFFFFFFF
(1789440831.384905) can0 02051081#0000C84200000000
(1789440831.386791) can0 0205B881#2B1815320531E339
(1789440831.392748) can0 0205B941#0000000000000000
(1789440831.398793) can0 0205B801#00006A0600182000
(1789440831.404501) can0 01011840#FFFFFFFFFFFFFFFF
(1789440831.404887) can0 02051081#0000C84200000000
(1789440831.406784) can0 0205B881#2B1815320531E339
(1789440831.412810) can0 0205B941#0000000000000000
(1789440831.418756) can0 0205B801#00006C0600182000
(1789440831.424527) can0 01011840#FFFFFFFFFFFFFFFF
(1789440831.424907) can0 02051081#0000C84200000000
(1789440831.426735) can0 0205B881#2B1815320531E339
(1789440831.432799) can0 0205B941#0000000000000000
(1789440831.438806) can0 0205B801#00006A0600182000
(1789440831.444540) can0 01011840#FFFFFFFFFFFFFFFF
(1789440831.444927) can0 02051081#0000C84200000000
(1789440831.446785) can0 0205B881#2B1815320531E339
(1789440831.452807) can0 0205B941#0000000000000000
(1789440831.458747) can0 0205B801#00006B0600182000
(1789440831.464521) can0 01011840#FFFFFFFFFFFFFFFF
(1789440831.464910) can0 02051081#0000C84200000000
(1789440831.466733) can0 0205B881#2B1815320531E339
(1789440831.472752) can0 0205B941#0000000000000000
(1789440831.478745) can0 0205B801#00006D0600182000
(1789440831.484500) can0 01011840#FFFFFFFFFFFFFFFF
(1789440831.484886) can0 02051081#0000C84200000000
(1789440831.486789) can0 0205B881#2B1815320531E339
(1789440831.492747) can0 0205B941#0000000000000000
(1789440831.498747) can0 0205B801#00006C0600182000
(1789440831.504485) can0 01011840#FFFFFFFFFFFFFFFF
(1789440831.504870) can0 02051081#0000C84200000000
(1789440831.506799) can0 0205B881#2B1815320531E339
(1789440831.512752) can0 0205B941#0000000000000000
(1789440831.518742) can0 0205B801#00006B0600182000
(1789440831.524534) can0 01011840#FFFFFFFFFFFFFFFF
(1789440831.524918) can0 02051081#0000C84200000000
(1789440831.526738) can0 0205B881#2B1815320531E339
(1789440831.532748) can0 0205B941#0000000000000000
(1789440831.538749) can0 0205B801#00006E0600182000
(1789440831.544516) can0 01011840#FFFFFFFFFFFFFFFF
(1789440831.544899) can0 02051081#0000C84200000000
(1789440831.546787) can0 0205B881#2B1815320531E339
(1789440831.552804) can0 0205B941#0000000000000000
(1789440831.558798) can0 0205B801#00006C0600182000
(1789440831.564525) can0 01011840#FFFFFFFFFFFFFFFF
(1789440831.564914) can0 02051081#0000C84200000000
(1789440831.566745) can0 0205B881#2B1815320531E339
(1789440831.572749) can0 0205B941#0000000000000000
(1789440831.578739) can0 0205B801#00006C0600182000
(1789440831.584610) can0 01011840#FFFFFFFFFFFFFFFF
(1789440831.585004) can0 02051081#0000C84200000000
(1789440831.586728) can0 0205B881#2B1815320531E339
(1789440831.592831) can0 0205B941#0000000000000000
(1789440831.598792) can0 0205B801#00006E0600182000
(1789440831.600793) can0 0205B841#0000000000400000
(1789440831.604508) can0 01011840#FFFFFFFFFFFFFFFF
(1789440831.604889) can0 02051081#0000C84200000000
(1789440831.606782) can0 0205B881#2B1815320531E339
(1789440831.612792) can0 0205B941#0000000000000000
(1789440831.615740) can0 02051801#0000FFFFFFFF0000
(1789440831.617697) can0 0205BC01#6B392E9A
(1789440831.618742) can0 0205B801#0000750600182000
(1789440831.624496) can0 01011840#FFFFFFFFFFFFFFFF
(1789440831.624882) can0 02051081#0000C84200000000
(1789440831.626734) can0 0205B881#2B1815320531E339
(1789440831.632797) can0 0205B941#0000000000000000
(1789440831.638801) can0 0205B801#00006E0600182000
(1789440831.644525) can0 01011840#FFFFFFFFFFFFFFFF
(1789440831.644913) can0 02051081#0000C84200000000
(1789440831.646737) can0 0205B881#2B1815320531E339
(1789440831.652742) can0 0205B941#0000000000000000
(1789440831.658809) can0 0205B801#00006E0600182000
(1789440831.664539) can0 01011840#FFFFFFFFFFFFFFFF
(1789440831.664923) can0 02051081#0000C84200000000
(1789440831.666730) can0 0205B881#2B1815320531E339
(1789440831.672799) can0 0205B941#0000000000000000
(1789440831.678743) can0 0205B801#00006F0600182000
(1789440831.684529) can0 01011840#FFFFFFFFFFFFFFFF
(1789440831.684917) can0 02051081#0000C84200000000
(1789440831.686781) can0 0205B881#2B1815320531E339
(1789440831.692793) can0 0205B941#0000000000000000
(1789440831.698739) can0 0205B801#00006F0600182000
(1789440831.704521) can0 01011840#FFFFFFFFFFFFFFFF
(1789440831.704909) can0 02051081#0000C84200000000
(1789440831.706731) can0 0205B881#2B1815320531E339
(1789440831.712742) can0 0205B941#0000000000000000
(1789440831.718797) can0 0205B801#0000710600182000
(1789440831.724536) can0 01011840#FFFFFFFFFFFFFFFF
(1789440831.724926) can0 02051081#0000C84200000000
(1789440831.726732) can0 0205B881#2B1815320531E339
(1789440831.732744) can0 0205B941#0000000000000000
(1789440831.738747) can0 0205B801#0000700600182000
(1789440831.744517) can0 01011840#FFFFFFFFFFFFFFFF
(1789440831.744904) can0 02051081#0000C84200000000
(1789440831.746731) can0 0205B881#2B1815320531E339
(1789440831.752753) can0 0205B941#0000000000000000
(1789440831.758741) can0 0205B801#0000700600182000
(1789440831.764529) can0 01011840#FFFFFFFFFFFFFFFF
(1789440831.764916) can0 02051081#0000C84200000000
(1789440831.766783) can0 0205B881#2B1815320531E339
(1789440831.772744) can0 0205B941#0000000000000000
(1789440831.778735) can0 0205B801#0000720600182000
(1789440831.784504) can0 01011840#FFFFFFFFFFFFFFFF
(1789440831.784890) can0 02051081#0000C84200000000
(1789440831.786736) can0 0205B881#2B1815320531E339
(1789440831.792747) can0 0205B941#0000000000000000
(1789440831.798741) can0 0205B801#0000710600182000
(1789440831.804490) can0 01011840#FFFFFFFFFFFFFFFF
(1789440831.804875) can0 02051081#0000C84200000000
(1789440831.806735) can0 0205B881#2B1815320531E339
(1789440831.812742) can0 0205B941#0000000000000000
(1789440831.818789) can0 0205B801#0000710600182000
(1789440831.824486) can0 01011840#FFFFFFFFFFFFFFFF
(1789440831.824871) can0 02051081#0000C84200000000
(1789440831.826730) can0 0205B881#2B1815320531E339
(1789440831.832807) can0 0205B941#0000000000000000
(1789440831.838761) can0 0205B801#0000740600182000
(1789440831.844545) can0 01011840#FFFFFFFFFFFFFFFF
(1789440831.844929) can0 02051081#0000C84200000000
(1789440831.846732) can0 0205B881#2B1815320531E339
(1789440831.850735) can0 0205B841#0000000000400000
(1789440831.852741) can0 0205B941#0000000000000000
(1789440831.858785) can0 0205B801#0000740600182000
(1789440831.864514) can0 01011840#FFFFFFFFFFFFFFFF
(1789440831.864899) can0 02051081#0000C84200000000
(1789440831.866730) can0 0205B881#2B1815320531E339
(1789440831.872791) can0 0205B941#0000000000000000
(1789440831.878791) can0 0205B801#0000740600182000
(1789440831.884500) can0 01011840#FFFFFFFFFFFFFFFF
(1789440831.884886) can0 02051081#0000C84200000000
(1789440831.886783) can0 0205B881#2B1815320531E339
(1789440831.892896) can0 0205B941#0000000000000000
(1789440831.898874) can0 0205B801#0000750600182000
(1789440831.904600) can0 01011840#FFFFFFFFFFFFFFFF
(1789440831.904971) can0 02051081#0000C84200000000
(1789440831.906722) can0 0205B881#2B1815320531E339
(1789440831.912745) can0 0205B941#0000000000000000
(1789440831.918740) can0 0205B801#0000740600182000
(1789440831.924532) can0 01011840#FFFFFFFFFFFFFFFF
(1789440831.924918) can0 02051081#0000C84200000000
(1789440831.926732) can0 0205B881#2B1815320531E339
(1789440831.932799) can0 0205B941#0000000000000000
(1789440831.938793) can0 0205B801#0000750600182000
(1789440831.944546) can0 01011840#FFFFFFFFFFFFFFFF
(1789440831.944934) can0 02051081#0000C84200000000
(1789440831.946732) can0 0205B881#2B1815320531E339
(1789440831.952783) can0 0205B941#0000000000000000
(1789440831.958786) can0 0205B801#0000760600182000
(1789440831.964602) can0 01011840#FFFFFFFFFFFFFFFF
(1789440831.965075) can0 02051081#0000C84200000000
(1789440831.966751) can0 0205B881#2B1815320531E339
(1789440831.972751) can0 0205B941#0000000000000000
(1789440831.978737) can0 0205B801#0000760600182000
(1789440831.984557) can0 01011840#FFFFFFFFFFFFFFFF
(1789440831.984941) can0 02051081#0000C84200000000
(1789440831.986782) can0 0205B881#2B1815320531E339
(1789440831.992790) can0 0205B941#0000000000000000
(1789440831.998787) can0 0205B801#0000770600182000
(1789440832.004505) can0 01011840#FFFFFFFFFFFFFFFF
(1789440832.004891) can0 02051081#0000C84200000000
(1789440832.006731) can0 0205B881#2B1815320531E339
(1789440832.012800) can0 0205B941#0000000000000000
(1789440832.018805) can0 0205B801#0000770600182000
(1789440832.024547) can0 01011840#FFFFFFFFFFFFFFFF
(1789440832.024928) can0 02051081#0000C84200000000
(1789440832.026721) can0 0205B881#2B1815320531E339
(1789440832.032741) can0 0205B941#0000000000000000
(1789440832.038742) can0 0205B801#0000770600182000
(1789440832.044654) can0 01011840#FFFFFFFFFFFFFFFF
(1789440832.045047) can0 02051081#0000C84200000000
(1789440832.046730) can0 0205B881#2B1815320531E339
(1789440832.052746) can0 0205B941#0000000000000000
(1789440832.058737) can0 0205B801#0000780600182000
(1789440832.064543) can0 01011840#FFFFFFFFFFFFFFFF
(1789440832.064929) can0 02051081#0000C84200000000
(1789440832.066727) can0 0205B881#2B1815320531E339
(1789440832.072737) can0 0205B941#0000000000000000
(1789440832.078735) can0 0205B801#0000790600182000
(1789440832.084522) can0 01011840#FFFFFFFFFFFFFFFF
(1789440832.084908) can0 02051081#0000C84200000000
(1789440832.086729) can0 0205B881#2B1815320531E339
(1789440832.092742) can0 0205B941#0000000000000000
(1789440832.098741) can0 0205B801#0000790600182000
(1789440832.100784) can0 0205B841#0000000000400000
(1789440832.104550) can0 01011840#FFFFFFFFFFFFFFFF
(1789440832.104943) can0 02051081#0000C84200000000
(1789440832.106730) can0 0205B881#2B1815320531E339
(1789440832.112751) can0 0205B941#0000000000000000
(1789440832.118740) can0 0205B801#0000790600182000
(1789440832.124522) can0 01011840#FFFFFFFFFFFFFFFF
(1789440832.124905) can0 02051081#0000C84200000000
(1789440832.126779) can0 0205B881#2B1815320531E339
(1789440832.132743) can0 0205B941#0000000000000000
(1789440832.138794) can0 0205B801#00007A0600182000
(1789440832.144535) can0 01011840#FFFFFFFFFFFFFFFF
(1789440832.144924) can0 02051081#0000C84200000000
(1789440832.146728) can0 0205B881#2B1815320531E339
(1789440832.152741) can0 0205B941#0000000000000000
(1789440832.158744) can0 0205B801#00007A0600182000
(1789440832.164532) can0 01011840#FFFFFFFFFFFFFFFF
(1789440832.164924) can0 02051081#0000C84200000000
(1789440832.166734) can0 0205B881#2B1815320531E339
(1789440832.172786) can0 0205B941#0000000000000000
(1789440832.178782) can0 0205B801#00007A0600182000
(1789440832.184530) can0 01011840#FFFFFFFFFFFFFFFF
(1789440832.184918) can0 02051081#0000C84200000000
(1789440832.186774) can0 0205B881#2B1815320531E339
(1789440832.192786) can0 0205B941#0000000000000000
(1789440832.198792) can0 0205B801#00007A0600182000
(1789440832.204519) can0 01011840#FFFFFFFFFFFFFFFF
(1789440832.204906) can0 02051081#0000C84200000000
(1789440832.206726) can0 0205B881#2B1815320531E339
(1789440832.212782) can0 0205B941#0000000000000000
(1789440832.218745) can0 0205B801#0000790600182000
(1789440832.224514) can0 01011840#FFFFFFFFFFFFFFFF
(1789440832.224902) can0 02051081#0000C84200000000
(1789440832.226779) can0 0205B881#2B1815320531E339
(1789440832.232739) can0 0205B941#0000000000000000
(1789440832.238739) can0 0205B801#0000780600182000
(1789440832.244519) can0 01011840#FFFFFFFFFFFFFFFF
(1789440832.244911) can0 02051081#0000C84200000000
(1789440832.246777) can0 0205B881#2B1815320531E339
(1789440832.252795) can0 0205B941#0000000000000000
(1789440832.258785) can0 0205B801#0000770600182000
(1789440832.264525) can0 01011840#FFFFFFFFFFFFFFFF
(1789440832.264915) can0 02051081#0000C84200000000
(1789440832.266729) can0 0205B881#2B1815320531E339
(1789440832.272810) can0 0205B941#0000000000000000
(1789440832.278791) can0 0205B801#0000760600182000
(1789440832.284547) can0 01011840#FFFFFFFFFFFFFFFF
(1789440832.284935) can0 02051081#0000C84200000000
(1789440832.286724) can0 0205B881#2B1815320531E339
(1789440832.292737) can0 0205B941#0000000000000000
(1789440832.298730) can0 0205B801#0000730600182000
(1789440832.304508) can0 01011840#FFFFFFFFFFFFFFFF
(1789440832.304896) can0 02051081#0000C84200000000
(1789440832.306724) can0 0205B881#2B1815320531E339
(1789440832.312734) can0 0205B941#0000000000000000
(1789440832.318733) can0 0205B801#0000720600182000
(1789440832.324487) can0 01011840#FFFFFFFFFFFFFFFF
(1789440832.324875) can0 02051081#0000C84200000000
(1789440832.326729) can0 0205B881#2B1815320531E339
(1789440832.332786) can0 0205B941#0000000000000000
(1789440832.338737) can0 0205B801#0000700600182000
(1789440832.344507) can0 01011840#FFFFFFFFFFFFFFFF
(1789440832.344895) can0 02051081#0000C84200000000
(1789440832.346726) can0 0205B881#2B1815320531E339
(1789440832.350782) can0 0205B841#0000000000400000
(1789440832.352734) can0 0205B941#0000000000000000
(1789440832.358733) can0 0205B801#0000700600182000
(1789440832.364500) can0 01011840#FFFFFFFFFFFFFFFF
(1789440832.364888) can0 02051081#0000C84200000000
(1789440832.366725) can0 0205B881#2B1815320531E339
(1789440832.372739) can0 0205B941#0000000000000000
(1789440832.378732) can0 0205B801#0000700600182000
(1789440832.384498) can0 01011840#FFFFFFFFFFFFFFFF
(1789440832.384887) can0 02051081#0000C84200000000
(1789440832.386772) can0 0205B881#2B1815320531E339
(1789440832.392784) can0 0205B941#0000000000000000
(1789440832.398784) can0 0205B801#00006F0600182000
(1789440832.404486) can0 01011840#FFFFFFFFFFFFFFFF
(1789440832.404875) can0 02051081#0000C84200000000
(1789440832.406725) can0 0205B881#2B1815320531E339
(1789440832.412781) can0 0205B941#0000000000000000
(1789440832.418781) can0 0205B801#00006F0600182000
(1789440832.424484) can0 01011840#FFFFFFFFFFFFFFFF
(1789440832.424870) can0 02051081#0000C84200000000
(1789440832.426773) can0 0205B881#2B1815320531E339
(1789440832.432733) can0 0205B941#0000000000000000
(1789440832.438742) can0 0205B801#00006F0600182000
(1789440832.444522) can0 01011840#FFFFFFFFFFFFFFFF
(1789440832.444911) can0 02051081#0000C84200000000
(1789440832.446778) can0 0205B881#2B1815320531E339
(1789440832.452787) can0 0205B941#0000000000000000
(1789440832.458781) can0 0205B801#00006D0600182000
(1789440832.464534) can0 01011840#FFFFFFFFFFFFFFFF
(1789440832.464920) can0 02051081#0000C84200000000
(1789440832.466772) can0 0205B881#2B1815320531E339
(1789440832.472785) can0 0205B941#0000000000000000
(1789440832.478731) can0 0205B801#00006E0600182000
(1789440832.484498) can0 01011840#FFFFFFFFFFFFFFFF
(1789440832.484887) can0 02051081#0000C84200000000
(1789440832.486720) can0 0205B881#2B1815320531E339
(1789440832.492783) can0 0205B941#0000000000000000
(1789440832.498783) can0 0205B801#00006F0600182000
(1789440832.504491) can0 01011840#FFFFFFFFFFFFFFFF
(1789440832.504879) can0 02051081#0000C84200000000
(1789440832.506724) can0 0205B881#2B1815320531E339
(1789440832.512781) can0 0205B941#0000000000000000
(1789440832.518777) can0 0205B801#00006D0600182000
(1789440832.524478) can0 01011840#FFFFFFFFFFFFFFFF
(1789440832.524862) can0 02051081#0000C84200000000
(1789440832.526778) can0 0205B881#2B1815320531E339
(1789440832.532787) can0 0205B941#0000000000000000
(1789440832.538786) can0 0205B801#00006C0600182000
(1789440832.544523) can0 01011840#FFFFFFFFFFFFFFFF
(1789440832.544910) can0 02051081#0000C84200000000
(1789440832.546769) can0 0205B881#2B1815320531E339
(1789440832.552785) can0 0205B941#0000000000000000
(1789440832.558733) can0 0205B801#00006E0600182000
(1789440832.564507) can0 01011840#FFFFFFFFFFFFFFFF
(1789440832.564896) can0 02051081#0000C84200000000
(1789440832.566727) can0 0205B881#2B1815320531E339
(1789440832.572785) can0 0205B941#0000000000000000
(1789440832.578731) can0 0205B801#00006B0600182000
(1789440832.584529) can0 01011840#FFFFFFFFFFFFFFFF
(1789440832.584921) can0 02051081#0000C84200000000
(1789440832.586722) can0 0205B881#2B1815320531E339
(1789440832.592779) can0 0205B941#0000000000000000
(1789440832.598726) can0 0205B801#00006D0600182000
(1789440832.600751) can0 0205B841#0000000000400000
(1789440832.604549) can0 01011840#FFFFFFFFFFFFFFFF
(1789440832.604953) can0 02051081#0000C84200000000
(1789440832.606720) can0 0205B881#2B1815320531E339
(1789440832.612786) can0 0205B941#0000000000000000
(1789440832.615743) can0 02051801#0000FFFFFFFF0000
(1789440832.617882) can0 0205BC01#6B392E9A
(1789440832.618724) can0 0205B801#00006D0600182000
(1789440832.624547) can0 01011840#FFFFFFFFFFFFFFFF
(1789440832.624929) can0 02051081#0000C84200000000
(1789440832.626809) can0 0205B881#2B1815320531E339
(1789440832.632780) can0 0205B941#0000000000000000
(1789440832.638790) can0 0205B801#00006C0600182000
(1789440832.644549) can0 01011840#FFFFFFFFFFFFFFFF
(1789440832.644940) can0 02051081#0000C84200000000
(1789440832.646772) can0 0205B881#2B1815320531E339
(1789440832.652778) can0 0205B941#0000000000000000
(1789440832.658725) can0 0205B801#00006C0600182000
(1789440832.664503) can0 01011840#FFFFFFFFFFFFFFFF
(1789440832.664890) can0 02051081#0000C84200000000
(1789440832.666724) can0 0205B881#2B1815320531E339
(1789440832.672739) can0 0205B941#0000000000000000
(1789440832.678777) can0 0205B801#00006C0600182000
(1789440832.684511) can0 01011840#FFFFFFFFFFFFFFFF
(1789440832.684897) can0 02051081#0000C84200000000
(1789440832.686769) can0 0205B881#2B1815320531E339
(1789440832.692732) can0 0205B941#0000000000000000
(1789440832.698774) can0 0205B801#00006B0600182000
(1789440832.704500) can0 01011840#FFFFFFFFFFFFFFFF
(1789440832.704887) can0 02051081#0000C84200000000
(1789440832.706722) can0 0205B881#2B1815320531E339
(1789440832.712733) can0 0205B941#0000000000000000
(1789440832.718779) can0 0205B801#00006B0600182000
(1789440832.724532) can0 01011840#FFFFFFFFFFFFFFFF
(1789440832.724919) can0 02051081#0000C84200000000
(1789440832.726772) can0 0205B881#2B1815320531E339
(1789440832.732779) can0 0205B941#0000000000000000
(1789440832.738739) can0 0205B801#00006C0600182000
(1789440832.744530) can0 01011840#FFFFFFFFFFFFFFFF
(1789440832.744918) can0 02051081#0000C84200000000
(1789440832.746723) can0 0205B881#2B1815320531E339
(1789440832.752729) can0 0205B941#0000000000000000
(1789440832.758779) can0 0205B801#00006B0600182000
(1789440832.764504) can0 01011840#FFFFFFFFFFFFFFFF
(1789440832.764888) can0 02051081#0000C84200000000
(1789440832.766770) can0 0205B881#2B1815320531E339
(1789440832.772780) can0 0205B941#0000000000000000
(1789440832.778731) can0 0205B801#00006B0600182000
(1789440832.784485) can0 01011840#FFFFFFFFFFFFFFFF
(1789440832.784871) can0 02051081#0000C84200000000
(1789440832.786772) can0 0205B881#2B1815320531E339
(1789440832.792785) can0 0205B941#0000000000000000
(1789440832.798779) can0 0205B801#00006B0600182000
(1789440832.804515) can0 01011840#FFFFFFFFFFFFFFFF
(1789440832.804903) can0 02051081#0000C84200000000
(1789440832.806769) can0 0205B881#2B1815320531E339
(1789440832.812779) can0 0205B941#0000000000000000
(1789440832.818776) can0 0205B801#00006B0600182000
(1789440832.824500) can0 01011840#FFFFFFFFFFFFFFFF
(1789440832.824886) can0 02051081#0000C84200000000
(1789440832.826768) can0 0205B881#2B1815320531E339
(1789440832.832782) can0 0205B941#0000000000000000
(1789440832.838782) can0 0205B801#00006A0600182000
(1789440832.844524) can0 01011840#FFFFFFFFFFFFFFFF
(1789440832.844910) can0 02051081#0000C84200000000
(1789440832.846768) can0 0205B881#2B1815320531E339
(1789440832.850730) can0 0205B841#0000000000400000
(1789440832.852800) can0 0205B941#0000000000000000
(1789440832.858778) can0 0205B801#00006A0600182000
(1789440832.864549) can0 01011840#FFFFFFFFFFFFFFFF
(1789440832.864935) can0 02051081#0000C84200000000
(1789440832.866763) can0 0205B881#2B1815320531E339
(1789440832.872778) can0 0205B941#0000000000000000
(1789440832.878777) can0 0205B801#0000690600182000
(1789440832.884507) can0 01011840#FFFFFFFFFFFFFFFF
(1789440832.884893) can0 02051081#0000C84200000000
(1789440832.886720) can0 0205B881#2B1815320531E339
(1789440832.892778) can0 0205B941#0000000000000000
(1789440832.898726) can0 0205B801#00006B0600182000
(1789440832.904518) can0 01011840#FFFFFFFFFFFFFFFF
(1789440832.904906) can0 02051081#0000C84200000000
(1789440832.906744) can0 0205B881#2B1815320531E339
(1789440832.912755) can0 0205B941#0000000000000000
(1789440832.918812) can0 0205B801#00006C0600182000
(1789440832.924541) can0 01011840#FFFFFFFFFFFFFFFF
(1789440832.924915) can0 02051081#0000C84200000000
(1789440832.926755) can0 0205B881#2B1815320531E339
(1789440832.932736) can0 0205B941#0000000000000000
(1789440832.938724) can0 0205B801#00006B0600182000
(1789440832.944553) can0 01011840#FFFFFFFFFFFFFFFF
(1789440832.944942) can0 02051081#0000C84200000000
(1789440832.946769) can0 0205B881#2B1815320531E339
(1789440832.952777) can0 0205B941#0000000000000000
(1789440832.958724) can0 0205B801#00006A0600182000
(1789440832.964524) can0 01011840#FFFFFFFFFFFFFFFF
(1789440832.964912) can0 02051081#0000C84200000000
(1789440832.966767) can0 0205B881#2B1815320531E339
(1789440832.972727) can0 0205B941#0000000000000000
(1789440832.978775) can0 0205B801#0000690600182000
(1789440832.984592) can0 01011840#FFFFFFFFFFFFFFFF
(1789440832.984989) can0 02051081#0000C84200000000
(1789440832.986768) can0 0205B881#2B1815320531E339
(1789440832.992777) can0 0205B941#0000000000000000
(1789440832.998775) can0 0205B801#0000690600182000
(1789440833.004518) can0 01011840#FFFFFFFFFFFFFFFF
(1789440833.004903) can0 02051081#0000C84200000000
(1789440833.006770) can0 0205B881#2B1815320531E339
(1789440833.012776) can0 0205B941#0000000000000000
(1789440833.018722) can0 0205B801#0000690600182000
(1789440833.024484) can0 01011840#FFFFFFFFFFFFFFFF
(1789440833.024868) can0 02051081#0000C84200000000
(1789440833.026766) can0 0205B881#2B1815320531E339
(1789440833.032787) can0 0205B941#0000000000000000
(1789440833.038750) can0 0205B801#00006A0600182000
(1789440833.044583) can0 01011840#FFFFFFFFFFFFFFFF
(1789440833.044986) can0 02051081#0000C84200000000
(1789440833.046763) can0 0205B881#2B1815320531E339
(1789440833.052771) can0 0205B941#0000000000000000
(1789440833.058727) can0 0205B801#0000690600182000
(1789440833.064541) can0 01011840#FFFFFFFFFFFFFFFF
(1789440833.064933) can0 02051081#0000C84200000000
(1789440833.066768) can0 0205B881#2B1815320531E339
(1789440833.072773) can0 0205B941#0000000000000000
(1789440833.078768) can0 0205B801#0000690600182000
(1789440833.084505) can0 01011840#FFFFFFFFFFFFFFFF
(1789440833.084895) can0 02051081#0000C84200000000
(1789440833.086715) can0 0205B881#2B1815320531E339
(1789440833.092721) can0 0205B941#0000000000000000
(1789440833.098772) can0 0205B801#00006A0600182000
(1789440833.100719) can0 0205B841#0000000000400000
(1789440833.104496) can0 01011840#FFFFFFFFFFFFFFFF
(1789440833.104883) can0 02051081#0000C84200000000
(1789440833.106767) can0 0205B881#2B1815320531E339
(1789440833.112780) can0 0205B941#0000000000000000
(1789440833.118774) can0 0205B801#0000690600182000
(1789440833.124507) can0 01011840#FFFFFFFFFFFFFFFF
(1789440833.124906) can0 02051081#0000C84200000000
(1789440833.126716) can0 0205B881#2B1815320531E339
(1789440833.132741) can0 0205B941#0000000000000000
(1789440833.138721) can0 0205B801#00006A0600182000
(1789440833.144545) can0 01011840#FFFFFFFFFFFFFFFF
(1789440833.144930) can0 02051081#0000C84200000000
(1789440833.146765) can0 0205B881#2B1815320531E339
(1789440833.152724) can0 0205B941#0000000000000000
(1789440833.158736) can0 0205B801#00006B0600182000
(1789440833.164603) can0 01011840#FFFFFFFFFFFFFFFF
(1789440833.164992) can0 02051081#0000C84200000000
(1789440833.166779) can0 0205B881#2B1815320531E339
(1789440833.172763) can0 0205B941#0000000000000000
(1789440833.178718) can0 0205B801#0000690600182000
(1789440833.184536) can0 01011840#FFFFFFFFFFFFFFFF
(1789440833.184918) can0 02051081#0000C84200000000
(1789440833.186708) can0 0205B881#2B1815320531E339
(1789440833.192723) can0 0205B941#0000000000000000
(1789440833.198723) can0 0205B801#0000690600182000
(1789440833.204523) can0 01011840#FFFFFFFFFFFFFFFF
(1789440833.204910) can0 02051081#0000C84200000000
(1789440833.206764) can0 0205B881#2B1815320531E339
(1789440833.212724) can0 0205B941#0000000000000000
(1789440833.218738) can0 0205B801#00006C0600182000
(1789440833.224554) can0 01011840#FFFFFFFFFFFFFFFF
(1789440833.224943) can0 02051081#0000C84200000000
(1789440833.226762) can0 0205B881#2B1815320531E339
(1789440833.232718) can0 0205B941#0000000000000000
(1789440833.238722) can0 0205B801#00006A0600182000
(1789440833.244543) can0 01011840#FFFFFFFFFFFFFFFF
(1789440833.244933) can0 02051081#0000C84200000000
(1789440833.246764) can0 0205B881#2B1815320531E339
(1789440833.252776) can0 0205B941#0000000000000000
(1789440833.258767) can0 0205B801#0000690600182000
(1789440833.264512) can0 01011840#FFFFFFFFFFFFFFFF
(1789440833.264897) can0 02051081#0000C84200000000
(1789440833.266763) can0 0205B881#2B1815320531E339
(1789440833.272723) can0 0205B941#0000000000000000
(1789440833.278720) can0 0205B801#00006C0600182000
(1789440833.284505) can0 01011840#FFFFFFFFFFFFFFFF
(1789440833.284991) can0 02051081#0000C84200000000
(1789440833.286786) can0 0205B881#2B1815320531E339
(1789440833.292731) can0 0205B941#0000000000000000
(1789440833.298720) can0 0205B801#00006A0600182000
(1789440833.304567) can0 01011840#FFFFFFFFFFFFFFFF
(1789440833.304952) can0 02051081#0000C84200000000
(1789440833.306766) can0 0205B881#2B1815320531E339
(1789440833.312720) can0 0205B941#0000000000000000
(1789440833.318717) can0 0205B801#00006A0600182000
(1789440833.324498) can0 01011840#FFFFFFFFFFFFFFFF
(1789440833.324881) can0 02051081#0000C84200000000
(1789440833.326760) can0 0205B881#2B1815320531E339
(1789440833.332774) can0 0205B941#0000000000000000
(1789440833.338722) can0 0205B801#00006B0600182000
(1789440833.344514) can0 01011840#FFFFFFFFFFFFFFFF
(1789440833.344903) can0 02051081#0000C84200000000
(1789440833.346760) can0 0205B881#2B1815320531E339
(1789440833.350723) can0 0205B841#0000000000400000
(1789440833.352726) can0 0205B941#0000000000000000
(1789440833.358724) can0 0205B801#00006B0600182000
(1789440833.364507) can0 01011840#FFFFFFFFFFFFFFFF
(1789440833.364894) can0 02051081#0000C84200000000
(1789440833.366704) can0 0205B881#2B1815320531E339
(1789440833.372720) can0 0205B941#0000000000000000
(1789440833.378717) can0 0205B801#0000690600182000
(1789440833.384494) can0 01011840#FFFFFFFFFFFFFFFF
(1789440833.384883) can0 02051081#0000C84200000000
(1789440833.386710) can0 0205B881#2B1815320531E339
(1789440833.392723) can0 0205B941#0000000000000000
(1789440833.398765) can0 0205B801#00006C0600182000
(1789440833.404489) can0 01011840#FFFFFFFFFFFFFFFF
(1789440833.404877) can0 02051081#0000C84200000000
(1789440833.406708) can0 0205B881#2B1815320531E339
(1789440833.412717) can0 0205B941#0000000000000000
(1789440833.418720) can0 0205B801#00006B0600182000
(1789440833.424485) can0 01011840#FFFFFFFFFFFFFFFF
(1789440833.424873) can0 02051081#0000C84200000000
(1789440833.426761) can0 0205B881#2B1815320531E339
(1789440833.432722) can0 0205B941#0000000000000000
(1789440833.438724) can0 0205B801#00006A0600182000
(1789440833.444526) can0 01011840#FFFFFFFFFFFFFFFF
(1789440833.444914) can0 02051081#0000C84200000000
(1789440833.446708) can0 0205B881#2B1815320531E339
(1789440833.452724) can0 0205B941#0000000000000000
(1789440833.458718) can0 0205B801#00006D0600182000
(1789440833.464510) can0 01011840#FFFFFFFFFFFFFFFF
(1789440833.464898) can0 02051081#0000C84200000000
(1789440833.466762) can0 0205B881#2B1815320531E339
(1789440833.472716) can0 0205B941#0000000000000000
(1789440833.478772) can0 0205B801#00006B0600182000
(1789440833.484486) can0 01011840#FFFFFFFFFFFFFFFF
(1789440833.484875) can0 02051081#0000C84200000000
(1789440833.486756) can0 0205B881#2B1815320531E339
(1789440833.492768) can0 0205B941#0000000000000000
(1789440833.498764) can0 0205B801#00006A0600182000
(1789440833.504488) can0 01011840#FFFFFFFFFFFFFFFF
(1789440833.504874) can0 02051081#0000C84200000000
(1789440833.506711) can0 0205B881#2B1815320531E339
(1789440833.512722) can0 0205B941#0000000000000000
(1789440833.518716) can0 0205B801#00006D0600182000
(1789440833.524484) can0 01011840#FFFFFFFFFFFFFFFF
(1789440833.524871) can0 02051081#0000C84200000000
(1789440833.526759) can0 0205B881#2B1815320531E339
(1789440833.532770) can0 0205B941#0000000000000000
(1789440833.538768) can0 0205B801#00006B0600182000
(1789440833.544484) can0 01011840#FFFFFFFFFFFFFFFF
(1789440833.544886) can0 02051081#0000C84200000000
(1789440833.546711) can0 0205B881#2B1815320531E339
(1789440833.552715) can0 0205B941#0000000000000000
(1789440833.558768) can0 0205B801#00006B0600182000
(1789440833.564524) can0 01011840#FFFFFFFFFFFFFFFF
(1789440833.564915) can0 02051081#0000C84200000000
(1789440833.566759) can0 0205B881#2B1815320531E339
(1789440833.572766) can0 0205B941#0000000000000000
(1789440833.578716) can0 0205B801#00006E0600182000
(1789440833.584502) can0 01011840#FFFFFFFFFFFFFFFF
(1789440833.584889) can0 02051081#0000C84200000000
(1789440833.586709) can0 0205B881#2B1815320531E339
(1789440833.592720) can0 0205B941#0000000000000000
(1789440833.598719) can0 0205B801#00006D0600182000
(1789440833.600768) can0 0205B841#0000000000400000
(1789440833.604520) can0 01011840#FFFFFFFFFFFFFFFF
(1789440833.604908) can0 02051081#0000C84200000000
(1789440833.606755) can0 0205B881#2B1815320531E339
(1789440833.612765) can0 0205B941#0000000000000000
(1789440833.615711) can0 02051801#0000FFFFFFFF0000
(1789440833.617664) can0 0205BC01#6B392E9A
(1789440833.618709) can0 0205B801#0000740600182000
(1789440833.624542) can0 01011840#FFFFFFFFFFFFFFFF
(1789440833.624938) can0 02051081#0000C84200000000
(1789440833.626705) can0 0205B881#2B1815320531E339
(1789440833.632712) can0 0205B941#0000000000000000
(1789440833.638716) can0 0205B801#00006F0600182000
(1789440833.644538) can0 01011840#FFFFFFFFFFFFFFFF
(1789440833.644923) can0 02051081#0000C84200000000
(1789440833.646753) can0 0205B881#2B1815320531E339
(1789440833.652719) can0 0205B941#0000000000000000
(1789440833.658736) can0 0205B801#00006E0600182000
(1789440833.664551) can0 01011840#FFFFFFFFFFFFFFFF
(1789440833.664941) can0 02051081#0000C84200000000
(1789440833.666706) can0 0205B881#2B1815320531E339
(1789440833.672776) can0 0205B941#0000000000000000
(1789440833.678729) can0 0205B801#00006E0600182000
(1789440833.684539) can0 01011840#FFFFFFFFFFFFFFFF
(1789440833.684923) can0 02051081#0000C84200000000
(1789440833.686703) can0 0205B881#2B1815320531E339
(1789440833.692773) can0 0205B941#0000000000000000
(1789440833.698713) can0 0205B801#0000710600182000
(1789440833.704525) can0 01011840#FFFFFFFFFFFFFFFF
(1789440833.704911) can0 02051081#0000C84200000000
(1789440833.706758) can0 0205B881#2B1815320531E339
(1789440833.712765) can0 0205B941#0000000000000000
(1789440833.718769) can0 0205B801#00006E0600182000
(1789440833.724501) can0 01011840#FFFFFFFFFFFFFFFF
(1789440833.724887) can0 02051081#0000C84200000000
(1789440833.726756) can0 0205B881#2B1815320531E339
(1789440833.732715) can0 0205B941#0000000000000000
(1789440833.738722) can0 0205B801#0000700600182000
(1789440833.744523) can0 01011840#FFFFFFFFFFFFFFFF
(1789440833.744914) can0 02051081#0000C84200000000
(1789440833.746703) can0 0205B881#2B1815320531E339
(1789440833.752772) can0 0205B941#0000000000000000
(1789440833.758762) can0 0205B801#0000710600182000
(1789440833.764531) can0 01011840#FFFFFFFFFFFFFFFF
(1789440833.764919) can0 02051081#0000C84200000000
(1789440833.766757) can0 0205B881#2B1815320531E339
(1789440833.772716) can0 0205B941#0000000000000000
(1789440833.778710) can0 0205B801#0000700600182000
(1789440833.784503) can0 01011840#FFFFFFFFFFFFFFFF
(1789440833.784889) can0 02051081#0000C84200000000
(1789440833.786757) can0 0205B881#2B1815320531E339
(1789440833.792765) can0 0205B941#0000000000000000
(1789440833.798716) can0 0205B801#0000710600182000
(1789440833.804486) can0 01011840#FFFFFFFFFFFFFFFF
(1789440833.804872) can0 02051081#0000C84200000000
(1789440833.806703) can0 0205B881#2B1815320531E339
(1789440833.812764) can0 0205B941#0000000000000000
(1789440833.818738) can0 0205B801#0000730600182000
(1789440833.824545) can0 01011840#FFFFFFFFFFFFFFFF
(1789440833.824928) can0 02051081#0000C84200000000
(1789440833.826750) can0 0205B881#2B1815320531E339
(1789440833.832718) can0 0205B941#0000000000000000
(1789440833.838763) can0 0205B801#0000720600182000
(1789440833.844542) can0 01011840#FFFFFFFFFFFFFFFF
(1789440833.844931) can0 02051081#0000C84200000000
(1789440833.846750) can0 0205B881#2B1815320531E339
(1789440833.850713) can0 0205B841#0000000000400000
(1789440833.852761) can0 0205B941#0000000000000000
(1789440833.858762) can0 0205B801#0000720600182000
(1789440833.864506) can0 01011840#FFFFFFFFFFFFFFFF
(1789440833.864892) can0 02051081#0000C84200000000
(1789440833.866755) can0 0205B881#2B1815320531E339
(1789440833.872759) can0 0205B941#0000000000000000
(1789440833.878727) can0 0205B801#0000750600182000
(1789440833.884560) can0 01011840#FFFFFFFFFFFFFFFF
(1789440833.884950) can0 02051081#0000C84200000000
(1789440833.886747) can0 0205B881#2B1815320531E339
(1789440833.892762) can0 0205B941#0000000000000000
(1789440833.898762) can0 0205B801#0000730600182000
(1789440833.904509) can0 01011840#FFFFFFFFFFFFFFFF
(1789440833.904901) can0 02051081#0000C84200000000
(1789440833.906703) can0 0205B881#2B1815320531E339
(1789440833.912716) can0 0205B941#0000000000000000
(1789440833.918715) can0 0205B801#0000740600182000
(1789440833.924502) can0 01011840#FFFFFFFFFFFFFFFF
(1789440833.924887) can0 02051081#0000C84200000000
(1789440833.926699) can0 0205B881#2B1815320531E339
(1789440833.932976) can0 0205B941#0000000000000000
(1789440833.938767) can0 0205B801#0000750600182000
(1789440833.944556) can0 01011840#FFFFFFFFFFFFFFFF
(1789440833.944926) can0 02051081#0000C84200000000
(1789440833.946696) can0 0205B881#2B1815320531E339
(1789440833.952708) can0 0205B941#0000000000000000
(1789440833.958704) can0 0205B801#0000750600182000
(1789440833.964510) can0 01011840#FFFFFFFFFFFFFFFF
(1789440833.964900) can0 02051081#0000C84200000000
(1789440833.966750) can0 0205B881#2B1815320531E339
(1789440833.972759) can0 0205B941#0000000000000000
(1789440833.978757) can0 0205B801#0000750600182000
(1789440833.984497) can0 01011840#FFFFFFFFFFFFFFFF
(1789440833.984888) can0 02051081#0000C84200000000
(1789440833.986700) can0 0205B881#2B1815320531E339
(1789440833.992713) can0 0205B941#0000000000000000
(1789440833.998714) can0 0205B801#0000760600182000
(1789440834.004645) can0 01011840#FFFFFFFFFFFFFFFF
(1789440834.005324) can0 02051081#0000C84200000000
(1789440834.006704) can0 0205B881#2B1815320531E339
(1789440834.012711) can0 0205B941#0000000000000000
(1789440834.018708) can0 0205B801#0000760600182000
(1789440834.024548) can0 01011840#FFFFFFFFFFFFFFFF
(1789440834.024937) can0 02051081#0000C84200000000
(1789440834.026748) can0 0205B881#2B1815320531E339
(1789440834.032766) can0 0205B941#0000000000000000
(1789440834.038709) can0 0205B801#0000770600182000
(1789440834.044551) can0 01011840#FFFFFFFFFFFFFFFF
(1789440834.044940) can0 02051081#0000C84200000000
(1789440834.046699) can0 0205B881#2B1815320531E339
(1789440834.052761) can0 0205B941#0000000000000000
(1789440834.058734) can0 0205B801#0000780600182000
(1789440834.064576) can0 01011840#FFFFFFFFFFFFFFFF
(1789440834.064971) can0 02051081#0000C84200000000
(1789440834.066705) can0 0205B881#2B1815320531E339
(1789440834.072710) can0 0205B941#0000000000000000
(1789440834.078712) can0 0205B801#0000780600182000
(1789440834.084531) can0 01011840#FFFFFFFFFFFFFFFF
(1789440834.084921) can0 02051081#0000C84200000000
(1789440834.086752) can0 0205B881#2B1815320531E339
(1789440834.092764) can0 0205B941#0000000000000000
(1789440834.098762) can0 0205B801#0000770600182000
(1789440834.100756) can0 0205B841#0000000000400000
(1789440834.104530) can0 01011840#FFFFFFFFFFFFFFFF
(1789440834.104919) can0 02051081#0000C84200000000
(1789440834.106701) can0 0205B881#2B1815320531E339
(1789440834.112712) can0 0205B941#0000000000000000
(1789440834.118709) can0 0205B801#0000790600182000
(1789440834.124517) can0 01011840#FFFFFFFFFFFFFFFF
(1789440834.124910) can0 02051081#0000C84200000000
(1789440834.126708) can0 0205B881#2B1815320531E339
(1789440834.132717) can0 0205B941#0000000000000000
(1789440834.138710) can0 0205B801#0000790600182000
(1789440834.144536) can0 01011840#FFFFFFFFFFFFFFFF
(1789440834.144923) can0 02051081#0000C84200000000
(1789440834.146702) can0 0205B881#2B1815320531E339
(1789440834.152765) can0 0205B941#0000000000000000
(1789440834.158756) can0 0205B801#0000780600182000
(1789440834.164507) can0 01011840#FFFFFFFFFFFFFFFF
(1789440834.164897) can0 02051081#0000C84200000000
(1789440834.166710) can0 0205B881#2B1815320531E339
(1789440834.172723) can0 0205B941#0000000000000000
(1789440834.178706) can0 0205B801#00007A0600182000
(1789440834.184547) can0 01011840#FFFFFFFFFFFFFFFF
(1789440834.184938) can0 02051081#0000C84200000000
(1789440834.186704) can0 0205B881#2B1815320531E339
(1789440834.192756) can0 0205B941#0000000000000000
(1789440834.198714) can0 0205B801#0000780600182000
(1789440834.204539) can0 01011840#FFFFFFFFFFFFFFFF
(1789440834.204923) can0 02051081#0000C84200000000
(1789440834.206747) can0 0205B881#2B1815320531E339
(1789440834.212705) can0 0205B941#0000000000000000
(1789440834.218704) can0 0205B801#0000760600182000
(1789440834.224513) can0 01011840#FFFFFFFFFFFFFFFF
(1789440834.224896) can0 02051081#0000C84200000000
(1789440834.226742) can0 0205B881#2B1815320531E339
(1789440834.232760) can0 0205B941#0000000000000000
(1789440834.238753) can0 0205B801#0000760600182000
(1789440834.244504) can0 01011840#FFFFFFFFFFFFFFFF
(1789440834.244893) can0 02051081#0000C84200000000
(1789440834.246750) can0 0205B881#2B1815320531E339
(1789440834.252713) can0 0205B941#0000000000000000
(1789440834.258709) can0 0205B801#0000750600182000
(1789440834.264531) can0 01011840#FFFFFFFFFFFFFFFF
(1789440834.264920) can0 02051081#0000C84200000000
(1789440834.266694) can0 0205B881#2B1815320531E339
(1789440834.272710) can0 0205B941#0000000000000000
(1789440834.278703) can0 0205B801#0000720600182000
(1789440834.284499) can0 01011840#FFFFFFFFFFFFFFFF
(1789440834.284884) can0 02051081#0000C84200000000
(1789440834.286743) can0 0205B881#2B1815320531E339
(1789440834.292754) can0 0205B941#0000000000000000
(1789440834.298757) can0 0205B801#0000710600182000
(1789440834.304498) can0 01011840#FFFFFFFFFFFFFFFF
(1789440834.304883) can0 02051081#0000C84200000000
(1789440834.306767) can0 0205B881#2B1815320531E339
(1789440834.312739) can0 0205B941#0000000000000000
(1789440834.318706) can0 0205B801#0000700600182000
(1789440834.324582) can0 01011840#FFFFFFFFFFFFFFFF
(1789440834.324966) can0 02051081#0000C84200000000
(1789440834.326697) can0 0205B881#2B1815320531E339
(1789440834.332758) can0 0205B941#0000000000000000
(1789440834.338756) can0 0205B801#00006E0600182000
(1789440834.344502) can0 01011840#FFFFFFFFFFFFFFFF
(1789440834.344888) can0 02051081#0000C84200000000
(1789440834.346698) can0 0205B881#2B1815320531E339
(1789440834.350712) can0 0205B841#0000000000400000
(1789440834.352706) can0 0205B941#0000000000000000
(1789440834.358702) can0 0205B801#0000700600182000
(1789440834.364521) can0 01011840#FFFFFFFFFFFFFFFF
(1789440834.364909) can0 02051081#0000C84200000000
(1789440834.366701) can0 0205B881#2B1815320531E339
(1789440834.372764) can0 0205B941#0000000000000000
(1789440834.378756) can0 0205B801#00006E0600182000
(1789440834.384526) can0 01011840#FFFFFFFFFFFFFFFF
(1789440834.384912) can0 02051081#0000C84200000000
(1789440834.386698) can0 0205B881#2B1815320531E339
(1789440834.392752) can0 0205B941#0000000000000000
(1789440834.398759) can0 0205B801#00006D0600182000
(1789440834.404495) can0 01011840#FFFFFFFFFFFFFFFF
(1789440834.404880) can0 02051081#0000C84200000000
(1789440834.406747) can0 0205B881#2B1815320531E339
(1789440834.412707) can0 0205B941#0000000000000000
(1789440834.418726) can0 0205B801#00006F0600182000
(1789440834.424602) can0 01011840#FFFFFFFFFFFFFFFF
(1789440834.424996) can0 02051081#0000C84200000000
(1789440834.426742) can0 0205B881#2B1815320531E339
(1789440834.432709) can0 0205B941#0000000000000000
(1789440834.438703) can0 0205B801#00006E0600182000
(1789440834.444544) can0 01011840#FFFFFFFFFFFFFFFF
(1789440834.444932) can0 02051081#0000C84200000000
(1789440834.446742) can0 0205B881#2B1815320531E339
(1789440834.452762) can0 0205B941#0000000000000000
(1789440834.458699) can0 0205B801#00006E0600182000
(1789440834.464546) can0 01011840#FFFFFFFFFFFFFFFF
(1789440834.464934) can0 02051081#0000C84200000000
(1789440834.466749) can0 0205B881#2B1815320531E339
(1789440834.472707) can0 0205B941#0000000000000000
(1789440834.478750) can0 0205B801#00006E0600182000
(1789440834.484519) can0 01011840#FFFFFFFFFFFFFFFF
(1789440834.484905) can0 02051081#0000C84200000000
(1789440834.486697) can0 0205B881#2B1815320531E339
(1789440834.492703) can0 0205B941#0000000000000000
(1789440834.498711) can0 0205B801#00006E0600182000
(1789440834.504503) can0 01011840#FFFFFFFFFFFFFFFF
(1789440834.504889) can0 02051081#0000C84200000000
(1789440834.506691) can0 0205B881#2B1815320531E339
(1789440834.512750) can0 0205B941#0000000000000000
(1789440834.518755) can0 0205B801#00006D0600182000
(1789440834.524493) can0 01011840#FFFFFFFFFFFFFFFF
(1789440834.524879) can0 02051081#0000C84200000000
(1789440834.526746) can0 0205B881#2B1815320531E339
(1789440834.532713) can0 0205B941#0000000000000000
(1789440834.538753) can0 0205B801#00006D0600182000
(1789440834.544482) can0 01011840#FFFFFFFFFFFFFFFF
(1789440834.544868) can0 02051081#0000C84200000000
(1789440834.546694) can0 0205B881#2B1815320531E339
(1789440834.552729) can0 0205B941#0000000000000000
(1789440834.558776) can0 0205B801#00006C0600182000
(1789440834.564524) can0 01011840#FFFFFFFFFFFFFFFF
(1789440834.564896) can0 02051081#0000C84200000000
(1789440834.566695) can0 0205B881#2B1815320531E339
(1789440834.572750) can0 0205B941#0000000000000000
(1789440834.578699) can0 0205B801#00006C0600182000
(1789440834.584576) can0 01011840#FFFFFFFFFFFFFFFF
(1789440834.584962) can0 02051081#0000C84200000000
(1789440834.586740) can0 0205B881#2B1815320531E339
(1789440834.592699) can0 0205B941#0000000000000000
(1789440834.598753) can0 0205B801#00006C0600182000
(1789440834.600703) can0 0205B841#0000000000400000
(1789440834.604524) can0 01011840#FFFFFFFFFFFFFFFF
(1789440834.604909) can0 02051081#0000C84200000000
(1789440834.606695) can0 0205B881#2B1815320531E339
(1789440834.612701) can0 0205B941#0000000000000000
(1789440834.615754) can0 02051801#0000FFFFFFFF0000
(1789440834.617653) can0 0205BC01#6B392E9A
(1789440834.618696) can0 0205B801#0000690600182000
(1789440834.624497) can0 01011840#FFFFFFFFFFFFFFFF
(1789440834.624882) can0 02051081#0000C84200000000
(1789440834.626743) can0 0205B881#2B1815320531E339
(1789440834.632759) can0 0205B941#0000000000000000
(1789440834.638705) can0 0205B801#00006C0600182000
(1789440834.644621) can0 01011840#FFFFFFFFFFFFFFFF
(1789440834.645020) can0 02051081#0000C84200000000
(1789440834.646691) can0 0205B881#2B1815320531E339
(1789440834.652707) can0 0205B941#0000000000000000
(1789440834.658697) can0 0205B801#00006B0600182000
(1789440834.664558) can0 01011840#FFFFFFFFFFFFFFFF
(1789440834.664947) can0 02051081#0000C84200000000
(1789440834.666692) can0 0205B881#2B1815320531E339
(1789440834.672751) can0 0205B941#0000000000000000
(1789440834.678700) can0 0205B801#00006B0600182000
(1789440834.684517) can0 01011840#FFFFFFFFFFFFFFFF
(1789440834.684905) can0 02051081#0000C84200000000
(1789440834.686740) can0 0205B881#2B1815320531E339
(1789440834.692714) can0 0205B941#0000000000000000
(1789440834.698709) can0 0205B801#00006A0600182000
(1789440834.704553) can0 01011840#FFFFFFFFFFFFFFFF
(1789440834.704940) can0 02051081#0000C84200000000
(1789440834.706751) can0 0205B881#2B1815320531E339
(1789440834.712700) can0 0205B941#0000000000000000
(1789440834.718755) can0 0205B801#00006B0600182000
(1789440834.724566) can0 01011840#FFFFFFFFFFFFFFFF
(1789440834.724953) can0 02051081#0000C84200000000
(1789440834.726688) can0 0205B881#2B1815320531E339
(1789440834.732704) can0 0205B941#0000000000000000
(1789440834.738751) can0 0205B801#00006A0600182000
(1789440834.744526) can0 01011840#FFFFFFFFFFFFFFFF
(1789440834.744915) can0 02051081#0000C84200000000
(1789440834.746690) can0 0205B881#2B1815320531E339
(1789440834.752762) can0 0205B941#0000000000000000
(1789440834.758746) can0 0205B801#0000690600182000
(1789440834.764534) can0 01011840#FFFFFFFFFFFFFFFF
(1789440834.764928) can0 02051081#0000C84200000000
(1789440834.766693) can0 0205B881#2B1815320531E339
(1789440834.772762) can0 0205B941#0000000000000000
(1789440834.778748) can0 0205B801#00006A0600182000
(1789440834.784546) can0 01011840#FFFFFFFFFFFFFFFF
(1789440834.784932) can0 02051081#0000C84200000000
(1789440834.786691) can0 0205B881#2B1815320531E339
(1789440834.792701) can0 0205B941#0000000000000000
(1789440834.798705) can0 0205B801#00006A0600182000
(1789440834.804520) can0 01011840#FFFFFFFFFFFFFFFF
(1789440834.804909) can0 02051081#0000C84200000000
(1789440834.806689) can0 0205B881#2B1815320531E339
(1789440834.812702) can0 0205B941#0000000000000000
(1789440834.818704) can0 0205B801#00006B0600182000
(1789440834.824527) can0 01011840#FFFFFFFFFFFFFFFF
(1789440834.824915) can0 02051081#0000C84200000000
(1789440834.826691) can0 0205B881#2B1815320531E339
(1789440834.832708) can0 0205B941#0000000000000000
(1789440834.838749) can0 0205B801#00006B0600182000
(1789440834.844534) can0 01011840#FFFFFFFFFFFFFFFF
(1789440834.844924) can0 02051081#0000C84200000000
(1789440834.846691) can0 0205B881#2B1815320531E339
(1789440834.850751) can0 0205B841#0000000000400000
(1789440834.852745) can0 0205B941#0000000000000000
(1789440834.858747) can0 0205B801#0000690600182000
(1789440834.864518) can0 01011840#FFFFFFFFFFFFFFFF
(1789440834.864910) can0 02051081#0000C84200000000
(1789440834.866739) can0 0205B881#2B1815320531E339
(1789440834.872703) can0 0205B941#0000000000000000
(1789440834.878743) can0 0205B801#0000690600182000
(1789440834.884504) can0 01011840#FFFFFFFFFFFFFFFF
(1789440834.884889) can0 02051081#0000C84200000000
(1789440834.886740) can0 0205B881#2B1815320531E339
(1789440834.892768) can0 0205B941#0000000000000000
(1789440834.898717) can0 0205B801#00006A0600182000
(1789440834.904559) can0 01011840#FFFFFFFFFFFFFFFF
(1789440834.904945) can0 02051081#0000C84200000000
(1789440834.906685) can0 0205B881#2B1815320531E339
(1789440834.912745) can0 0205B941#0000000000000000
(1789440834.918698) can0 0205B801#0000690600182000
(1789440834.924515) can0 01011840#FFFFFFFFFFFFFFFF
(1789440834.924896) can0 02051081#0000C84200000000
(1789440834.926689) can0 0205B881#2B1815320531E339
(1789440834.932710) can0 0205B941#0000000000000000
(1789440834.938748) can0 0205B801#0000680600182000
(1789440834.944533) can0 01011840#FFFFFFFFFFFFFFFF
(1789440834.944921) can0 02051081#0000C84200000000
(1789440834.946690) can0 0205B881#2B1815320531E339
(1789440834.952704) can0 0205B941#0000000000000000
(1789440834.958924) can0 0205B801#00006A0600182000
(1789440834.964802) can0 01011840#FFFFFFFFFFFFFFFF
(1789440834.965212) can0 02051081#0000C84200000000
(1789440834.966697) can0 0205B881#2B1815320531E339
(1789440834.972745) can0 0205B941#0000000000000000
(1789440834.978688) can0 0205B801#0000690600182000
(1789440834.984526) can0 01011840#FFFFFFFFFFFFFFFF
(1789440834.984916) can0 02051081#0000C84200000000
(1789440834.986741) can0 0205B881#2B1815320531E339
(1789440834.992751) can0 0205B941#0000000000000000
(1789440834.998744) can0 0205B801#0000690600182000
(1789440835.004541) can0 01011840#FFFFFFFFFFFFFFFF
(1789440835.004930) can0 02051081#0000C84200000000
(1789440835.006687) can0 0205B881#2B1815320531E339
(1789440835.012695) can0 0205B941#0000000000000000
(1789440835.018775) can0 0205B801#0000690600182000
(1789440835.024567) can0 01011840#FFFFFFFFFFFFFFFF
(1789440835.024954) can0 02051081#0000C84200000000
(1789440835.026733) can0 0205B881#2B1815320531E339
(1789440835.032786) can0 0205B941#0000000000000000
(1789440835.038747) can0 0205B801#0000690600182000
(1789440835.044595) can0 01011840#FFFFFFFFFFFFFFFF
(1789440835.044993) can0 02051081#0000C84200000000
(1789440835.046685) can0 0205B881#2B1815320531E339
(1789440835.052699) can0 0205B941#0000000000000000
(1789440835.058742) can0 0205B801#0000680600182000
(1789440835.064547) can0 01011840#FFFFFFFFFFFFFFFF
(1789440835.064936) can0 02051081#0000C84200000000
(1789440835.066686) can0 0205B881#2B1815320531E339
(1789440835.072751) can0 0205B941#0000000000000000
(1789440835.078751) can0 0205B801#0000680600182000
(1789440835.084624) can0 01011840#FFFFFFFFFFFFFFFF
(1789440835.085018) can0 02051081#0000C84200000000
(1789440835.086736) can0 0205B881#2B1815320531E339
(1789440835.092746) can0 0205B941#0000000000000000
(1789440835.098688) can0 0205B801#0000680600182000
(1789440835.100689) can0 0205B841#0000000000400000
(1789440835.104522) can0 01011840#FFFFFFFFFFFFFFFF
(1789440835.104906) can0 02051081#0000C84200000000
(1789440835.106683) can0 0205B881#2B1815320531E339
(1789440835.112696) can0 0205B941#0000000000000000
(1789440835.118742) can0 0205B801#0000690600182000
(1789440835.124525) can0 01011840#FFFFFFFFFFFFFFFF
(1789440835.124913) can0 02051081#0000C84200000000
(1789440835.126695) can0 0205B881#2B1815320531E339
(1789440835.132743) can0 0205B941#0000000000000000
(1789440835.138691) can0 0205B801#00006B0600182000
(1789440835.144531) can0 01011840#FFFFFFFFFFFFFFFF
(1789440835.144922) can0 02051081#0000C84200000000
(1789440835.146738) can0 0205B881#2B1815320531E339
(1789440835.152695) can0 0205B941#0000000000000000
(1789440835.158691) can0 0205B801#0000690600182000
(1789440835.164536) can0 01011840#FFFFFFFFFFFFFFFF
(1789440835.164921) can0 02051081#0000C84200000000
(1789440835.166743) can0 0205B881#2B1815320531E339
(1789440835.172706) can0 0205B941#0000000000000000
(1789440835.178695) can0 0205B801#0000690600182000
(1789440835.184549) can0 01011840#FFFFFFFFFFFFFFFF
(1789440835.184933) can0 02051081#0000C84200000000
(1789440835.186680) can0 0205B881#2B1815320531E339
(1789440835.192698) can0 0205B941#0000000000000000
(1789440835.198701) can0 0205B801#00006B0600182000
(1789440835.204512) can0 01011840#FFFFFFFFFFFFFFFF
(1789440835.204897) can0 02051081#0000C84200000000
(1789440835.206682) can0 0205B881#2B1815320531E339
(1789440835.212742) can0 0205B941#0000000000000000
(1789440835.218738) can0 0205B801#0000690600182000
(1789440835.224485) can0 01011840#FFFFFFFFFFFFFFFF
(1789440835.224869) can0 02051081#0000C84200000000
(1789440835.226685) can0 0205B881#2B1815320531E339
(1789440835.232739) can0 0205B941#0000000000000000
(1789440835.238741) can0 0205B801#0000680600182000
(1789440835.244517) can0 01011840#FFFFFFFFFFFFFFFF
(1789440835.244907) can0 02051081#0000C84200000000
(1789440835.246683) can0 0205B881#2B1815320531E339
(1789440835.252740) can0 0205B941#0000000000000000
(1789440835.258739) can0 0205B801#00006B0600182000
(1789440835.264517) can0 01011840#FFFFFFFFFFFFFFFF
(1789440835.264902) can0 02051081#0000C84200000000
(1789440835.266683) can0 0205B881#2B1815320531E339
(1789440835.272746) can0 0205B941#0000000000000000
(1789440835.278743) can0 0205B801#0000690600182000
(1789440835.284502) can0 01011840#FFFFFFFFFFFFFFFF
(1789440835.284890) can0 02051081#0000C84200000000
(1789440835.286734) can0 0205B881#2B1815320531E339
(1789440835.292692) can0 0205B941#0000000000000000
(1789440835.298688) can0 0205B801#0000690600182000
(1789440835.304494) can0 01011840#FFFFFFFFFFFFFFFF
(1789440835.304878) can0 02051081#0000C84200000000
(1789440835.306685) can0 0205B881#2B1815320531E339
(1789440835.312740) can0 0205B941#0000000000000000
(1789440835.318740) can0 0205B801#0000690600182000
(1789440835.324489) can0 01011840#FFFFFFFFFFFFFFFF
(1789440835.324872) can0 02051081#0000C84200000000
(1789440835.326729) can0 0205B881#2B1815320531E339
(1789440835.332773) can0 0205B941#0000000000000000
(1789440835.338743) can0 0205B801#0000690600182000
(1789440835.344550) can0 01011840#FFFFFFFFFFFFFFFF
(1789440835.344933) can0 02051081#0000C84200000000
(1789440835.346682) can0 0205B881#2B1815320531E339
(1789440835.350690) can0 0205B841#0000000000400000
(1789440835.352690) can0 0205B941#0000000000000000
(1789440835.358694) can0 0205B801#00006A0600182000
(1789440835.364491) can0 01011840#FFFFFFFFFFFFFFFF
(1789440835.364876) can0 02051081#0000C84200000000
(1789440835.366729) can0 0205B881#2B1815320531E339
(1789440835.372746) can0 0205B941#0000000000000000
(1789440835.378688) can0 0205B801#00006B0600182000
(1789440835.384490) can0 01011840#FFFFFFFFFFFFFFFF
(1789440835.384874) can0 02051081#0000C84200000000
(1789440835.386678) can0 0205B881#2B1815320531E339
(1789440835.392694) can0 0205B941#0000000000000000
(1789440835.398738) can0 0205B801#00006A0600182000
(1789440835.404480) can0 01011840#FFFFFFFFFFFFFFFF
(1789440835.404864) can0 02051081#0000C84200000000
(1789440835.406728) can0 0205B881#2B1815320531E339
(1789440835.412744) can0 0205B941#0000000000000000
(1789440835.418698) can0 0205B801#00006B0600182000
(1789440835.424532) can0 01011840#FFFFFFFFFFFFFFFF
(1789440835.424919) can0 02051081#0000C84200000000
(1789440835.426683) can0 0205B881#2B1815320531E339
(1789440835.432749) can0 0205B941#0000000000000000
(1789440835.438689) can0 0205B801#00006C0600182000
(1789440835.444537) can0 01011840#FFFFFFFFFFFFFFFF
(1789440835.444928) can0 02051081#0000C84200000000
(1789440835.446733) can0 0205B881#2B1815320531E339
(1789440835.452691) can0 0205B941#0000000000000000
(1789440835.458688) can0 0205B801#00006B0600182000
(1789440835.464499) can0 01011840#FFFFFFFFFFFFFFFF
(1789440835.464883) can0 02051081#0000C84200000000
(1789440835.466679) can0 0205B881#2B1815320531E339
(1789440835.472689) can0 0205B941#0000000000000000
(1789440835.478689) can0 0205B801#00006B0600182000
(1789440835.484500) can0 01011840#FFFFFFFFFFFFFFFF
(1789440835.484884) can0 02051081#0000C84200000000
(1789440835.486681) can0 0205B881#2B1815320531E339
(1789440835.492737) can0 0205B941#0000000000000000
(1789440835.498733) can0 0205B801#00006D0600182000
(1789440835.504535) can0 01011840#FFFFFFFFFFFFFFFF
(1789440835.504923) can0 02051081#0000C84200000000
(1789440835.506680) can0 0205B881#2B1815320531E339
(1789440835.512738) can0 0205B941#0000000000000000
(1789440835.518739) can0 0205B801#00006B0600182000
(1789440835.524490) can0 01011840#FFFFFFFFFFFFFFFF
(1789440835.524874) can0 02051081#0000C84200000000
(1789440835.526683) can0 0205B881#2B1815320531E339
(1789440835.532737) can0 0205B941#0000000000000000
(1789440835.538688) can0 0205B801#00006C0600182000
(1789440835.544518) can0 01011840#FFFFFFFFFFFFFFFF
(1789440835.544904) can0 02051081#0000C84200000000
(1789440835.546683) can0 0205B881#2B1815320531E339
(1789440835.552693) can0 0205B941#0000000000000000
(1789440835.558693) can0 0205B801#00006E0600182000
(1789440835.564518) can0 01011840#FFFFFFFFFFFFFFFF
(1789440835.564903) can0 02051081#0000C84200000000
(1789440835.566677) can0 0205B881#2B1815320531E339
(1789440835.572690) can0 0205B941#0000000000000000
(1789440835.578684) can0 0205B801#00006C0600182000
(1789440835.584529) can0 01011840#FFFFFFFFFFFFFFFF
(1789440835.584915) can0 02051081#0000C84200000000
(1789440835.586728) can0 0205B881#2B1815320531E339
(1789440835.592753) can0 0205B941#0000000000000000
(1789440835.598734) can0 0205B801#00006C0600182000
(1789440835.600682) can0 0205B841#0000000000400000
(1789440835.604547) can0 01011840#FFFFFFFFFFFFFFFF
(1789440835.604929) can0 02051081#0000C84200000000
(1789440835.606677) can0 0205B881#2B1815320531E339
(1789440835.612688) can0 0205B941#0000000000000000
(1789440835.615734) can0 02051801#0000FFFFFFFF0000
(1789440835.617831) can0 0205BC01#6B392E9A
(1789440835.618743) can0 0205B801#0000740600182000
(1789440835.624575) can0 01011840#FFFFFFFFFFFFFFFF
(1789440835.624963) can0 02051081#0000C84200000000
(1789440835.626673) can0 0205B881#2B1815320531E339
(1789440835.632741) can0 0205B941#0000000000000000
(1789440835.638735) can0 0205B801#00006E0600182000
(1789440835.644556) can0 01011840#FFFFFFFFFFFFFFFF
(1789440835.644955) can0 02051081#0000C84200000000
(1789440835.646678) can0 0205B881#2B1815320531E339
(1789440835.652684) can0 0205B941#0000000000000000
(1789440835.658761) can0 0205B801#00006E0600182000
(1789440835.664694) can0 01011840#FFFFFFFFFFFFFFFF
(1789440835.665148) can0 02051081#0000C84200000000
(1789440835.666674) can0 0205B881#2B1815320531E339
(1789440835.672738) can0 0205B941#0000000000000000
(1789440835.678687) can0 0205B801#0000700600182000
(1789440835.684557) can0 01011840#FFFFFFFFFFFFFFFF
(1789440835.684936) can0 02051081#0000C84200000000
(1789440835.686724) can0 0205B881#2B1815320531E339
(1789440835.692748) can0 0205B941#0000000000000000
(1789440835.698760) can0 0205B801#00006F0600182000
(1789440835.704549) can0 01011840#FFFFFFFFFFFFFFFF
(1789440835.704933) can0 02051081#0000C84200000000
(1789440835.706725) can0 0205B881#2B1815320531E339
(1789440835.712735) can0 0205B941#0000000000000000
(1789440835.718746) can0 0205B801#00006F0600182000
(1789440835.724553) can0 01011840#FFFFFFFFFFFFFFFF
(1789440835.724942) can0 02051081#0000C84200000000
(1789440835.726677) can0 0205B881#2B1815320531E339
(1789440835.732735) can0 0205B941#0000000000000000
(1789440835.738735) can0 0205B801#0000710600182000
(1789440835.744534) can0 01011840#FFFFFFFFFFFFFFFF
(1789440835.744922) can0 02051081#0000C84200000000
(1789440835.746724) can0 0205B881#2B1815320531E339
(1789440835.752738) can0 0205B941#0000000000000000
(1789440835.758739) can0 0205B801#0000700600182000
(1789440835.764537) can0 01011840#FFFFFFFFFFFFFFFF
(1789440835.764924) can0 02051081#0000C84200000000
(1789440835.766678) can0 0205B881#2B1815320531E339
(1789440835.772742) can0 0205B941#0000000000000000
(1789440835.778683) can0 0205B801#0000710600182000
(1789440835.784570) can0 01011840#FFFFFFFFFFFFFFFF
(1789440835.784976) can0 02051081#0000C84200000000
(1789440835.786729) can0 0205B881#2B1815320531E339
(1789440835.792742) can0 0205B941#0000000000000000
(1789440835.798682) can0 0205B801#0000730600182000
(1789440835.804541) can0 01011840#FFFFFFFFFFFFFFFF
(1789440835.804928) can0 02051081#0000C84200000000
(1789440835.806673) can0 0205B881#2B1815320531E339
(1789440835.812738) can0 0205B941#0000000000000000
(1789440835.818685) can0 0205B801#0000730600182000
(1789440835.824529) can0 01011840#FFFFFFFFFFFFFFFF
(1789440835.824918) can0 02051081#0000C84200000000
(1789440835.826673) can0 0205B881#2B1815320531E339
(1789440835.832733) can0 0205B941#0000000000000000
(1789440835.838678) can0 0205B801#0000730600182000
(1789440835.844540) can0 01011840#FFFFFFFFFFFFFFFF
(1789440835.844942) can0 02051081#0000C84200000000
(1789440835.846681) can0 0205B881#2B1815320531E339
(1789440835.850733) can0 0205B841#0000000000400000
(1789440835.852711) can0 0205B941#0000000000000000
(1789440835.858693) can0 0205B801#0000740600182000
(1789440835.864525) can0 01011840#FFFFFFFFFFFFFFFF
(1789440835.864904) can0 02051081#0000C84200000000
(1789440835.866668) can0 0205B881#2B1815320531E339
(1789440835.872727) can0 0205B941#0000000000000000
(1789440835.878791) can0 0205B801#0000730600182000
(1789440835.884538) can0 01011840#FFFFFFFFFFFFFFFF
(1789440835.884922) can0 02051081#0000C84200000000
(1789440835.886723) can0 0205B881#2B1815320531E339
(1789440835.892683) can0 0205B941#0000000000000000
(1789440835.898730) can0 0205B801#0000750600182000
(1789440835.904505) can0 01011840#FFFFFFFFFFFFFFFF
(1789440835.904891) can0 02051081#0000C84200000000
(1789440835.906676) can0 0205B881#2B1815320531E339
(1789440835.912735) can0 0205B941#0000000000000000
(1789440835.918759) can0 0205B801#0000750600182000
(1789440835.924528) can0 01011840#FFFFFFFFFFFFFFFF
(1789440835.924914) can0 02051081#0000C84200000000
(1789440835.926722) can0 0205B881#2B1815320531E339
(1789440835.932683) can0 0205B941#0000000000000000
(1789440835.938735) can0 0205B801#0000750600182000
(1789440835.944498) can0 01011840#FFFFFFFFFFFFFFFF
(1789440835.944883) can0 02051081#0000C84200000000
(1789440835.946673) can0 0205B881#2B1815320531E339
(1789440835.952695) can0 0205B941#0000000000000000
(1789440835.958680) can0 0205B801#0000760600182000
(1789440835.964520) can0 01011840#FFFFFFFFFFFFFFFF
(1789440835.964926) can0 02051081#0000C84200000000
(1789440835.966734) can0 0205B881#2B1815320531E339
(1789440835.972682) can0 0205B941#0000000000000000
(1789440835.978684) can0 0205B801#0000780600182000
(1789440835.984529) can0 01011840#FFFFFFFFFFFFFFFF
(1789440835.984926) can0 02051081#0000C84200000000
(1789440835.986749) can0 0205B881#2B1815320531E339
(1789440835.992755) can0 0205B941#0000000000000000
(1789440835.998749) can0 0205B801#0000770600182000
(1789440836.004506) can0 01011840#FFFFFFFFFFFFFFFF
(1789440836.004878) can0 02051081#0000C84200000000
(1789440836.006716) can0 0205B881#2B1815320531E339
(1789440836.012772) can0 0205B941#0000000000000000
(1789440836.018730) can0 0205B801#0000770600182000
(1789440836.024532) can0 01011840#FFFFFFFFFFFFFFFF
(1789440836.024915) can0 02051081#0000C84200000000
(1789440836.026722) can0 0205B881#2B1815320531E339
(1789440836.032736) can0 0205B941#0000000000000000
(1789440836.038683) can0 0205B801#0000790600182000
(1789440836.044514) can0 01011840#FFFFFFFFFFFFFFFF
(1789440836.044910) can0 02051081#0000C84200000000
(1789440836.046681) can0 0205B881#2B1815320531E339
(1789440836.052684) can0 0205B941#0000000000000000
(1789440836.058729) can0 0205B801#0000780600182000
(1789440836.064543) can0 01011840#FFFFFFFFFFFFFFFF
(1789440836.064933) can0 02051081#0000C84200000000
(1789440836.066721) can0 0205B881#2B1815320531E339
(1789440836.072738) can0 0205B941#0000000000000000
(1789440836.078732) can0 0205B801#0000780600182000
(1789440836.084510) can0 01011840#FFFFFFFFFFFFFFFF
(1789440836.084892) can0 02051081#0000C84200000000
(1789440836.086719) can0 0205B881#2B1815320531E339
(1789440836.092726) can0 0205B941#0000000000000000
(1789440836.098725) can0 0205B801#0000790600182000
(1789440836.100678) can0 0205B841#0000000000400000
(1789440836.104486) can0 01011840#FFFFFFFFFFFFFFFF
(1789440836.104872) can0 02051081#0000C84200000000
(1789440836.106671) can0 0205B881#2B1815320531E339
(1789440836.112713) can0 0205B941#0000000000000000
(1789440836.118743) can0 0205B801#00007B0600182000
(1789440836.124512) can0 01011840#FFFFFFFFFFFFFFFF
(1789440836.124892) can0 02051081#0000C84200000000
(1789440836.126726) can0 0205B881#2B1815320531E339
(1789440836.132677) can0 0205B941#0000000000000000
(1789440836.138675) can0 0205B801#0000790600182000
(1789440836.144507) can0 01011840#FFFFFFFFFFFFFFFF
(1789440836.144897) can0 02051081#0000C84200000000
(1789440836.146720) can0 0205B881#2B1815320531E339
(1789440836.152682) can0 0205B941#0000000000000000
(1789440836.158685) can0 0205B801#00007B0600182000
(1789440836.164498) can0 01011840#FFFFFFFFFFFFFFFF
(1789440836.164883) can0 02051081#0000C84200000000
(1789440836.166727) can0 0205B881#2B1815320531E339
(1789440836.172741) can0 0205B941#0000000000000000
(1789440836.178735) can0 0205B801#0000790600182000
(1789440836.184531) can0 01011840#FFFFFFFFFFFFFFFF
(1789440836.184921) can0 02051081#0000C84200000000
(1789440836.186669) can0 0205B881#2B1815320531E339
(1789440836.192683) can0 0205B941#0000000000000000
(1789440836.198678) can0 0205B801#0000770600182000
(1789440836.204516) can0 01011840#FFFFFFFFFFFFFFFF
(1789440836.204901) can0 02051081#0000C84200000000
(1789440836.206722) can0 0205B881#2B1815320531E339
(1789440836.212683) can0 0205B941#0000000000000000
(1789440836.218724) can0 0205B801#0000770600182000
(1789440836.224556) can0 01011840#FFFFFFFFFFFFFFFF
(1789440836.224946) can0 02051081#0000C84200000000
(1789440836.226720) can0 0205B881#2B1815320531E339
(1789440836.232675) can0 0205B941#0000000000000000
(1789440836.238675) can0 0205B801#0000750600182000
(1789440836.244498) can0 01011840#FFFFFFFFFFFFFFFF
(1789440836.244882) can0 02051081#0000C84200000000
(1789440836.246726) can0 0205B881#2B1815320531E339
(1789440836.252732) can0 0205B941#0000000000000000
(1789440836.258726) can0 0205B801#0000720600182000
(1789440836.264510) can0 01011840#FFFFFFFFFFFFFFFF
(1789440836.264897) can0 02051081#0000C84200000000
(1789440836.266716) can0 0205B881#2B1815320531E339
(1789440836.272676) can0 0205B941#0000000000000000
(1789440836.278673) can0 0205B801#0000720600182000
(1789440836.284497) can0 01011840#FFFFFFFFFFFFFFFF
(1789440836.284883) can0 02051081#0000C84200000000
(1789440836.286715) can0 0205B881#2B1815320531E339
(1789440836.292730) can0 0205B941#0000000000000000
(1789440836.298674) can0 0205B801#0000700600182000
(1789440836.304486) can0 01011840#FFFFFFFFFFFFFFFF
(1789440836.304870) can0 02051081#0000C84200000000
(1789440836.306671) can0 0205B881#2B1815320531E339
(1789440836.312734) can0 0205B941#0000000000000000
(1789440836.318728) can0 0205B801#00006F0600182000
(1789440836.324498) can0 01011840#FFFFFFFFFFFFFFFF
(1789440836.324883) can0 02051081#0000C84200000000
(1789440836.326720) can0 0205B881#2B1815320531E339
(1789440836.332677) can0 0205B941#0000000000000000
(1789440836.338677) can0 0205B801#0000700600182000
(1789440836.344497) can0 01011840#FFFFFFFFFFFFFFFF
(1789440836.344882) can0 02051081#0000C84200000000
(1789440836.346720) can0 0205B881#2B1815320531E339
(1789440836.350722) can0 0205B841#0000000000400000
(1789440836.352675) can0 0205B941#0000000000000000
(1789440836.358674) can0 0205B801#00006F0600182000
(1789440836.364623) can0 01011840#FFFFFFFFFFFFFFFF
(1789440836.365022) can0 02051081#0000C84200000000
(1789440836.366717) can0 0205B881#2B1815320531E339
(1789440836.372677) can0 0205B941#0000000000000000
(1789440836.378674) can0 0205B801#00006E0600182000
(1789440836.384518) can0 01011840#FFFFFFFFFFFFFFFF
(1789440836.384899) can0 02051081#0000C84200000000
(1789440836.386720) can0 0205B881#2B1815320531E339
(1789440836.392678) can0 0205B941#0000000000000000
(1789440836.398723) can0 0205B801#0000700600182000
(1789440836.404489) can0 01011840#FFFFFFFFFFFFFFFF
(1789440836.404873) can0 02051081#0000C84200000000
(1789440836.406666) can0 0205B881#2B1815320531E339
(1789440836.412706) can0 0205B941#0000000000000000
(1789440836.418747) can0 0205B801#00006E0600182000
(1789440836.424546) can0 01011840#FFFFFFFFFFFFFFFF
(1789440836.424916) can0 02051081#0000C84200000000
(1789440836.426662) can0 0205B881#2B1815320531E339
(1789440836.432729) can0 0205B941#0000000000000000
(1789440836.438730) can0 0205B801#00006D0600182000
(1789440836.444557) can0 01011840#FFFFFFFFFFFFFFFF
(1789440836.444928) can0 02051081#0000C84200000000
(1789440836.446723) can0 0205B881#2B1815320531E339
(1789440836.452683) can0 0205B941#0000000000000000
(1789440836.458686) can0 0205B801#00006E0600182000
(1789440836.464552) can0 01011840#FFFFFFFFFFFFFFFF
(1789440836.464931) can0 02051081#0000C84200000000
(1789440836.466666) can0 0205B881#2B1815320531E339
(1789440836.472729) can0 0205B941#0000000000000000
(1789440836.478675) can0 0205B801#00006E0600182000
(1789440836.484505) can0 01011840#FFFFFFFFFFFFFFFF
(1789440836.484871) can0 02051081#0000C84200000000
(1789440836.486655) can0 0205B881#2B1815320531E339
(1789440836.492722) can0 0205B941#0000000000000000
(1789440836.498665) can0 0205B801#00006C0600182000
(1789440836.504492) can0 01011840#FFFFFFFFFFFFFFFF
(1789440836.504859) can0 02051081#0000C84200000000
(1789440836.506658) can0 0205B881#2B1815320531E339
(1789440836.512664) can0 0205B941#0000000000000000
(1789440836.518667) can0 0205B801#00006D0600182000
(1789440836.524525) can0 01011840#FFFFFFFFFFFFFFFF
(1789440836.524898) can0 02051081#0000C84200000000
(1789440836.526655) can0 0205B881#2B1815320531E339
(1789440836.532717) can0 0205B941#0000000000000000
(1789440836.538667) can0 0205B801#00006C0600182000
(1789440836.544504) can0 01011840#FFFFFFFFFFFFFFFF
(1789440836.544871) can0 02051081#0000C84200000000
(1789440836.546653) can0 0205B881#2B1815320531E339
(1789440836.552722) can0 0205B941#0000000000000000
(1789440836.558676) can0 0205B801#00006B0600182000
(1789440836.564517) can0 01011840#FFFFFFFFFFFFFFFF
(1789440836.564885) can0 02051081#0000C84200000000
(1789440836.566702) can0 0205B881#2B1815320531E339
(1789440836.572663) can0 0205B941#0000000000000000
(1789440836.578712) can0 0205B801#00006D0600182000
(1789440836.584523) can0 01011840#FFFFFFFFFFFFFFFF
(1789440836.584892) can0 02051081#0000C84200000000
(1789440836.586705) can0 0205B881#2B1815320531E339
(1789440836.592668) can0 0205B941#0000000000000000
(1789440836.598683) can0 0205B801#00006B0600182000
(1789440836.600725) can0 0205B841#0000000000400000
(1789440836.604514) can0 01011840#FFFFFFFFFFFFFFFF
(1789440836.604882) can0 02051081#0000C84200000000
(1789440836.606708) can0 0205B881#2B1815320531E339
(1789440836.612722) can0 0205B941#0000000000000000
(1789440836.615679) can0 02051801#0000FFFFFFFF0000
(1789440836.617671) can0 0205BC01#6B392E9A
(1789440836.618659) can0 0205B801#0000690600182000
(1789440836.624518) can0 01011840#FFFFFFFFFFFFFFFF
(1789440836.624887) can0 02051081#0000C84200000000
(1789440836.626703) can0 0205B881#2B1815320531E339
(1789440836.632672) can0 0205B941#0000000000000000
(1789440836.638709) can0 0205B801#00006C0600182000
(1789440836.644511) can0 01011840#FFFFFFFFFFFFFFFF
(1789440836.644882) can0 02051081#0000C84200000000
(1789440836.646713) can0 0205B881#2B1815320531E339
(1789440836.652720) can0 0205B941#0000000000000000
(1789440836.658664) can0 0205B801#00006C0600182000
(1789440836.664517) can0 01011840#FFFFFFFFFFFFFFFF
(1789440836.664883) can0 02051081#0000C84200000000
(1789440836.666655) can0 0205B881#2B1815320531E339
(1789440836.672670) can0 0205B941#0000000000000000
(1789440836.678725) can0 0205B801#00006B0600182000
(1789440836.684508) can0 01011840#FFFFFFFFFFFFFFFF
(1789440836.684877) can0 02051081#0000C84200000000
(1789440836.686656) can0 0205B881#2B1815320531E339
(1789440836.692713) can0 0205B941#0000000000000000
(1789440836.698742) can0 0205B801#00006B0600182000
(1789440836.704548) can0 01011840#FFFFFFFFFFFFFFFF
(1789440836.704931) can0 02051081#0000C84200000000
(1789440836.706713) can0 0205B881#2B1815320531E339
(1789440836.712677) can0 0205B941#0000000000000000
(1789440836.718719) can0 0205B801#00006B0600182000
(1789440836.724524) can0 01011840#FFFFFFFFFFFFFFFF
(1789440836.724912) can0 02051081#0000C84200000000
(1789440836.726659) can0 0205B881#2B1815320531E339
(1789440836.732722) can0 0205B941#0000000000000000
(1789440836.738720) can0 0205B801#00006B0600182000
(1789440836.744515) can0 01011840#FFFFFFFFFFFFFFFF
(1789440836.744903) can0 02051081#0000C84200000000
(1789440836.746713) can0 0205B881#2B1815320531E339
(1789440836.752727) can0 0205B941#0000000000000000
(1789440836.758720) can0 0205B801#00006A0600182000
(1789440836.764500) can0 01011840#FFFFFFFFFFFFFFFF
(1789440836.764885) can0 02051081#0000C84200000000
(1789440836.766660) can0 0205B881#2B1815320531E339
(1789440836.772673) can0 0205B941#0000000000000000
(1789440836.778670) can0 0205B801#00006A0600182000
(1789440836.784484) can0 01011840#FFFFFFFFFFFFFFFF
(1789440836.784871) can0 02051081#0000C84200000000
(1789440836.786710) can0 0205B881#2B1815320531E339
(1789440836.792729) can0 0205B941#0000000000000000
(1789440836.798721) can0 0205B801#0000690600182000
(1789440836.804534) can0 01011840#FFFFFFFFFFFFFFFF
(1789440836.804919) can0 02051081#0000C84200000000
(1789440836.806662) can0 0205B881#2B1815320531E339
(1789440836.812674) can0 0205B941#0000000000000000
(1789440836.818747) can0 0205B801#00006A0600182000
(1789440836.824775) can0 01011840#FFFFFFFFFFFFFFFF
(1789440836.825187) can0 02051081#0000C84200000000
(1789440836.826685) can0 0205B881#2B1815320531E339
(1789440836.832742) can0 0205B941#0000000000000000
(1789440836.838716) can0 0205B801#0000690600182000
(1789440836.844561) can0 01011840#FFFFFFFFFFFFFFFF
(1789440836.844936) can0 02051081#0000C84200000000
(1789440836.846678) can0 0205B881#2B1815320531E339
(1789440836.850668) can0 0205B841#0000000000400000
(1789440836.852724) can0 0205B941#0000000000000000
(1789440836.858671) can0 0205B801#0000690600182000
(1789440836.864567) can0 01011840#FFFFFFFFFFFFFFFF
(1789440836.864972) can0 02051081#0000C84200000000
(1789440836.866710) can0 0205B881#2B1815320531E339
(1789440836.872673) can0 0205B941#0000000000000000
(1789440836.878669) can0 0205B801#00006B0600182000
(1789440836.884540) can0 01011840#FFFFFFFFFFFFFFFF
(1789440836.884925) can0 02051081#0000C84200000000
(1789440836.886663) can0 0205B881#2B1815320531E339
(1789440836.892667) can0 0205B941#0000000000000000
(1789440836.898714) can0 0205B801#00006B0600182000
(1789440836.904512) can0 01011840#FFFFFFFFFFFFFFFF
(1789440836.904896) can0 02051081#0000C84200000000
(1789440836.906708) can0 0205B881#2B1815320531E339
(1789440836.912747) can0 0205B941#0000000000000000
(1789440836.918670) can0 0205B801#0000690600182000
(1789440836.924563) can0 01011840#FFFFFFFFFFFFFFFF
(1789440836.924952) can0 02051081#0000C84200000000
(1789440836.926661) can0 0205B881#2B1815320531E339
(1789440836.932715) can0 0205B941#0000000000000000
(1789440836.938668) can0 0205B801#00006B0600182000
(1789440836.944585) can0 01011840#FFFFFFFFFFFFFFFF
(1789440836.944986) can0 02051081#0000C84200000000
(1789440836.946669) can0 0205B881#2B1815320531E339
(1789440836.952681) can0 0205B941#0000000000000000
(1789440836.958711) can0 0205B801#00006A0600182000
(1789440836.964558) can0 01011840#FFFFFFFFFFFFFFFF
(1789440836.964939) can0 02051081#0000C84200000000
(1789440836.966720) can0 0205B881#2B1815320531E339
(1789440836.972718) can0 0205B941#0000000000000000
(1789440836.978667) can0 0205B801#00006A0600182000
(1789440836.984535) can0 01011840#FFFFFFFFFFFFFFFF
(1789440836.984917) can0 02051081#0000C84200000000
(1789440836.986655) can0 0205B881#2B1815320531E339
(1789440836.992668) can0 0205B941#0000000000000000
(1789440836.998719) can0 0205B801#00006A0600182000
(1789440837.004506) can0 01011840#FFFFFFFFFFFFFFFF
(1789440837.004889) can0 02051081#0000C84200000000
(1789440837.006660) can0 0205B881#2B1815320531E339
(1789440837.012899) can0 0205B941#0000000000000000
(1789440837.018764) can0 0205B801#0000680600182000
(1789440837.024534) can0 01011840#FFFFFFFFFFFFFFFF
(1789440837.024909) can0 02051081#0000C84200000000
(1789440837.026699) can0 0205B881#2B1815320531E339
(1789440837.032712) can0 0205B941#0000000000000000
(1789440837.038665) can0 0205B801#0000690600182000
(1789440837.044558) can0 01011840#FFFFFFFFFFFFFFFF
(1789440837.044958) can0 02051081#0000C84200000000
(1789440837.046658) can0 0205B881#2B1815320531E339
(1789440837.052681) can0 0205B941#0000000000000000
(1789440837.058665) can0 0205B801#00006B0600182000
(1789440837.064550) can0 01011840#FFFFFFFFFFFFFFFF
(1789440837.064943) can0 02051081#0000C84200000000
(1789440837.066707) can0 0205B881#2B1815320531E339
(1789440837.072722) can0 0205B941#0000000000000000
(1789440837.078716) can0 0205B801#0000680600182000
(1789440837.084581) can0 01011840#FFFFFFFFFFFFFFFF
(1789440837.084978) can0 02051081#0000C84200000000
(1789440837.086710) can0 0205B881#2B1815320531E339
(1789440837.092665) can0 0205B941#0000000000000000
(1789440837.098661) can0 0205B801#0000680600182000
(1789440837.100667) can0 0205B841#0000000000400000
(1789440837.104526) can0 01011840#FFFFFFFFFFFFFFFF
(1789440837.104910) can0 02051081#0000C84200000000
(1789440837.106658) can0 0205B881#2B1815320531E339
(1789440837.112676) can0 0205B941#0000000000000000
(1789440837.118672) can0 0205B801#00006A0600182000
(1789440837.124533) can0 01011840#FFFFFFFFFFFFFFFF
(1789440837.124921) can0 02051081#0000C84200000000
(1789440837.126715) can0 0205B881#2B1815320531E339
(1789440837.132670) can0 0205B941#0000000000000000
(1789440837.138684) can0 0205B801#0000690600182000
(1789440837.144567) can0 01011840#FFFFFFFFFFFFFFFF
(1789440837.144959) can0 02051081#0000C84200000000
(1789440837.146702) can0 0205B881#2B1815320531E339
(1789440837.152720) can0 0205B941#0000000000000000
(1789440837.158661) can0 0205B801#0000690600182000
(1789440837.164540) can0 01011840#FFFFFFFFFFFFFFFF
(1789440837.164925) can0 02051081#0000C84200000000
(1789440837.166655) can0 0205B881#2B1815320531E339
(1789440837.172725) can0 0205B941#0000000000000000
(1789440837.178718) can0 0205B801#00006B0600182000
(1789440837.184548) can0 01011840#FFFFFFFFFFFFFFFF
(1789440837.184934) can0 02051081#0000C84200000000
(1789440837.186707) can0 0205B881#2B1815320531E339
(1789440837.192715) can0 0205B941#0000000000000000
(1789440837.198712) can0 0205B801#00006A0600182000
(1789440837.204544) can0 01011840#FFFFFFFFFFFFFFFF
(1789440837.204934) can0 02051081#0000C84200000000
(1789440837.206707) can0 0205B881#2B1815320531E339
(1789440837.212670) can0 0205B941#0000000000000000
(1789440837.218666) can0 0205B801#0000690600182000
(1789440837.224541) can0 01011840#FFFFFFFFFFFFFFFF
(1789440837.224926) can0 02051081#0000C84200000000
(1789440837.226703) can0 0205B881#2B1815320531E339
(1789440837.232716) can0 0205B941#0000000000000000
(1789440837.238752) can0 0205B801#0000690600182000
(1789440837.244523) can0 01011840#FFFFFFFFFFFFFFFF
(1789440837.244912) can0 02051081#0000C84200000000
(1789440837.246654) can0 0205B881#2B1815320531E339
(1789440837.252725) can0 0205B941#0000000000000000
(1789440837.258713) can0 0205B801#00006A0600182000
(1789440837.264534) can0 01011840#FFFFFFFFFFFFFFFF
(1789440837.264918) can0 02051081#0000C84200000000
(1789440837.266704) can0 0205B881#2B1815320531E339
(1789440837.272663) can0 0205B941#0000000000000000
(1789440837.278662) can0 0205B801#00006A0600182000
(1789440837.284517) can0 01011840#FFFFFFFFFFFFFFFF
(1789440837.284904) can0 02051081#0000C84200000000
(1789440837.286657) can0 0205B881#2B1815320531E339
(1789440837.292716) can0 0205B941#0000000000000000
(1789440837.298657) can0 0205B801#0000690600182000
(1789440837.304515) can0 01011840#FFFFFFFFFFFFFFFF
(1789440837.304905) can0 02051081#0000C84200000000
(1789440837.306706) can0 0205B881#2B1815320531E339
(1789440837.312671) can0 0205B941#0000000000000000
(1789440837.318711) can0 0205B801#0000690600182000
(1789440837.324533) can0 01011840#FFFFFFFFFFFFFFFF
(1789440837.324917) can0 02051081#0000C84200000000
(1789440837.326702) can0 0205B881#2B1815320531E339
(1789440837.332715) can0 0205B941#0000000000000000
(1789440837.338659) can0 0205B801#0000680600182000
(1789440837.344519) can0 01011840#FFFFFFFFFFFFFFFF
(1789440837.344907) can0 02051081#0000C84200000000
(1789440837.346652) can0 0205B881#2B1815320531E339
(1789440837.350666) can0 0205B841#0000000000400000
(1789440837.352716) can0 0205B941#0000000000000000
(1789440837.358664) can0 0205B801#00006A0600182000
(1789440837.364529) can0 01011840#FFFFFFFFFFFFFFFF
(1789440837.364916) can0 02051081#0000C84200000000
(1789440837.366703) can0 0205B881#2B1815320531E339
(1789440837.372661) can0 0205B941#0000000000000000
(1789440837.378664) can0 0205B801#00006A0600182000
(1789440837.384518) can0 01011840#FFFFFFFFFFFFFFFF
(1789440837.384906) can0 02051081#0000C84200000000
(1789440837.386707) can0 0205B881#2B1815320531E339
(1789440837.392694) can0 0205B941#0000000000000000
(1789440837.398709) can0 0205B801#00006C0600182000
(1789440837.404557) can0 01011840#FFFFFFFFFFFFFFFF
(1789440837.404945) can0 02051081#0000C84200000000
(1789440837.406652) can0 0205B881#2B1815320531E339
(1789440837.412709) can0 0205B941#0000000000000000
(1789440837.418712) can0 0205B801#00006D0600182000
(1789440837.424560) can0 01011840#FFFFFFFFFFFFFFFF
(1789440837.424952) can0 02051081#0000C84200000000
(1789440837.426673) can0 0205B881#2B1815320531E339
(1789440837.432719) can0 0205B941#0000000000000000
(1789440837.438667) can0 0205B801#00006B0600182000
(1789440837.444551) can0 01011840#FFFFFFFFFFFFFFFF
(1789440837.444938) can0 02051081#0000C84200000000
(1789440837.446707) can0 0205B881#2B1815320531E339
(1789440837.452722) can0 0205B941#0000000000000000
(1789440837.458663) can0 0205B801#00006B0600182000
(1789440837.464544) can0 01011840#FFFFFFFFFFFFFFFF
(1789440837.464933) can0 02051081#0000C84200000000
(1789440837.466741) can0 0205B881#2B1815320531E339
(1789440837.472666) can0 0205B941#0000000000000000
(1789440837.478660) can0 0205B801#00006E0600182000
(1789440837.484531) can0 01011840#FFFFFFFFFFFFFFFF
(1789440837.484915) can0 02051081#0000C84200000000
(1789440837.486702) can0 0205B881#2B1815320531E339
(1789440837.492659) can0 0205B941#0000000000000000
(1789440837.498658) can0 0205B801#00006B0600182000
(1789440837.504528) can0 01011840#FFFFFFFFFFFFFFFF
(1789440837.504915) can0 02051081#0000C84200000000
(1789440837.506698) can0 0205B881#2B1815320531E339
(1789440837.512663) can0 0205B941#0000000000000000
(1789440837.518657) can0 0205B801#00006C0600182000
(1789440837.524523) can0 01011840#FFFFFFFFFFFFFFFF
(1789440837.524909) can0 02051081#0000C84200000000
(1789440837.526703) can0 0205B881#2B1815320531E339
(1789440837.532717) can0 0205B941#0000000000000000
(1789440837.538711) can0 0205B801#00006E0600182000
(1789440837.544519) can0 01011840#FFFFFFFFFFFFFFFF
(1789440837.544907) can0 02051081#0000C84200000000
(1789440837.546705) can0 0205B881#2B1815320531E339
(1789440837.552671) can0 0205B941#0000000000000000
(1789440837.558710) can0 0205B801#00006C0600182000
(1789440837.564529) can0 01011840#FFFFFFFFFFFFFFFF
(1789440837.564917) can0 02051081#0000C84200000000
(1789440837.566659) can0 0205B881#2B1815320531E339
(1789440837.572663) can0 0205B941#0000000000000000
(1789440837.578710) can0 0205B801#00006D0600182000
(1789440837.584524) can0 01011840#FFFFFFFFFFFFFFFF
(1789440837.584913) can0 02051081#0000C84200000000
(1789440837.586698) can0 0205B881#2B1815320531E339
(1789440837.592661) can0 0205B941#0000000000000000
(1789440837.598708) can0 0205B801#00006E0600182000
(1789440837.600708) can0 0205B841#0000000000400000
(1789440837.604525) can0 01011840#FFFFFFFFFFFFFFFF
(1789440837.604913) can0 02051081#0000C84200000000
(1789440837.606650) can0 0205B881#2B1815320531E339
(1789440837.612713) can0 0205B941#0000000000000000
(1789440837.615715) can0 02051801#0000FFFFFFFF0000
(1789440837.617659) can0 0205BC01#6B392E9A
(1789440837.618701) can0 0205B801#0000770600182000
(1789440837.624516) can0 01011840#FFFFFFFFFFFFFFFF
(1789440837.624900) can0 02051081#0000C84200000000
(1789440837.626695) can0 0205B881#2B1815320531E339
(1789440837.632659) can0 0205B941#0000000000000000
(1789440837.638718) can0 0205B801#00006F0600182000
(1789440837.644531) can0 01011840#FFFFFFFFFFFFFFFF
(1789440837.644920) can0 02051081#0000C84200000000
(1789440837.646646) can0 0205B881#2B1815320531E339
(1789440837.652722) can0 0205B941#0000000000000000
(1789440837.658658) can0 0205B801#0000710600182000
(1789440837.664521) can0 01011840#FFFFFFFFFFFFFFFF
(1789440837.664906) can0 02051081#0000C84200000000
(1789440837.666649) can0 0205B881#2B1815320531E339
(1789440837.672708) can0 0205B941#0000000000000000
(1789440837.678713) can0 0205B801#00006E0600182000
(1789440837.684523) can0 01011840#FFFFFFFFFFFFFFFF
(1789440837.684913) can0 02051081#0000C84200000000
(1789440837.686703) can0 0205B881#2B1815320531E339
(1789440837.692706) can0 0205B941#0000000000000000
(1789440837.698705) can0 0205B801#00006F0600182000
(1789440837.704541) can0 01011840#FFFFFFFFFFFFFFFF
(1789440837.704925) can0 02051081#0000C84200000000
(1789440837.706702) can0 0205B881#2B1815320531E339
(1789440837.712740) can0 0205B941#0000000000000000
(1789440837.718706) can0 0205B801#00006F0600182000
(1789440837.724540) can0 01011840#FFFFFFFFFFFFFFFF
(1789440837.724921) can0 02051081#0000C84200000000
(1789440837.726648) can0 0205B881#2B1815320531E339
(1789440837.732660) can0 0205B941#0000000000000000
(1789440837.738656) can0 0205B801#0000710600182000
(1789440837.744530) can0 01011840#FFFFFFFFFFFFFFFF
(1789440837.744922) can0 02051081#0000C84200000000
(1789440837.746695) can0 0205B881#2B1815320531E339
(1789440837.752661) can0 0205B941#0000000000000000
(1789440837.758654) can0 0205B801#0000710600182000
(1789440837.764537) can0 01011840#FFFFFFFFFFFFFFFF
(1789440837.764925) can0 02051081#0000C84200000000
(1789440837.766647) can0 0205B881#2B1815320531E339
(1789440837.772657) can0 0205B941#0000000000000000
(1789440837.778708) can0 0205B801#0000720600182000
(1789440837.784519) can0 01011840#FFFFFFFFFFFFFFFF
(1789440837.784907) can0 02051081#0000C84200000000
(1789440837.786697) can0 0205B881#2B1815320531E339
(1789440837.792706) can0 0205B941#0000000000000000
(1789440837.798652) can0 0205B801#0000710600182000
(1789440837.804531) can0 01011840#FFFFFFFFFFFFFFFF
(1789440837.804919) can0 02051081#0000C84200000000
(1789440837.806698) can0 0205B881#2B1815320531E339
(1789440837.812661) can0 0205B941#0000000000000000
(1789440837.818709) can0 0205B801#0000720600182000
(1789440837.824538) can0 01011840#FFFFFFFFFFFFFFFF
(1789440837.824924) can0 02051081#0000C84200000000
(1789440837.826649) can0 0205B881#2B1815320531E339
(1789440837.832704) can0 0205B941#0000000000000000
(1789440837.838655) can0 0205B801#0000740600182000
(1789440837.844524) can0 01011840#FFFFFFFFFFFFFFFF
(1789440837.844912) can0 02051081#0000C84200000000
(1789440837.846694) can0 0205B881#2B1815320531E339
(1789440837.850667) can0 0205B841#0000000000400000
(1789440837.852705) can0 0205B941#0000000000000000
(1789440837.858702) can0 0205B801#0000720600182000
(1789440837.864516) can0 01011840#FFFFFFFFFFFFFFFF
(1789440837.864908) can0 02051081#0000C84200000000
(1789440837.866646) can0 0205B881#2B1815320531E339
(1789440837.872706) can0 0205B941#0000000000000000
(1789440837.878701) can0 0205B801#0000730600182000
(1789440837.884535) can0 01011840#FFFFFFFFFFFFFFFF
(1789440837.884919) can0 02051081#0000C84200000000
(1789440837.886694) can0 0205B881#2B1815320531E339
(1789440837.892705) can0 0205B941#0000000000000000
(1789440837.898705) can0 0205B801#0000760600182000
(1789440837.904523) can0 01011840#FFFFFFFFFFFFFFFF
(1789440837.904912) can0 02051081#0000C84200000000
(1789440837.906646) can0 0205B881#2B1815320531E339
(1789440837.912656) can0 0205B941#0000000000000000
(1789440837.918652) can0 0205B801#0000750600182000
(1789440837.924530) can0 01011840#FFFFFFFFFFFFFFFF
(1789440837.924914) can0 02051081#0000C84200000000
(1789440837.926645) can0 0205B881#2B1815320531E339
(1789440837.932712) can0 0205B941#0000000000000000
(1789440837.938701) can0 0205B801#0000760600182000
(1789440837.944505) can0 01011840#FFFFFFFFFFFFFFFF
(1789440837.944894) can0 02051081#0000C84200000000
(1789440837.946643) can0 0205B881#2B1815320531E339
(1789440837.952661) can0 0205B941#0000000000000000
(1789440837.958651) can0 0205B801#0000760600182000
(1789440837.964576) can0 01011840#FFFFFFFFFFFFFFFF
(1789440837.964966) can0 02051081#0000C84200000000
(1789440837.966655) can0 0205B881#2B1815320531E339
(1789440837.972663) can0 0205B941#0000000000000000
(1789440837.978651) can0 0205B801#0000760600182000
(1789440837.984551) can0 01011840#FFFFFFFFFFFFFFFF
(1789440837.984934) can0 02051081#0000C84200000000
(1789440837.986648) can0 0205B881#2B1815320531E339
(1789440837.992702) can0 0205B941#0000000000000000
(1789440837.998700) can0 0205B801#0000780600182000
(1789440838.004507) can0 01011840#FFFFFFFFFFFFFFFF
(1789440838.004891) can0 02051081#0000C84200000000
(1789440838.006641) can0 0205B881#2B1815320531E339
(1789440838.012654) can0 0205B941#0000000000000000
(1789440838.018650) can0 0205B801#0000790600182000
(1789440838.024516) can0 01011840#FFFFFFFFFFFFFFFF
(1789440838.026211) can0 02051081#0000C84200000000
(1789440838.026697) can0 0205B881#2B1815320531E339
(1789440838.032730) can0 0205B941#0000000000000000
(1789440838.038722) can0 0205B801#0000770600182000
(1789440838.044550) can0 01011840#FFFFFFFFFFFFFFFF
(1789440838.044940) can0 02051081#0000C84200000000
(1789440838.046633) can0 0205B881#2B1815320531E339
(1789440838.052654) can0 0205B941#0000000000000000
(1789440838.058647) can0 0205B801#0000780600182000
(1789440838.064556) can0 01011840#FFFFFFFFFFFFFFFF
(1789440838.064947) can0 02051081#0000C84200000000
(1789440838.066693) can0 0205B881#2B1815320531E339
(1789440838.072705) can0 0205B941#0000000000000000
(1789440838.078702) can0 0205B801#0000780600182000
(1789440838.084557) can0 01011840#FFFFFFFFFFFFFFFF
(1789440838.084941) can0 02051081#0000C84200000000
(1789440838.086644) can0 0205B881#2B1815320531E339
(1789440838.092655) can0 0205B941#0000000000000000
(1789440838.098650) can0 0205B801#0000780600182000
(1789440838.100697) can0 0205B841#0000000000400000
(1789440838.104566) can0 01011840#FFFFFFFFFFFFFFFF
(1789440838.104959) can0 02051081#0000C84200000000
(1789440838.106641) can0 0205B881#2B1815320531E339
(1789440838.112653) can0 0205B941#0000000000000000
(1789440838.118657) can0 0205B801#0000780600182000
(1789440838.124541) can0 01011840#FFFFFFFFFFFFFFFF
(1789440838.124935) can0 02051081#0000C84200000000
(1789440838.126708) can0 0205B881#2B1815320531E339
(1789440838.132667) can0 0205B941#0000000000000000
(1789440838.138702) can0 0205B801#0000790600182000
(1789440838.144557) can0 01011840#FFFFFFFFFFFFFFFF
(1789440838.144946) can0 02051081#0000C84200000000
(1789440838.146640) can0 0205B881#2B1815320531E339
(1789440838.152674) can0 0205B941#0000000000000000
(1789440838.158670) can0 0205B801#0000780600182000
(1789440838.164555) can0 01011840#FFFFFFFFFFFFFFFF
(1789440838.164943) can0 02051081#0000C84200000000
(1789440838.166643) can0 0205B881#2B1815320531E339
(1789440838.172709) can0 0205B941#0000000000000000
(1789440838.178699) can0 0205B801#0000780600182000
(1789440838.184556) can0 01011840#FFFFFFFFFFFFFFFF
(1789440838.184945) can0 02051081#0000C84200000000
(1789440838.186648) can0 0205B881#2B1815320531E339
(1789440838.192655) can0 0205B941#0000000000000000
(1789440838.198648) can0 0205B801#0000780600182000
(1789440838.204566) can0 01011840#FFFFFFFFFFFFFFFF
(1789440838.204952) can0 02051081#0000C84200000000
(1789440838.206640) can0 0205B881#2B1815320531E339
(1789440838.212698) can0 0205B941#0000000000000000
(1789440838.218649) can0 0205B801#0000750600182000
(1789440838.224519) can0 01011840#FFFFFFFFFFFFFFFF
(1789440838.224904) can0 02051081#0000C84200000000
(1789440838.226692) can0 0205B881#2B1815320531E339
(1789440838.232701) can0 0205B941#0000000000000000
(1789440838.238701) can0 0205B801#0000740600182000
(1789440838.244526) can0 01011840#FFFFFFFFFFFFFFFF
(1789440838.244917) can0 02051081#0000C84200000000
(1789440838.246689) can0 0205B881#2B1815320531E339
(1789440838.252704) can0 0205B941#0000000000000000
(1789440838.258697) can0 0205B801#0000720600182000
(1789440838.264524) can0 01011840#FFFFFFFFFFFFFFFF
(1789440838.264914) can0 02051081#0000C84200000000
(1789440838.266639) can0 0205B881#2B1815320531E339
(1789440838.272655) can0 0205B941#0000000000000000
(1789440838.278652) can0 0205B801#00006F0600182000
(1789440838.284521) can0 01011840#FFFFFFFFFFFFFFFF
(1789440838.284909) can0 02051081#0000C84200000000
(1789440838.286692) can0 0205B881#2B1815320531E339
(1789440838.292649) can0 0205B941#0000000000000000
(1789440838.298697) can0 0205B801#00006F0600182000
(1789440838.304531) can0 01011840#FFFFFFFFFFFFFFFF
(1789440838.304914) can0 02051081#0000C84200000000
(1789440838.306694) can0 0205B881#2B1815320531E339
(1789440838.312702) can0 0205B941#0000000000000000
(1789440838.318643) can0 0205B801#0000720600182000
(1789440838.324512) can0 01011840#FFFFFFFFFFFFFFFF
(1789440838.324897) can0 02051081#0000C84200000000
(1789440838.326644) can0 0205B881#2B1815320531E339
(1789440838.332700) can0 0205B941#0000000000000000
(1789440838.338648) can0 0205B801#00006F0600182000
(1789440838.344528) can0 01011840#FFFFFFFFFFFFFFFF
(1789440838.344920) can0 02051081#0000C84200000000
(1789440838.346642) can0 0205B881#2B1815320531E339
(1789440838.350702) can0 0205B841#0000000000400000
(1789440838.352653) can0 0205B941#0000000000000000
(1789440838.358693) can0 0205B801#0000700600182000
(1789440838.364512) can0 01011840#FFFFFFFFFFFFFFFF
(1789440838.364902) can0 02051081#0000C84200000000
(1789440838.366642) can0 0205B881#2B1815320531E339
(1789440838.372700) can0 0205B941#0000000000000000
(1789440838.378696) can0 0205B801#00006F0600182000
(1789440838.384531) can0 01011840#FFFFFFFFFFFFFFFF
(1789440838.384913) can0 02051081#0000C84200000000
(1789440838.386643) can0 0205B881#2B1815320531E339
(1789440838.392695) can0 0205B941#0000000000000000
(1789440838.398696) can0 0205B801#00006E0600182000
(1789440838.405223) can0 01011840#FFFFFFFFFFFFFFFF
(1789440838.405626) can0 02051081#0000C84200000000
(1789440838.406639) can0 0205B881#2B1815320531E339
(1789440838.412656) can0 0205B941#0000000000000000
(1789440838.418694) can0 0205B801#00006F0600182000
(1789440838.424557) can0 01011840#FFFFFFFFFFFFFFFF
(1789440838.424941) can0 02051081#0000C84200000000
(1789440838.426687) can0 0205B881#2B1815320531E339
(1789440838.432652) can0 0205B941#0000000000000000
(1789440838.438696) can0 0205B801#00006F0600182000
(1789440838.444516) can0 01011840#FFFFFFFFFFFFFFFF
(1789440838.444903) can0 02051081#0000C84200000000
(1789440838.446637) can0 0205B881#2B1815320531E339
(1789440838.452705) can0 0205B941#0000000000000000
(1789440838.458697) can0 0205B801#00006D0600182000
(1789440838.464528) can0 01011840#FFFFFFFFFFFFFFFF
(1789440838.464919) can0 02051081#0000C84200000000
(1789440838.466689) can0 0205B881#2B1815320531E339
(1789440838.472650) can0 0205B941#0000000000000000
(1789440838.478692) can0 0205B801#00006E0600182000
(1789440838.484527) can0 01011840#FFFFFFFFFFFFFFFF
(1789440838.484915) can0 02051081#0000C84200000000
(1789440838.486686) can0 0205B881#2B1815320531E339
(1789440838.492650) can0 0205B941#0000000000000000
(1789440838.498695) can0 0205B801#00006D0600182000
(1789440838.504518) can0 01011840#FFFFFFFFFFFFFFFF
(1789440838.504905) can0 02051081#0000C84200000000
(1789440838.506642) can0 0205B881#2B1815320531E339
(1789440838.512647) can0 0205B941#0000000000000000
(1789440838.518648) can0 0205B801#00006E0600182000
(1789440838.524520) can0 01011840#FFFFFFFFFFFFFFFF
(1789440838.524908) can0 02051081#0000C84200000000
(1789440838.526638) can0 0205B881#2B1815320531E339
(1789440838.532644) can0 0205B941#0000000000000000
(1789440838.538644) can0 0205B801#00006C0600182000
(1789440838.544514) can0 01011840#FFFFFFFFFFFFFFFF
(1789440838.544900) can0 02051081#0000C84200000000
(1789440838.546640) can0 0205B881#2B1815320531E339
(1789440838.552647) can0 0205B941#0000000000000000
(1789440838.558690) can0 0205B801#00006C0600182000
(1789440838.564534) can0 01011840#FFFFFFFFFFFFFFFF
(1789440838.564918) can0 02051081#0000C84200000000
(1789440838.566646) can0 0205B881#2B1815320531E339
(1789440838.572645) can0 0205B941#0000000000000000
(1789440838.578646) can0 0205B801#00006C0600182000
(1789440838.584526) can0 01011840#FFFFFFFFFFFFFFFF
(1789440838.584916) can0 02051081#0000C84200000000
(1789440838.586638) can0 0205B881#2B1815320531E339
(1789440838.592645) can0 0205B941#0000000000000000
(1789440838.598687) can0 0205B801#00006C0600182000
(1789440838.600690) can0 0205B841#0000000000400000
(1789440838.604535) can0 01011840#FFFFFFFFFFFFFFFF
(1789440838.604919) can0 02051081#0000C84200000000
(1789440838.606688) can0 0205B881#2B1815320531E339
(1789440838.612693) can0 0205B941#0000000000000000
(1789440838.615648) can0 02051801#0000FFFFFFFF0000
(1789440838.617593) can0 0205BC01#6B392E9A
(1789440838.618734) can0 0205B801#00006C0600182000
(1789440838.624511) can0 01011840#FFFFFFFFFFFFFFFF
(1789440838.624896) can0 02051081#0000C84200000000
(1789440838.626642) can0 0205B881#2B1815320531E339
(1789440838.632654) can0 0205B941#0000000000000000
(1789440838.638697) can0 0205B801#00006A0600182000
(1789440838.644548) can0 01011840#FFFFFFFFFFFFFFFF
(1789440838.644935) can0 02051081#0000C84200000000
(1789440838.646702) can0 0205B881#2B1815320531E339
(1789440838.652713) can0 0205B941#0000000000000000
(1789440838.658695) can0 0205B801#00006B0600182000
(1789440838.664562) can0 01011840#FFFFFFFFFFFFFFFF
(1789440838.664952) can0 02051081#0000C84200000000
(1789440838.666638) can0 0205B881#2B1815320531E339
(1789440838.672645) can0 0205B941#0000000000000000
(1789440838.678693) can0 0205B801#00006B0600182000
(1789440838.684520) can0 01011840#FFFFFFFFFFFFFFFF
(1789440838.684906) can0 02051081#0000C84200000000
(1789440838.686635) can0 0205B881#2B1815320531E339
(1789440838.692643) can0 0205B941#0000000000000000
(1789440838.698690) can0 0205B801#00006A0600182000
(1789440838.704533) can0 01011840#FFFFFFFFFFFFFFFF
(1789440838.704917) can0 02051081#0000C84200000000
(1789440838.706684) can0 0205B881#2B1815320531E339
(1789440838.712726) can0 0205B941#0000000000000000
(1789440838.718691) can0 0205B801#00006B0600182000
(1789440838.724565) can0 01011840#FFFFFFFFFFFFFFFF
(1789440838.724968) can0 02051081#0000C84200000000
(1789440838.726639) can0 0205B881#2B1815320531E339
(1789440838.732643) can0 0205B941#0000000000000000
(1789440838.738638) can0 0205B801#00006C0600182000
(1789440838.744561) can0 01011840#FFFFFFFFFFFFFFFF
(1789440838.744948) can0 02051081#0000C84200000000
(1789440838.746680) can0 0205B881#2B1815320531E339
(1789440838.752696) can0 0205B941#0000000000000000
(1789440838.758638) can0 0205B801#00006A0600182000
(1789440838.764514) can0 01011840#FFFFFFFFFFFFFFFF
(1789440838.764902) can0 02051081#0000C84200000000
(1789440838.766635) can0 0205B881#2B1815320531E339
(1789440838.772693) can0 0205B941#0000000000000000
(1789440838.778687) can0 0205B801#00006A0600182000
(1789440838.784532) can0 01011840#FFFFFFFFFFFFFFFF
(1789440838.784917) can0 02051081#0000C84200000000
(1789440838.786684) can0 0205B881#2B1815320531E339
(1789440838.792695) can0 0205B941#0000000000000000
(1789440838.798639) can0 0205B801#00006B0600182000
(1789440838.804521) can0 01011840#FFFFFFFFFFFFFFFF
(1789440838.804909) can0 02051081#0000C84200000000
(1789440838.806687) can0 0205B881#2B1815320531E339
(1789440838.812647) can0 0205B941#0000000000000000
(1789440838.818651) can0 0205B801#00006A0600182000
(1789440838.824537) can0 01011840#FFFFFFFFFFFFFFFF
(1789440838.824926) can0 02051081#0000C84200000000
(1789440838.826634) can0 0205B881#2B1815320531E339
(1789440838.832691) can0 0205B941#0000000000000000
(1789440838.838648) can0 0205B801#00006A0600182000
(1789440838.844537) can0 01011840#FFFFFFFFFFFFFFFF
(1789440838.844927) can0 02051081#0000C84200000000
(1789440838.846631) can0 0205B881#2B1815320531E339
(1789440838.850644) can0 0205B841#0000000000400000
(1789440838.852688) can0 0205B941#0000000000000000
(1789440838.858693) can0 0205B801#00006A0600182000
(1789440838.864528) can0 01011840#FFFFFFFFFFFFFFFF
(1789440838.864919) can0 02051081#0000C84200000000
(1789440838.866686) can0 0205B881#2B1815320531E339
(1789440838.872691) can0 0205B941#0000000000000000
(1789440838.878691) can0 0205B801#0000680600182000
(1789440838.884535) can0 01011840#FFFFFFFFFFFFFFFF
(1789440838.884919) can0 02051081#0000C84200000000
(1789440838.886686) can0 0205B881#2B1815320531E339
(1789440838.892691) can0 0205B941#0000000000000000
(1789440838.898641) can0 0205B801#0000690600182000
(1789440838.904518) can0 01011840#FFFFFFFFFFFFFFFF
(1789440838.904905) can0 02051081#0000C84200000000
(1789440838.906630) can0 0205B881#2B1815320531E339
(1789440838.912696) can0 0205B941#0000000000000000
(1789440838.918688) can0 0205B801#00006B0600182000
(1789440838.924520) can0 01011840#FFFFFFFFFFFFFFFF
(1789440838.924907) can0 02051081#0000C84200000000
(1789440838.926636) can0 0205B881#2B1815320531E339
(1789440838.932645) can0 0205B941#0000000000000000
(1789440838.938640) can0 0205B801#0000690600182000
(1789440838.944519) can0 01011840#FFFFFFFFFFFFFFFF
(1789440838.944908) can0 02051081#0000C84200000000
(1789440838.946678) can0 0205B881#2B1815320531E339
(1789440838.952647) can0 0205B941#0000000000000000
(1789440838.958696) can0 0205B801#0000680600182000
(1789440838.964527) can0 01011840#FFFFFFFFFFFFFFFF
(1789440838.964920) can0 02051081#0000C84200000000
(1789440838.966685) can0 0205B881#2B1815320531E339
(1789440838.972731) can0 0205B941#0000000000000000
(1789440838.978650) can0 0205B801#00006B0600182000
(1789440838.984556) can0 01011840#FFFFFFFFFFFFFFFF
(1789440838.984944) can0 02051081#0000C84200000000
(1789440838.986680) can0 0205B881#2B1815320531E339
(1789440838.992639) can0 0205B941#0000000000000000
(1789440838.998687) can0 0205B801#0000680600182000
(1789440839.004546) can0 01011840#FFFFFFFFFFFFFFFF
(1789440839.004936) can0 02051081#0000C84200000000
(1789440839.006631) can0 0205B881#2B1815320531E339
(1789440839.012694) can0 0205B941#0000000000000000
(1789440839.018684) can0 0205B801#0000690600182000
(1789440839.024515) can0 01011840#FFFFFFFFFFFFFFFF
(1789440839.024902) can0 02051081#0000C84200000000
(1789440839.026678) can0 0205B881#2B1815320531E339
(1789440839.032690) can0 0205B941#0000000000000000
(1789440839.038684) can0 0205B801#00006B0600182000
(1789440839.044511) can0 01011840#FFFFFFFFFFFFFFFF
(1789440839.044895) can0 02051081#0000C84200000000
(1789440839.046658) can0 0205B881#2B1815320531E339
(1789440839.052679) can0 0205B941#0000000000000000
(1789440839.058705) can0 0205B801#0000690600182000
(1789440839.064556) can0 01011840#FFFFFFFFFFFFFFFF
(1789440839.064928) can0 02051081#0000C84200000000
(1789440839.066620) can0 0205B881#2B1815320531E339
(1789440839.072633) can0 0205B941#0000000000000000
(1789440839.078627) can0 0205B801#0000690600182000
(1789440839.084531) can0 01011840#FFFFFFFFFFFFFFFF
(1789440839.084919) can0 02051081#0000C84200000000
(1789440839.086630) can0 0205B881#2B1815320531E339
(1789440839.092640) can0 0205B941#0000000000000000
(1789440839.098645) can0 0205B801#00006A0600182000
(1789440839.100687) can0 0205B841#0000000000400000
(1789440839.104533) can0 01011840#FFFFFFFFFFFFFFFF
(1789440839.104922) can0 02051081#0000C84200000000
(1789440839.106678) can0 0205B881#2B1815320531E339
(1789440839.112688) can0 0205B941#0000000000000000
(1789440839.118686) can0 0205B801#0000680600182000
(1789440839.125126) can0 01011840#FFFFFFFFFFFFFFFF
(1789440839.125560) can0 02051081#0000C84200000000
(1789440839.126681) can0 0205B881#2B1815320531E339
(1789440839.132706) can0 0205B941#0000000000000000
(1789440839.138630) can0 0205B801#0000680600182000
(1789440839.144554) can0 01011840#FFFFFFFFFFFFFFFF
(1789440839.144933) can0 02051081#0000C84200000000
(1789440839.146629) can0 0205B881#2B1815320531E339
(1789440839.152686) can0 0205B941#0000000000000000
(1789440839.158685) can0 0205B801#00006B0600182000
(1789440839.164523) can0 01011840#FFFFFFFFFFFFFFFF
(1789440839.164911) can0 02051081#0000C84200000000
(1789440839.166631) can0 0205B881#2B1815320531E339
(1789440839.172738) can0 0205B941#0000000000000000
(1789440839.178715) can0 0205B801#0000690600182000
(1789440839.184559) can0 01011840#FFFFFFFFFFFFFFFF
(1789440839.184945) can0 02051081#0000C84200000000
(1789440839.186632) can0 0205B881#2B1815320531E339
(1789440839.192642) can0 0205B941#0000000000000000
(1789440839.198637) can0 0205B801#00006A0600182000
(1789440839.204535) can0 01011840#FFFFFFFFFFFFFFFF
(1789440839.204923) can0 02051081#0000C84200000000
(1789440839.206674) can0 0205B881#2B1815320531E339
(1789440839.212638) can0 0205B941#0000000000000000
(1789440839.218634) can0 0205B801#00006C0600182000
(1789440839.224537) can0 01011840#FFFFFFFFFFFFFFFF
(1789440839.224921) can0 02051081#0000C84200000000
(1789440839.226627) can0 0205B881#2B1815320531E339
(1789440839.232687) can0 0205B941#0000000000000000
(1789440839.238633) can0 0205B801#0000680600182000
(1789440839.244522) can0 01011840#FFFFFFFFFFFFFFFF
(1789440839.244910) can0 02051081#0000C84200000000
(1789440839.246626) can0 0205B881#2B1815320531E339
(1789440839.252652) can0 0205B941#0000000000000000
(1789440839.258683) can0 0205B801#0000690600182000
(1789440839.264520) can0 01011840#FFFFFFFFFFFFFFFF
(1789440839.264913) can0 02051081#0000C84200000000
(1789440839.266626) can0 0205B881#2B1815320531E339
(1789440839.272689) can0 0205B941#0000000000000000
(1789440839.278630) can0 0205B801#0000690600182000
(1789440839.284514) can0 01011840#FFFFFFFFFFFFFFFF
(1789440839.284899) can0 02051081#0000C84200000000
(1789440839.286623) can0 0205B881#2B1815320531E339
(1789440839.292685) can0 0205B941#0000000000000000
(1789440839.298694) can0 0205B801#0000690600182000
(1789440839.304544) can0 01011840#FFFFFFFFFFFFFFFF
(1789440839.304930) can0 02051081#0000C84200000000
(1789440839.306625) can0 0205B881#2B1815320531E339
(1789440839.312686) can0 0205B941#0000000000000000
(1789440839.318633) can0 0205B801#00006A0600182000
(1789440839.324511) can0 01011840#FFFFFFFFFFFFFFFF
(1789440839.324895) can0 02051081#0000C84200000000
(1789440839.326674) can0 0205B881#2B1815320531E339
(1789440839.332690) can0 0205B941#0000000000000000
(1789440839.338684) can0 0205B801#00006B0600182000
(1789440839.344519) can0 01011840#FFFFFFFFFFFFFFFF
(1789440839.344908) can0 02051081#0000C84200000000
(1789440839.346628) can0 0205B881#2B1815320531E339
(1789440839.350684) can0 0205B841#0000000000400000
(1789440839.352683) can0 0205B941#0000000000000000
(1789440839.358682) can0 0205B801#00006A0600182000
(1789440839.364514) can0 01011840#FFFFFFFFFFFFFFFF
(1789440839.364903) can0 02051081#0000C84200000000
(1789440839.366677) can0 0205B881#2B1815320531E339
(1789440839.372640) can0 0205B941#0000000000000000
(1789440839.378689) can0 0205B801#00006A0600182000
(1789440839.384518) can0 01011840#FFFFFFFFFFFFFFFF
(1789440839.384905) can0 02051081#0000C84200000000
(1789440839.386623) can0 0205B881#2B1815320531E339
(1789440839.392683) can0 0205B941#0000000000000000
(1789440839.398719) can0 0205B801#0000690600182000
(1789440839.404534) can0 01011840#FFFFFFFFFFFFFFFF
(1789440839.404917) can0 02051081#0000C84200000000
(1789440839.406623) can0 0205B881#2B1815320531E339
(1789440839.412637) can0 0205B941#0000000000000000
(1789440839.418689) can0 0205B801#00006A0600182000
(1789440839.424615) can0 01011840#FFFFFFFFFFFFFFFF
(1789440839.425007) can0 02051081#0000C84200000000
(1789440839.426672) can0 0205B881#2B1815320531E339
(1789440839.432631) can0 0205B941#0000000000000000
(1789440839.438636) can0 0205B801#00006B0600182000
(1789440839.444525) can0 01011840#FFFFFFFFFFFFFFFF
(1789440839.444914) can0 02051081#0000C84200000000
(1789440839.446670) can0 0205B881#2B1815320531E339
(1789440839.452697) can0 0205B941#0000000000000000
(1789440839.458683) can0 0205B801#00006B0600182000
(1789440839.464533) can0 01011840#FFFFFFFFFFFFFFFF
(1789440839.464923) can0 02051081#0000C84200000000
(1789440839.466673) can0 0205B881#2B1815320531E339
(1789440839.472635) can0 0205B941#0000000000000000
(1789440839.478683) can0 0205B801#00006B0600182000
(1789440839.484511) can0 01011840#FFFFFFFFFFFFFFFF
(1789440839.484899) can0 02051081#0000C84200000000
(1789440839.486673) can0 0205B881#2B1815320531E339
(1789440839.492632) can0 0205B941#0000000000000000
(1789440839.498630) can0 0205B801#00006B0600182000
(1789440839.504495) can0 01011840#FFFFFFFFFFFFFFFF
(1789440839.504882) can0 02051081#0000C84200000000
(1789440839.506676) can0 0205B881#2B1815320531E339
(1789440839.512633) can0 0205B941#0000000000000000
(1789440839.518631) can0 0205B801#00006E0600182000
(1789440839.524484) can0 01011840#FFFFFFFFFFFFFFFF
(1789440839.524870) can0 02051081#0000C84200000000
(1789440839.526675) can0 0205B881#2B1815320531E339
(1789440839.532632) can0 0205B941#0000000000000000
(1789440839.538626) can0 0205B801#00006C0600182000
(1789440839.544491) can0 01011840#FFFFFFFFFFFFFFFF
(1789440839.544878) can0 02051081#0000C84200000000
(1789440839.546671) can0 0205B881#2B1815320531E339
(1789440839.552680) can0 0205B941#0000000000000000
(1789440839.558689) can0 0205B801#00006D0600182000
(1789440839.564534) can0 01011840#FFFFFFFFFFFFFFFF
(1789440839.564915) can0 02051081#0000C84200000000
(1789440839.566621) can0 0205B881#2B1815320531E339
(1789440839.572629) can0 0205B941#0000000000000000
(1789440839.578681) can0 0205B801#00006E0600182000
(1789440839.584526) can0 01011840#FFFFFFFFFFFFFFFF
(1789440839.584914) can0 02051081#0000C84200000000
(1789440839.586625) can0 0205B881#2B1815320531E339
(1789440839.592638) can0 0205B941#0000000000000000
(1789440839.598630) can0 0205B801#00006E0600182000
(1789440839.600637) can0 0205B841#0000000000400000
(1789440839.604544) can0 01011840#FFFFFFFFFFFFFFFF
(1789440839.604930) can0 02051081#0000C84200000000
(1789440839.606621) can0 0205B881#2B1815320531E339
(1789440839.612631) can0 0205B941#0000000000000000
(1789440839.615681) can0 02051801#0000FFFFFFFF0000
(1789440839.617579) can0 0205BC01#6B392E9A
(1789440839.618680) can0 0205B801#0000750600182000
(1789440839.624501) can0 01011840#FFFFFFFFFFFFFFFF
(1789440839.624888) can0 02051081#0000C84200000000
(1789440839.626626) can0 0205B881#2B1815320531E339
(1789440839.632633) can0 0205B941#0000000000000000
(1789440839.638681) can0 0205B801#00006E0600182000
(1789440839.644486) can0 01011840#FFFFFFFFFFFFFFFF
(1789440839.644872) can0 02051081#0000C84200000000
(1789440839.646620) can0 0205B881#2B1815320531E339
(1789440839.652713) can0 0205B941#0000000000000000
(1789440839.658683) can0 0205B801#00006F0600182000
(1789440839.664542) can0 01011840#FFFFFFFFFFFFFFFF
(1789440839.664928) can0 02051081#0000C84200000000
(1789440839.666666) can0 0205B881#2B1815320531E339
(1789440839.672644) can0 0205B941#0000000000000000
(1789440839.678676) can0 0205B801#0000700600182000
(1789440839.684556) can0 01011840#FFFFFFFFFFFFFFFF
(1789440839.684941) can0 02051081#0000C84200000000
(1789440839.686622) can0 0205B881#2B1815320531E339
(1789440839.692683) can0 0205B941#0000000000000000
(1789440839.698629) can0 0205B801#0000710600182000
(1789440839.704505) can0 01011840#FFFFFFFFFFFFFFFF
(1789440839.704891) can0 02051081#0000C84200000000
(1789440839.706619) can0 0205B881#2B1815320531E339
(1789440839.712678) can0 0205B941#0000000000000000
(1789440839.718679) can0 0205B801#0000700600182000
(1789440839.724488) can0 01011840#FFFFFFFFFFFFFFFF
(1789440839.724875) can0 02051081#0000C84200000000
(1789440839.726654) can0 0205B881#2B1815320531E339
(1789440839.732669) can0 0205B941#0000000000000000
(1789440839.738651) can0 0205B801#0000710600182000
(1789440839.744702) can0 01011840#FFFFFFFFFFFFFFFF
(1789440839.745096) can0 02051081#0000C84200000000
(1789440839.746617) can0 0205B881#2B1815320531E339
(1789440839.752631) can0 0205B941#0000000000000000
(1789440839.758621) can0 0205B801#0000730600182000
(1789440839.764547) can0 01011840#FFFFFFFFFFFFFFFF
(1789440839.764930) can0 02051081#0000C84200000000
(1789440839.766615) can0 0205B881#2B1815320531E339
(1789440839.772630) can0 0205B941#0000000000000000
(1789440839.778679) can0 0205B801#0000710600182000
(1789440839.784529) can0 01011840#FFFFFFFFFFFFFFFF
(1789440839.784917) can0 02051081#0000C84200000000
(1789440839.786668) can0 0205B881#2B1815320531E339
(1789440839.792633) can0 0205B941#0000000000000000
(1789440839.798673) can0 0205B801#0000730600182000
(1789440839.804503) can0 01011840#FFFFFFFFFFFFFFFF
(1789440839.804889) can0 02051081#0000C84200000000
(1789440839.806618) can0 0205B881#2B1815320531E339
(1789440839.812634) can0 0205B941#0000000000000000
(1789440839.818677) can0 0205B801#0000730600182000
(1789440839.824487) can0 01011840#FFFFFFFFFFFFFFFF
(1789440839.824872) can0 02051081#0000C84200000000
(1789440839.826666) can0 0205B881#2B1815320531E339
(1789440839.832626) can0 0205B941#0000000000000000
(1789440839.838679) can0 0205B801#0000740600182000
(1789440839.844526) can0 01011840#FFFFFFFFFFFFFFFF
(1789440839.844913) can0 02051081#0000C84200000000
(1789440839.846668) can0 0205B881#2B1815320531E339
(1789440839.850691) can0 0205B841#0000000000400000
(1789440839.852633) can0 0205B941#0000000000000000
(1789440839.858636) can0 0205B801#0000740600182000
(1789440839.864534) can0 01011840#FFFFFFFFFFFFFFFF
(1789440839.864918) can0 02051081#0000C84200000000
(1789440839.866616) can0 0205B881#2B1815320531E339
(1789440839.872632) can0 0205B941#0000000000000000
(1789440839.878631) can0 0205B801#0000750600182000
(1789440839.884502) can0 01011840#FFFFFFFFFFFFFFFF
(1789440839.884888) can0 02051081#0000C84200000000
(1789440839.886615) can0 0205B881#2B1815320531E339
(1789440839.892624) can0 0205B941#0000000000000000
(1789440839.898627) can0 0205B801#0000750600182000
(1789440839.904487) can0 01011840#FFFFFFFFFFFFFFFF
(1789440839.904872) can0 02051081#0000C84200000000
(1789440839.906665) can0 0205B881#2B1815320531E339
(1789440839.912677) can0 0205B941#0000000000000000
(1789440839.918677) can0 0205B801#0000740600182000
(1789440839.924482) can0 01011840#FFFFFFFFFFFFFFFF
(1789440839.924867) can0 02051081#0000C84200000000
(1789440839.926619) can0 0205B881#2B1815320531E339
(1789440839.932677) can0 0205B941#0000000000000000
(1789440839.938676) can0 0205B801#0000770600182000
(1789440839.944481) can0 01011840#FFFFFFFFFFFFFFFF
(1789440839.944866) can0 02051081#0000C84200000000
(1789440839.946668) can0 0205B881#2B1815320531E339
(1789440839.952633) can0 0205B941#0000000000000000
(1789440839.958677) can0 0205B801#0000750600182000
(1789440839.964520) can0 01011840#FFFFFFFFFFFFFFFF
(1789440839.964906) can0 02051081#0000C84200000000
(1789440839.966637) can0 0205B881#2B1815320531E339
(1789440839.972638) can0 0205B941#0000000000000000
(1789440839.978626) can0 0205B801#0000770600182000
(1789440839.984527) can0 01011840#FFFFFFFFFFFFFFFF
(1789440839.984914) can0 02051081#0000C84200000000
(1789440839.986668) can0 0205B881#2B1815320531E339
(1789440839.992626) can0 0205B941#0000000000000000
(1789440839.998653) can0 0205B801#0000790600182000
(1789440840.004790) can0 01011840#FFFFFFFFFFFFFFFF
(1789440840.005206) can0 02051081#0000C84200000000
(1789440840.006621) can0 0205B881#2B1815320531E339
(1789440840.012640) can0 0205B941#0000000000000000
(1789440840.018622) can0 0205B801#0000780600182000
(1789440840.024534) can0 01011840#FFFFFFFFFFFFFFFF
(1789440840.024913) can0 02051081#0000C84200000000
(1789440840.026661) can0 0205B881#2B1815320531E339
(1789440840.032676) can0 0205B941#0000000000000000
(1789440840.038671) can0 0205B801#0000790600182000
(1789440840.044538) can0 01011840#FFFFFFFFFFFFFFFF
(1789440840.044932) can0 02051081#0000C84200000000
(1789440840.046630) can0 0205B881#2B1815320531E339
(1789440840.052628) can0 0205B941#0000000000000000
(1789440840.058636) can0 0205B801#0000790600182000
(1789440840.064553) can0 01011840#FFFFFFFFFFFFFFFF
(1789440840.064946) can0 02051081#0000C84200000000
(1789440840.066693) can0 0205B881#2B1815320531E339
(1789440840.072701) can0 0205B941#0000000000000000
(1789440840.078713) can0 0205B801#0000780600182000
(1789440840.084586) can0 01011840#FFFFFFFFFFFFFFFF
(1789440840.084960) can0 02051081#0000C84200000000
(1789440840.086606) can0 0205B881#2B1815320531E339
(1789440840.092620) can0 0205B941#0000000000000000
(1789440840.098635) can0 0205B801#0000790600182000
(1789440840.100625) can0 0205B841#0000000000400000
(1789440840.104548) can0 01011840#FFFFFFFFFFFFFFFF
(1789440840.104935) can0 02051081#0000C84200000000
(1789440840.106666) can0 0205B881#2B1815320531E339
(1789440840.112632) can0 0205B941#0000000000000000
(1789440840.118639) can0 0205B801#00007A0600182000
(1789440840.124541) can0 01011840#FFFFFFFFFFFFFFFF
(1789440840.124923) can0 02051081#0000C84200000000
(1789440840.126604) can0 0205B881#2B1815320531E339
(1789440840.132626) can0 0205B941#0000000000000000
(1789440840.138624) can0 0205B801#00007A0600182000
(1789440840.144563) can0 01011840#FFFFFFFFFFFFFFFF
(1789440840.144949) can0 02051081#0000C84200000000
(1789440840.146660) can0 0205B881#2B1815320531E339
(1789440840.152677) can0 0205B941#0000000000000000
(1789440840.158621) can0 0205B801#0000790600182000
(1789440840.164525) can0 01011840#FFFFFFFFFFFFFFFF
(1789440840.164912) can0 02051081#0000C84200000000
(1789440840.166663) can0 0205B881#2B1815320531E339
(1789440840.172682) can0 0205B941#0000000000000000
(1789440840.178674) can0 0205B801#0000770600182000
(1789440840.184514) can0 01011840#FFFFFFFFFFFFFFFF
(1789440840.184897) can0 02051081#0000C84200000000
(1789440840.186627) can0 0205B881#2B1815320531E339
(1789440840.192686) can0 0205B941#0000000000000000
(1789440840.198638) can0 0205B801#0000760600182000
(1789440840.204560) can0 01011840#FFFFFFFFFFFFFFFF
(1789440840.204949) can0 02051081#0000C84200000000
(1789440840.206614) can0 0205B881#2B1815320531E339
(1789440840.212673) can0 0205B941#0000000000000000
(1789440840.218673) can0 0205B801#0000750600182000
(1789440840.224518) can0 01011840#FFFFFFFFFFFFFFFF
(1789440840.224905) can0 02051081#0000C84200000000
(1789440840.226616) can0 0205B881#2B1815320531E339
(1789440840.232672) can0 0205B941#0000000000000000
(1789440840.238673) can0 0205B801#0000730600182000
(1789440840.244490) can0 01011840#FFFFFFFFFFFFFFFF
(1789440840.244875) can0 02051081#0000C84200000000
(1789440840.246615) can0 0205B881#2B1815320531E339
(1789440840.252673) can0 0205B941#0000000000000000
(1789440840.258693) can0 0205B801#0000710600182000
(1789440840.264539) can0 01011840#FFFFFFFFFFFFFFFF
(1789440840.264922) can0 02051081#0000C84200000000
(1789440840.266605) can0 0205B881#2B1815320531E339
(1789440840.272669) can0 0205B941#0000000000000000
(1789440840.278667) can0 0205B801#0000700600182000
(1789440840.284512) can0 01011840#FFFFFFFFFFFFFFFF
(1789440840.284899) can0 02051081#0000C84200000000
(1789440840.286613) can0 0205B881#2B1815320531E339
(1789440840.292669) can0 0205B941#0000000000000000
(1789440840.298670) can0 0205B801#0000710600182000
(1789440840.304497) can0 01011840#FFFFFFFFFFFFFFFF
(1789440840.304882) can0 02051081#0000C84200000000
(1789440840.306615) can0 0205B881#2B1815320531E339
(1789440840.312672) can0 0205B941#0000000000000000
(1789440840.318620) can0 0205B801#00006E0600182000
(1789440840.324485) can0 01011840#FFFFFFFFFFFFFFFF
(1789440840.324869) can0 02051081#0000C84200000000
(1789440840.326616) can0 0205B881#2B1815320531E339
(1789440840.332675) can0 0205B941#0000000000000000
(1789440840.338623) can0 0205B801#00006F0600182000
(1789440840.344484) can0 01011840#FFFFFFFFFFFFFFFF
(1789440840.344870) can0 02051081#0000C84200000000
(1789440840.346611) can0 0205B881#2B1815320531E339
(1789440840.350621) can0 0205B841#0000000000400000
(1789440840.352622) can0 0205B941#0000000000000000
(1789440840.358621) can0 0205B801#00006E0600182000
(1789440840.364485) can0 01011840#FFFFFFFFFFFFFFFF
(1789440840.364869) can0 02051081#0000C84200000000
(1789440840.366609) can0 0205B881#2B1815320531E339
(1789440840.372669) can0 0205B941#0000000000000000
(1789440840.378670) can0 0205B801#00006D0600182000
(1789440840.384483) can0 01011840#FFFFFFFFFFFFFFFF
(1789440840.384868) can0 02051081#0000C84200000000
(1789440840.386614) can0 0205B881#2B1815320531E339
(1789440840.392672) can0 0205B941#0000000000000000
(1789440840.398621) can0 0205B801#00006E0600182000
(1789440840.404482) can0 01011840#FFFFFFFFFFFFFFFF
(1789440840.404866) can0 02051081#0000C84200000000
(1789440840.406612) can0 0205B881#2B1815320531E339
(1789440840.412672) can0 0205B941#0000000000000000
(1789440840.418618) can0 0205B801#00006F0600182000
(1789440840.424481) can0 01011840#FFFFFFFFFFFFFFFF
(1789440840.424866) can0 02051081#0000C84200000000
(1789440840.426657) can0 0205B881#2B1815320531E339
(1789440840.432618) can0 0205B941#0000000000000000
(1789440840.438619) can0 0205B801#00006D0600182000
(1789440840.444690) can0 01011840#FFFFFFFFFFFFFFFF
(1789440840.445102) can0 02051081#0000C84200000000
(1789440840.446612) can0 0205B881#2B1815320531E339
(1789440840.452671) can0 0205B941#0000000000000000
(1789440840.458625) can0 0205B801#00006D0600182000
(1789440840.464548) can0 01011840#FFFFFFFFFFFFFFFF
(1789440840.464929) can0 02051081#0000C84200000000
(1789440840.466660) can0 0205B881#2B1815320531E339
(1789440840.472666) can0 0205B941#0000000000000000
(1789440840.478670) can0 0205B801#00006E0600182000
(1789440840.484504) can0 01011840#FFFFFFFFFFFFFFFF
(1789440840.484890) can0 02051081#0000C84200000000
(1789440840.486613) can0 0205B881#2B1815320531E339
(1789440840.492621) can0 0205B941#0000000000000000
(1789440840.498664) can0 0205B801#00006D0600182000
(1789440840.504490) can0 01011840#FFFFFFFFFFFFFFFF
(1789440840.504875) can0 02051081#0000C84200000000
(1789440840.506613) can0 0205B881#2B1815320531E339
(1789440840.512678) can0 0205B941#0000000000000000
(1789440840.518619) can0 0205B801#00006C0600182000
(1789440840.524517) can0 01011840#FFFFFFFFFFFFFFFF
(1789440840.524904) can0 02051081#0000C84200000000
(1789440840.526660) can0 0205B881#2B1815320531E339
(1789440840.532666) can0 0205B941#0000000000000000
(1789440840.538613) can0 0205B801#00006E0600182000
(1789440840.544497) can0 01011840#FFFFFFFFFFFFFFFF
(1789440840.544884) can0 02051081#0000C84200000000
(1789440840.546659) can0 0205B881#2B1815320531E339
(1789440840.552678) can0 0205B941#0000000000000000
(1789440840.558624) can0 0205B801#00006C0600182000
(1789440840.564538) can0 01011840#FFFFFFFFFFFFFFFF
(1789440840.564926) can0 02051081#0000C84200000000
(1789440840.566631) can0 0205B881#2B1815320531E339
(1789440840.572625) can0 0205B941#0000000000000000
(1789440840.578663) can0 0205B801#00006B0600182000
(1789440840.584522) can0 01011840#FFFFFFFFFFFFFFFF
(1789440840.584907) can0 02051081#0000C84200000000
(1789440840.586607) can0 0205B881#2B1815320531E339
(1789440840.592680) can0 0205B941#0000000000000000
(1789440840.598616) can0 0205B801#00006C0600182000
(1789440840.600614) can0 0205B841#0000000000400000
(1789440840.604527) can0 01011840#FFFFFFFFFFFFFFFF
(1789440840.604910) can0 02051081#0000C84200000000
(1789440840.606613) can0 0205B881#2B1815320531E339
(1789440840.612623) can0 0205B941#0000000000000000
(1789440840.615772) can0 02051801#0000FFFFFFFF0000
(1789440840.617569) can0 0205BC01#6B392E9A
(1789440840.618658) can0 0205B801#00006A0600182000
(1789440840.624514) can0 01011840#FFFFFFFFFFFFFFFF
(1789440840.624898) can0 02051081#0000C84200000000
(1789440840.626609) can0 0205B881#2B1815320531E339
(1789440840.632668) can0 0205B941#0000000000000000
(1789440840.638619) can0 0205B801#00006B0600182000
(1789440840.644496) can0 01011840#FFFFFFFFFFFFFFFF
(1789440840.644883) can0 02051081#0000C84200000000
(1789440840.646659) can0 0205B881#2B1815320531E339
(1789440840.652616) can0 0205B941#0000000000000000
(1789440840.658671) can0 0205B801#00006C0600182000
(1789440840.664521) can0 01011840#FFFFFFFFFFFFFFFF
(1789440840.664908) can0 02051081#0000C84200000000
(1789440840.666660) can0 0205B881#2B1815320531E339
(1789440840.672668) can0 0205B941#0000000000000000
(1789440840.678619) can0 0205B801#00006B0600182000
(1789440840.684498) can0 01011840#FFFFFFFFFFFFFFFF
(1789440840.684883) can0 02051081#0000C84200000000
(1789440840.686669) can0 0205B881#2B1815320531E339
(1789440840.692668) can0 0205B941#0000000000000000
(1789440840.698691) can0 0205B801#00006A0600182000
(1789440840.704557) can0 01011840#FFFFFFFFFFFFFFFF
(1789440840.704943) can0 02051081#0000C84200000000
(1789440840.706647) can0 0205B881#2B1815320531E339
(1789440840.712662) can0 0205B941#0000000000000000
(1789440840.718666) can0 0205B801#00006A0600182000
(1789440840.724543) can0 01011840#FFFFFFFFFFFFFFFF
(1789440840.724931) can0 02051081#0000C84200000000
(1789440840.726606) can0 0205B881#2B1815320531E339
(1789440840.732645) can0 0205B941#0000000000000000
(1789440840.738621) can0 0205B801#00006B0600182000
(1789440840.744633) can0 01011840#FFFFFFFFFFFFFFFF
(1789440840.745027) can0 02051081#0000C84200000000
(1789440840.746660) can0 0205B881#2B1815320531E339
(1789440840.752667) can0 0205B941#0000000000000000
(1789440840.758611) can0 0205B801#00006B0600182000
(1789440840.764574) can0 01011840#FFFFFFFFFFFFFFFF
(1789440840.764967) can0 02051081#0000C84200000000
(1789440840.766606) can0 0205B881#2B1815320531E339
(1789440840.772667) can0 0205B941#0000000000000000
(1789440840.778610) can0 0205B801#00006B0600182000
(1789440840.784513) can0 01011840#FFFFFFFFFFFFFFFF
(1789440840.784893) can0 02051081#0000C84200000000
(1789440840.786655) can0 0205B881#2B1815320531E339
(1789440840.792620) can0 0205B941#0000000000000000
(1789440840.798616) can0 0205B801#00006A0600182000
(1789440840.804528) can0 01011840#FFFFFFFFFFFFFFFF
(1789440840.804916) can0 02051081#0000C84200000000
(1789440840.806653) can0 0205B881#2B1815320531E339
(1789440840.812617) can0 0205B941#0000000000000000
(1789440840.818659) can0 0205B801#00006A0600182000
(1789440840.824503) can0 01011840#FFFFFFFFFFFFFFFF
(1789440840.824889) can0 02051081#0000C84200000000
(1789440840.826602) can0 0205B881#2B1815320531E339
(1789440840.832661) can0 0205B941#0000000000000000
(1789440840.838613) can0 0205B801#00006B0600182000
(1789440840.844515) can0 01011840#FFFFFFFFFFFFFFFF
(1789440840.844902) can0 02051081#0000C84200000000
(1789440840.846657) can0 0205B881#2B1815320531E339
(1789440840.850640) can0 0205B841#0000000000400000
(1789440840.852679) can0 0205B941#0000000000000000
(1789440840.858626) can0 0205B801#0000690600182000
(1789440840.864542) can0 01011840#FFFFFFFFFFFFFFFF
(1789440840.864923) can0 02051081#0000C84200000000
(1789440840.866608) can0 0205B881#2B1815320531E339
(1789440840.872678) can0 0205B941#0000000000000000
(1789440840.878613) can0 0205B801#0000690600182000
(1789440840.884545) can0 01011840#FFFFFFFFFFFFFFFF
(1789440840.884930) can0 02051081#0000C84200000000
(1789440840.886652) can0 0205B881#2B1815320531E339
(1789440840.892661) can0 0205B941#0000000000000000
(1789440840.898612) can0 0205B801#00006B0600182000
(1789440840.904501) can0 01011840#FFFFFFFFFFFFFFFF
(1789440840.904888) can0 02051081#0000C84200000000
(1789440840.906606) can0 0205B881#2B1815320531E339
(1789440840.912613) can0 0205B941#0000000000000000
(1789440840.918662) can0 0205B801#0000690600182000
(1789440840.924487) can0 01011840#FFFFFFFFFFFFFFFF
(1789440840.924872) can0 02051081#0000C84200000000
(1789440840.926601) can0 0205B881#2B1815320531E339
(1789440840.932614) can0 0205B941#0000000000000000
(1789440840.938660) can0 0205B801#0000690600182000
(1789440840.944481) can0 01011840#FFFFFFFFFFFFFFFF
(1789440840.944867) can0 02051081#0000C84200000000
(1789440840.946604) can0 0205B881#2B1815320531E339
(1789440840.952624) can0 0205B941#0000000000000000
(1789440840.958608) can0 0205B801#00006B0600182000
(1789440840.964510) can0 01011840#FFFFFFFFFFFFFFFF
(1789440840.964894) can0 02051081#0000C84200000000
(1789440840.966648) can0 0205B881#2B1815320531E339
(1789440840.972671) can0 0205B941#0000000000000000
(1789440840.978609) can0 0205B801#0000690600182000
(1789440840.984515) can0 01011840#FFFFFFFFFFFFFFFF
(1789440840.984899) can0 02051081#0000C84200000000
(1789440840.986598) can0 0205B881#2B1815320531E339
(1789440840.992611) can0 0205B941#0000000000000000
(1789440840.998659) can0 0205B801#0000690600182000
(1789440841.004505) can0 01011840#FFFFFFFFFFFFFFFF
(1789440841.004891) can0 02051081#0000C84200000000
(1789440841.006649) can0 0205B881#2B1815320531E339
(1789440841.012687) can0 0205B941#0000000000000000
(1789440841.018611) can0 0205B801#00006C0600182000
(1789440841.024541) can0 01011840#FFFFFFFFFFFFFFFF
(1789440841.024925) can0 02051081#0000C84200000000
(1789440841.026654) can0 0205B881#2B1815320531E339
(1789440841.032611) can0 0205B941#0000000000000000
(1789440841.038607) can0 0205B801#0000690600182000
(1789440841.044504) can0 01011840#FFFFFFFFFFFFFFFF
(1789440841.044890) can0 02051081#0000C84200000000
(1789440841.046651) can0 0205B881#2B1815320531E339
(1789440841.052665) can0 0205B941#0000000000000000
(1789440841.058672) can0 0205B801#0000690600182000
(1789440841.064538) can0 01011840#FFFFFFFFFFFFFFFF
(1789440841.064925) can0 02051081#0000C84200000000
(1789440841.066651) can0 0205B881#2B1815320531E339
(1789440841.072662) can0 0205B941#0000000000000000
(1789440841.078658) can0 0205B801#00006A0600182000
(1789440841.084534) can0 01011840#FFFFFFFFFFFFFFFF
(1789440841.085728) can0 02051081#0000C84200000000
(1789440841.086737) can0 0205B881#2B1815320531E339
(1789440841.092672) can0 0205B941#0000000000000000
(1789440841.098672) can0 0205B801#0000680600182000
(1789440841.100596) can0 0205B841#0000000000400000
(1789440841.104523) can0 01011840#FFFFFFFFFFFFFFFF
(1789440841.105287) can0 02051081#0000C84200000000
(1789440841.106593) can0 0205B881#2B1815320531E339
(1789440841.112649) can0 0205B941#0000000000000000
(1789440841.118650) can0 0205B801#0000690600182000
(1789440841.124488) can0 01011840#FFFFFFFFFFFFFFFF
(1789440841.124854) can0 02051081#0000C84200000000
(1789440841.126647) can0 0205B881#2B1815320531E339
(1789440841.132603) can0 0205B941#0000000000000000
(1789440841.138618) can0 0205B801#00006B0600182000
(1789440841.144542) can0 01011840#FFFFFFFFFFFFFFFF
(1789440841.144927) can0 02051081#0000C84200000000
(1789440841.146600) can0 0205B881#2B1815320531E339
(1789440841.152657) can0 0205B941#0000000000000000
(1789440841.158656) can0 0205B801#00006A0600182000
(1789440841.164548) can0 01011840#FFFFFFFFFFFFFFFF
(1789440841.164942) can0 02051081#0000C84200000000
(1789440841.166603) can0 0205B881#2B1815320531E339
(1789440841.172662) can0 0205B941#0000000000000000
(1789440841.178656) can0 0205B801#00006B0600182000
(1789440841.184535) can0 01011840#FFFFFFFFFFFFFFFF
(1789440841.184931) can0 02051081#0000C84200000000
(1789440841.186653) can0 0205B881#2B1815320531E339
(1789440841.192623) can0 0205B941#0000000000000000
(1789440841.198655) can0 0205B801#00006B0600182000
(1789440841.204524) can0 01011840#FFFFFFFFFFFFFFFF
(1789440841.204910) can0 02051081#0000C84200000000
(1789440841.206597) can0 0205B881#2B1815320531E339
(1789440841.212677) can0 0205B941#0000000000000000
(1789440841.218667) can0 0205B801#00006A0600182000
(1789440841.224548) can0 01011840#FFFFFFFFFFFFFFFF
(1789440841.224937) can0 02051081#0000C84200000000
(1789440841.226599) can0 0205B881#2B1815320531E339
(1789440841.232658) can0 0205B941#0000000000000000
(1789440841.238658) can0 0205B801#00006A0600182000
(1789440841.244499) can0 01011840#FFFFFFFFFFFFFFFF
(1789440841.244885) can0 02051081#0000C84200000000
(1789440841.246650) can0 0205B881#2B1815320531E339
(1789440841.252614) can0 0205B941#0000000000000000
(1789440841.258667) can0 0205B801#00006B0600182000
(1789440841.264487) can0 01011840#FFFFFFFFFFFFFFFF
(1789440841.264876) can0 02051081#0000C84200000000
(1789440841.266599) can0 0205B881#2B1815320531E339
(1789440841.272606) can0 0205B941#0000000000000000
(1789440841.278609) can0 0205B801#00006A0600182000
(1789440841.284481) can0 01011840#FFFFFFFFFFFFFFFF
(1789440841.284869) can0 02051081#0000C84200000000
(1789440841.286653) can0 0205B881#2B1815320531E339
(1789440841.292612) can0 0205B941#0000000000000000
(1789440841.298655) can0 0205B801#00006B0600182000
(1789440841.304473) can0 01011840#FFFFFFFFFFFFFFFF
(1789440841.304858) can0 02051081#0000C84200000000
(1789440841.306687) can0 0205B881#2B1815320531E339
(1789440841.312611) can0 0205B941#0000000000000000
(1789440841.318651) can0 0205B801#00006C0600182000
(1789440841.324478) can0 01011840#FFFFFFFFFFFFFFFF
(1789440841.324864) can0 02051081#0000C84200000000
(1789440841.326598) can0 0205B881#2B1815320531E339
(1789440841.332657) can0 0205B941#0000000000000000
(1789440841.338603) can0 0205B801#00006A0600182000
(1789440841.344478) can0 01011840#FFFFFFFFFFFFFFFF
(1789440841.344864) can0 02051081#0000C84200000000
(1789440841.346647) can0 0205B881#2B1815320531E339
(1789440841.350653) can0 0205B841#0000000000400000
(1789440841.352612) can0 0205B941#0000000000000000
(1789440841.358654) can0 0205B801#00006B0600182000
(1789440841.364511) can0 01011840#FFFFFFFFFFFFFFFF
(1789440841.364896) can0 02051081#0000C84200000000
(1789440841.366647) can0 0205B881#2B1815320531E339
(1789440841.372606) can0 0205B941#0000000000000000
(1789440841.378659) can0 0205B801#00006A0600182000
(1789440841.384498) can0 01011840#FFFFFFFFFFFFFFFF
(1789440841.384886) can0 02051081#0000C84200000000
(1789440841.386601) can0 0205B881#2B1815320531E339
(1789440841.392612) can0 0205B941#0000000000000000
(1789440841.398654) can0 0205B801#00006C0600182000
(1789440841.404496) can0 01011840#FFFFFFFFFFFFFFFF
(1789440841.404878) can0 02051081#0000C84200000000
(1789440841.406593) can0 0205B881#2B1815320531E339
(1789440841.412607) can0 0205B941#0000000000000000
(1789440841.418605) can0 0205B801#00006C0600182000
(1789440841.424516) can0 01011840#FFFFFFFFFFFFFFFF
(1789440841.424902) can0 02051081#0000C84200000000
(1789440841.426593) can0 0205B881#2B1815320531E339
(1789440841.432653) can0 0205B941#0000000000000000
(1789440841.438648) can0 0205B801#00006C0600182000
(1789440841.444479) can0 01011840#FFFFFFFFFFFFFFFF
(1789440841.444861) can0 02051081#0000C84200000000
(1789440841.446592) can0 0205B881#2B1815320531E339
(1789440841.452621) can0 0205B941#0000000000000000
(1789440841.458659) can0 0205B801#00006C0600182000
(1789440841.464605) can0 01011840#FFFFFFFFFFFFFFFF
(1789440841.465001) can0 02051081#0000C84200000000
(1789440841.466644) can0 0205B881#2B1815320531E339
(1789440841.472654) can0 0205B941#0000000000000000
(1789440841.478649) can0 0205B801#00006C0600182000
(1789440841.484488) can0 01011840#FFFFFFFFFFFFFFFF
(1789440841.484871) can0 02051081#0000C84200000000
(1789440841.486643) can0 0205B881#2B1815320531E339
(1789440841.492658) can0 0205B941#0000000000000000
(1789440841.498653) can0 0205B801#00006C0600182000
(1789440841.504476) can0 01011840#FFFFFFFFFFFFFFFF
(1789440841.504858) can0 02051081#0000C84200000000
(1789440841.506592) can0 0205B881#2B1815320531E339
(1789440841.512657) can0 0205B941#0000000000000000
(1789440841.518656) can0 0205B801#00006C0600182000
(1789440841.524485) can0 01011840#FFFFFFFFFFFFFFFF
(1789440841.524870) can0 02051081#0000C84200000000
(1789440841.526595) can0 0205B881#2B1815320531E339
(1789440841.532605) can0 0205B941#0000000000000000
(1789440841.538654) can0 0205B801#00006E0600182000
(1789440841.544478) can0 01011840#FFFFFFFFFFFFFFFF
(1789440841.544863) can0 02051081#0000C84200000000
(1789440841.546597) can0 0205B881#2B1815320531E339
(1789440841.552700) can0 0205B941#0000000000000000
(1789440841.558603) can0 0205B801#00006F0600182000
(1789440841.564541) can0 01011840#FFFFFFFFFFFFFFFF
(1789440841.564933) can0 02051081#0000C84200000000
(1789440841.566648) can0 0205B881#2B1815320531E339
(1789440841.572661) can0 0205B941#0000000000000000
(1789440841.578652) can0 0205B801#00006E0600182000
(1789440841.584534) can0 01011840#FFFFFFFFFFFFFFFF
(1789440841.584928) can0 02051081#0000C84200000000
(1789440841.586643) can0 0205B881#2B1815320531E339
(1789440841.592653) can0 0205B941#0000000000000000
(1789440841.598600) can0 0205B801#00006E0600182000
(1789440841.600602) can0 0205B841#0000000000400000
(1789440841.604505) can0 01011840#FFFFFFFFFFFFFFFF
(1789440841.604890) can0 02051081#0000C84200000000
(1789440841.606642) can0 0205B881#2B1815320531E339
(1789440841.612651) can0 0205B941#0000000000000000
(1789440841.615652) can0 02051801#0000FFFFFFFF0000
(1789440841.617646) can0 0205BC01#6B392E9A
(1789440841.618652) can0 0205B801#0000780600182000
(1789440841.624491) can0 01011840#FFFFFFFFFFFFFFFF
(1789440841.624877) can0 02051081#0000C84200000000
(1789440841.626640) can0 0205B881#2B1815320531E339
(1789440841.632602) can0 0205B941#0000000000000000
(1789440841.638648) can0 0205B801#00006F0600182000
(1789440841.644484) can0 01011840#FFFFFFFFFFFFFFFF
(1789440841.644865) can0 02051081#0000C84200000000
(1789440841.646640) can0 0205B881#2B1815320531E339
(1789440841.652650) can0 0205B941#0000000000000000
(1789440841.658657) can0 0205B801#0000700600182000
(1789440841.664480) can0 01011840#FFFFFFFFFFFFFFFF
(1789440841.664867) can0 02051081#0000C84200000000
(1789440841.666641) can0 0205B881#2B1815320531E339
(1789440841.672602) can0 0205B941#0000000000000000
(1789440841.678644) can0 0205B801#0000720600182000
(1789440841.684497) can0 01011840#FFFFFFFFFFFFFFFF
(1789440841.684882) can0 02051081#0000C84200000000
(1789440841.686593) can0 0205B881#2B1815320531E339
(1789440841.692650) can0 0205B941#0000000000000000
(1789440841.698605) can0 0205B801#0000700600182000
(1789440841.704480) can0 01011840#FFFFFFFFFFFFFFFF
(1789440841.704867) can0 02051081#0000C84200000000
(1789440841.706600) can0 0205B881#2B1815320531E339
(1789440841.712653) can0 0205B941#0000000000000000
(1789440841.718602) can0 0205B801#0000710600182000
(1789440841.724518) can0 01011840#FFFFFFFFFFFFFFFF
(1789440841.724905) can0 02051081#0000C84200000000
(1789440841.726591) can0 0205B881#2B1815320531E339
(1789440841.732602) can0 0205B941#0000000000000000
(1789440841.738598) can0 0205B801#0000730600182000
(1789440841.744493) can0 01011840#FFFFFFFFFFFFFFFF
(1789440841.744879) can0 02051081#0000C84200000000
(1789440841.746673) can0 0205B881#2B1815320531E339
(1789440841.752668) can0 0205B941#0000000000000000
(1789440841.758645) can0 0205B801#0000720600182000
(1789440841.764515) can0 01011840#FFFFFFFFFFFFFFFF
(1789440841.764902) can0 02051081#0000C84200000000
(1789440841.766591) can0 0205B881#2B1815320531E339
(1789440841.772602) can0 0205B941#0000000000000000
(1789440841.778644) can0 0205B801#0000730600182000
(1789440841.784568) can0 01011840#FFFFFFFFFFFFFFFF
(1789440841.784961) can0 02051081#0000C84200000000
(1789440841.786636) can0 0205B881#2B1815320531E339
(1789440841.792596) can0 0205B941#0000000000000000
(1789440841.798603) can0 0205B801#0000750600182000
(1789440841.804553) can0 01011840#FFFFFFFFFFFFFFFF
(1789440841.804938) can0 02051081#0000C84200000000
(1789440841.806592) can0 0205B881#2B1815320531E339
(1789440841.812650) can0 0205B941#0000000000000000
(1789440841.818651) can0 0205B801#0000730600182000
(1789440841.824506) can0 01011840#FFFFFFFFFFFFFFFF
(1789440841.824888) can0 02051081#0000C84200000000
(1789440841.826591) can0 0205B881#2B1815320531E339
(1789440841.832597) can0 0205B941#0000000000000000
(1789440841.838602) can0 0205B801#0000740600182000
(1789440841.844490) can0 01011840#FFFFFFFFFFFFFFFF
(1789440841.844879) can0 02051081#0000C84200000000
(1789440841.846590) can0 0205B881#2B1815320531E339
(1789440841.850606) can0 0205B841#0000000000400000
(1789440841.852695) can0 0205B941#0000000000000000
(1789440841.858622) can0 0205B801#0000760600182000
(1789440841.864554) can0 01011840#FFFFFFFFFFFFFFFF
(1789440841.864944) can0 02051081#0000C84200000000
(1789440841.866634) can0 0205B881#2B1815320531E339
(1789440841.872657) can0 0205B941#0000000000000000
(1789440841.878648) can0 0205B801#0000750600182000
(1789440841.884528) can0 01011840#FFFFFFFFFFFFFFFF
(1789440841.884922) can0 02051081#0000C84200000000
(1789440841.886642) can0 0205B881#2B1815320531E339
(1789440841.892598) can0 0205B941#0000000000000000
(1789440841.898597) can0 0205B801#0000740600182000
(1789440841.904489) can0 01011840#FFFFFFFFFFFFFFFF
(1789440841.904874) can0 02051081#0000C84200000000
(1789440841.906586) can0 0205B881#2B1815320531E339
(1789440841.912606) can0 0205B941#0000000000000000
(1789440841.918598) can0 0205B801#0000780600182000
(1789440841.924509) can0 01011840#FFFFFFFFFFFFFFFF
(1789440841.924893) can0 02051081#0000C84200000000
(1789440841.926591) can0 0205B881#2B1815320531E339
(1789440841.932648) can0 0205B941#0000000000000000
(1789440841.938645) can0 0205B801#0000770600182000
(1789440841.944484) can0 01011840#FFFFFFFFFFFFFFFF
(1789440841.944869) can0 02051081#0000C84200000000
(1789440841.946640) can0 0205B881#2B1815320531E339
(1789440841.952603) can0 0205B941#0000000000000000
(1789440841.958593) can0 0205B801#0000770600182000
(1789440841.964490) can0 01011840#FFFFFFFFFFFFFFFF
(1789440841.964876) can0 02051081#0000C84200000000
(1789440841.966639) can0 0205B881#2B1815320531E339
(1789440841.972659) can0 0205B941#0000000000000000
(1789440841.978597) can0 0205B801#0000790600182000
(1789440841.984478) can0 01011840#FFFFFFFFFFFFFFFF
(1789440841.984864) can0 02051081#0000C84200000000
(1789440841.986586) can0 0205B881#2B1815320531E339
(1789440841.992601) can0 0205B941#0000000000000000
(1789440841.998598) can0 0205B801#0000770600182000
(1789440842.004479) can0 01011840#FFFFFFFFFFFFFFFF
(1789440842.004866) can0 02051081#0000C84200000000
(1789440842.006593) can0 0205B881#2B1815320531E339
(1789440842.012645) can0 0205B941#0000000000000000
(1789440842.018640) can0 0205B801#0000770600182000
(1789440842.024472) can0 01011840#FFFFFFFFFFFFFFFF
(1789440842.024856) can0 02051081#0000C84200000000
(1789440842.026590) can0 0205B881#2B1815320531E339
(1789440842.032676) can0 0205B941#0000000000000000
(1789440842.038646) can0 0205B801#0000780600182000
(1789440842.044635) can0 01011840#FFFFFFFFFFFFFFFF
(1789440842.045025) can0 02051081#0000C84200000000
(1789440842.046635) can0 0205B881#2B1815320531E339
(1789440842.052659) can0 0205B941#0000000000000000
(1789440842.058609) can0 0205B801#0000790600182000
(1789440842.064561) can0 01011840#FFFFFFFFFFFFFFFF
(1789440842.064948) can0 02051081#0000C84200000000
(1789440842.066587) can0 0205B881#2B1815320531E339
(1789440842.072604) can0 0205B941#0000000000000000
(1789440842.078596) can0 0205B801#00007A0600182000
(1789440842.084528) can0 01011840#FFFFFFFFFFFFFFFF
(1789440842.084915) can0 02051081#0000C84200000000
(1789440842.086587) can0 0205B881#2B1815320531E339
(1789440842.092597) can0 0205B941#0000000000000000
(1789440842.098595) can0 0205B801#00007A0600182000
(1789440842.100644) can0 0205B841#0000000000400000
(1789440842.104501) can0 01011840#FFFFFFFFFFFFFFFF
(1789440842.104886) can0 02051081#0000C84200000000
(1789440842.106626) can0 0205B881#2B1815320531E339
(1789440842.112694) can0 0205B941#0000000000000000
(1789440842.118694) can0 0205B801#0000790600182000
(1789440842.124524) can0 01011840#FFFFFFFFFFFFFFFF
(1789440842.124895) can0 02051081#0000C84200000000
(1789440842.126576) can0 0205B881#2B1815320531E339
(1789440842.132600) can0 0205B941#0000000000000000
(1789440842.138594) can0 0205B801#0000780600182000
(1789440842.144542) can0 01011840#FFFFFFFFFFFFFFFF
(1789440842.144927) can0 02051081#0000C84200000000
(1789440842.146636) can0 0205B881#2B1815320531E339
(1789440842.152597) can0 0205B941#0000000000000000
(1789440842.158593) can0 0205B801#0000790600182000
(1789440842.164548) can0 01011840#FFFFFFFFFFFFFFFF
(1789440842.164933) can0 02051081#0000C84200000000
(1789440842.166635) can0 0205B881#2B1815320531E339
(1789440842.172650) can0 0205B941#0000000000000000
(1789440842.178640) can0 0205B801#0000760600182000
(1789440842.184576) can0 01011840#FFFFFFFFFFFFFFFF
(1789440842.184967) can0 02051081#0000C84200000000
(1789440842.186584) can0 0205B881#2B1815320531E339
(1789440842.192597) can0 0205B941#0000000000000000
(1789440842.198593) can0 0205B801#0000740600182000
(1789440842.204536) can0 01011840#FFFFFFFFFFFFFFFF
(1789440842.204922) can0 02051081#0000C84200000000
(1789440842.206636) can0 0205B881#2B1815320531E339
(1789440842.212597) can0 0205B941#0000000000000000
(1789440842.218596) can0 0205B801#0000740600182000
(1789440842.224529) can0 01011840#FFFFFFFFFFFFFFFF
(1789440842.224914) can0 02051081#0000C84200000000
(1789440842.226631) can0 0205B881#2B1815320531E339
(1789440842.232665) can0 0205B941#0000000000000000
(1789440842.238654) can0 0205B801#0000710600182000
(1789440842.244551) can0 01011840#FFFFFFFFFFFFFFFF
(1789440842.244935) can0 02051081#0000C84200000000
(1789440842.246586) can0 0205B881#2B1815320531E339
(1789440842.252640) can0 0205B941#0000000000000000
(1789440842.258651) can0 0205B801#00006F0600182000
(1789440842.264528) can0 01011840#FFFFFFFFFFFFFFFF
(1789440842.264917) can0 02051081#0000C84200000000
(1789440842.266585) can0 0205B881#2B1815320531E339
(1789440842.272645) can0 0205B941#0000000000000000
(1789440842.278644) can0 0205B801#00006F0600182000
(1789440842.284522) can0 01011840#FFFFFFFFFFFFFFFF
(1789440842.284907) can0 02051081#0000C84200000000
(1789440842.286630) can0 0205B881#2B1815320531E339
(1789440842.292644) can0 0205B941#0000000000000000
(1789440842.298589) can0 0205B801#00006E0600182000
(1789440842.304519) can0 01011840#FFFFFFFFFFFFFFFF
(1789440842.304903) can0 02051081#0000C84200000000
(1789440842.306631) can0 0205B881#2B1815320531E339
(1789440842.312646) can0 0205B941#0000000000000000
(1789440842.318589) can0 0205B801#00006E0600182000
(1789440842.324516) can0 01011840#FFFFFFFFFFFFFFFF
(1789440842.324901) can0 02051081#0000C84200000000
(1789440842.326580) can0 0205B881#2B1815320531E339
(1789440842.332648) can0 0205B941#0000000000000000
(1789440842.338595) can0 0205B801#00006F0600182000
(1789440842.344516) can0 01011840#FFFFFFFFFFFFFFFF
(1789440842.344900) can0 02051081#0000C84200000000
(1789440842.346636) can0 0205B881#2B1815320531E339
(1789440842.350640) can0 0205B841#0000000000400000
(1789440842.352596) can0 0205B941#0000000000000000
(1789440842.358593) can0 0205B801#00006E0600182000
(1789440842.364505) can0 01011840#FFFFFFFFFFFFFFFF
(1789440842.364885) can0 02051081#0000C84200000000
(1789440842.366583) can0 0205B881#2B1815320531E339
(1789440842.372640) can0 0205B941#0000000000000000
(1789440842.378643) can0 0205B801#00006E0600182000
(1789440842.384519) can0 01011840#FFFFFFFFFFFFFFFF
(1789440842.384903) can0 02051081#0000C84200000000
(1789440842.386580) can0 0205B881#2B1815320531E339
(1789440842.392597) can0 0205B941#0000000000000000
(1789440842.398640) can0 0205B801#00006E0600182000
(1789440842.404514) can0 01011840#FFFFFFFFFFFFFFFF
(1789440842.404898) can0 02051081#0000C84200000000
(1789440842.406586) can0 0205B881#2B1815320531E339
(1789440842.412643) can0 0205B941#0000000000000000
(1789440842.418586) can0 0205B801#00006D0600182000
(1789440842.424520) can0 01011840#FFFFFFFFFFFFFFFF
(1789440842.424904) can0 02051081#0000C84200000000
(1789440842.426630) can0 0205B881#2B1815320531E339
(1789440842.432595) can0 0205B941#0000000000000000
(1789440842.438640) can0 0205B801#00006E0600182000
(1789440842.444519) can0 01011840#FFFFFFFFFFFFFFFF
(1789440842.444903) can0 02051081#0000C84200000000
(1789440842.446634) can0 0205B881#2B1815320531E339
(1789440842.452639) can0 0205B941#0000000000000000
(1789440842.458647) can0 0205B801#00006D0600182000
(1789440842.464518) can0 01011840#FFFFFFFFFFFFFFFF
(1789440842.464904) can0 02051081#0000C84200000000
(1789440842.466629) can0 0205B881#2B1815320531E339
(1789440842.472591) can0 0205B941#0000000000000000
(1789440842.478589) can0 0205B801#00006D0600182000
(1789440842.484608) can0 01011840#FFFFFFFFFFFFFFFF
(1789440842.485006) can0 02051081#0000C84200000000
(1789440842.486583) can0 0205B881#2B1815320531E339
(1789440842.492641) can0 0205B941#0000000000000000
(1789440842.498590) can0 0205B801#00006C0600182000
(1789440842.504528) can0 01011840#FFFFFFFFFFFFFFFF
(1789440842.504913) can0 02051081#0000C84200000000
(1789440842.506585) can0 0205B881#2B1815320531E339
(1789440842.512592) can0 0205B941#0000000000000000
(1789440842.518593) can0 0205B801#00006D0600182000
(1789440842.524521) can0 01011840#FFFFFFFFFFFFFFFF
(1789440842.524906) can0 02051081#0000C84200000000
(1789440842.526584) can0 0205B881#2B1815320531E339
(1789440842.532591) can0 0205B941#0000000000000000
(1789440842.538634) can0 0205B801#00006D0600182000
(1789440842.544513) can0 01011840#FFFFFFFFFFFFFFFF
(1789440842.544897) can0 02051081#0000C84200000000
(1789440842.546582) can0 0205B881#2B1815320531E339
(1789440842.552593) can0 0205B941#0000000000000000
(1789440842.558637) can0 0205B801#00006C0600182000
(1789440842.564520) can0 01011840#FFFFFFFFFFFFFFFF
(1789440842.564904) can0 02051081#0000C84200000000
(1789440842.566581) can0 0205B881#2B1815320531E339
(1789440842.572642) can0 0205B941#0000000000000000
(1789440842.578587) can0 0205B801#00006D0600182000
(1789440842.584526) can0 01011840#FFFFFFFFFFFFFFFF
(1789440842.584915) can0 02051081#0000C84200000000
(1789440842.586582) can0 0205B881#2B1815320531E339
(1789440842.592589) can0 0205B941#0000000000000000
(1789440842.598637) can0 0205B801#00006C0600182000
(1789440842.600594) can0 0205B841#0000000000400000
(1789440842.604522) can0 01011840#FFFFFFFFFFFFFFFF
(1789440842.604910) can0 02051081#0000C84200000000
(1789440842.606630) can0 0205B881#2B1815320531E339
(1789440842.612637) can0 0205B941#0000000000000000
(1789440842.615588) can0 02051801#0000FFFFFFFF0000
(1789440842.617539) can0 0205BC01#6B392E9A
(1789440842.618586) can0 0205B801#0000690600182000
(1789440842.624512) can0 01011840#FFFFFFFFFFFFFFFF
(1789440842.624898) can0 02051081#0000C84200000000
(1789440842.626629) can0 0205B881#2B1815320531E339
(1789440842.632642) can0 0205B941#0000000000000000
(1789440842.638589) can0 0205B801#00006C0600182000
(1789440842.644521) can0 01011840#FFFFFFFFFFFFFFFF
(1789440842.644905) can0 02051081#0000C84200000000
(1789440842.646630) can0 0205B881#2B1815320531E339
(1789440842.652647) can0 0205B941#0000000000000000
(1789440842.658661) can0 0205B801#00006A0600182000
(1789440842.664538) can0 01011840#FFFFFFFFFFFFFFFF
(1789440842.664923) can0 02051081#0000C84200000000
(1789440842.666628) can0 0205B881#2B1815320531E339
(1789440842.672585) can0 0205B941#0000000000000000
(1789440842.678640) can0 0205B801#00006A0600182000
(1789440842.684536) can0 01011840#FFFFFFFFFFFFFFFF
(1789440842.684925) can0 02051081#0000C84200000000
(1789440842.686631) can0 0205B881#2B1815320531E339
(1789440842.692586) can0 0205B941#0000000000000000
(1789440842.698582) can0 0205B801#00006C0600182000
(1789440842.704495) can0 01011840#FFFFFFFFFFFFFFFF
(1789440842.704881) can0 02051081#0000C84200000000
(1789440842.706627) can0 0205B881#2B1815320531E339
(1789440842.712587) can0 0205B941#0000000000000000
(1789440842.718639) can0 0205B801#00006A0600182000
(1789440842.724492) can0 01011840#FFFFFFFFFFFFFFFF
(1789440842.724878) can0 02051081#0000C84200000000
(1789440842.726627) can0 0205B881#2B1815320531E339
(1789440842.732639) can0 0205B941#0000000000000000
(1789440842.738647) can0 0205B801#00006B0600182000
(1789440842.744518) can0 01011840#FFFFFFFFFFFFFFFF
(1789440842.744902) can0 02051081#0000C84200000000
(1789440842.746576) can0 0205B881#2B1815320531E339
(1789440842.752607) can0 0205B941#0000000000000000
(1789440842.758588) can0 0205B801#00006B0600182000
(1789440842.764528) can0 01011840#FFFFFFFFFFFFFFFF
(1789440842.764926) can0 02051081#0000C84200000000
(1789440842.766625) can0 0205B881#2B1815320531E339
(1789440842.772587) can0 0205B941#0000000000000000
(1789440842.778587) can0 0205B801#00006A0600182000
(1789440842.784512) can0 01011840#FFFFFFFFFFFFFFFF
(1789440842.784898) can0 02051081#0000C84200000000
(1789440842.786625) can0 0205B881#2B1815320531E339
(1789440842.792589) can0 0205B941#0000000000000000
(1789440842.798587) can0 0205B801#0000690600182000
(1789440842.804493) can0 01011840#FFFFFFFFFFFFFFFF
(1789440842.804879) can0 02051081#0000C84200000000
(1789440842.806579) can0 0205B881#2B1815320531E339
(1789440842.812668) can0 0205B941#0000000000000000
(1789440842.818583) can0 0205B801#00006A0600182000
(1789440842.824545) can0 01011840#FFFFFFFFFFFFFFFF
(1789440842.824929) can0 02051081#0000C84200000000
(1789440842.826575) can0 0205B881#2B1815320531E339
(1789440842.832637) can0 0205B941#0000000000000000
(1789440842.838583) can0 0205B801#0000690600182000
(1789440842.844482) can0 01011840#FFFFFFFFFFFFFFFF
(1789440842.844870) can0 02051081#0000C84200000000
(1789440842.846622) can0 0205B881#2B1815320531E339
(1789440842.850590) can0 0205B841#0000000000400000
(1789440842.852584) can0 0205B941#0000000000000000
(1789440842.858639) can0 0205B801#0000690600182000
(1789440842.864512) can0 01011840#FFFFFFFFFFFFFFFF
(1789440842.864899) can0 02051081#0000C84200000000
(1789440842.866621) can0 0205B881#2B1815320531E339
(1789440842.872587) can0 0205B941#0000000000000000
(1789440842.878634) can0 0205B801#00006A0600182000
(1789440842.884507) can0 01011840#FFFFFFFFFFFFFFFF
(1789440842.884901) can0 02051081#0000C84200000000
(1789440842.886630) can0 0205B881#2B1815320531E339
(1789440842.892589) can0 0205B941#0000000000000000
(1789440842.898582) can0 0205B801#0000690600182000
(1789440842.904522) can0 01011840#FFFFFFFFFFFFFFFF
(1789440842.904916) can0 02051081#0000C84200000000
(1789440842.906622) can0 0205B881#2B1815320531E339
(1789440842.912634) can0 0205B941#0000000000000000
(1789440842.918633) can0 0205B801#0000690600182000
(1789440842.924517) can0 01011840#FFFFFFFFFFFFFFFF
(1789440842.924906) can0 02051081#0000C84200000000
(1789440842.926575) can0 0205B881#2B1815320531E339
(1789440842.932592) can0 0205B941#0000000000000000
(1789440842.938583) can0 0205B801#00006A0600182000
(1789440842.944484) can0 01011840#FFFFFFFFFFFFFFFF
(1789440842.944869) can0 02051081#0000C84200000000
(1789440842.946623) can0 0205B881#2B1815320531E339
(1789440842.952644) can0 0205B941#0000000000000000
(1789440842.958628) can0 0205B801#0000690600182000
(1789440842.964514) can0 01011840#FFFFFFFFFFFFFFFF
(1789440842.964902) can0 02051081#0000C84200000000
(1789440842.966573) can0 0205B881#2B1815320531E339
(1789440842.972597) can0 0205B941#0000000000000000
(1789440842.978582) can0 0205B801#0000690600182000
(1789440842.984504) can0 01011840#FFFFFFFFFFFFFFFF
(1789440842.984890) can0 02051081#0000C84200000000
(1789440842.986571) can0 0205B881#2B1815320531E339
(1789440842.992587) can0 0205B941#0000000000000000
(1789440842.998585) can0 0205B801#00006A0600182000
(1789440843.004497) can0 01011840#FFFFFFFFFFFFFFFF
(1789440843.004884) can0 02051081#0000C84200000000
(1789440843.006624) can0 0205B881#2B1815320531E339
(1789440843.012633) can0 0205B941#0000000000000000
(1789440843.018633) can0 0205B801#0000680600182000
(1789440843.024511) can0 01011840#FFFFFFFFFFFFFFFF
(1789440843.024898) can0 02051081#0000C84200000000
(1789440843.026576) can0 0205B881#2B1815320531E339
(1789440843.032632) can0 0205B941#0000000000000000
(1789440843.038587) can0 0205B801#0000680600182000
(1789440843.044624) can0 01011840#FFFFFFFFFFFFFFFF
(1789440843.045029) can0 02051081#0000C84200000000
(1789440843.046577) can0 0205B881#2B1815320531E339
(1789440843.052632) can0 0205B941#0000000000000000
(1789440843.058646) can0 0205B801#0000690600182000
(1789440843.064568) can0 01011840#FFFFFFFFFFFFFFFF
(1789440843.064957) can0 02051081#0000C84200000000
(1789440843.066571) can0 0205B881#2B1815320531E339
(1789440843.072583) can0 0205B941#0000000000000000
(1789440843.078625) can0 0205B801#0000680600182000
(1789440843.084507) can0 01011840#FFFFFFFFFFFFFFFF
(1789440843.084895) can0 02051081#0000C84200000000
(1789440843.086572) can0 0205B881#2B1815320531E339
(1789440843.092596) can0 0205B941#0000000000000000
(1789440843.098626) can0 0205B801#0000690600182000
(1789440843.100577) can0 0205B841#0000000000400000
(1789440843.104525) can0 01011840#FFFFFFFFFFFFFFFF
(1789440843.104912) can0 02051081#0000C84200000000
(1789440843.106573) can0 0205B881#2B1815320531E339
(1789440843.112639) can0 0205B941#0000000000000000
(1789440843.118631) can0 0205B801#0000680600182000
(1789440843.124524) can0 01011840#FFFFFFFFFFFFFFFF
(1789440843.124909) can0 02051081#0000C84200000000
(1789440843.126619) can0 0205B881#2B1815320531E339
(1789440843.132934) can0 0205B941#0000000000000000
(1789440843.138652) can0 0205B801#0000680600182000
(1789440843.144540) can0 01011840#FFFFFFFFFFFFFFFF
(1789440843.144922) can0 02051081#0000C84200000000
(1789440843.146561) can0 0205B881#2B1815320531E339
(1789440843.152622) can0 0205B941#0000000000000000
(1789440843.158629) can0 0205B801#0000680600182000
(1789440843.164517) can0 01011840#FFFFFFFFFFFFFFFF
(1789440843.164904) can0 02051081#0000C84200000000
(1789440843.166570) can0 0205B881#2B1815320531E339
(1789440843.172634) can0 0205B941#0000000000000000
(1789440843.178638) can0 0205B801#00006A0600182000
(1789440843.184528) can0 01011840#FFFFFFFFFFFFFFFF
(1789440843.184915) can0 02051081#0000C84200000000
(1789440843.186618) can0 0205B881#2B1815320531E339
(1789440843.192580) can0 0205B941#0000000000000000
(1789440843.198575) can0 0205B801#0000690600182000
(1789440843.204569) can0 01011840#FFFFFFFFFFFFFFFF
(1789440843.204975) can0 02051081#0000C84200000000
(1789440843.206640) can0 0205B881#2B1815320531E339
(1789440843.212636) can0 0205B941#0000000000000000
(1789440843.218576) can0 0205B801#0000680600182000
(1789440843.224535) can0 01011840#FFFFFFFFFFFFFFFF
(1789440843.224922) can0 02051081#0000C84200000000
(1789440843.226617) can0 0205B881#2B1815320531E339
(1789440843.232580) can0 0205B941#0000000000000000
(1789440843.238628) can0 0205B801#00006B0600182000
(1789440843.244507) can0 01011840#FFFFFFFFFFFFFFFF
(1789440843.244896) can0 02051081#0000C84200000000
(1789440843.246620) can0 0205B881#2B1815320531E339
(1789440843.252587) can0 0205B941#0000000000000000
(1789440843.258668) can0 0205B801#00006A0600182000
(1789440843.264561) can0 01011840#FFFFFFFFFFFFFFFF
(1789440843.264949) can0 02051081#0000C84200000000
(1789440843.266567) can0 0205B881#2B1815320531E339
(1789440843.272578) can0 0205B941#0000000000000000
(1789440843.278581) can0 0205B801#00006A0600182000
(1789440843.284508) can0 01011840#FFFFFFFFFFFFFFFF
(1789440843.284896) can0 02051081#0000C84200000000
(1789440843.286619) can0 0205B881#2B1815320531E339
(1789440843.292628) can0 0205B941#0000000000000000
(1789440843.298577) can0 0205B801#00006A0600182000
(1789440843.304492) can0 01011840#FFFFFFFFFFFFFFFF
(1789440843.304879) can0 02051081#0000C84200000000
(1789440843.306571) can0 0205B881#2B1815320531E339
(1789440843.312629) can0 0205B941#0000000000000000
(1789440843.318576) can0 0205B801#0000690600182000
(1789440843.324486) can0 01011840#FFFFFFFFFFFFFFFF
(1789440843.324873) can0 02051081#0000C84200000000
(1789440843.326623) can0 0205B881#2B1815320531E339
(1789440843.332627) can0 0205B941#0000000000000000
(1789440843.338628) can0 0205B801#0000690600182000
(1789440843.344496) can0 01011840#FFFFFFFFFFFFFFFF
(1789440843.344879) can0 02051081#0000C84200000000
(1789440843.346568) can0 0205B881#2B1815320531E339
(1789440843.350582) can0 0205B841#0000000000400000
(1789440843.352636) can0 0205B941#0000000000000000
(1789440843.358582) can0 0205B801#00006C0600182000
(1789440843.364486) can0 01011840#FFFFFFFFFFFFFFFF
(1789440843.364875) can0 02051081#0000C84200000000
(1789440843.366573) can0 0205B881#2B1815320531E339
(1789440843.372630) can0 0205B941#0000000000000000
(1789440843.378627) can0 0205B801#0000690600182000
(1789440843.384480) can0 01011840#FFFFFFFFFFFFFFFF
(1789440843.384867) can0 02051081#0000C84200000000
(1789440843.386618) can0 0205B881#2B1815320531E339
(1789440843.392580) can0 0205B941#0000000000000000
(1789440843.398626) can0 0205B801#00006B0600182000
(1789440843.404482) can0 01011840#FFFFFFFFFFFFFFFF
(1789440843.404868) can0 02051081#0000C84200000000
(1789440843.406619) can0 0205B881#2B1815320531E339
(1789440843.412577) can0 0205B941#0000000000000000
(1789440843.418578) can0 0205B801#00006D0600182000
(1789440843.424479) can0 01011840#FFFFFFFFFFFFFFFF
(1789440843.424866) can0 02051081#0000C84200000000
(1789440843.426571) can0 0205B881#2B1815320531E339
(1789440843.432627) can0 0205B941#0000000000000000
(1789440843.438630) can0 0205B801#00006B0600182000
(1789440843.444482) can0 01011840#FFFFFFFFFFFFFFFF
(1789440843.444868) can0 02051081#0000C84200000000
(1789440843.446616) can0 0205B881#2B1815320531E339
(1789440843.452631) can0 0205B941#0000000000000000
(1789440843.458577) can0 0205B801#00006B0600182000
(1789440843.464530) can0 01011840#FFFFFFFFFFFFFFFF
(1789440843.464921) can0 02051081#0000C84200000000
(1789440843.466569) can0 0205B881#2B1815320531E339
(1789440843.472624) can0 0205B941#0000000000000000
(1789440843.478620) can0 0205B801#00006D0600182000
(1789440843.484491) can0 01011840#FFFFFFFFFFFFFFFF
(1789440843.484875) can0 02051081#0000C84200000000
(1789440843.486564) can0 0205B881#2B1815320531E339
(1789440843.492624) can0 0205B941#0000000000000000
(1789440843.498621) can0 0205B801#00006C0600182000
(1789440843.504488) can0 01011840#FFFFFFFFFFFFFFFF
(1789440843.504877) can0 02051081#0000C84200000000
(1789440843.506593) can0 0205B881#2B1815320531E339
(1789440843.512582) can0 0205B941#0000000000000000
(1789440843.518579) can0 0205B801#00006D0600182000
(1789440843.524541) can0 01011840#FFFFFFFFFFFFFFFF
(1789440843.524927) can0 02051081#0000C84200000000
(1789440843.526619) can0 0205B881#2B1815320531E339
(1789440843.532577) can0 0205B941#0000000000000000
(1789440843.538573) can0 0205B801#00006F0600182000
(1789440843.544502) can0 01011840#FFFFFFFFFFFFFFFF
(1789440843.544889) can0 02051081#0000C84200000000
(1789440843.546565) can0 0205B881#2B1815320531E339
(1789440843.552585) can0 0205B941#0000000000000000
(1789440843.558573) can0 0205B801#00006D0600182000
(1789440843.564518) can0 01011840#FFFFFFFFFFFFFFFF
(1789440843.564906) can0 02051081#0000C84200000000
(1789440843.566565) can0 0205B881#2B1815320531E339
(1789440843.572582) can0 0205B941#0000000000000000
(1789440843.578571) can0 0205B801#00006E0600182000
(1789440843.584517) can0 01011840#FFFFFFFFFFFFFFFF
(1789440843.584905) can0 02051081#0000C84200000000
(1789440843.586614) can0 0205B881#2B1815320531E339
(1789440843.592623) can0 0205B941#0000000000000000
(1789440843.598575) can0 0205B801#0000700600182000
(1789440843.600574) can0 0205B841#0000000000400000
(1789440843.604506) can0 01011840#FFFFFFFFFFFFFFFF
(1789440843.604892) can0 02051081#0000C84200000000
(1789440843.606616) can0 0205B881#2B1815320531E339
(1789440843.612624) can0 0205B941#0000000000000000
(1789440843.615730) can0 02051801#0000FFFFFFFF0000
(1789440843.617534) can0 0205BC01#6B392E9A
(1789440843.618617) can0 0205B801#0000770600182000
(1789440843.624485) can0 01011840#FFFFFFFFFFFFFFFF
(1789440843.624871) can0 02051081#0000C84200000000
(1789440843.626570) can0 0205B881#2B1815320531E339
(1789440843.632579) can0 0205B941#0000000000000000
(1789440843.638624) can0 0205B801#0000700600182000
(1789440843.644516) can0 01011840#FFFFFFFFFFFFFFFF
(1789440843.644906) can0 02051081#0000C84200000000
(1789440843.646654) can0 0205B881#2B1815320531E339
(1789440843.652665) can0 0205B941#0000000000000000
(1789440843.658620) can0 0205B801#0000710600182000
(1789440843.664524) can0 01011840#FFFFFFFFFFFFFFFF
(1789440843.664915) can0 02051081#0000C84200000000
(1789440843.666566) can0 0205B881#2B1815320531E339
(1789440843.672624) can0 0205B941#0000000000000000
(1789440843.678569) can0 0205B801#00006F0600182000
(1789440843.684492) can0 01011840#FFFFFFFFFFFFFFFF
(1789440843.684878) can0 02051081#0000C84200000000
(1789440843.686612) can0 0205B881#2B1815320531E339
(1789440843.692574) can0 0205B941#0000000000000000
(1789440843.698618) can0 0205B801#0000710600182000
(1789440843.704494) can0 01011840#FFFFFFFFFFFFFFFF
(1789440843.704881) can0 02051081#0000C84200000000
(1789440843.706569) can0 0205B881#2B1815320531E339
(1789440843.712573) can0 0205B941#0000000000000000
(1789440843.718573) can0 0205B801#0000720600182000
(1789440843.724483) can0 01011840#FFFFFFFFFFFFFFFF
(1789440843.724869) can0 02051081#0000C84200000000
(1789440843.726566) can0 0205B881#2B1815320531E339
(1789440843.732620) can0 0205B941#0000000000000000
(1789440843.738576) can0 0205B801#0000710600182000
(1789440843.744482) can0 01011840#FFFFFFFFFFFFFFFF
(1789440843.744871) can0 02051081#0000C84200000000
(1789440843.746617) can0 0205B881#2B1815320531E339
(1789440843.752622) can0 0205B941#0000000000000000
(1789440843.758569) can0 0205B801#0000720600182000
(1789440843.764535) can0 01011840#FFFFFFFFFFFFFFFF
(1789440843.764929) can0 02051081#0000C84200000000
(1789440843.766618) can0 0205B881#2B1815320531E339
(1789440843.772623) can0 0205B941#0000000000000000
(1789440843.778575) can0 0205B801#0000740600182000
(1789440843.784504) can0 01011840#FFFFFFFFFFFFFFFF
(1789440843.784887) can0 02051081#0000C84200000000
(1789440843.786561) can0 0205B881#2B1815320531E339
(1789440843.792624) can0 0205B941#0000000000000000
(1789440843.798572) can0 0205B801#0000730600182000
(1789440843.804488) can0 01011840#FFFFFFFFFFFFFFFF
(1789440843.804873) can0 02051081#0000C84200000000
(1789440843.806562) can0 0205B881#2B1815320531E339
(1789440843.812622) can0 0205B941#0000000000000000
(1789440843.818623) can0 0205B801#0000750600182000
(1789440843.824481) can0 01011840#FFFFFFFFFFFFFFFF
(1789440843.824866) can0 02051081#0000C84200000000
(1789440843.826560) can0 0205B881#2B1815320531E339
(1789440843.832576) can0 0205B941#0000000000000000
(1789440843.838655) can0 0205B801#0000750600182000
(1789440843.844594) can0 01011840#FFFFFFFFFFFFFFFF
(1789440843.844983) can0 02051081#0000C84200000000
(1789440843.846564) can0 0205B881#2B1815320531E339
(1789440843.850624) can0 0205B841#0000000000400000
(1789440843.852570) can0 0205B941#0000000000000000
(1789440843.858617) can0 0205B801#0000760600182000
(1789440843.864554) can0 01011840#FFFFFFFFFFFFFFFF
(1789440843.864952) can0 02051081#0000C84200000000
(1789440843.866609) can0 0205B881#2B1815320531E339
(1789440843.872567) can0 0205B941#0000000000000000
(1789440843.878567) can0 0205B801#0000740600182000
(1789440843.884515) can0 01011840#FFFFFFFFFFFFFFFF
(1789440843.884904) can0 02051081#0000C84200000000
(1789440843.886560) can0 0205B881#2B1815320531E339
(1789440843.892572) can0 0205B941#0000000000000000
(1789440843.898570) can0 0205B801#0000780600182000
(1789440843.904530) can0 01011840#FFFFFFFFFFFFFFFF
(1789440843.904917) can0 02051081#0000C84200000000
(1789440843.906613) can0 0205B881#2B1815320531E339
(1789440843.912624) can0 0205B941#0000000000000000
(1789440843.918570) can0 0205B801#0000760600182000
(1789440843.924526) can0 01011840#FFFFFFFFFFFFFFFF
(1789440843.924911) can0 02051081#0000C84200000000
(1789440843.926561) can0 0205B881#2B1815320531E339
(1789440843.932618) can0 0205B941#0000000000000000
(1789440843.938615) can0 0205B801#0000770600182000
(1789440843.944493) can0 01011840#FFFFFFFFFFFFFFFF
(1789440843.944876) can0 02051081#0000C84200000000
(1789440843.946560) can0 0205B881#2B1815320531E339
(1789440843.952583) can0 0205B941#0000000000000000
(1789440843.958566) can0 0205B801#0000770600182000
(1789440843.964517) can0 01011840#FFFFFFFFFFFFFFFF
(1789440843.964904) can0 02051081#0000C84200000000
(1789440843.966608) can0 0205B881#2B1815320531E339
(1789440843.972630) can0 0205B941#0000000000000000
(1789440843.978620) can0 0205B801#0000770600182000
(1789440843.984529) can0 01011840#FFFFFFFFFFFFFFFF
(1789440843.984920) can0 02051081#0000C84200000000
(1789440843.986560) can0 0205B881#2B1815320531E339
(1789440843.992574) can0 0205B941#0000000000000000
(1789440843.998573) can0 0205B801#0000780600182000
(1789440844.004540) can0 01011840#FFFFFFFFFFFFFFFF
(1789440844.004930) can0 02051081#0000C84200000000
(1789440844.006558) can0 0205B881#2B1815320531E339
(1789440844.012571) can0 0205B941#0000000000000000
(1789440844.018571) can0 0205B801#0000790600182000
(1789440844.024506) can0 01011840#FFFFFFFFFFFFFFFF
(1789440844.024893) can0 02051081#0000C84200000000
(1789440844.026612) can0 0205B881#2B1815320531E339
(1789440844.032570) can0 0205B941#0000000000000000
(1789440844.038576) can0 0205B801#0000780600182000
(1789440844.044517) can0 01011840#FFFFFFFFFFFFFFFF
(1789440844.044905) can0 02051081#0000C84200000000
(1789440844.046566) can0 0205B881#2B1815320531E339
(1789440844.052616) can0 0205B941#0000000000000000
(1789440844.058617) can0 0205B801#00007A0600182000
(1789440844.064524) can0 01011840#FFFFFFFFFFFFFFFF
(1789440844.064915) can0 02051081#0000C84200000000
(1789440844.066608) can0 0205B881#2B1815320531E339
(1789440844.072619) can0 0205B941#0000000000000000
(1789440844.078618) can0 0205B801#00007B0600182000
(1789440844.084496) can0 01011840#FFFFFFFFFFFFFFFF
(1789440844.084885) can0 02051081#0000C84200000000
(1789440844.086560) can0 0205B881#2B1815320531E339
(1789440844.092603) can0 0205B941#0000000000000000
(1789440844.098571) can0 0205B801#0000790600182000
(1789440844.100616) can0 0205B841#0000000000400000
(1789440844.104552) can0 01011840#FFFFFFFFFFFFFFFF
(1789440844.104945) can0 02051081#0000C84200000000
(1789440844.106567) can0 0205B881#2B1815320531E339
(1789440844.112619) can0 0205B941#0000000000000000
(1789440844.118618) can0 0205B801#0000790600182000
(1789440844.124532) can0 01011840#FFFFFFFFFFFFFFFF
(1789440844.124919) can0 02051081#0000C84200000000
(1789440844.126608) can0 0205B881#2B1815320531E339
(1789440844.132576) can0 0205B941#0000000000000000
(1789440844.138622) can0 0205B801#0000790600182000
(1789440844.144532) can0 01011840#FFFFFFFFFFFFFFFF
(1789440844.144921) can0 02051081#0000C84200000000
(1789440844.146631) can0 0205B881#2B1815320531E339
(1789440844.152637) can0 0205B941#0000000000000000
(1789440844.158599) can0 0205B801#0000770600182000
(1789440844.164535) can0 01011840#FFFFFFFFFFFFFFFF
(1789440844.164913) can0 02051081#0000C84200000000
(1789440844.166597) can0 0205B881#2B1815320531E339
(1789440844.172615) can0 0205B941#0000000000000000
(1789440844.178615) can0 0205B801#0000760600182000
(1789440844.184513) can0 01011840#FFFFFFFFFFFFFFFF
(1789440844.184901) can0 02051081#0000C84200000000
(1789440844.186608) can0 0205B881#2B1815320531E339
(1789440844.192576) can0 0205B941#0000000000000000
(1789440844.198568) can0 0205B801#0000760600182000
(1789440844.204539) can0 01011840#FFFFFFFFFFFFFFFF
(1789440844.204925) can0 02051081#0000C84200000000
(1789440844.206607) can0 0205B881#2B1815320531E339
(1789440844.212567) can0 0205B941#0000000000000000
(1789440844.218563) can0 0205B801#0000720600182000
(1789440844.224537) can0 01011840#FFFFFFFFFFFFFFFF
(1789440844.224931) can0 02051081#0000C84200000000
(1789440844.226608) can0 0205B881#2B1815320531E339
(1789440844.232564) can0 0205B941#0000000000000000
(1789440844.238566) can0 0205B801#0000710600182000
(1789440844.244517) can0 01011840#FFFFFFFFFFFFFFFF
(1789440844.244906) can0 02051081#0000C84200000000
(1789440844.246556) can0 0205B881#2B1815320531E339
(1789440844.252573) can0 0205B941#0000000000000000
(1789440844.258569) can0 0205B801#0000700600182000
(1789440844.264538) can0 01011840#FFFFFFFFFFFFFFFF
(1789440844.264930) can0 02051081#0000C84200000000
(1789440844.266606) can0 0205B881#2B1815320531E339
(1789440844.272646) can0 0205B941#0000000000000000
(1789440844.278629) can0 0205B801#0000700600182000
(1789440844.284550) can0 01011840#FFFFFFFFFFFFFFFF
(1789440844.284934) can0 02051081#0000C84200000000
(1789440844.286554) can0 0205B881#2B1815320531E339
(1789440844.292612) can0 0205B941#0000000000000000
(1789440844.298613) can0 0205B801#00006F0600182000
(1789440844.304518) can0 01011840#FFFFFFFFFFFFFFFF
(1789440844.304904) can0 02051081#0000C84200000000
(1789440844.306643) can0 0205B881#2B1815320531E339
(1789440844.312567) can0 0205B941#0000000000000000
(1789440844.318612) can0 0205B801#00006E0600182000
(1789440844.324490) can0 01011840#FFFFFFFFFFFFFFFF
(1789440844.324875) can0 02051081#0000C84200000000
(1789440844.326559) can0 0205B881#2B1815320531E339
(1789440844.332619) can0 0205B941#0000000000000000
(1789440844.338566) can0 0205B801#00006E0600182000
(1789440844.344486) can0 01011840#FFFFFFFFFFFFFFFF
(1789440844.344871) can0 02051081#0000C84200000000
(1789440844.346550) can0 0205B881#2B1815320531E339
(1789440844.350615) can0 0205B841#0000000000400000
(1789440844.352567) can0 0205B941#0000000000000000
(1789440844.358610) can0 0205B801#00006E0600182000
(1789440844.364487) can0 01011840#FFFFFFFFFFFFFFFF
(1789440844.364872) can0 02051081#0000C84200000000
(1789440844.366555) can0 0205B881#2B1815320531E339
(1789440844.372613) can0 0205B941#0000000000000000
(1789440844.378609) can0 0205B801#00006E0600182000
(1789440844.384522) can0 01011840#FFFFFFFFFFFFFFFF
(1789440844.384909) can0 02051081#0000C84200000000
(1789440844.386556) can0 0205B881#2B1815320531E339
(1789440844.392617) can0 0205B941#0000000000000000
(1789440844.398611) can0 0205B801#00006E0600182000
(1789440844.404500) can0 01011840#FFFFFFFFFFFFFFFF
(1789440844.404886) can0 02051081#0000C84200000000
(1789440844.406558) can0 0205B881#2B1815320531E339
(1789440844.412617) can0 0205B941#0000000000000000
(1789440844.418566) can0 0205B801#00006D0600182000
(1789440844.424492) can0 01011840#FFFFFFFFFFFFFFFF
(1789440844.424878) can0 02051081#0000C84200000000
(1789440844.426606) can0 0205B881#2B1815320531E339
(1789440844.432615) can0 0205B941#0000000000000000
(1789440844.438562) can0 0205B801#00006F0600182000
(1789440844.444481) can0 01011840#FFFFFFFFFFFFFFFF
(1789440844.444865) can0 02051081#0000C84200000000
(1789440844.446609) can0 0205B881#2B1815320531E339
(1789440844.452632) can0 0205B941#0000000000000000
(1789440844.458627) can0 0205B801#00006C0600182000
(1789440844.464547) can0 01011840#FFFFFFFFFFFFFFFF
(1789440844.464930) can0 02051081#0000C84200000000
(1789440844.466602) can0 0205B881#2B1815320531E339
(1789440844.472612) can0 0205B941#0000000000000000
(1789440844.478556) can0 0205B801#00006D0600182000
(1789440844.484530) can0 01011840#FFFFFFFFFFFFFFFF
(1789440844.484915) can0 02051081#0000C84200000000
(1789440844.486554) can0 0205B881#2B1815320531E339
(1789440844.492565) can0 0205B941#0000000000000000
(1789440844.498612) can0 0205B801#00006D0600182000
(1789440844.504512) can0 01011840#FFFFFFFFFFFFFFFF
(1789440844.504898) can0 02051081#0000C84200000000
(1789440844.506603) can0 0205B881#2B1815320531E339
(1789440844.512608) can0 0205B941#0000000000000000
(1789440844.518561) can0 0205B801#00006C0600182000
(1789440844.524532) can0 01011840#FFFFFFFFFFFFFFFF
(1789440844.524925) can0 02051081#0000C84200000000
(1789440844.526552) can0 0205B881#2B1815320531E339
(1789440844.532617) can0 0205B941#0000000000000000
(1789440844.538646) can0 0205B801#00006C0600182000
(1789440844.544522) can0 01011840#FFFFFFFFFFFFFFFF
(1789440844.544907) can0 02051081#0000C84200000000
(1789440844.546602) can0 0205B881#2B1815320531E339
(1789440844.552613) can0 0205B941#0000000000000000
(1789440844.558606) can0 0205B801#00006D0600182000
(1789440844.564518) can0 01011840#FFFFFFFFFFFFFFFF
(1789440844.564905) can0 02051081#0000C84200000000
(1789440844.566604) can0 0205B881#2B1815320531E339
(1789440844.572618) can0 0205B941#0000000000000000
(1789440844.578607) can0 0205B801#00006C0600182000
(1789440844.584540) can0 01011840#FFFFFFFFFFFFFFFF
(1789440844.584928) can0 02051081#0000C84200000000
(1789440844.586641) can0 0205B881#2B1815320531E339
(1789440844.592653) can0 0205B941#0000000000000000
(1789440844.598615) can0 0205B801#00006B0600182000
(1789440844.600561) can0 0205B841#0000000000400000
(1789440844.604504) can0 01011840#FFFFFFFFFFFFFFFF
(1789440844.604890) can0 02051081#0000C84200000000
(1789440844.606603) can0 0205B881#2B1815320531E339
(1789440844.612625) can0 0205B941#0000000000000000
(1789440844.615613) can0 02051801#0000FFFFFFFF0000
(1789440844.617601) can0 0205BC01#6B392E9A
(1789440844.618611) can0 0205B801#00006B0600182000
(1789440844.624518) can0 01011840#FFFFFFFFFFFFFFFF
(1789440844.624903) can0 02051081#0000C84200000000
(1789440844.626551) can0 0205B881#2B1815320531E339
(1789440844.632563) can0 0205B941#0000000000000000
(1789440844.638648) can0 0205B801#00006B0600182000
(1789440844.644526) can0 01011840#FFFFFFFFFFFFFFFF
(1789440844.644913) can0 02051081#0000C84200000000
(1789440844.646552) can0 0205B881#2B1815320531E339
(1789440844.652564) can0 0205B941#0000000000000000
(1789440844.658559) can0 0205B801#00006A0600182000
(1789440844.664522) can0 01011840#FFFFFFFFFFFFFFFF
(1789440844.664912) can0 02051081#0000C84200000000
(1789440844.666553) can0 0205B881#2B1815320531E339
(1789440844.672562) can0 0205B941#0000000000000000
(1789440844.678557) can0 0205B801#00006C0600182000
(1789440844.684500) can0 01011840#FFFFFFFFFFFFFFFF
(1789440844.684886) can0 02051081#0000C84200000000
(1789440844.686603) can0 0205B881#2B1815320531E339
(1789440844.692561) can0 0205B941#0000000000000000
(1789440844.698645) can0 0205B801#00006A0600182000
(1789440844.704494) can0 01011840#FFFFFFFFFFFFFFFF
(1789440844.704879) can0 02051081#0000C84200000000
(1789440844.706596) can0 0205B881#2B1815320531E339
(1789440844.712647) can0 0205B941#0000000000000000
(1789440844.718645) can0 0205B801#0000690600182000
(1789440844.724483) can0 01011840#FFFFFFFFFFFFFFFF
(1789440844.724868) can0 02051081#0000C84200000000
(1789440844.726549) can0 0205B881#2B1815320531E339
(1789440844.732618) can0 0205B941#0000000000000000
(1789440844.738636) can0 0205B801#00006B0600182000
(1789440844.744595) can0 01011840#FFFFFFFFFFFFFFFF
(1789440844.744981) can0 02051081#0000C84200000000
(1789440844.746605) can0 0205B881#2B1815320531E339
(1789440844.752553) can0 0205B941#0000000000000000
(1789440844.758603) can0 0205B801#00006B0600182000
(1789440844.764514) can0 01011840#FFFFFFFFFFFFFFFF
(1789440844.764899) can0 02051081#0000C84200000000
(1789440844.766600) can0 0205B881#2B1815320531E339
(1789440844.772624) can0 0205B941#0000000000000000
(1789440844.778627) can0 0205B801#0000690600182000
(1789440844.784564) can0 01011840#FFFFFFFFFFFFFFFF
(1789440844.784951) can0 02051081#0000C84200000000
(1789440844.786637) can0 0205B881#2B1815320531E339
(1789440844.792613) can0 0205B941#0000000000000000
(1789440844.798558) can0 0205B801#00006B0600182000
(1789440844.804525) can0 01011840#FFFFFFFFFFFFFFFF
(1789440844.804910) can0 02051081#0000C84200000000
(1789440844.806549) can0 0205B881#2B1815320531E339
(1789440844.812615) can0 0205B941#0000000000000000
(1789440844.818560) can0 0205B801#00006A0600182000
(1789440844.824505) can0 01011840#FFFFFFFFFFFFFFFF
(1789440844.824891) can0 02051081#0000C84200000000
(1789440844.826596) can0 0205B881#2B1815320531E339
(1789440844.832605) can0 0205B941#0000000000000000
(1789440844.838559) can0 0205B801#00006A0600182000
(1789440844.844489) can0 01011840#FFFFFFFFFFFFFFFF
(1789440844.844874) can0 02051081#0000C84200000000
(1789440844.846601) can0 0205B881#2B1815320531E339
(1789440844.850686) can0 0205B841#0000000000400000
(1789440844.852614) can0 0205B941#0000000000000000
(1789440844.858559) can0 0205B801#00006B0600182000
(1789440844.864544) can0 01011840#FFFFFFFFFFFFFFFF
(1789440844.864926) can0 02051081#0000C84200000000
(1789440844.866592) can0 0205B881#2B1815320531E339
(1789440844.872561) can0 0205B941#0000000000000000
(1789440844.878642) can0 0205B801#0000690600182000
(1789440844.884505) can0 01011840#FFFFFFFFFFFFFFFF
(1789440844.884891) can0 02051081#0000C84200000000
(1789440844.886594) can0 0205B881#2B1815320531E339
(1789440844.892606) can0 0205B941#0000000000000000
(1789440844.898602) can0 0205B801#0000690600182000
(1789440844.904492) can0 01011840#FFFFFFFFFFFFFFFF
(1789440844.904877) can0 02051081#0000C84200000000
(1789440844.906551) can0 0205B881#2B1815320531E339
(1789440844.912602) can0 0205B941#0000000000000000
(1789440844.918563) can0 0205B801#00006B0600182000
(1789440844.924526) can0 01011840#FFFFFFFFFFFFFFFF
(1789440844.924914) can0 02051081#0000C84200000000
(1789440844.926637) can0 0205B881#2B1815320531E339
(1789440844.932562) can0 0205B941#0000000000000000
(1789440844.938658) can0 0205B801#0000690600182000
(1789440844.944526) can0 01011840#FFFFFFFFFFFFFFFF
(1789440844.944910) can0 02051081#0000C84200000000
(1789440844.946597) can0 0205B881#2B1815320531E339
(1789440844.952621) can0 0205B941#0000000000000000
(1789440844.958606) can0 0205B801#0000690600182000
(1789440844.964526) can0 01011840#FFFFFFFFFFFFFFFF
(1789440844.964911) can0 02051081#0000C84200000000
(1789440844.966595) can0 0205B881#2B1815320531E339
(1789440844.972641) can0 0205B941#0000000000000000
(1789440844.978642) can0 0205B801#00006A0600182000
(1789440844.984507) can0 01011840#FFFFFFFFFFFFFFFF
(1789440844.984892) can0 02051081#0000C84200000000
(1789440844.986596) can0 0205B881#2B1815320531E339
(1789440844.992644) can0 0205B941#0000000000000000
(1789440844.998606) can0 0205B801#0000690600182000
(1789440845.004545) can0 01011840#FFFFFFFFFFFFFFFF
(1789440845.004933) can0 02051081#0000C84200000000
(1789440845.006590) can0 0205B881#2B1815320531E339
(1789440845.012602) can0 0205B941#0000000000000000
(1789440845.018612) can0 0205B801#00006A0600182000
(1789440845.024533) can0 01011840#FFFFFFFFFFFFFFFF
(1789440845.024920) can0 02051081#0000C84200000000
(1789440845.026594) can0 0205B881#2B1815320531E339
(1789440845.032642) can0 0205B941#0000000000000000
(1789440845.038645) can0 0205B801#00006A0600182000
(1789440845.044507) can0 01011840#FFFFFFFFFFFFFFFF
(1789440845.044904) can0 02051081#0000C84200000000
(1789440845.046607) can0 0205B881#2B1815320531E339
(1789440845.052565) can0 0205B941#0000000000000000
(1789440845.058614) can0 0205B801#00006A0600182000
(1789440845.064584) can0 01011840#FFFFFFFFFFFFFFFF
(1789440845.064975) can0 02051081#0000C84200000000
(1789440845.066633) can0 0205B881#2B1815320531E339
(1789440845.072599) can0 0205B941#0000000000000000
(1789440845.078598) can0 0205B801#0000690600182000
(1789440845.084547) can0 01011840#FFFFFFFFFFFFFFFF
(1789440845.084932) can0 02051081#0000C84200000000
(1789440845.086634) can0 0205B881#2B1815320531E339
(1789440845.092643) can0 0205B941#0000000000000000
(1789440845.098555) can0 0205B801#00006B0600182000
(1789440845.100606) can0 0205B841#0000000000400000
(1789440845.104576) can0 01011840#FFFFFFFFFFFFFFFF
(1789440845.104965) can0 02051081#0000C84200000000
(1789440845.106595) can0 0205B881#2B1815320531E339
(1789440845.112556) can0 0205B941#0000000000000000
(1789440845.118598) can0 0205B801#00006A0600182000
(1789440845.124559) can0 01011840#FFFFFFFFFFFFFFFF
(1789440845.124947) can0 02051081#0000C84200000000
(1789440845.126546) can0 0205B881#2B1815320531E339
(1789440845.132611) can0 0205B941#0000000000000000
(1789440845.138605) can0 0205B801#0000690600182000
(1789440845.144522) can0 01011840#FFFFFFFFFFFFFFFF
(1789440845.144907) can0 02051081#0000C84200000000
(1789440845.146595) can0 0205B881#2B1815320531E339
(1789440845.152606) can0 0205B941#0000000000000000
(1789440845.158640) can0 0205B801#0000690600182000
(1789440845.164516) can0 01011840#FFFFFFFFFFFFFFFF
(1789440845.164901) can0 02051081#0000C84200000000
(1789440845.166633) can0 0205B881#2B1815320531E339
(1789440845.172768) can0 0205B941#0000000000000000
(1789440845.178677) can0 0205B801#00006A0600182000
(1789440845.184537) can0 01011840#FFFFFFFFFFFFFFFF
(1789440845.184906) can0 02051081#0000C84200000000
(1789440845.186586) can0 0205B881#2B1815320531E339
(1789440845.192552) can0 0205B941#0000000000000000
(1789440845.198550) can0 0205B801#0000690600182000
(1789440845.204553) can0 01011840#FFFFFFFFFFFFFFFF
(1789440845.204939) can0 02051081#0000C84200000000
(1789440845.206591) can0 0205B881#2B1815320531E339
(1789440845.212554) can0 0205B941#0000000000000000
(1789440845.218602) can0 0205B801#00006B0600182000
(1789440845.224540) can0 01011840#FFFFFFFFFFFFFFFF
(1789440845.224923) can0 02051081#0000C84200000000
(1789440845.226590) can0 0205B881#2B1815320531E339
(1789440845.232642) can0 0205B941#0000000000000000
(1789440845.238643) can0 0205B801#0000690600182000
(1789440845.244673) can0 01011840#FFFFFFFFFFFFFFFF
(1789440845.245085) can0 02051081#0000C84200000000
(1789440845.246557) can0 0205B881#2B1815320531E339
(1789440845.252602) can0 0205B941#0000000000000000
(1789440845.258597) can0 0205B801#00006A0600182000
(1789440845.264542) can0 01011840#FFFFFFFFFFFFFFFF
(1789440845.264929) can0 02051081#0000C84200000000
(1789440845.266627) can0 0205B881#2B1815320531E339
(1789440845.272605) can0 0205B941#0000000000000000
(1789440845.278556) can0 0205B801#00006B0600182000
(1789440845.284528) can0 01011840#FFFFFFFFFFFFFFFF
(1789440845.284913) can0 02051081#0000C84200000000
(1789440845.286542) can0 0205B881#2B1815320531E339
(1789440845.292615) can0 0205B941#0000000000000000
(1789440845.298667) can0 0205B801#0000690600182000
(1789440845.304563) can0 01011840#FFFFFFFFFFFFFFFF
(1789440845.304952) can0 02051081#0000C84200000000
(1789440845.306587) can0 0205B881#2B1815320531E339
(1789440845.312550) can0 0205B941#0000000000000000
(1789440845.318551) can0 0205B801#00006A0600182000
(1789440845.324526) can0 01011840#FFFFFFFFFFFFFFFF
(1789440845.324910) can0 02051081#0000C84200000000
(1789440845.326588) can0 0205B881#2B1815320531E339
(1789440845.332602) can0 0205B941#0000000000000000
(1789440845.338551) can0 0205B801#00006D0600182000
(1789440845.344522) can0 01011840#FFFFFFFFFFFFFFFF
(1789440845.344906) can0 02051081#0000C84200000000
(1789440845.346628) can0 0205B881#2B1815320531E339
(1789440845.350643) can0 0205B841#0000000000400000
(1789440845.352638) can0 0205B941#0000000000000000
(1789440845.358552) can0 0205B801#00006B0600182000
(1789440845.364524) can0 01011840#FFFFFFFFFFFFFFFF
(1789440845.364912) can0 02051081#0000C84200000000
(1789440845.366542) can0 0205B881#2B1815320531E339
(1789440845.372600) can0 0205B941#0000000000000000
(1789440845.378601) can0 0205B801#00006A0600182000
(1789440845.384519) can0 01011840#FFFFFFFFFFFFFFFF
(1789440845.384903) can0 02051081#0000C84200000000
(1789440845.386592) can0 0205B881#2B1815320531E339
(1789440845.392597) can0 0205B941#0000000000000000
(1789440845.398594) can0 0205B801#00006D0600182000
(1789440845.404514) can0 01011840#FFFFFFFFFFFFFFFF
(1789440845.404898) can0 02051081#0000C84200000000
(1789440845.406540) can0 0205B881#2B1815320531E339
(1789440845.412551) can0 0205B941#0000000000000000
(1789440845.418593) can0 0205B801#00006C0600182000
(1789440845.424523) can0 01011840#FFFFFFFFFFFFFFFF
(1789440845.424906) can0 02051081#0000C84200000000
(1789440845.426591) can0 0205B881#2B1815320531E339
(1789440845.432596) can0 0205B941#0000000000000000
(1789440845.438550) can0 0205B801#00006C0600182000
(1789440845.444512) can0 01011840#FFFFFFFFFFFFFFFF
(1789440845.444896) can0 02051081#0000C84200000000
(1789440845.446541) can0 0205B881#2B1815320531E339
(1789440845.452554) can0 0205B941#0000000000000000
(1789440845.458550) can0 0205B801#00006E0600182000
(1789440845.464522) can0 01011840#FFFFFFFFFFFFFFFF
(1789440845.464912) can0 02051081#0000C84200000000
(1789440845.466593) can0 0205B881#2B1815320531E339
(1789440845.472549) can0 0205B941#0000000000000000
(1789440845.478596) can0 0205B801#00006D0600182000
(1789440845.484521) can0 01011840#FFFFFFFFFFFFFFFF
(1789440845.484905) can0 02051081#0000C84200000000
(1789440845.486539) can0 0205B881#2B1815320531E339
(1789440845.492549) can0 0205B941#0000000000000000
(1789440845.498598) can0 0205B801#00006C0600182000
(1789440845.504521) can0 01011840#FFFFFFFFFFFFFFFF
(1789440845.504906) can0 02051081#0000C84200000000
(1789440845.506585) can0 0205B881#2B1815320531E339
(1789440845.512552) can0 0205B941#0000000000000000
(1789440845.518549) can0 0205B801#0000700600182000
(1789440845.524528) can0 01011840#FFFFFFFFFFFFFFFF
(1789440845.524913) can0 02051081#0000C84200000000
(1789440845.526586) can0 0205B881#2B1815320531E339
(1789440845.532597) can0 0205B941#0000000000000000
(1789440845.538544) can0 0205B801#00006D0600182000
(1789440845.544574) can0 01011840#FFFFFFFFFFFFFFFF
(1789440845.545067) can0 02051081#0000C84200000000
(1789440845.546596) can0 0205B881#2B1815320531E339
(1789440845.552599) can0 0205B941#0000000000000000
(1789440845.558545) can0 0205B801#00006E0600182000
(1789440845.564536) can0 01011840#FFFFFFFFFFFFFFFF
(1789440845.564917) can0 02051081#0000C84200000000
(1789440845.566625) can0 0205B881#2B1815320531E339
(1789440845.572597) can0 0205B941#0000000000000000
(1789440845.578550) can0 0205B801#0000700600182000
(1789440845.584514) can0 01011840#FFFFFFFFFFFFFFFF
(1789440845.584902) can0 02051081#0000C84200000000
(1789440845.586543) can0 0205B881#2B1815320531E339
(1789440845.592638) can0 0205B941#0000000000000000
(1789440845.598596) can0 0205B801#00006F0600182000
(1789440845.600598) can0 0205B841#0000000000400000
(1789440845.604519) can0 01011840#FFFFFFFFFFFFFFFF
(1789440845.604907) can0 02051081#0000C84200000000
(1789440845.606595) can0 0205B881#2B1815320531E339
(1789440845.612596) can0 0205B941#0000000000000000
(1789440845.615600) can0 02051801#0000FFFFFFFF0000
(1789440845.617550) can0 0205BC01#6B392E9A
(1789440845.618593) can0 0205B801#0000770600182000
(1789440845.624526) can0 01011840#FFFFFFFFFFFFFFFF
(1789440845.624910) can0 02051081#0000C84200000000
(1789440845.626590) can0 0205B881#2B1815320531E339
(1789440845.632594) can0 0205B941#0000000000000000
(1789440845.638596) can0 0205B801#0000700600182000
(1789440845.644497) can0 01011840#FFFFFFFFFFFFFFFF
(1789440845.644882) can0 02051081#0000C84200000000
(1789440845.646587) can0 0205B881#2B1815320531E339
(1789440845.652549) can0 0205B941#0000000000000000
(1789440845.658590) can0 0205B801#0000700600182000
(1789440845.664584) can0 01011840#FFFFFFFFFFFFFFFF
(1789440845.664993) can0 02051081#0000C84200000000
(1789440845.666532) can0 0205B881#2B1815320531E339
(1789440845.672592) can0 0205B941#0000000000000000
(1789440845.678589) can0 0205B801#0000710600182000
(1789440845.684525) can0 01011840#FFFFFFFFFFFFFFFF
(1789440845.684910) can0 02051081#0000C84200000000
(1789440845.686587) can0 0205B881#2B1815320531E339
(1789440845.692547) can0 0205B941#0000000000000000
(1789440845.698631) can0 0205B801#0000710600182000
(1789440845.704501) can0 01011840#FFFFFFFFFFFFFFFF
(1789440845.704887) can0 02051081#0000C84200000000
(1789440845.706538) can0 0205B881#2B1815320531E339
(1789440845.712591) can0 0205B941#0000000000000000
(1789440845.718632) can0 0205B801#0000700600182000
(1789440845.724491) can0 01011840#FFFFFFFFFFFFFFFF
(1789440845.724877) can0 02051081#0000C84200000000
(1789440845.726623) can0 0205B881#2B1815320531E339
(1789440845.732602) can0 0205B941#0000000000000000
(1789440845.738546) can0 0205B801#0000720600182000
(1789440845.744516) can0 01011840#FFFFFFFFFFFFFFFF
(1789440845.744903) can0 02051081#0000C84200000000
(1789440845.746586) can0 0205B881#2B1815320531E339
(1789440845.752591) can0 0205B941#0000000000000000
(1789440845.758633) can0 0205B801#0000730600182000
(1789440845.764498) can0 01011840#FFFFFFFFFFFFFFFF
(1789440845.764883) can0 02051081#0000C84200000000
(1789440845.766538) can0 0205B881#2B1815320531E339
(1789440845.772545) can0 0205B941#0000000000000000
(1789440845.778589) can0 0205B801#0000740600182000
(1789440845.784495) can0 01011840#FFFFFFFFFFFFFFFF
(1789440845.784944) can0 02051081#0000C84200000000
(1789440845.786559) can0 0205B881#2B1815320531E339
(1789440845.792598) can0 0205B941#0000000000000000
(1789440845.798584) can0 0205B801#0000740600182000
(1789440845.804554) can0 01011840#FFFFFFFFFFFFFFFF
(1789440845.804933) can0 02051081#0000C84200000000
(1789440845.806614) can0 0205B881#2B1815320531E339
(1789440845.812536) can0 0205B941#0000000000000000
(1789440845.818541) can0 0205B801#0000750600182000
(1789440845.824545) can0 01011840#FFFFFFFFFFFFFFFF
(1789440845.824921) can0 02051081#0000C84200000000
(1789440845.826584) can0 0205B881#2B1815320531E339
(1789440845.832632) can0 0205B941#0000000000000000
(1789440845.838547) can0 0205B801#0000740600182000
(1789440845.844523) can0 01011840#FFFFFFFFFFFFFFFF
(1789440845.844908) can0 02051081#0000C84200000000
(1789440845.846582) can0 0205B881#2B1815320531E339
(1789440845.850547) can0 0205B841#0000000000400000
(1789440845.852593) can0 0205B941#0000000000000000
(1789440845.858591) can0 0205B801#0000750600182000
(1789440845.864528) can0 01011840#FFFFFFFFFFFFFFFF
(1789440845.864920) can0 02051081#0000C84200000000
(1789440845.866537) can0 0205B881#2B1815320531E339
(1789440845.872594) can0 0205B941#0000000000000000
(1789440845.878618) can0 0205B801#0000760600182000
(1789440845.884608) can0 01011840#FFFFFFFFFFFFFFFF
(1789440845.884999) can0 02051081#0000C84200000000
(1789440845.886583) can0 0205B881#2B1815320531E339
(1789440845.892592) can0 0205B941#0000000000000000
(1789440845.898537) can0 0205B801#0000760600182000
(1789440845.904530) can0 01011840#FFFFFFFFFFFFFFFF
(1789440845.904915) can0 02051081#0000C84200000000
(1789440845.906537) can0 0205B881#2B1815320531E339
(1789440845.912592) can0 0205B941#0000000000000000
(1789440845.918588) can0 0205B801#0000760600182000
(1789440845.924522) can0 01011840#FFFFFFFFFFFFFFFF
(1789440845.924906) can0 02051081#0000C84200000000
(1789440845.926621) can0 0205B881#2B1815320531E339
(1789440845.932590) can0 0205B941#0000000000000000
(1789440845.938551) can0 0205B801#0000770600182000
(1789440845.944523) can0 01011840#FFFFFFFFFFFFFFFF
(1789440845.944908) can0 02051081#0000C84200000000
(1789440845.946581) can0 0205B881#2B1815320531E339
(1789440845.952608) can0 0205B941#0000000000000000
(1789440845.958589) can0 0205B801#0000770600182000
(1789440845.964516) can0 01011840#FFFFFFFFFFFFFFFF
(1789440845.964900) can0 02051081#0000C84200000000
(1789440845.966535) can0 0205B881#2B1815320531E339
(1789440845.972588) can0 0205B941#0000000000000000
(1789440845.978546) can0 0205B801#0000780600182000
(1789440845.984507) can0 01011840#FFFFFFFFFFFFFFFF
(1789440845.984891) can0 02051081#0000C84200000000
(1789440845.986620) can0 0205B881#2B1815320531E339
(1789440845.992589) can0 0205B941#0000000000000000
(1789440845.998542) can0 0205B801#0000790600182000
(1789440846.004504) can0 01011840#FFFFFFFFFFFFFFFF
(1789440846.004888) can0 02051081#0000C84200000000
(1789440846.006582) can0 0205B881#2B1815320531E339
(1789440846.012594) can0 0205B941#0000000000000000
(1789440846.018608) can0 0205B801#0000780600182000
(1789440846.024515) can0 01011840#FFFFFFFFFFFFFFFF
(1789440846.024901) can0 02051081#0000C84200000000
(1789440846.026579) can0 0205B881#2B1815320531E339
(1789440846.032591) can0 0205B941#0000000000000000
(1789440846.038596) can0 0205B801#0000780600182000
(1789440846.044589) can0 01011840#FFFFFFFFFFFFFFFF
(1789440846.044988) can0 02051081#0000C84200000000
(1789440846.046621) can0 0205B881#2B1815320531E339
(1789440846.052541) can0 0205B941#0000000000000000
(1789440846.058543) can0 0205B801#0000780600182000
(1789440846.064545) can0 01011840#FFFFFFFFFFFFFFFF
(1789440846.064939) can0 02051081#0000C84200000000
(1789440846.066577) can0 0205B881#2B1815320531E339
(1789440846.072590) can0 0205B941#0000000000000000
(1789440846.078590) can0 0205B801#0000790600182000
(1789440846.084513) can0 01011840#FFFFFFFFFFFFFFFF
(1789440846.084897) can0 02051081#0000C84200000000
(1789440846.086619) can0 0205B881#2B1815320531E339
(1789440846.092544) can0 0205B941#0000000000000000
(1789440846.098542) can0 0205B801#00007A0600182000
(1789440846.100538) can0 0205B841#0000000000400000
(1789440846.104505) can0 01011840#FFFFFFFFFFFFFFFF
(1789440846.104889) can0 02051081#0000C84200000000
(1789440846.106583) can0 0205B881#2B1815320531E339
(1789440846.112543) can0 0205B941#0000000000000000
(1789440846.118537) can0 0205B801#0000790600182000
(1789440846.124512) can0 01011840#FFFFFFFFFFFFFFFF
(1789440846.124892) can0 02051081#0000C84200000000
(1789440846.126609) can0 0205B881#2B1815320531E339
(1789440846.132615) can0 0205B941#0000000000000000
(1789440846.138589) can0 0205B801#0000770600182000
(1789440846.144552) can0 01011840#FFFFFFFFFFFFFFFF
(1789440846.144936) can0 02051081#0000C84200000000
(1789440846.146528) can0 0205B881#2B1815320531E339
(1789440846.152590) can0 0205B941#0000000000000000
(1789440846.158593) can0 0205B801#0000770600182000
(1789440846.164542) can0 01011840#FFFFFFFFFFFFFFFF
(1789440846.164935) can0 02051081#0000C84200000000
(1789440846.166577) can0 0205B881#2B1815320531E339
(1789440846.172591) can0 0205B941#0000000000000000
(1789440846.178602) can0 0205B801#0000760600182000
(1789440846.184546) can0 01011840#FFFFFFFFFFFFFFFF
(1789440846.184931) can0 02051081#0000C84200000000
(1789440846.186529) can0 0205B881#2B1815320531E339
(1789440846.192593) can0 0205B941#0000000000000000
(1789440846.198661) can0 0205B801#0000730600182000
(1789440846.204691) can0 01011840#FFFFFFFFFFFFFFFF
(1789440846.205088) can0 02051081#0000C84200000000
(1789440846.206580) can0 0205B881#2B1815320531E339
(1789440846.212590) can0 0205B941#0000000000000000
(1789440846.218590) can0 0205B801#0000710600182000
(1789440846.224536) can0 01011840#FFFFFFFFFFFFFFFF
(1789440846.224917) can0 02051081#0000C84200000000
(1789440846.226572) can0 0205B881#2B1815320531E339
(1789440846.232592) can0 0205B941#0000000000000000
(1789440846.238627) can0 0205B801#0000700600182000
(1789440846.244535) can0 01011840#FFFFFFFFFFFFFFFF
(1789440846.244925) can0 02051081#0000C84200000000
(1789440846.246577) can0 0205B881#2B1815320531E339
(1789440846.252595) can0 0205B941#0000000000000000
(1789440846.258535) can0 0205B801#0000700600182000
(1789440846.264561) can0 01011840#FFFFFFFFFFFFFFFF
(1789440846.264959) can0 02051081#0000C84200000000
(1789440846.266573) can0 0205B881#2B1815320531E339
(1789440846.272653) can0 0205B941#0000000000000000
(1789440846.278535) can0 0205B801#00006E0600182000
(1789440846.284554) can0 01011840#FFFFFFFFFFFFFFFF
(1789440846.284936) can0 02051081#0000C84200000000
(1789440846.286615) can0 0205B881#2B1815320531E339
(1789440846.292585) can0 0205B941#0000000000000000
(1789440846.298587) can0 0205B801#0000700600182000
(1789440846.304502) can0 01011840#FFFFFFFFFFFFFFFF
(1789440846.304886) can0 02051081#0000C84200000000
(1789440846.306574) can0 0205B881#2B1815320531E339
(1789440846.312590) can0 0205B941#0000000000000000
(1789440846.318538) can0 0205B801#00006F0600182000
(1789440846.324570) can0 01011840#FFFFFFFFFFFFFFFF
(1789440846.324959) can0 02051081#0000C84200000000
(1789440846.326576) can0 0205B881#2B1815320531E339
(1789440846.332628) can0 0205B941#0000000000000000
(1789440846.338579) can0 0205B801#00006E0600182000
(1789440846.344484) can0 01011840#FFFFFFFFFFFFFFFF
(1789440846.344866) can0 02051081#0000C84200000000
(1789440846.346529) can0 0205B881#2B1815320531E339
(1789440846.350584) can0 0205B841#0000000000400000
(1789440846.352585) can0 0205B941#0000000000000000
(1789440846.358587) can0 0205B801#00006E0600182000
(1789440846.364475) can0 01011840#FFFFFFFFFFFFFFFF
(1789440846.364856) can0 02051081#0000C84200000000
(1789440846.366575) can0 0205B881#2B1815320531E339
(1789440846.372538) can0 0205B941#0000000000000000
(1789440846.378582) can0 0205B801#00006E0600182000
(1789440846.384517) can0 01011840#FFFFFFFFFFFFFFFF
(1789440846.384901) can0 02051081#0000C84200000000
(1789440846.386528) can0 0205B881#2B1815320531E339
(1789440846.392587) can0 0205B941#0000000000000000
(1789440846.398580) can0 0205B801#00006D0600182000
(1789440846.404493) can0 01011840#FFFFFFFFFFFFFFFF
(1789440846.404876) can0 02051081#0000C84200000000
(1789440846.406576) can0 0205B881#2B1815320531E339
(1789440846.412538) can0 0205B941#0000000000000000
(1789440846.418586) can0 0205B801#00006E0600182000
(1789440846.424514) can0 01011840#FFFFFFFFFFFFFFFF
(1789440846.424899) can0 02051081#0000C84200000000
(1789440846.426575) can0 0205B881#2B1815320531E339
(1789440846.432538) can0 0205B941#0000000000000000
(1789440846.438584) can0 0205B801#00006D0600182000
(1789440846.444492) can0 01011840#FFFFFFFFFFFFFFFF
(1789440846.444876) can0 02051081#0000C84200000000
(1789440846.446575) can0 0205B881#2B1815320531E339
(1789440846.452584) can0 0205B941#0000000000000000
(1789440846.458621) can0 0205B801#00006C0600182000
(1789440846.464488) can0 01011840#FFFFFFFFFFFFFFFF
(1789440846.464872) can0 02051081#0000C84200000000
(1789440846.466614) can0 0205B881#2B1815320531E339
(1789440846.472589) can0 0205B941#0000000000000000
(1789440846.478581) can0 0205B801#00006D0600182000
(1789440846.484519) can0 01011840#FFFFFFFFFFFFFFFF
(1789440846.484903) can0 02051081#0000C84200000000
(1789440846.486571) can0 0205B881#2B1815320531E339
(1789440846.492582) can0 0205B941#0000000000000000
(1789440846.498621) can0 0205B801#00006B0600182000
(1789440846.504497) can0 01011840#FFFFFFFFFFFFFFFF
(1789440846.504880) can0 02051081#0000C84200000000
(1789440846.506613) can0 0205B881#2B1815320531E339
(1789440846.512584) can0 0205B941#0000000000000000
(1789440846.518537) can0 0205B801#00006B0600182000
(1789440846.524494) can0 01011840#FFFFFFFFFFFFFFFF
(1789440846.524879) can0 02051081#0000C84200000000
(1789440846.526576) can0 0205B881#2B1815320531E339
(1789440846.532584) can0 0205B941#0000000000000000
(1789440846.538536) can0 0205B801#00006C0600182000
(1789440846.544479) can0 01011840#FFFFFFFFFFFFFFFF
(1789440846.544862) can0 02051081#0000C84200000000
(1789440846.546527) can0 0205B881#2B1815320531E339
(1789440846.552546) can0 0205B941#0000000000000000
(1789440846.558535) can0 0205B801#00006B0600182000
(1789440846.564524) can0 01011840#FFFFFFFFFFFFFFFF
(1789440846.564911) can0 02051081#0000C84200000000
(1789440846.566611) can0 0205B881#2B1815320531E339
(1789440846.572621) can0 0205B941#0000000000000000
(1789440846.578578) can0 0205B801#00006C0600182000
(1789440846.584518) can0 01011840#FFFFFFFFFFFFFFFF
(1789440846.584900) can0 02051081#0000C84200000000
(1789440846.586524) can0 0205B881#2B1815320531E339
(1789440846.592622) can0 0205B941#0000000000000000
(1789440846.598586) can0 0205B801#00006C0600182000
(1789440846.600584) can0 0205B841#0000000000400000
(1789440846.604497) can0 01011840#FFFFFFFFFFFFFFFF
(1789440846.604882) can0 02051081#0000C84200000000
(1789440846.606523) can0 0205B881#2B1815320531E339
(1789440846.612532) can0 0205B941#0000000000000000
(1789440846.615722) can0 02051801#0000FFFFFFFF0000
(1789440846.617488) can0 0205BC01#6B392E9A
(1789440846.618576) can0 0205B801#0000690600182000
(1789440846.624502) can0 01011840#FFFFFFFFFFFFFFFF
(1789440846.624887) can0 02051081#0000C84200000000
(1789440846.626575) can0 0205B881#2B1815320531E339
(1789440846.632622) can0 0205B941#0000000000000000
(1789440846.638621) can0 0205B801#00006A0600182000
(1789440846.644483) can0 01011840#FFFFFFFFFFFFFFFF
(1789440846.644867) can0 02051081#0000C84200000000
(1789440846.646576) can0 0205B881#2B1815320531E339
(1789440846.652581) can0 0205B941#0000000000000000
(1789440846.658623) can0 0205B801#00006B0600182000
(1789440846.664484) can0 01011840#FFFFFFFFFFFFFFFF
(1789440846.664868) can0 02051081#0000C84200000000
(1789440846.666573) can0 0205B881#2B1815320531E339
(1789440846.672585) can0 0205B941#0000000000000000
(1789440846.678581) can0 0205B801#00006B0600182000
(1789440846.684493) can0 01011840#FFFFFFFFFFFFFFFF
(1789440846.684874) can0 02051081#0000C84200000000
(1789440846.686571) can0 0205B881#2B1815320531E339
(1789440846.692620) can0 0205B941#0000000000000000
(1789440846.698534) can0 0205B801#00006B0600182000
(1789440846.704492) can0 01011840#FFFFFFFFFFFFFFFF
(1789440846.704876) can0 02051081#0000C84200000000
(1789440846.706525) can0 0205B881#2B1815320531E339
(1789440846.712620) can0 0205B941#0000000000000000
(1789440846.718535) can0 0205B801#00006B0600182000
(1789440846.724487) can0 01011840#FFFFFFFFFFFFFFFF
(1789440846.724871) can0 02051081#0000C84200000000
(1789440846.726522) can0 0205B881#2B1815320531E339
(1789440846.732581) can0 0205B941#0000000000000000
(1789440846.738580) can0 0205B801#00006B0600182000
(1789440846.744506) can0 01011840#FFFFFFFFFFFFFFFF
(1789440846.744890) can0 02051081#0000C84200000000
(1789440846.746569) can0 0205B881#2B1815320531E339
(1789440846.752620) can0 0205B941#0000000000000000
(1789440846.758575) can0 0205B801#00006A0600182000
(1789440846.764485) can0 01011840#FFFFFFFFFFFFFFFF
(1789440846.764870) can0 02051081#0000C84200000000
(1789440846.766570) can0 0205B881#2B1815320531E339
(1789440846.772579) can0 0205B941#0000000000000000
(1789440846.778619) can0 0205B801#00006B0600182000
(1789440846.784479) can0 01011840#FFFFFFFFFFFFFFFF
(1789440846.784863) can0 02051081#0000C84200000000
(1789440846.786624) can0 0205B881#2B1815320531E339
(1789440846.792610) can0 0205B941#0000000000000000
(1789440846.798578) can0 0205B801#00006A0600182000
(1789440846.804560) can0 01011840#FFFFFFFFFFFFFFFF
(1789440846.804949) can0 02051081#0000C84200000000
(1789440846.806570) can0 0205B881#2B1815320531E339
(1789440846.812581) can0 0205B941#0000000000000000
(1789440846.818531) can0 0205B801#0000690600182000
(1789440846.824496) can0 01011840#FFFFFFFFFFFFFFFF
(1789440846.824902) can0 02051081#0000C84200000000
(1789440846.826618) can0 0205B881#2B1815320531E339
(1789440846.832585) can0 0205B941#0000000000000000
(1789440846.838614) can0 0205B801#00006A0600182000
(1789440846.844521) can0 01011840#FFFFFFFFFFFFFFFF
(1789440846.844904) can0 02051081#0000C84200000000
(1789440846.846607) can0 0205B881#2B1815320531E339
(1789440846.850585) can0 0205B841#0000000000400000
(1789440846.852582) can0 0205B941#0000000000000000
(1789440846.858577) can0 0205B801#00006A0600182000
(1789440846.864602) can0 01011840#FFFFFFFFFFFFFFFF
(1789440846.864995) can0 02051081#0000C84200000000
(1789440846.866609) can0 0205B881#2B1815320531E339
(1789440846.872617) can0 0205B941#0000000000000000
(1789440846.878578) can0 0205B801#0000690600182000
(1789440846.884542) can0 01011840#FFFFFFFFFFFFFFFF
(1789440846.884927) can0 02051081#0000C84200000000
(1789440846.886567) can0 0205B881#2B1815320531E339
(1789440846.892581) can0 0205B941#0000000000000000
(1789440846.898578) can0 0205B801#0000690600182000
(1789440846.904579) can0 01011840#FFFFFFFFFFFFFFFF
(1789440846.904971) can0 02051081#0000C84200000000
(1789440846.906518) can0 0205B881#2B1815320531E339
(1789440846.912617) can0 0205B941#0000000000000000
(1789440846.918527) can0 0205B801#0000680600182000
(1789440846.924515) can0 01011840#FFFFFFFFFFFFFFFF
(1789440846.924901) can0 02051081#0000C84200000000
(1789440846.926565) can0 0205B881#2B1815320531E339
(1789440846.932618) can0 0205B941#0000000000000000
(1789440846.938617) can0 0205B801#0000680600182000
(1789440846.944517) can0 01011840#FFFFFFFFFFFFFFFF
(1789440846.944900) can0 02051081#0000C84200000000
(1789440846.946571) can0 0205B881#2B1815320531E339
(1789440846.952620) can0 0205B941#0000000000000000
(1789440846.958528) can0 0205B801#00006A0600182000
(1789440846.964519) can0 01011840#FFFFFFFFFFFFFFFF
(1789440846.964907) can0 02051081#0000C84200000000
(1789440846.966583) can0 0205B881#2B1815320531E339
(1789440846.972586) can0 0205B941#0000000000000000
(1789440846.978576) can0 0205B801#0000690600182000
(1789440846.984525) can0 01011840#FFFFFFFFFFFFFFFF
(1789440846.984909) can0 02051081#0000C84200000000
(1789440846.986565) can0 0205B881#2B1815320531E339
(1789440846.992580) can0 0205B941#0000000000000000
(1789440846.998578) can0 0205B801#0000680600182000
(1789440847.004505) can0 01011840#FFFFFFFFFFFFFFFF
(1789440847.004889) can0 02051081#0000C84200000000
(1789440847.006570) can0 0205B881#2B1815320531E339
(1789440847.012617) can0 0205B941#0000000000000000
(1789440847.018536) can0 0205B801#00006A0600182000
(1789440847.024512) can0 01011840#FFFFFFFFFFFFFFFF
(1789440847.024899) can0 02051081#0000C84200000000
(1789440847.026520) can0 0205B881#2B1815320531E339
(1789440847.032578) can0 0205B941#0000000000000000
(1789440847.038583) can0 0205B801#0000680600182000
(1789440847.044503) can0 01011840#FFFFFFFFFFFFFFFF
(1789440847.044961) can0 02051081#0000C84200000000
(1789440847.046567) can0 0205B881#2B1815320531E339
(1789440847.052580) can0 0205B941#0000000000000000
(1789440847.058614) can0 0205B801#0000680600182000
(1789440847.064508) can0 01011840#FFFFFFFFFFFFFFFF
(1789440847.064896) can0 02051081#0000C84200000000
(1789440847.066565) can0 0205B881#2B1815320531E339
(1789440847.072581) can0 0205B941#0000000000000000
(1789440847.078614) can0 0205B801#00006A0600182000
(1789440847.084524) can0 01011840#FFFFFFFFFFFFFFFF
(1789440847.084907) can0 02051081#0000C84200000000
(1789440847.086608) can0 0205B881#2B1815320531E339
(1789440847.092576) can0 0205B941#0000000000000000
(1789440847.098613) can0 0205B801#0000690600182000
(1789440847.100525) can0 0205B841#0000000000400000
(1789440847.104485) can0 01011840#FFFFFFFFFFFFFFFF
(1789440847.104869) can0 02051081#0000C84200000000
(1789440847.106520) can0 0205B881#2B1815320531E339
(1789440847.112576) can0 0205B941#0000000000000000
(1789440847.118571) can0 0205B801#0000690600182000
(1789440847.124485) can0 01011840#FFFFFFFFFFFFFFFF
(1789440847.124871) can0 02051081#0000C84200000000
(1789440847.126563) can0 0205B881#2B1815320531E339
(1789440847.132584) can0 0205B941#0000000000000000
(1789440847.138521) can0 0205B801#00006A0600182000
(1789440847.144489) can0 01011840#FFFFFFFFFFFFFFFF
(1789440847.144872) can0 02051081#0000C84200000000
(1789440847.146518) can0 0205B881#2B1815320531E339
(1789440847.152607) can0 0205B941#0000000000000000
(1789440847.158540) can0 0205B801#0000690600182000
(1789440847.164536) can0 01011840#FFFFFFFFFFFFFFFF
(1789440847.164929) can0 02051081#0000C84200000000
(1789440847.166602) can0 0205B881#2B1815320531E339
(1789440847.172585) can0 0205B941#0000000000000000
(1789440847.178542) can0 0205B801#0000690600182000
(1789440847.184560) can0 01011840#FFFFFFFFFFFFFFFF
(1789440847.184949) can0 02051081#0000C84200000000
(1789440847.186606) can0 0205B881#2B1815320531E339
(1789440847.192586) can0 0205B941#0000000000000000
(1789440847.198529) can0 0205B801#00006B0600182000
(1789440847.204516) can0 01011840#FFFFFFFFFFFFFFFF
(1789440847.204904) can0 02051081#0000C84200000000
(1789440847.206516) can0 0205B881#2B1815320531E339
(1789440847.212613) can0 0205B941#0000000000000000
(1789440847.218712) can0 0205B801#0000690600182000
(1789440847.224654) can0 01011840#FFFFFFFFFFFFFFFF
(1789440847.225055) can0 02051081#0000C84200000000
(1789440847.226588) can0 0205B881#2B1815320531E339
(1789440847.232567) can0 0205B941#0000000000000000
(1789440847.238603) can0 0205B801#0000690600182000
(1789440847.244509) can0 01011840#FFFFFFFFFFFFFFFF
(1789440847.244893) can0 02051081#0000C84200000000
(1789440847.246559) can0 0205B881#2B1815320531E339
(1789440847.252617) can0 0205B941#0000000000000000
(1789440847.258571) can0 0205B801#00006B0600182000
(1789440847.264503) can0 01011840#FFFFFFFFFFFFFFFF
(1789440847.264908) can0 02051081#0000C84200000000
(1789440847.266566) can0 0205B881#2B1815320531E339
(1789440847.272574) can0 0205B941#0000000000000000
(1789440847.278610) can0 0205B801#0000690600182000
(1789440847.284502) can0 01011840#FFFFFFFFFFFFFFFF
(1789440847.284887) can0 02051081#0000C84200000000
(1789440847.286600) can0 0205B881#2B1815320531E339
(1789440847.292597) can0 0205B941#0000000000000000
(1789440847.298574) can0 0205B801#00006A0600182000
(1789440847.304526) can0 01011840#FFFFFFFFFFFFFFFF
(1789440847.304912) can0 02051081#0000C84200000000
(1789440847.306515) can0 0205B881#2B1815320531E339
(1789440847.312613) can0 0205B941#0000000000000000
(1789440847.318525) can0 0205B801#00006C0600182000
(1789440847.324492) can0 01011840#FFFFFFFFFFFFFFFF
(1789440847.324880) can0 02051081#0000C84200000000
(1789440847.326567) can0 0205B881#2B1815320531E339
(1789440847.332570) can0 0205B941#0000000000000000
(1789440847.338608) can0 0205B801#00006A0600182000
(1789440847.344544) can0 01011840#FFFFFFFFFFFFFFFF
(1789440847.344936) can0 02051081#0000C84200000000
(1789440847.346566) can0 0205B881#2B1815320531E339
(1789440847.350609) can0 0205B841#0000000000400000
(1789440847.352575) can0 0205B941#0000000000000000
(1789440847.358565) can0 0205B801#00006A0600182000
(1789440847.364494) can0 01011840#FFFFFFFFFFFFFFFF
(1789440847.364878) can0 02051081#0000C84200000000
(1789440847.366562) can0 0205B881#2B1815320531E339
(1789440847.372522) can0 0205B941#0000000000000000
(1789440847.378520) can0 0205B801#00006D0600182000
(1789440847.384485) can0 01011840#FFFFFFFFFFFFFFFF
(1789440847.384872) can0 02051081#0000C84200000000
(1789440847.386602) can0 0205B881#2B1815320531E339
(1789440847.392574) can0 0205B941#0000000000000000
(1789440847.398523) can0 0205B801#00006B0600182000
(1789440847.404513) can0 01011840#FFFFFFFFFFFFFFFF
(1789440847.404899) can0 02051081#0000C84200000000
(1789440847.406563) can0 0205B881#2B1815320531E339
(1789440847.412609) can0 0205B941#0000000000000000
(1789440847.418522) can0 0205B801#00006B0600182000
(1789440847.424523) can0 01011840#FFFFFFFFFFFFFFFF
(1789440847.424910) can0 02051081#0000C84200000000
(1789440847.426602) can0 0205B881#2B1815320531E339
(1789440847.432572) can0 0205B941#0000000000000000
(1789440847.438571) can0 0205B801#00006D0600182000
(1789440847.444512) can0 01011840#FFFFFFFFFFFFFFFF
(1789440847.444898) can0 02051081#0000C84200000000
(1789440847.446600) can0 0205B881#2B1815320531E339
(1789440847.452527) can0 0205B941#0000000000000000
(1789440847.458519) can0 0205B801#00006C0600182000
(1789440847.464572) can0 01011840#FFFFFFFFFFFFFFFF
(1789440847.464972) can0 02051081#0000C84200000000
(1789440847.466563) can0 0205B881#2B1815320531E339
(1789440847.472523) can0 0205B941#0000000000000000
(1789440847.478607) can0 0205B801#00006C0600182000
(1789440847.484506) can0 01011840#FFFFFFFFFFFFFFFF
(1789440847.484889) can0 02051081#0000C84200000000
(1789440847.486565) can0 0205B881#2B1815320531E339
(1789440847.492522) can0 0205B941#0000000000000000
(1789440847.498520) can0 0205B801#00006F0600182000
(1789440847.504490) can0 01011840#FFFFFFFFFFFFFFFF
(1789440847.504876) can0 02051081#0000C84200000000
(1789440847.506562) can0 0205B881#2B1815320531E339
(1789440847.512573) can0 0205B941#0000000000000000
(1789440847.518571) can0 0205B801#00006D0600182000
(1789440847.524484) can0 01011840#FFFFFFFFFFFFFFFF
(1789440847.524870) can0 02051081#0000C84200000000
(1789440847.526514) can0 0205B881#2B1815320531E339
(1789440847.532522) can0 0205B941#0000000000000000
(1789440847.538568) can0 0205B801#00006D0600182000
(1789440847.544517) can0 01011840#FFFFFFFFFFFFFFFF
(1789440847.544906) can0 02051081#0000C84200000000
(1789440847.546557) can0 0205B881#2B1815320531E339
(1789440847.552568) can0 0205B941#0000000000000000
(1789440847.558565) can0 0205B801#0000700600182000
(1789440847.564496) can0 01011840#FFFFFFFFFFFFFFFF
(1789440847.564883) can0 02051081#0000C84200000000
(1789440847.566560) can0 0205B881#2B1815320531E339
(1789440847.572575) can0 0205B941#0000000000000000
(1789440847.578567) can0 0205B801#00006F0600182000
(1789440847.584533) can0 01011840#FFFFFFFFFFFFFFFF
(1789440847.584925) can0 02051081#0000C84200000000
(1789440847.586601) can0 0205B881#2B1815320531E339
(1789440847.592620) can0 0205B941#0000000000000000
(1789440847.598595) can0 0205B801#00006F0600182000
(1789440847.600572) can0 0205B841#0000000000400000
(1789440847.604557) can0 01011840#FFFFFFFFFFFFFFFF
(1789440847.604945) can0 02051081#0000C84200000000
(1789440847.606555) can0 0205B881#2B1815320531E339
(1789440847.612608) can0 0205B941#0000000000000000
(1789440847.615517) can0 02051801#0000FFFFFFFF0000
(1789440847.617669) can0 0205BC01#6B392E9A
(1789440847.618518) can0 0205B801#0000740600182000
(1789440847.624511) can0 01011840#FFFFFFFFFFFFFFFF
(1789440847.624896) can0 02051081#0000C84200000000
(1789440847.626511) can0 0205B881#2B1815320531E339
(1789440847.632519) can0 0205B941#0000000000000000
(1789440847.638565) can0 0205B801#0000700600182000
(1789440847.644489) can0 01011840#FFFFFFFFFFFFFFFF
(1789440847.644873) can0 02051081#0000C84200000000
(1789440847.646510) can0 0205B881#2B1815320531E339
(1789440847.652570) can0 0205B941#0000000000000000
(1789440847.658517) can0 0205B801#0000700600182000
(1789440847.664486) can0 01011840#FFFFFFFFFFFFFFFF
(1789440847.664871) can0 02051081#0000C84200000000
(1789440847.666596) can0 0205B881#2B1815320531E339
(1789440847.672569) can0 0205B941#0000000000000000
(1789440847.678568) can0 0205B801#0000710600182000
(1789440847.684484) can0 01011840#FFFFFFFFFFFFFFFF
(1789440847.684869) can0 02051081#0000C84200000000
(1789440847.686559) can0 0205B881#2B1815320531E339
(1789440847.692571) can0 0205B941#0000000000000000
(1789440847.698563) can0 0205B801#0000720600182000
(1789440847.704481) can0 01011840#FFFFFFFFFFFFFFFF
(1789440847.704865) can0 02051081#0000C84200000000
(1789440847.706559) can0 0205B881#2B1815320531E339
(1789440847.712517) can0 0205B941#0000000000000000
(1789440847.718609) can0 0205B801#0000720600182000
(1789440847.724520) can0 01011840#FFFFFFFFFFFFFFFF
(1789440847.724907) can0 02051081#0000C84200000000
(1789440847.726511) can0 0205B881#2B1815320531E339
(1789440847.732517) can0 0205B941#0000000000000000
(1789440847.738569) can0 0205B801#0000730600182000
(1789440847.744496) can0 01011840#FFFFFFFFFFFFFFFF
(1789440847.744880) can0 02051081#0000C84200000000
(1789440847.746558) can0 0205B881#2B1815320531E339
(1789440847.752567) can0 0205B941#0000000000000000
(1789440847.758601) can0 0205B801#0000720600182000
(1789440847.764484) can0 01011840#FFFFFFFFFFFFFFFF
(1789440847.764869) can0 02051081#0000C84200000000
(1789440847.766565) can0 0205B881#2B1815320531E339
(1789440847.772518) can0 0205B941#0000000000000000
(1789440847.778563) can0 0205B801#0000730600182000
(1789440847.784525) can0 01011840#FFFFFFFFFFFFFFFF
(1789440847.784912) can0 02051081#0000C84200000000
(1789440847.786557) can0 0205B881#2B1815320531E339
(1789440847.792519) can0 0205B941#0000000000000000
(1789440847.798562) can0 0205B801#0000750600182000
(1789440847.804531) can0 01011840#FFFFFFFFFFFFFFFF
(1789440847.804941) can0 02051081#0000C84200000000
(1789440847.806568) can0 0205B881#2B1815320531E339
(1789440847.812523) can0 0205B941#0000000000000000
(1789440847.818562) can0 0205B801#0000740600182000
(1789440847.824545) can0 01011840#FFFFFFFFFFFFFFFF
(1789440847.824932) can0 02051081#0000C84200000000
(1789440847.826509) can0 0205B881#2B1815320531E339
(1789440847.832563) can0 0205B941#0000000000000000
(1789440847.838565) can0 0205B801#0000750600182000
(1789440847.844507) can0 01011840#FFFFFFFFFFFFFFFF
(1789440847.844909) can0 02051081#0000C84200000000
(1789440847.846563) can0 0205B881#2B1815320531E339
(1789440847.850573) can0 0205B841#0000000000400000
(1789440847.852563) can0 0205B941#0000000000000000
(1789440847.858564) can0 0205B801#0000770600182000
(1789440847.864535) can0 01011840#FFFFFFFFFFFFFFFF
(1789440847.864919) can0 02051081#0000C84200000000
(1789440847.866506) can0 0205B881#2B1815320531E339
(1789440847.872563) can0 0205B941#0000000000000000
(1789440847.878562) can0 0205B801#0000760600182000
(1789440847.884513) can0 01011840#FFFFFFFFFFFFFFFF
(1789440847.884899) can0 02051081#0000C84200000000
(1789440847.886556) can0 0205B881#2B1815320531E339
(1789440847.892605) can0 0205B941#0000000000000000
(1789440847.898513) can0 0205B801#0000770600182000
(1789440847.904497) can0 01011840#FFFFFFFFFFFFFFFF
(1789440847.904883) can0 02051081#0000C84200000000
(1789440847.906556) can0 0205B881#2B1815320531E339
(1789440847.912602) can0 0205B941#0000000000000000
(1789440847.918600) can0 0205B801#0000780600182000
(1789440847.924597) can0 01011840#FFFFFFFFFFFFFFFF
(1789440847.924989) can0 02051081#0000C84200000000
(1789440847.926504) can0 0205B881#2B1815320531E339
(1789440847.932550) can0 0205B941#0000000000000000
(1789440847.938534) can0 0205B801#0000780600182000
(1789440847.944536) can0 01011840#FFFFFFFFFFFFFFFF
(1789440847.944915) can0 02051081#0000C84200000000
(1789440847.946547) can0 0205B881#2B1815320531E339
(1789440847.952562) can0 0205B941#0000000000000000
(1789440847.958560) can0 0205B801#0000770600182000
(1789440847.964511) can0 01011840#FFFFFFFFFFFFFFFF
(1789440847.964897) can0 02051081#0000C84200000000
(1789440847.966562) can0 0205B881#2B1815320531E339
(1789440847.972567) can0 0205B941#0000000000000000
(1789440847.978601) can0 0205B801#0000790600182000
(1789440847.984549) can0 01011840#FFFFFFFFFFFFFFFF
(1789440847.984942) can0 02051081#0000C84200000000
(1789440847.986501) can0 0205B881#2B1815320531E339
(1789440847.992566) can0 0205B941#0000000000000000
(1789440847.998559) can0 0205B801#0000790600182000
(1789440848.004498) can0 01011840#FFFFFFFFFFFFFFFF
(1789440848.004881) can0 02051081#0000C84200000000
(1789440848.006554) can0 0205B881#2B1815320531E339
(1789440848.012566) can0 0205B941#0000000000000000
(1789440848.018599) can0 0205B801#0000790600182000
(1789440848.024531) can0 01011840#FFFFFFFFFFFFFFFF
(1789440848.024923) can0 02051081#0000C84200000000
(1789440848.026559) can0 0205B881#2B1815320531E339
(1789440848.032657) can0 0205B941#0000000000000000
(1789440848.038533) can0 0205B801#00007A0600182000
(1789440848.044554) can0 01011840#FFFFFFFFFFFFFFFF
(1789440848.044944) can0 02051081#0000C84200000000
(1789440848.046547) can0 0205B881#2B1815320531E339
(1789440848.052561) can0 0205B941#0000000000000000
(1789440848.058562) can0 0205B801#0000790600182000
(1789440848.064613) can0 01011840#FFFFFFFFFFFFFFFF
(1789440848.065023) can0 02051081#0000C84200000000
(1789440848.066596) can0 0205B881#2B1815320531E339
(1789440848.072509) can0 0205B941#0000000000000000
(1789440848.078506) can0 0205B801#0000790600182000
(1789440848.084519) can0 01011840#FFFFFFFFFFFFFFFF
(1789440848.084906) can0 02051081#0000C84200000000
(1789440848.086501) can0 0205B881#2B1815320531E339
(1789440848.092510) can0 0205B941#0000000000000000
(1789440848.098508) can0 0205B801#00007A0600182000
(1789440848.100560) can0 0205B841#0000000000400000
(1789440848.104491) can0 01011840#FFFFFFFFFFFFFFFF
(1789440848.104876) can0 02051081#0000C84200000000
(1789440848.106499) can0 0205B881#2B1815320531E339
(1789440848.112513) can0 0205B941#0000000000000000
(1789440848.118557) can0 0205B801#0000770600182000
(1789440848.124488) can0 01011840#FFFFFFFFFFFFFFFF
(1789440848.124873) can0 02051081#0000C84200000000
(1789440848.126553) can0 0205B881#2B1815320531E339
(1789440848.132609) can0 0205B941#0000000000000000
(1789440848.138525) can0 0205B801#0000760600182000
(1789440848.144573) can0 01011840#FFFFFFFFFFFFFFFF
(1789440848.144962) can0 02051081#0000C84200000000
(1789440848.146555) can0 0205B881#2B1815320531E339
(1789440848.152510) can0 0205B941#0000000000000000
(1789440848.158506) can0 0205B801#0000760600182000
(1789440848.164509) can0 01011840#FFFFFFFFFFFFFFFF
(1789440848.164895) can0 02051081#0000C84200000000
(1789440848.166550) can0 0205B881#2B1815320531E339
(1789440848.172601) can0 0205B941#0000000000000000
(1789440848.178584) can0 0205B801#0000730600182000
(1789440848.184532) can0 01011840#FFFFFFFFFFFFFFFF
(1789440848.184914) can0 02051081#0000C84200000000
(1789440848.186546) can0 0205B881#2B1815320531E339
(1789440848.192572) can0 0205B941#0000000000000000
(1789440848.198508) can0 0205B801#0000700600182000
(1789440848.204546) can0 01011840#FFFFFFFFFFFFFFFF
(1789440848.204934) can0 02051081#0000C84200000000
(1789440848.206590) can0 0205B881#2B1815320531E339
(1789440848.212560) can0 0205B941#0000000000000000
(1789440848.218560) can0 0205B801#0000700600182000
(1789440848.224500) can0 01011840#FFFFFFFFFFFFFFFF
(1789440848.224886) can0 02051081#0000C84200000000
(1789440848.226498) can0 0205B881#2B1815320531E339
(1789440848.232561) can0 0205B941#0000000000000000
(1789440848.238561) can0 0205B801#0000700600182000
(1789440848.245095) can0 01011840#FFFFFFFFFFFFFFFF
(1789440848.246611) can0 0205B881#2B1815320531E339
(1789440848.246709) can0 02051081#0000C84200000000
(1789440848.252542) can0 0205B941#0000000000000000
(1789440848.258523) can0 0205B801#0000700600182000
(1789440848.264537) can0 01011840#FFFFFFFFFFFFFFFF
(1789440848.264918) can0 02051081#0000C84200000000
(1789440848.266494) can0 0205B881#2B1815320531E339
(1789440848.272559) can0 0205B941#0000000000000000
(1789440848.278596) can0 0205B801#0000700600182000
(1789440848.284534) can0 01011840#FFFFFFFFFFFFFFFF
(1789440848.284919) can0 02051081#0000C84200000000
(1789440848.286551) can0 0205B881#2B1815320531E339
(1789440848.292516) can0 0205B941#0000000000000000
(1789440848.298555) can0 0205B801#00006E0600182000
(1789440848.304520) can0 01011840#FFFFFFFFFFFFFFFF
(1789440848.304904) can0 02051081#0000C84200000000
(1789440848.306497) can0 0205B881#2B1815320531E339
(1789440848.312596) can0 0205B941#0000000000000000
(1789440848.318529) can0 0205B801#00006E0600182000
(1789440848.324564) can0 01011840#FFFFFFFFFFFFFFFF
(1789440848.324949) can0 02051081#0000C84200000000
(1789440848.326498) can0 0205B881#2B1815320531E339
(1789440848.332554) can0 0205B941#0000000000000000
(1789440848.338504) can0 0205B801#00006F0600182000
(1789440848.344524) can0 01011840#FFFFFFFFFFFFFFFF
(1789440848.344909) can0 02051081#0000C84200000000
(1789440848.346551) can0 0205B881#2B1815320531E339
(1789440848.350561) can0 0205B841#0000000000400000
(1789440848.352510) can0 0205B941#0000000000000000
(1789440848.358558) can0 0205B801#00006D0600182000
(1789440848.364516) can0 01011840#FFFFFFFFFFFFFFFF
(1789440848.364907) can0 02051081#0000C84200000000
(1789440848.366572) can0 0205B881#2B1815320531E339
(1789440848.372529) can0 0205B941#0000000000000000
(1789440848.378592) can0 0205B801#00006D0600182000
(1789440848.384550) can0 01011840#FFFFFFFFFFFFFFFF
(1789440848.384937) can0 02051081#0000C84200000000
(1789440848.386496) can0 0205B881#2B1815320531E339
(1789440848.392597) can0 0205B941#0000000000000000
(1789440848.398555) can0 0205B801#00006E0600182000
(1789440848.404531) can0 01011840#FFFFFFFFFFFFFFFF
(1789440848.404917) can0 02051081#0000C84200000000
(1789440848.406547) can0 0205B881#2B1815320531E339
(1789440848.412597) can0 0205B941#0000000000000000
(1789440848.418555) can0 0205B801#00006D0600182000
(1789440848.424526) can0 01011840#FFFFFFFFFFFFFFFF
(1789440848.424913) can0 02051081#0000C84200000000
(1789440848.426548) can0 0205B881#2B1815320531E339
(1789440848.432559) can0 0205B941#0000000000000000
(1789440848.438505) can0 0205B801#00006C0600182000
(1789440848.444514) can0 01011840#FFFFFFFFFFFFFFFF
(1789440848.444898) can0 02051081#0000C84200000000
(1789440848.446549) can0 0205B881#2B1815320531E339
(1789440848.452554) can0 0205B941#0000000000000000
(1789440848.458502) can0 0205B801#00006E0600182000
(1789440848.464507) can0 01011840#FFFFFFFFFFFFFFFF
(1789440848.464888) can0 02051081#0000C84200000000
(1789440848.466498) can0 0205B881#2B1815320531E339
(1789440848.472504) can0 0205B941#0000000000000000
(1789440848.478556) can0 0205B801#00006C0600182000
(1789440848.484519) can0 01011840#FFFFFFFFFFFFFFFF
(1789440848.484903) can0 02051081#0000C84200000000
(1789440848.486584) can0 0205B881#2B1815320531E339
(1789440848.492561) can0 0205B941#0000000000000000
(1789440848.498509) can0 0205B801#00006D0600182000
(1789440848.504505) can0 01011840#FFFFFFFFFFFFFFFF
(1789440848.504889) can0 02051081#0000C84200000000
(1789440848.506494) can0 0205B881#2B1815320531E339
(1789440848.512595) can0 0205B941#0000000000000000
(1789440848.518591) can0 0205B801#00006D0600182000
(1789440848.524506) can0 01011840#FFFFFFFFFFFFFFFF
(1789440848.524890) can0 02051081#0000C84200000000
(1789440848.526497) can0 0205B881#2B1815320531E339
(1789440848.532505) can0 0205B941#0000000000000000
(1789440848.538559) can0 0205B801#00006B0600182000
(1789440848.544505) can0 01011840#FFFFFFFFFFFFFFFF
(1789440848.544889) can0 02051081#0000C84200000000
(1789440848.546585) can0 0205B881#2B1815320531E339
(1789440848.552595) can0 0205B941#0000000000000000
(1789440848.558555) can0 0205B801#00006C0600182000
(1789440848.564514) can0 01011840#FFFFFFFFFFFFFFFF
(1789440848.564898) can0 02051081#0000C84200000000
(1789440848.566545) can0 0205B881#2B1815320531E339
(1789440848.572512) can0 0205B941#0000000000000000
(1789440848.578500) can0 0205B801#00006D0600182000
(1789440848.584504) can0 01011840#FFFFFFFFFFFFFFFF
(1789440848.584890) can0 02051081#0000C84200000000
(1789440848.586496) can0 0205B881#2B1815320531E339
(1789440848.592509) can0 0205B941#0000000000000000
(1789440848.598506) can0 0205B801#00006B0600182000
(1789440848.600501) can0 0205B841#0000000000400000
(1789440848.604513) can0 01011840#FFFFFFFFFFFFFFFF
(1789440848.604897) can0 02051081#0000C84200000000
(1789440848.606541) can0 0205B881#2B1815320531E339
(1789440848.612553) can0 0205B941#0000000000000000
(1789440848.615503) can0 02051801#0000FFFFFFFF0000
(1789440848.617493) can0 0205BC01#6B392E9A
(1789440848.618507) can0 0205B801#0000690600182000
(1789440848.624544) can0 01011840#FFFFFFFFFFFFFFFF
(1789440848.624935) can0 02051081#0000C84200000000
(1789440848.626490) can0 0205B881#2B1815320531E339
(1789440848.632501) can0 0205B941#0000000000000000
(1789440848.638588) can0 0205B801#00006C0600182000
(1789440848.644501) can0 01011840#FFFFFFFFFFFFFFFF
(1789440848.644886) can0 02051081#0000C84200000000
(1789440848.646545) can0 0205B881#2B1815320531E339
(1789440848.652595) can0 0205B941#0000000000000000
(1789440848.658592) can0 0205B801#00006B0600182000
(1789440848.664567) can0 01011840#FFFFFFFFFFFFFFFF
(1789440848.664978) can0 02051081#0000C84200000000
(1789440848.666507) can0 0205B881#2B1815320531E339
(1789440848.672571) can0 0205B941#0000000000000000
(1789440848.678590) can0 0205B801#00006A0600182000
(1789440848.684531) can0 01011840#FFFFFFFFFFFFFFFF
(1789440848.684913) can0 02051081#0000C84200000000
(1789440848.686493) can0 0205B881#2B1815320531E339
(1789440848.692551) can0 0205B941#0000000000000000
(1789440848.698592) can0 0205B801#00006B0600182000
(1789440848.704496) can0 01011840#FFFFFFFFFFFFFFFF
(1789440848.704881) can0 02051081#0000C84200000000
(1789440848.706545) can0 0205B881#2B1815320531E339
(1789440848.712504) can0 0205B941#0000000000000000
(1789440848.718508) can0 0205B801#00006B0600182000
(1789440848.724501) can0 01011840#FFFFFFFFFFFFFFFF
(1789440848.724885) can0 02051081#0000C84200000000
(1789440848.726497) can0 0205B881#2B1815320531E339
(1789440848.732593) can0 0205B941#0000000000000000
(1789440848.738504) can0 0205B801#00006A0600182000
(1789440848.744494) can0 01011840#FFFFFFFFFFFFFFFF
(1789440848.744878) can0 02051081#0000C84200000000
(1789440848.746491) can0 0205B881#2B1815320531E339
(1789440848.752556) can0 0205B941#0000000000000000
(1789440848.758505) can0 0205B801#00006B0600182000
(1789440848.764512) can0 01011840#FFFFFFFFFFFFFFFF
(1789440848.764896) can0 02051081#0000C84200000000
(1789440848.766496) can0 0205B881#2B1815320531E339
(1789440848.772554) can0 0205B941#0000000000000000
(1789440848.778502) can0 0205B801#00006A0600182000
(1789440848.784500) can0 01011840#FFFFFFFFFFFFFFFF
(1789440848.784883) can0 02051081#0000C84200000000
(1789440848.786495) can0 0205B881#2B1815320531E339
(1789440848.792509) can0 0205B941#0000000000000000
(1789440848.798589) can0 0205B801#0000690600182000
(1789440848.804498) can0 01011840#FFFFFFFFFFFFFFFF
(1789440848.804883) can0 02051081#0000C84200000000
(1789440848.806545) can0 0205B881#2B1815320531E339
(1789440848.812550) can0 0205B941#0000000000000000
(1789440848.818546) can0 0205B801#00006A0600182000
(1789440848.824500) can0 01011840#FFFFFFFFFFFFFFFF
(1789440848.824884) can0 02051081#0000C84200000000
(1789440848.826544) can0 0205B881#2B1815320531E339
(1789440848.832553) can0 0205B941#0000000000000000
(1789440848.838552) can0 0205B801#00006A0600182000
(1789440848.844510) can0 01011840#FFFFFFFFFFFFFFFF
(1789440848.844898) can0 02051081#0000C84200000000
(1789440848.846493) can0 0205B881#2B1815320531E339
(1789440848.850496) can0 0205B841#0000000000400000
(1789440848.852498) can0 0205B941#0000000000000000
(1789440848.858553) can0 0205B801#0000690600182000
(1789440848.864505) can0 01011840#FFFFFFFFFFFFFFFF
(1789440848.864909) can0 02051081#0000C84200000000
(1789440848.866549) can0 0205B881#2B1815320531E339
(1789440848.872556) can0 0205B941#0000000000000000
(1789440848.878545) can0 0205B801#00006A0600182000
(1789440848.884528) can0 01011840#FFFFFFFFFFFFFFFF
(1789440848.884914) can0 02051081#0000C84200000000
(1789440848.886580) can0 0205B881#2B1815320531E339
(1789440848.892503) can0 0205B941#0000000000000000
(1789440848.898501) can0 0205B801#00006A0600182000
(1789440848.904507) can0 01011840#FFFFFFFFFFFFFFFF
(1789440848.904891) can0 02051081#0000C84200000000
(1789440848.906543) can0 0205B881#2B1815320531E339
(1789440848.912554) can0 0205B941#0000000000000000
(1789440848.918550) can0 0205B801#0000690600182000
(1789440848.924514) can0 01011840#FFFFFFFFFFFFFFFF
(1789440848.924898) can0 02051081#0000C84200000000
(1789440848.926537) can0 0205B881#2B1815320531E339
(1789440848.932632) can0 0205B941#0000000000000000
(1789440848.938517) can0 0205B801#00006A0600182000
(1789440848.944541) can0 01011840#FFFFFFFFFFFFFFFF
(1789440848.944927) can0 02051081#0000C84200000000
(1789440848.946542) can0 0205B881#2B1815320531E339
(1789440848.952559) can0 0205B941#0000000000000000
(1789440848.958500) can0 0205B801#00006A0600182000
(1789440848.964511) can0 01011840#FFFFFFFFFFFFFFFF
(1789440848.964895) can0 02051081#0000C84200000000
(1789440848.966493) can0 0205B881#2B1815320531E339
(1789440848.972552) can0 0205B941#0000000000000000
(1789440848.978549) can0 0205B801#0000690600182000
(1789440848.984505) can0 01011840#FFFFFFFFFFFFFFFF
(1789440848.984896) can0 02051081#0000C84200000000
(1789440848.986538) can0 0205B881#2B1815320531E339
(1789440848.992501) can0 0205B941#0000000000000000
(1789440848.998498) can0 0205B801#00006B0600182000
(1789440849.004539) can0 01011840#FFFFFFFFFFFFFFFF
(1789440849.004934) can0 02051081#0000C84200000000
(1789440849.006539) can0 0205B881#2B1815320531E339
(1789440849.012588) can0 0205B941#0000000000000000
(1789440849.018495) can0 0205B801#0000680600182000
(1789440849.024520) can0 01011840#FFFFFFFFFFFFFFFF
(1789440849.024907) can0 02051081#0000C84200000000
(1789440849.026489) can0 0205B881#2B1815320531E339
(1789440849.032513) can0 0205B941#0000000000000000
(1789440849.038508) can0 0205B801#0000690600182000
(1789440849.044522) can0 01011840#FFFFFFFFFFFFFFFF
(1789440849.044955) can0 02051081#0000C84200000000
(1789440849.046581) can0 0205B881#2B1815320531E339
(1789440849.052504) can0 0205B941#0000000000000000
(1789440849.058544) can0 0205B801#00006A0600182000
(1789440849.064519) can0 01011840#FFFFFFFFFFFFFFFF
(1789440849.064905) can0 02051081#0000C84200000000
(1789440849.066492) can0 0205B881#2B1815320531E339
(1789440849.072552) can0 0205B941#0000000000000000
(1789440849.078584) can0 0205B801#0000690600182000
(1789440849.084501) can0 01011840#FFFFFFFFFFFFFFFF
(1789440849.084881) can0 02051081#0000C84200000000
(1789440849.086484) can0 0205B881#2B1815320531E339
(1789440849.092544) can0 0205B941#0000000000000000
(1789440849.098548) can0 0205B801#0000690600182000
(1789440849.100495) can0 0205B841#0000000000400000
(1789440849.104500) can0 01011840#FFFFFFFFFFFFFFFF
(1789440849.104884) can0 02051081#0000C84200000000
(1789440849.106539) can0 0205B881#2B1815320531E339
(1789440849.112499) can0 0205B941#0000000000000000
(1789440849.118547) can0 0205B801#00006A0600182000
(1789440849.124504) can0 01011840#FFFFFFFFFFFFFFFF
(1789440849.124889) can0 02051081#0000C84200000000
(1789440849.126539) can0 0205B881#2B1815320531E339
(1789440849.132505) can0 0205B941#0000000000000000
(1789440849.138497) can0 0205B801#00006A0600182000
(1789440849.144502) can0 01011840#FFFFFFFFFFFFFFFF
(1789440849.144889) can0 02051081#0000C84200000000
(1789440849.146491) can0 0205B881#2B1815320531E339
(1789440849.152499) can0 0205B941#0000000000000000
(1789440849.158546) can0 0205B801#0000690600182000
(1789440849.164504) can0 01011840#FFFFFFFFFFFFFFFF
(1789440849.164889) can0 02051081#0000C84200000000
(1789440849.166485) can0 0205B881#2B1815320531E339
(1789440849.172500) can0 0205B941#0000000000000000
(1789440849.178565) can0 0205B801#00006A0600182000
(1789440849.184526) can0 01011840#FFFFFFFFFFFFFFFF
(1789440849.184919) can0 02051081#0000C84200000000
(1789440849.186485) can0 0205B881#2B1815320531E339
(1789440849.192560) can0 0205B941#0000000000000000
(1789440849.198520) can0 0205B801#00006A0600182000
(1789440849.204551) can0 01011840#FFFFFFFFFFFFFFFF
(1789440849.204945) can0 02051081#0000C84200000000
(1789440849.206574) can0 0205B881#2B1815320531E339
(1789440849.212577) can0 0205B941#0000000000000000
(1789440849.218490) can0 0205B801#0000690600182000
(1789440849.224495) can0 01011840#FFFFFFFFFFFFFFFF
(1789440849.224881) can0 02051081#0000C84200000000
(1789440849.226540) can0 0205B881#2B1815320531E339
(1789440849.232501) can0 0205B941#0000000000000000
(1789440849.238583) can0 0205B801#00006A0600182000
(1789440849.244484) can0 01011840#FFFFFFFFFFFFFFFF
(1789440849.244870) can0 02051081#0000C84200000000
(1789440849.246484) can0 0205B881#2B1815320531E339
(1789440849.252545) can0 0205B941#0000000000000000
(1789440849.258582) can0 0205B801#00006A0600182000
(1789440849.264492) can0 01011840#FFFFFFFFFFFFFFFF
(1789440849.264985) can0 02051081#0000C84200000000
(1789440849.266594) can0 0205B881#2B1815320531E339
(1789440849.272679) can0 0205B941#0000000000000000
(1789440849.278576) can0 0205B801#00006A0600182000
(1789440849.284592) can0 01011840#FFFFFFFFFFFFFFFF
(1789440849.284971) can0 02051081#0000C84200000000
(1789440849.286479) can0 0205B881#2B1815320531E339
(1789440849.292540) can0 0205B941#0000000000000000
(1789440849.298494) can0 0205B801#00006B0600182000
(1789440849.304542) can0 01011840#FFFFFFFFFFFFFFFF
(1789440849.304919) can0 02051081#0000C84200000000
(1789440849.306485) can0 0205B881#2B1815320531E339
(1789440849.312583) can0 0205B941#0000000000000000
(1789440849.318503) can0 0205B801#00006A0600182000
(1789440849.324539) can0 01011840#FFFFFFFFFFFFFFFF
(1789440849.324926) can0 02051081#0000C84200000000
(1789440849.326538) can0 0205B881#2B1815320531E339
(1789440849.332498) can0 0205B941#0000000000000000
(1789440849.338581) can0 0205B801#00006B0600182000
(1789440849.344572) can0 01011840#FFFFFFFFFFFFFFFF
(1789440849.344961) can0 02051081#0000C84200000000
(1789440849.346485) can0 0205B881#2B1815320531E339
(1789440849.350542) can0 0205B841#0000000000400000
(1789440849.352548) can0 0205B941#0000000000000000
(1789440849.358488) can0 0205B801#00006C0600182000
(1789440849.364516) can0 01011840#FFFFFFFFFFFFFFFF
(1789440849.364899) can0 02051081#0000C84200000000
(1789440849.366581) can0 0205B881#2B1815320531E339
(1789440849.372497) can0 0205B941#0000000000000000
(1789440849.378494) can0 0205B801#00006C0600182000
(1789440849.384520) can0 01011840#FFFFFFFFFFFFFFFF
(1789440849.384905) can0 02051081#0000C84200000000
(1789440849.386479) can0 0205B881#2B1815320531E339
(1789440849.392527) can0 0205B941#0000000000000000
(1789440849.398556) can0 0205B801#00006C0600182000
(1789440849.404549) can0 01011840#FFFFFFFFFFFFFFFF
(1789440849.404934) can0 02051081#0000C84200000000
(1789440849.406535) can0 0205B881#2B1815320531E339
(1789440849.412492) can0 0205B941#0000000000000000
(1789440849.418490) can0 0205B801#00006D0600182000
(1789440849.424521) can0 01011840#FFFFFFFFFFFFFFFF
(1789440849.424906) can0 02051081#0000C84200000000
(1789440849.426531) can0 0205B881#2B1815320531E339
(1789440849.432581) can0 0205B941#0000000000000000
(1789440849.438502) can0 0205B801#00006C0600182000
(1789440849.444527) can0 01011840#FFFFFFFFFFFFFFFF
(1789440849.444916) can0 02051081#0000C84200000000
(1789440849.446483) can0 0205B881#2B1815320531E339
(1789440849.452544) can0 0205B941#0000000000000000
(1789440849.458542) can0 0205B801#00006D0600182000
(1789440849.464516) can0 01011840#FFFFFFFFFFFFFFFF
(1789440849.464902) can0 02051081#0000C84200000000
(1789440849.466535) can0 0205B881#2B1815320531E339
(1789440849.472548) can0 0205B941#0000000000000000
(1789440849.478578) can0 0205B801#00006E0600182000
(1789440849.484533) can0 01011840#FFFFFFFFFFFFFFFF
(1789440849.484914) can0 02051081#0000C84200000000
(1789440849.486484) can0 0205B881#2B1815320531E339
(1789440849.492540) can0 0205B941#0000000000000000
(1789440849.498536) can0 0205B801#00006E0600182000
(1789440849.504516) can0 01011840#FFFFFFFFFFFFFFFF
(1789440849.504900) can0 02051081#0000C84200000000
(1789440849.506535) can0 0205B881#2B1815320531E339
(1789440849.512539) can0 0205B941#0000000000000000
(1789440849.518493) can0 0205B801#00006D0600182000
(1789440849.524515) can0 01011840#FFFFFFFFFFFFFFFF
(1789440849.524899) can0 02051081#0000C84200000000
(1789440849.526482) can0 0205B881#2B1815320531E339
(1789440849.532491) can0 0205B941#0000000000000000
(1789440849.538542) can0 0205B801#00006F0600182000
(1789440849.544511) can0 01011840#FFFFFFFFFFFFFFFF
(1789440849.544895) can0 02051081#0000C84200000000
(1789440849.546535) can0 0205B881#2B1815320531E339
(1789440849.552547) can0 0205B941#0000000000000000
(1789440849.558494) can0 0205B801#00006F0600182000
(1789440849.564518) can0 01011840#FFFFFFFFFFFFFFFF
(1789440849.564903) can0 02051081#0000C84200000000
(1789440849.566528) can0 0205B881#2B1815320531E339
(1789440849.572503) can0 0205B941#0000000000000000
(1789440849.578545) can0 0205B801#00006E0600182000
(1789440849.584521) can0 01011840#FFFFFFFFFFFFFFFF
(1789440849.584908) can0 02051081#0000C84200000000
(1789440849.586483) can0 0205B881#2B1815320531E339
(1789440849.592546) can0 0205B941#0000000000000000
(1789440849.598490) can0 0205B801#0000710600182000
(1789440849.600489) can0 0205B841#0000000000400000
(1789440849.604518) can0 01011840#FFFFFFFFFFFFFFFF
(1789440849.604902) can0 02051081#0000C84200000000
(1789440849.606539) can0 0205B881#2B1815320531E339
(1789440849.612492) can0 0205B941#0000000000000000
(1789440849.615683) can0 02051801#0000FFFFFFFF0000
(1789440849.617447) can0 0205BC01#6B392E9A
(1789440849.618491) can0 0205B801#0000790600182000
(1789440849.624523) can0 01011840#FFFFFFFFFFFFFFFF
(1789440849.624908) can0 02051081#0000C84200000000
(1789440849.626478) can0 0205B881#2B1815320531E339
(1789440849.632537) can0 0205B941#0000000000000000
(1789440849.638542) can0 0205B801#0000700600182000
(1789440849.644576) can0 01011840#FFFFFFFFFFFFFFFF
(1789440849.644967) can0 02051081#0000C84200000000
(1789440849.646533) can0 0205B881#2B1815320531E339
(1789440849.652491) can0 0205B941#0000000000000000
(1789440849.658482) can0 0205B801#0000730600182000
(1789440849.664510) can0 01011840#FFFFFFFFFFFFFFFF
(1789440849.664890) can0 02051081#0000C84200000000
(1789440849.666532) can0 0205B881#2B1815320531E339
(1789440849.672581) can0 0205B941#0000000000000000
(1789440849.678543) can0 0205B801#0000710600182000
(1789440849.684532) can0 01011840#FFFFFFFFFFFFFFFF
(1789440849.684920) can0 02051081#0000C84200000000
(1789440849.686479) can0 0205B881#2B1815320531E339
(1789440849.692582) can0 0205B941#0000000000000000
(1789440849.698541) can0 0205B801#0000720600182000
(1789440849.704528) can0 01011840#FFFFFFFFFFFFFFFF
(1789440849.704912) can0 02051081#0000C84200000000
(1789440849.706476) can0 0205B881#2B1815320531E339
(1789440849.712487) can0 0205B941#0000000000000000
(1789440849.718534) can0 0205B801#0000730600182000
(1789440849.724528) can0 01011840#FFFFFFFFFFFFFFFF
(1789440849.724912) can0 02051081#0000C84200000000
(1789440849.726481) can0 0205B881#2B1815320531E339
(1789440849.732486) can0 0205B941#0000000000000000
(1789440849.738490) can0 0205B801#0000740600182000
(1789440849.744561) can0 01011840#FFFFFFFFFFFFFFFF
(1789440849.744963) can0 02051081#0000C84200000000
(1789440849.746531) can0 0205B881#2B1815320531E339
(1789440849.752584) can0 0205B941#0000000000000000
(1789440849.758484) can0 0205B801#0000740600182000
(1789440849.764521) can0 01011840#FFFFFFFFFFFFFFFF
(1789440849.764902) can0 02051081#0000C84200000000
(1789440849.766483) can0 0205B881#2B1815320531E339
(1789440849.772541) can0 0205B941#0000000000000000
(1789440849.778574) can0 0205B801#0000740600182000
(1789440849.784526) can0 01011840#FFFFFFFFFFFFFFFF
(1789440849.784911) can0 02051081#0000C84200000000
(1789440849.786481) can0 0205B881#2B1815320531E339
(1789440849.792541) can0 0205B941#0000000000000000
(1789440849.798574) can0 0205B801#0000740600182000
(1789440849.804516) can0 01011840#FFFFFFFFFFFFFFFF
(1789440849.804899) can0 02051081#0000C84200000000
(1789440849.806480) can0 0205B881#2B1815320531E339
(1789440849.812547) can0 0205B941#0000000000000000
(1789440849.818537) can0 0205B801#0000750600182000
(1789440849.824517) can0 01011840#FFFFFFFFFFFFFFFF
(1789440849.824903) can0 02051081#0000C84200000000
(1789440849.826480) can0 0205B881#2B1815320531E339
(1789440849.832491) can0 0205B941#0000000000000000
(1789440849.838536) can0 0205B801#0000760600182000
(1789440849.844521) can0 01011840#FFFFFFFFFFFFFFFF
(1789440849.844905) can0 02051081#0000C84200000000
(1789440849.846529) can0 0205B881#2B1815320531E339
(1789440849.850486) can0 0205B841#0000000000400000
(1789440849.852536) can0 0205B941#0000000000000000
(1789440849.858532) can0 0205B801#0000770600182000
(1789440849.864514) can0 01011840#FFFFFFFFFFFFFFFF
(1789440849.864897) can0 02051081#0000C84200000000
(1789440849.866591) can0 0205B881#2B1815320531E339
(1789440849.872496) can0 0205B941#0000000000000000
(1789440849.878481) can0 0205B801#0000760600182000
(1789440849.884560) can0 01011840#FFFFFFFFFFFFFFFF
(1789440849.884942) can0 02051081#0000C84200000000
(1789440849.886528) can0 0205B881#2B1815320531E339
(1789440849.892587) can0 0205B941#0000000000000000
(1789440849.898570) can0 0205B801#0000770600182000
(1789440849.904545) can0 01011840#FFFFFFFFFFFFFFFF
(1789440849.904929) can0 02051081#0000C84200000000
(1789440849.906476) can0 0205B881#2B1815320531E339
(1789440849.912488) can0 0205B941#0000000000000000
(1789440849.918488) can0 0205B801#0000780600182000
(1789440849.924515) can0 01011840#FFFFFFFFFFFFFFFF
(1789440849.924899) can0 02051081#0000C84200000000
(1789440849.926479) can0 0205B881#2B1815320531E339
(1789440849.932576) can0 0205B941#0000000000000000
(1789440849.938575) can0 0205B801#0000780600182000
(1789440849.944518) can0 01011840#FFFFFFFFFFFFFFFF
(1789440849.944902) can0 02051081#0000C84200000000
(1789440849.946523) can0 0205B881#2B1815320531E339
(1789440849.952584) can0 0205B941#0000000000000000
(1789440849.958562) can0 0205B801#0000790600182000
(1789440849.964654) can0 01011840#FFFFFFFFFFFFFFFF
(1789440849.965047) can0 02051081#0000C84200000000
(1789440849.966486) can0 0205B881#2B1815320531E339
(1789440849.972489) can0 0205B941#0000000000000000
(1789440849.978570) can0 0205B801#0000780600182000
(1789440849.984535) can0 01011840#FFFFFFFFFFFFFFFF
(1789440849.984921) can0 02051081#0000C84200000000
(1789440849.986476) can0 0205B881#2B1815320531E339
(1789440849.992532) can0 0205B941#0000000000000000
(1789440849.998531) can0 0205B801#0000790600182000
(1789440850.004519) can0 01011840#FFFFFFFFFFFFFFFF
(1789440850.004907) can0 02051081#0000C84200000000
(1789440850.006564) can0 0205B881#2B1815320531E339
(1789440850.012485) can0 0205B941#0000000000000000
(1789440850.018492) can0 0205B801#00007A0600182000
(1789440850.024720) can0 01011840#FFFFFFFFFFFFFFFF
(1789440850.025216) can0 02051081#0000C84200000000
(1789440850.026483) can0 0205B881#2B1815320531E339
(1789440850.032547) can0 0205B941#0000000000000000
(1789440850.038531) can0 0205B801#00007A0600182000
(1789440850.044540) can0 01011840#FFFFFFFFFFFFFFFF
(1789440850.044944) can0 02051081#0000C84200000000
(1789440850.046520) can0 0205B881#2B1815320531E339
(1789440850.052539) can0 0205B941#0000000000000000
(1789440850.058538) can0 0205B801#0000790600182000
(1789440850.064516) can0 01011840#FFFFFFFFFFFFFFFF
(1789440850.064901) can0 02051081#0000C84200000000
(1789440850.066528) can0 0205B881#2B1815320531E339
(1789440850.072541) can0 0205B941#0000000000000000
(1789440850.078537) can0 0205B801#0000790600182000
(1789440850.084505) can0 01011840#FFFFFFFFFFFFFFFF
(1789440850.084891) can0 02051081#0000C84200000000
(1789440850.086476) can0 0205B881#2B1815320531E339
(1789440850.092534) can0 0205B941#0000000000000000
(1789440850.098532) can0 0205B801#0000790600182000
(1789440850.100479) can0 0205B841#0000000000400000
(1789440850.104506) can0 01011840#FFFFFFFFFFFFFFFF
(1789440850.104887) can0 02051081#0000C84200000000
(1789440850.106519) can0 0205B881#2B1815320531E339
(1789440850.112540) can0 0205B941#0000000000000000
(1789440850.118483) can0 0205B801#0000770600182000
(1789440850.124507) can0 01011840#FFFFFFFFFFFFFFFF
(1789440850.124888) can0 02051081#0000C84200000000
(1789440850.126559) can0 0205B881#2B1815320531E339
(1789440850.132482) can0 0205B941#0000000000000000
(1789440850.138567) can0 0205B801#0000760600182000
(1789440850.144496) can0 01011840#FFFFFFFFFFFFFFFF
(1789440850.144877) can0 02051081#0000C84200000000
(1789440850.146475) can0 0205B881#2B1815320531E339
(1789440850.152537) can0 0205B941#0000000000000000
(1789440850.158536) can0 0205B801#0000740600182000
(1789440850.164500) can0 01011840#FFFFFFFFFFFFFFFF
(1789440850.164885) can0 02051081#0000C84200000000
(1789440850.166471) can0 0205B881#2B1815320531E339
(1789440850.172495) can0 0205B941#0000000000000000
(1789440850.178549) can0 0205B801#0000720600182000
(1789440850.184550) can0 01011840#FFFFFFFFFFFFFFFF
(1789440850.185009) can0 02051081#0000C84200000000
(1789440850.186473) can0 0205B881#2B1815320531E339
(1789440850.192539) can0 0205B941#0000000000000000
(1789440850.198568) can0 0205B801#0000710600182000
(1789440850.204567) can0 01011840#FFFFFFFFFFFFFFFF
(1789440850.204959) can0 02051081#0000C84200000000
(1789440850.206476) can0 0205B881#2B1815320531E339
(1789440850.212539) can0 0205B941#0000000000000000
(1789440850.218562) can0 0205B801#0000700600182000
(1789440850.224562) can0 01011840#FFFFFFFFFFFFFFFF
(1789440850.224947) can0 02051081#0000C84200000000
(1789440850.226471) can0 0205B881#2B1815320531E339
(1789440850.232530) can0 0205B941#0000000000000000
(1789440850.238571) can0 0205B801#00006E0600182000
(1789440850.244503) can0 01011840#FFFFFFFFFFFFFFFF
(1789440850.244886) can0 02051081#0000C84200000000
(1789440850.246467) can0 0205B881#2B1815320531E339
(1789440850.252485) can0 0205B941#0000000000000000
(1789440850.258535) can0 0205B801#0000700600182000
(1789440850.264484) can0 01011840#FFFFFFFFFFFFFFFF
(1789440850.264870) can0 02051081#0000C84200000000
(1789440850.266474) can0 0205B881#2B1815320531E339
(1789440850.272536) can0 0205B941#0000000000000000
(1789440850.278479) can0 0205B801#00006E0600182000
(1789440850.284492) can0 01011840#FFFFFFFFFFFFFFFF
(1789440850.284880) can0 02051081#0000C84200000000
(1789440850.286520) can0 0205B881#2B1815320531E339
(1789440850.292480) can0 0205B941#0000000000000000
(1789440850.298777) can0 0205B801#00006E0600182000
(1789440850.304919) can0 01011840#FFFFFFFFFFFFFFFF
(1789440850.305340) can0 02051081#0000C84200000000
(1789440850.306577) can0 0205B881#2B1815320531E339
(1789440850.312482) can0 0205B941#0000000000000000
(1789440850.318485) can0 0205B801#0000700600182000
(1789440850.324523) can0 01011840#FFFFFFFFFFFFFFFF
(1789440850.324893) can0 02051081#0000C84200000000
(1789440850.326521) can0 0205B881#2B1815320531E339
(1789440850.332484) can0 0205B941#0000000000000000
(1789440850.338526) can0 0205B801#00006F0600182000
(1789440850.344552) can0 01011840#FFFFFFFFFFFFFFFF
(1789440850.344998) can0 02051081#0000C84200000000
(1789440850.346474) can0 0205B881#2B1815320531E339
(1789440850.350478) can0 0205B841#0000000000400000
(1789440850.352531) can0 0205B941#0000000000000000
(1789440850.358476) can0 0205B801#00006D0600182000
(1789440850.364523) can0 01011840#FFFFFFFFFFFFFFFF
(1789440850.364910) can0 02051081#0000C84200000000
(1789440850.366515) can0 0205B881#2B1815320531E339
(1789440850.372505) can0 0205B941#0000000000000000
(1789440850.378478) can0 0205B801#00006F0600182000
(1789440850.384551) can0 01011840#FFFFFFFFFFFFFFFF
(1789440850.384936) can0 02051081#0000C84200000000
(1789440850.386468) can0 0205B881#2B1815320531E339
(1789440850.392531) can0 0205B941#0000000000000000
(1789440850.398485) can0 0205B801#00006E0600182000
(1789440850.404520) can0 01011840#FFFFFFFFFFFFFFFF
(1789440850.404907) can0 02051081#0000C84200000000
(1789440850.406557) can0 0205B881#2B1815320531E339
(1789440850.412526) can0 0205B941#0000000000000000
(1789440850.418480) can0 0205B801#00006D0600182000
(1789440850.424570) can0 01011840#FFFFFFFFFFFFFFFF
(1789440850.424959) can0 02051081#0000C84200000000
(1789440850.426472) can0 0205B881#2B1815320531E339
(1789440850.432486) can0 0205B941#0000000000000000
(1789440850.438574) can0 0205B801#00006D0600182000
(1789440850.444535) can0 01011840#FFFFFFFFFFFFFFFF
(1789440850.444925) can0 02051081#0000C84200000000
(1789440850.446466) can0 0205B881#2B1815320531E339
(1789440850.452533) can0 0205B941#0000000000000000
(1789440850.458475) can0 0205B801#00006C0600182000
(1789440850.464520) can0 01011840#FFFFFFFFFFFFFFFF
(1789440850.464907) can0 02051081#0000C84200000000
(1789440850.466470) can0 0205B881#2B1815320531E339
(1789440850.472479) can0 0205B941#0000000000000000
(1789440850.478524) can0 0205B801#00006C0600182000
(1789440850.484517) can0 01011840#FFFFFFFFFFFFFFFF
(1789440850.484904) can0 02051081#0000C84200000000
(1789440850.486467) can0 0205B881#2B1815320531E339
(1789440850.492477) can0 0205B941#0000000000000000
(1789440850.498535) can0 0205B801#00006C0600182000
(1789440850.504523) can0 01011840#FFFFFFFFFFFFFFFF
(1789440850.504910) can0 02051081#0000C84200000000
(1789440850.506556) can0 0205B881#2B1815320531E339
(1789440850.512565) can0 0205B941#0000000000000000
(1789440850.518537) can0 0205B801#00006B0600182000
(1789440850.524512) can0 01011840#FFFFFFFFFFFFFFFF
(1789440850.524898) can0 02051081#0000C84200000000
(1789440850.526467) can0 0205B881#2B1815320531E339
(1789440850.532486) can0 0205B941#0000000000000000
(1789440850.538530) can0 0205B801#00006B0600182000
(1789440850.544522) can0 01011840#FFFFFFFFFFFFFFFF
(1789440850.544910) can0 02051081#0000C84200000000
(1789440850.546480) can0 0205B881#2B1815320531E339
(1789440850.552485) can0 0205B941#0000000000000000
(1789440850.558475) can0 0205B801#00006C0600182000
(1789440850.564507) can0 01011840#FFFFFFFFFFFFFFFF
(1789440850.564891) can0 02051081#0000C84200000000
(1789440850.566513) can0 0205B881#2B1815320531E339
(1789440850.572525) can0 0205B941#0000000000000000
(1789440850.578524) can0 0205B801#00006B0600182000
(1789440850.584514) can0 01011840#FFFFFFFFFFFFFFFF
(1789440850.584901) can0 02051081#0000C84200000000
(1789440850.586465) can0 0205B881#2B1815320531E339
(1789440850.592566) can0 0205B941#0000000000000000
(1789440850.598569) can0 0205B801#00006A0600182000
(1789440850.600476) can0 0205B841#0000000000400000
(1789440850.604514) can0 01011840#FFFFFFFFFFFFFFFF
(1789440850.604901) can0 02051081#0000C84200000000
(1789440850.606519) can0 0205B881#2B1815320531E339
(1789440850.612529) can0 0205B941#0000000000000000
(1789440850.615479) can0 02051801#0000FFFFFFFF0000
(1789440850.617625) can0 0205BC01#6B392E9A
(1789440850.618475) can0 0205B801#00006B0600182000
(1789440850.624521) can0 01011840#FFFFFFFFFFFFFFFF
(1789440850.624905) can0 02051081#0000C84200000000
(1789440850.626518) can0 0205B881#2B1815320531E339
(1789440850.632571) can0 0205B941#0000000000000000
(1789440850.638482) can0 0205B801#00006A0600182000
(1789440850.644522) can0 01011840#FFFFFFFFFFFFFFFF
(1789440850.644909) can0 02051081#0000C84200000000
(1789440850.646513) can0 0205B881#2B1815320531E339
(1789440850.652478) can0 0205B941#0000000000000000
(1789440850.658476) can0 0205B801#00006A0600182000
(1789440850.664511) can0 01011840#FFFFFFFFFFFFFFFF
(1789440850.664898) can0 02051081#0000C84200000000
(1789440850.666467) can0 0205B881#2B1815320531E339
(1789440850.672594) can0 0205B941#0000000000000000
(1789440850.678487) can0 0205B801#00006C0600182000
(1789440850.684541) can0 01011840#FFFFFFFFFFFFFFFF
(1789440850.684927) can0 02051081#0000C84200000000
(1789440850.686467) can0 0205B881#2B1815320531E339
(1789440850.692567) can0 0205B941#0000000000000000
(1789440850.698478) can0 0205B801#00006A0600182000
(1789440850.704524) can0 01011840#FFFFFFFFFFFFFFFF
(1789440850.704911) can0 02051081#0000C84200000000
(1789440850.706554) can0 0205B881#2B1815320531E339
(1789440850.712529) can0 0205B941#0000000000000000
(1789440850.718479) can0 0205B801#00006A0600182000
(1789440850.724520) can0 01011840#FFFFFFFFFFFFFFFF
(1789440850.724908) can0 02051081#0000C84200000000
(1789440850.726511) can0 0205B881#2B1815320531E339
(1789440850.732479) can0 0205B941#0000000000000000
(1789440850.738525) can0 0205B801#00006A0600182000
(1789440850.744518) can0 01011840#FFFFFFFFFFFFFFFF
(1789440850.744905) can0 02051081#0000C84200000000
(1789440850.746554) can0 0205B881#2B1815320531E339
(1789440850.752530) can0 0205B941#0000000000000000
(1789440850.758475) can0 0205B801#00006A0600182000
(1789440850.764511) can0 01011840#FFFFFFFFFFFFFFFF
(1789440850.764898) can0 02051081#0000C84200000000
(1789440850.766511) can0 0205B881#2B1815320531E339
(1789440850.772478) can0 0205B941#0000000000000000
(1789440850.778469) can0 0205B801#00006A0600182000
(1789440850.784512) can0 01011840#FFFFFFFFFFFFFFFF
(1789440850.784900) can0 02051081#0000C84200000000
(1789440850.786552) can0 0205B881#2B1815320531E339
(1789440850.792563) can0 0205B941#0000000000000000
(1789440850.798568) can0 0205B801#00006A0600182000
(1789440850.804513) can0 01011840#FFFFFFFFFFFFFFFF
(1789440850.804900) can0 02051081#0000C84200000000
(1789440850.806468) can0 0205B881#2B1815320531E339
(1789440850.812476) can0 0205B941#0000000000000000
(1789440850.818475) can0 0205B801#0000690600182000
(1789440850.824521) can0 01011840#FFFFFFFFFFFFFFFF
(1789440850.824908) can0 02051081#0000C84200000000
(1789440850.826511) can0 0205B881#2B1815320531E339
(1789440850.832526) can0 0205B941#0000000000000000
(1789440850.838526) can0 0205B801#00006A0600182000
(1789440850.844518) can0 01011840#FFFFFFFFFFFFFFFF
(1789440850.844906) can0 02051081#0000C84200000000
(1789440850.846510) can0 0205B881#2B1815320531E339
(1789440850.850530) can0 0205B841#0000000000400000
(1789440850.852473) can0 0205B941#0000000000000000
(1789440850.858468) can0 0205B801#00006B0600182000
(1789440850.864513) can0 01011840#FFFFFFFFFFFFFFFF
(1789440850.864902) can0 02051081#0000C84200000000
(1789440850.866514) can0 0205B881#2B1815320531E339
(1789440850.872527) can0 0205B941#0000000000000000
(1789440850.878523) can0 0205B801#0000690600182000
(1789440850.884519) can0 01011840#FFFFFFFFFFFFFFFF
(1789440850.884906) can0 02051081#0000C84200000000
(1789440850.886551) can0 0205B881#2B1815320531E339
(1789440850.892471) can0 0205B941#0000000000000000
(1789440850.898498) can0 0205B801#0000690600182000
(1789440850.904558) can0 01011840#FFFFFFFFFFFFFFFF
(1789440850.904945) can0 02051081#0000C84200000000
(1789440850.906465) can0 0205B881#2B1815320531E339
(1789440850.912518) can0 0205B941#0000000000000000
(1789440850.918523) can0 0205B801#00006B0600182000
(1789440850.924544) can0 01011840#FFFFFFFFFFFFFFFF
(1789440850.924932) can0 02051081#0000C84200000000
(1789440850.926466) can0 0205B881#2B1815320531E339
(1789440850.932567) can0 0205B941#0000000000000000
(1789440850.938560) can0 0205B801#0000680600182000
(1789440850.944522) can0 01011840#FFFFFFFFFFFFFFFF
(1789440850.944910) can0 02051081#0000C84200000000
(1789440850.946509) can0 0205B881#2B1815320531E339
(1789440850.952533) can0 0205B941#0000000000000000
(1789440850.958468) can0 0205B801#0000680600182000
(1789440850.964515) can0 01011840#FFFFFFFFFFFFFFFF
(1789440850.964902) can0 02051081#0000C84200000000
(1789440850.966464) can0 0205B881#2B1815320531E339
(1789440850.972566) can0 0205B941#0000000000000000
(1789440850.978468) can0 0205B801#00006B0600182000
(1789440850.984571) can0 01011840#FFFFFFFFFFFFFFFF
(1789440850.984962) can0 02051081#0000C84200000000
(1789440850.986462) can0 0205B881#2B1815320531E339
(1789440850.992523) can0 0205B941#0000000000000000
(1789440850.998583) can0 0205B801#0000690600182000
(1789440851.004549) can0 01011840#FFFFFFFFFFFFFFFF
(1789440851.004930) can0 02051081#0000C84200000000
(1789440851.006543) can0 0205B881#2B1815320531E339
(1789440851.012464) can0 0205B941#0000000000000000
(1789440851.018475) can0 0205B801#0000690600182000
(1789440851.024535) can0 01011840#FFFFFFFFFFFFFFFF
(1789440851.024923) can0 02051081#0000C84200000000
(1789440851.026509) can0 0205B881#2B1815320531E339
(1789440851.032484) can0 0205B941#0000000000000000
(1789440851.038518) can0 0205B801#00006A0600182000
(1789440851.044560) can0 01011840#FFFFFFFFFFFFFFFF
(1789440851.044963) can0 02051081#0000C84200000000
(1789440851.046510) can0 0205B881#2B1815320531E339
(1789440851.052472) can0 0205B941#0000000000000000
(1789440851.058517) can0 0205B801#0000690600182000
(1789440851.064528) can0 01011840#FFFFFFFFFFFFFFFF
(1789440851.064916) can0 02051081#0000C84200000000
(1789440851.066510) can0 0205B881#2B1815320531E339
(1789440851.072472) can0 0205B941#0000000000000000
(1789440851.078475) can0 0205B801#0000690600182000
(1789440851.084517) can0 01011840#FFFFFFFFFFFFFFFF
(1789440851.084905) can0 02051081#0000C84200000000
(1789440851.086459) can0 0205B881#2B1815320531E339
(1789440851.092474) can0 0205B941#0000000000000000
(1789440851.098554) can0 0205B801#0000690600182000
(1789440851.100468) can0 0205B841#0000000000400000
(1789440851.104504) can0 01011840#FFFFFFFFFFFFFFFF
(1789440851.104889) can0 02051081#0000C84200000000
(1789440851.106462) can0 0205B881#2B1815320531E339
(1789440851.112469) can0 0205B941#0000000000000000
(1789440851.118517) can0 0205B801#00006A0600182000
(1789440851.124487) can0 01011840#FFFFFFFFFFFFFFFF
(1789440851.124872) can0 02051081#0000C84200000000
(1789440851.126507) can0 0205B881#2B1815320531E339
(1789440851.132482) can0 0205B941#0000000000000000
(1789440851.138520) can0 0205B801#0000680600182000
(1789440851.144521) can0 01011840#FFFFFFFFFFFFFFFF
(1789440851.144907) can0 02051081#0000C84200000000
(1789440851.146459) can0 0205B881#2B1815320531E339
(1789440851.152470) can0 0205B941#0000000000000000
(1789440851.158469) can0 0205B801#00006B0600182000
(1789440851.164499) can0 01011840#FFFFFFFFFFFFFFFF
(1789440851.164883) can0 02051081#0000C84200000000
(1789440851.166506) can0 0205B881#2B1815320531E339
(1789440851.172466) can0 0205B941#0000000000000000
(1789440851.178477) can0 0205B801#00006A0600182000
(1789440851.184494) can0 01011840#FFFFFFFFFFFFFFFF
(1789440851.184880) can0 02051081#0000C84200000000
(1789440851.186513) can0 0205B881#2B1815320531E339
(1789440851.192512) can0 0205B941#0000000000000000
(1789440851.198470) can0 0205B801#0000690600182000
(1789440851.204524) can0 01011840#FFFFFFFFFFFFFFFF
(1789440851.204910) can0 02051081#0000C84200000000
(1789440851.206459) can0 0205B881#2B1815320531E339
(1789440851.212467) can0 0205B941#0000000000000000
(1789440851.218520) can0 0205B801#00006B0600182000
(1789440851.224522) can0 01011840#FFFFFFFFFFFFFFFF
(1789440851.224909) can0 02051081#0000C84200000000
(1789440851.226512) can0 0205B881#2B1815320531E339
(1789440851.232536) can0 0205B941#0000000000000000
(1789440851.238564) can0 0205B801#00006A0600182000
(1789440851.244541) can0 01011840#FFFFFFFFFFFFFFFF
(1789440851.244920) can0 02051081#0000C84200000000
(1789440851.246462) can0 0205B881#2B1815320531E339
(1789440851.252483) can0 0205B941#0000000000000000
(1789440851.258552) can0 0205B801#00006A0600182000
(1789440851.264560) can0 01011840#FFFFFFFFFFFFFFFF
(1789440851.264947) can0 02051081#0000C84200000000
(1789440851.266459) can0 0205B881#2B1815320531E339
(1789440851.272558) can0 0205B941#0000000000000000
(1789440851.278472) can0 0205B801#00006C0600182000
(1789440851.284524) can0 01011840#FFFFFFFFFFFFFFFF
(1789440851.284912) can0 02051081#0000C84200000000
(1789440851.286504) can0 0205B881#2B1815320531E339
(1789440851.292464) can0 0205B941#0000000000000000
(1789440851.298480) can0 0205B801#00006A0600182000
(1789440851.304532) can0 01011840#FFFFFFFFFFFFFFFF
(1789440851.304920) can0 02051081#0000C84200000000
(1789440851.306459) can0 0205B881#2B1815320531E339
(1789440851.312555) can0 0205B941#0000000000000000
(1789440851.318465) can0 0205B801#00006A0600182000
(1789440851.324506) can0 01011840#FFFFFFFFFFFFFFFF
(1789440851.324912) can0 02051081#0000C84200000000
(1789440851.326489) can0 0205B881#2B1815320531E339
(1789440851.332565) can0 0205B941#0000000000000000
(1789440851.338488) can0 0205B801#00006E0600182000
(1789440851.344525) can0 01011840#FFFFFFFFFFFFFFFF
(1789440851.344898) can0 02051081#0000C84200000000
(1789440851.346538) can0 0205B881#2B1815320531E339
(1789440851.350545) can0 0205B841#0000000000400000
(1789440851.352512) can0 0205B941#0000000000000000
(1789440851.358458) can0 0205B801#00006A0600182000
(1789440851.364508) can0 01011840#FFFFFFFFFFFFFFFF
(1789440851.364894) can0 02051081#0000C84200000000
(1789440851.366458) can0 0205B881#2B1815320531E339
(1789440851.372470) can0 0205B941#0000000000000000
(1789440851.378516) can0 0205B801#00006C0600182000
(1789440851.384506) can0 01011840#FFFFFFFFFFFFFFFF
(1789440851.384891) can0 02051081#0000C84200000000
(1789440851.386458) can0 0205B881#2B1815320531E339
(1789440851.392469) can0 0205B941#0000000000000000
(1789440851.398510) can0 0205B801#00006E0600182000
(1789440851.404544) can0 01011840#FFFFFFFFFFFFFFFF
(1789440851.404934) can0 02051081#0000C84200000000
(1789440851.406457) can0 0205B881#2B1815320531E339
(1789440851.412512) can0 0205B941#0000000000000000
(1789440851.418510) can0 0205B801#00006D0600182000
(1789440851.424503) can0 01011840#FFFFFFFFFFFFFFFF
(1789440851.424888) can0 02051081#0000C84200000000
(1789440851.426456) can0 0205B881#2B1815320531E339
(1789440851.432470) can0 0205B941#0000000000000000
(1789440851.438510) can0 0205B801#00006D0600182000
(1789440851.444507) can0 01011840#FFFFFFFFFFFFFFFF
(1789440851.444891) can0 02051081#0000C84200000000
(1789440851.446457) can0 0205B881#2B1815320531E339
(1789440851.452488) can0 0205B941#0000000000000000
(1789440851.458477) can0 0205B801#00006F0600182000
(1789440851.464529) can0 01011840#FFFFFFFFFFFFFFFF
(1789440851.464914) can0 02051081#0000C84200000000
(1789440851.466543) can0 0205B881#2B1815320531E339
(1789440851.472462) can0 0205B941#0000000000000000
(1789440851.478513) can0 0205B801#00006E0600182000
(1789440851.484508) can0 01011840#FFFFFFFFFFFFFFFF
(1789440851.484895) can0 02051081#0000C84200000000
(1789440851.486544) can0 0205B881#2B1815320531E339
(1789440851.492554) can0 0205B941#0000000000000000
(1789440851.498546) can0 0205B801#00006F0600182000
(1789440851.504565) can0 01011840#FFFFFFFFFFFFFFFF
(1789440851.504954) can0 02051081#0000C84200000000
(1789440851.506540) can0 0205B881#2B1815320531E339
(1789440851.512462) can0 0205B941#0000000000000000
(1789440851.518513) can0 0205B801#00006F0600182000
(1789440851.524506) can0 01011840#FFFFFFFFFFFFFFFF
(1789440851.524892) can0 02051081#0000C84200000000
(1789440851.526509) can0 0205B881#2B1815320531E339
(1789440851.532511) can0 0205B941#0000000000000000
(1789440851.538465) can0 0205B801#00006F0600182000
(1789440851.544487) can0 01011840#FFFFFFFFFFFFFFFF
(1789440851.544872) can0 02051081#0000C84200000000
(1789440851.546500) can0 0205B881#2B1815320531E339
(1789440851.552465) can0 0205B941#0000000000000000
(1789440851.558513) can0 0205B801#00006F0600182000
(1789440851.564489) can0 01011840#FFFFFFFFFFFFFFFF
(1789440851.564879) can0 02051081#0000C84200000000
(1789440851.566545) can0 0205B881#2B1815320531E339
(1789440851.572511) can0 0205B941#0000000000000000
(1789440851.578457) can0 0205B801#0000710600182000
(1789440851.584479) can0 01011840#FFFFFFFFFFFFFFFF
(1789440851.584861) can0 02051081#0000C84200000000
(1789440851.586457) can0 0205B881#2B1815320531E339
(1789440851.592552) can0 0205B941#0000000000000000
(1789440851.598463) can0 0205B801#0000710600182000
(1789440851.600459) can0 0205B841#0000000000400000
(1789440851.604490) can0 01011840#FFFFFFFFFFFFFFFF
(1789440851.604877) can0 02051081#0000C84200000000
(1789440851.606504) can0 0205B881#2B1815320531E339
(1789440851.612463) can0 0205B941#0000000000000000
(1789440851.615465) can0 02051801#0000FFFFFFFF0000
(1789440851.617420) can0 0205BC01#6B392E9A
(1789440851.618464) can0 0205B801#00007A0600182000
(1789440851.624483) can0 01011840#FFFFFFFFFFFFFFFF
(1789440851.624869) can0 02051081#0000C84200000000
(1789440851.626451) can0 0205B881#2B1815320531E339
(1789440851.632466) can0 0205B941#0000000000000000
(1789440851.638459) can0 0205B801#0000730600182000
(1789440851.644476) can0 01011840#FFFFFFFFFFFFFFFF
(1789440851.644858) can0 02051081#0000C84200000000
(1789440851.646538) can0 0205B881#2B1815320531E339
(1789440851.652557) can0 0205B941#0000000000000000
(1789440851.658551) can0 0205B801#0000710600182000
(1789440851.664513) can0 01011840#FFFFFFFFFFFFFFFF
(1789440851.664900) can0 02051081#0000C84200000000
(1789440851.666451) can0 0205B881#2B1815320531E339
(1789440851.672461) can0 0205B941#0000000000000000
(1789440851.678547) can0 0205B801#0000720600182000
(1789440851.684496) can0 01011840#FFFFFFFFFFFFFFFF
(1789440851.684883) can0 02051081#0000C84200000000
(1789440851.686458) can0 0205B881#2B1815320531E339
(1789440851.692464) can0 0205B941#0000000000000000
(1789440851.698509) can0 0205B801#0000730600182000
(1789440851.704561) can0 01011840#FFFFFFFFFFFFFFFF
(1789440851.704957) can0 02051081#0000C84200000000
(1789440851.706455) can0 0205B881#2B1815320531E339
(1789440851.712459) can0 0205B941#0000000000000000
(1789440851.718459) can0 0205B801#0000740600182000
(1789440851.724493) can0 01011840#FFFFFFFFFFFFFFFF
(1789440851.724876) can0 02051081#0000C84200000000
(1789440851.726499) can0 0205B881#2B1815320531E339
(1789440851.732462) can0 0205B941#0000000000000000
(1789440851.738460) can0 0205B801#0000740600182000
(1789440851.744480) can0 01011840#FFFFFFFFFFFFFFFF
(1789440851.744862) can0 02051081#0000C84200000000
(1789440851.746515) can0 0205B881#2B1815320531E339
(1789440851.752463) can0 0205B941#0000000000000000
(1789440851.758507) can0 0205B801#0000740600182000
(1789440851.764526) can0 01011840#FFFFFFFFFFFFFFFF
(1789440851.764915) can0 02051081#0000C84200000000
(1789440851.766448) can0 0205B881#2B1815320531E339
(1789440851.772514) can0 0205B941#0000000000000000
(1789440851.778513) can0 0205B801#0000740600182000
(1789440851.784496) can0 01011840#FFFFFFFFFFFFFFFF
(1789440851.784883) can0 02051081#0000C84200000000
(1789440851.786451) can0 0205B881#2B1815320531E339
(1789440851.792511) can0 0205B941#0000000000000000
(1789440851.798507) can0 0205B801#0000760600182000
(1789440851.804490) can0 01011840#FFFFFFFFFFFFFFFF
(1789440851.804876) can0 02051081#0000C84200000000
(1789440851.806499) can0 0205B881#2B1815320531E339
(1789440851.812513) can0 0205B941#0000000000000000
(1789440851.818544) can0 0205B801#0000770600182000
(1789440851.824486) can0 01011840#FFFFFFFFFFFFFFFF
(1789440851.824872) can0 02051081#0000C84200000000
(1789440851.826446) can0 0205B881#2B1815320531E339
(1789440851.832462) can0 0205B941#0000000000000000
(1789440851.838511) can0 0205B801#0000770600182000
(1789440851.844484) can0 01011840#FFFFFFFFFFFFFFFF
(1789440851.844873) can0 02051081#0000C84200000000
(1789440851.846503) can0 0205B881#2B1815320531E339
(1789440851.850462) can0 0205B841#0000000000400000
(1789440851.852513) can0 0205B941#0000000000000000
(1789440851.858508) can0 0205B801#0000760600182000
(1789440851.864479) can0 01011840#FFFFFFFFFFFFFFFF
(1789440851.864861) can0 02051081#0000C84200000000
(1789440851.866502) can0 0205B881#2B1815320531E339
(1789440851.872460) can0 0205B941#0000000000000000
(1789440851.878547) can0 0205B801#0000790600182000
(1789440851.884483) can0 01011840#FFFFFFFFFFFFFFFF
(1789440851.884870) can0 02051081#0000C84200000000
(1789440851.886449) can0 0205B881#2B1815320531E339
(1789440851.892462) can0 0205B941#0000000000000000
(1789440851.898510) can0 0205B801#0000780600182000
(1789440851.904482) can0 01011840#FFFFFFFFFFFFFFFF
(1789440851.904868) can0 02051081#0000C84200000000
(1789440851.906537) can0 0205B881#2B1815320531E339
(1789440851.912460) can0 0205B941#0000000000000000
(1789440851.918459) can0 0205B801#0000790600182000
(1789440851.924479) can0 01011840#FFFFFFFFFFFFFFFF
(1789440851.924865) can0 02051081#0000C84200000000
(1789440851.926538) can0 0205B881#2B1815320531E339
(1789440851.932463) can0 0205B941#0000000000000000
(1789440851.938462) can0 0205B801#00007A0600182000
(1789440851.944485) can0 01011840#FFFFFFFFFFFFFFFF
(1789440851.944872) can0 02051081#0000C84200000000
(1789440851.946508) can0 0205B881#2B1815320531E339
(1789440851.952514) can0 0205B941#0000000000000000
(1789440851.958506) can0 0205B801#0000790600182000
(1789440851.964520) can0 01011840#FFFFFFFFFFFFFFFF
(1789440851.964905) can0 02051081#0000C84200000000
(1789440851.966445) can0 0205B881#2B1815320531E339
(1789440851.972458) can0 0205B941#0000000000000000
(1789440851.978459) can0 0205B801#0000790600182000
(1789440851.984495) can0 01011840#FFFFFFFFFFFFFFFF
(1789440851.984883) can0 02051081#0000C84200000000
(1789440851.986537) can0 0205B881#2B1815320531E339
(1789440851.992460) can0 0205B941#0000000000000000
(1789440851.998489) can0 0205B801#0000790600182000
(1789440852.004577) can0 01011840#FFFFFFFFFFFFFFFF
(1789440852.004975) can0 02051081#0000C84200000000
(1789440852.006446) can0 0205B881#2B1815320531E339
(1789440852.012505) can0 0205B941#0000000000000000
(1789440852.018506) can0 0205B801#0000790600182000
(1789440852.024561) can0 01011840#FFFFFFFFFFFFFFFF
(1789440852.024954) can0 02051081#0000C84200000000
(1789440852.026446) can0 0205B881#2B1815320531E339
(1789440852.032506) can0 0205B941#0000000000000000
(1789440852.038460) can0 0205B801#00007A0600182000
(1789440852.044546) can0 01011840#FFFFFFFFFFFFFFFF
(1789440852.044939) can0 02051081#0000C84200000000
(1789440852.046537) can0 0205B881#2B1815320531E339
(1789440852.052466) can0 0205B941#0000000000000000
(1789440852.058460) can0 0205B801#00007A0600182000
(1789440852.064539) can0 01011840#FFFFFFFFFFFFFFFF
(1789440852.064929) can0 02051081#0000C84200000000
(1789440852.066494) can0 0205B881#2B1815320531E339
(1789440852.072508) can0 0205B941#0000000000000000
(1789440852.078545) can0 0205B801#0000780600182000
(1789440852.084503) can0 01011840#FFFFFFFFFFFFFFFF
(1789440852.084890) can0 02051081#0000C84200000000
(1789440852.086449) can0 0205B881#2B1815320531E339
(1789440852.092504) can0 0205B941#0000000000000000
(1789440852.098519) can0 0205B801#0000770600182000
(1789440852.100507) can0 0205B841#0000000000400000
(1789440852.104569) can0 01011840#FFFFFFFFFFFFFFFF
(1789440852.104954) can0 02051081#0000C84200000000
(1789440852.106443) can0 0205B881#2B1815320531E339
(1789440852.112461) can0 0205B941#0000000000000000
(1789440852.118501) can0 0205B801#0000750600182000
(1789440852.124511) can0 01011840#FFFFFFFFFFFFFFFF
(1789440852.124897) can0 02051081#0000C84200000000
(1789440852.126496) can0 0205B881#2B1815320531E339
(1789440852.132467) can0 0205B941#0000000000000000
(1789440852.138460) can0 0205B801#0000750600182000
(1789440852.144527) can0 01011840#FFFFFFFFFFFFFFFF
(1789440852.144915) can0 02051081#0000C84200000000
(1789440852.146491) can0 0205B881#2B1815320531E339
(1789440852.152459) can0 0205B941#0000000000000000
(1789440852.158450) can0 0205B801#0000720600182000
(1789440852.164499) can0 01011840#FFFFFFFFFFFFFFFF
(1789440852.164885) can0 02051081#0000C84200000000
(1789440852.166442) can0 0205B881#2B1815320531E339
(1789440852.172460) can0 0205B941#0000000000000000
(1789440852.178507) can0 0205B801#0000700600182000
(1789440852.184531) can0 01011840#FFFFFFFFFFFFFFFF
(1789440852.184917) can0 02051081#0000C84200000000
(1789440852.186448) can0 0205B881#2B1815320531E339
(1789440852.192501) can0 0205B941#0000000000000000
(1789440852.198550) can0 0205B801#0000700600182000
(1789440852.204527) can0 01011840#FFFFFFFFFFFFFFFF
(1789440852.204915) can0 02051081#0000C84200000000
(1789440852.206447) can0 0205B881#2B1815320531E339
(1789440852.212451) can0 0205B941#0000000000000000
(1789440852.218460) can0 0205B801#00006F0600182000
(1789440852.224497) can0 01011840#FFFFFFFFFFFFFFFF
(1789440852.224883) can0 02051081#0000C84200000000
(1789440852.226446) can0 0205B881#2B1815320531E339
(1789440852.232504) can0 0205B941#0000000000000000
(1789440852.238468) can0 0205B801#00006F0600182000
(1789440852.244520) can0 01011840#FFFFFFFFFFFFFFFF
(1789440852.244907) can0 02051081#0000C84200000000
(1789440852.246445) can0 0205B881#2B1815320531E339
(1789440852.252504) can0 0205B941#0000000000000000
(1789440852.258468) can0 0205B801#00006E0600182000
(1789440852.264523) can0 01011840#FFFFFFFFFFFFFFFF
(1789440852.264909) can0 02051081#0000C84200000000
(1789440852.266440) can0 0205B881#2B1815320531E339
(1789440852.272540) can0 0205B941#0000000000000000
(1789440852.278507) can0 0205B801#00006E0600182000
(1789440852.284550) can0 01011840#FFFFFFFFFFFFFFFF
(1789440852.284936) can0 02051081#0000C84200000000
(1789440852.286441) can0 0205B881#2B1815320531E339
(1789440852.292502) can0 0205B941#0000000000000000
(1789440852.298449) can0 0205B801#00006F0600182000
(1789440852.304506) can0 01011840#FFFFFFFFFFFFFFFF
(1789440852.304892) can0 02051081#0000C84200000000
(1789440852.306493) can0 0205B881#2B1815320531E339
(1789440852.312500) can0 0205B941#0000000000000000
(1789440852.318503) can0 0205B801#00006E0600182000
(1789440852.324491) can0 01011840#FFFFFFFFFFFFFFFF
(1789440852.324876) can0 02051081#0000C84200000000
(1789440852.326492) can0 0205B881#2B1815320531E339
(1789440852.332498) can0 0205B941#0000000000000000
(1789440852.338459) can0 0205B801#00006D0600182000
(1789440852.344486) can0 01011840#FFFFFFFFFFFFFFFF
(1789440852.344888) can0 02051081#0000C84200000000
(1789440852.346480) can0 0205B881#2B1815320531E339
(1789440852.350681) can0 0205B841#0000000000400000
(1789440852.352522) can0 0205B941#0000000000000000
(1789440852.358490) can0 0205B801#00006E0600182000
(1789440852.364528) can0 01011840#FFFFFFFFFFFFFFFF
(1789440852.364899) can0 02051081#0000C84200000000
(1789440852.366481) can0 0205B881#2B1815320531E339
(1789440852.372453) can0 0205B941#0000000000000000
(1789440852.378502) can0 0205B801#00006D0600182000
(1789440852.384516) can0 01011840#FFFFFFFFFFFFFFFF
(1789440852.384900) can0 02051081#0000C84200000000
(1789440852.386494) can0 0205B881#2B1815320531E339
(1789440852.392500) can0 0205B941#0000000000000000
(1789440852.398461) can0 0205B801#00006D0600182000
(1789440852.404532) can0 01011840#FFFFFFFFFFFFFFFF
(1789440852.404919) can0 02051081#0000C84200000000
(1789440852.406493) can0 0205B881#2B1815320531E339
(1789440852.412504) can0 0205B941#0000000000000000
(1789440852.418501) can0 0205B801#00006D0600182000
(1789440852.424600) can0 01011840#FFFFFFFFFFFFFFFF
(1789440852.425055) can0 02051081#0000C84200000000
(1789440852.426491) can0 0205B881#2B1815320531E339
(1789440852.432504) can0 0205B941#0000000000000000
(1789440852.438465) can0 0205B801#00006D0600182000
(1789440852.444542) can0 01011840#FFFFFFFFFFFFFFFF
(1789440852.444926) can0 02051081#0000C84200000000
(1789440852.446444) can0 0205B881#2B1815320531E339
(1789440852.452462) can0 0205B941#0000000000000000
(1789440852.458449) can0 0205B801#00006C0600182000
(1789440852.464523) can0 01011840#FFFFFFFFFFFFFFFF
(1789440852.464912) can0 02051081#0000C84200000000
(1789440852.466489) can0 0205B881#2B1815320531E339
(1789440852.472461) can0 0205B941#0000000000000000
(1789440852.478480) can0 0205B801#00006D0600182000
(1789440852.484558) can0 01011840#FFFFFFFFFFFFFFFF
(1789440852.484950) can0 02051081#0000C84200000000
(1789440852.486485) can0 0205B881#2B1815320531E339
(1789440852.492497) can0 0205B941#0000000000000000
(1789440852.498459) can0 0205B801#00006C0600182000
(1789440852.504510) can0 01011840#FFFFFFFFFFFFFFFF
(1789440852.504894) can0 02051081#0000C84200000000
(1789440852.506487) can0 0205B881#2B1815320531E339
(1789440852.512460) can0 0205B941#0000000000000000
(1789440852.518460) can0 0205B801#00006C0600182000
(1789440852.524519) can0 01011840#FFFFFFFFFFFFFFFF
(1789440852.524908) can0 02051081#0000C84200000000
(1789440852.526443) can0 0205B881#2B1815320531E339
(1789440852.532461) can0 0205B941#0000000000000000
(1789440852.538447) can0 0205B801#00006D0600182000
(1789440852.544513) can0 01011840#FFFFFFFFFFFFFFFF
(1789440852.544901) can0 02051081#0000C84200000000
(1789440852.546442) can0 0205B881#2B1815320531E339
(1789440852.552507) can0 0205B941#0000000000000000
(1789440852.558495) can0 0205B801#00006B0600182000
(1789440852.564510) can0 01011840#FFFFFFFFFFFFFFFF
(1789440852.564894) can0 02051081#0000C84200000000
(1789440852.566438) can0 0205B881#2B1815320531E339
(1789440852.572461) can0 0205B941#0000000000000000
(1789440852.578502) can0 0205B801#00006B0600182000
(1789440852.584523) can0 01011840#FFFFFFFFFFFFFFFF
(1789440852.584912) can0 02051081#0000C84200000000
(1789440852.586439) can0 0205B881#2B1815320531E339
(1789440852.592450) can0 0205B941#0000000000000000
(1789440852.598451) can0 0205B801#00006C0600182000
(1789440852.600448) can0 0205B841#0000000000400000
(1789440852.604514) can0 01011840#FFFFFFFFFFFFFFFF
(1789440852.604902) can0 02051081#0000C84200000000
(1789440852.606495) can0 0205B881#2B1815320531E339
(1789440852.612447) can0 0205B941#0000000000000000
(1789440852.615545) can0 02051801#0000FFFFFFFF0000
(1789440852.617395) can0 0205BC01#6B392E9A
(1789440852.618442) can0 0205B801#0000680600182000
(1789440852.624511) can0 01011840#FFFFFFFFFFFFFFFF
(1789440852.624895) can0 02051081#0000C84200000000
(1789440852.626489) can0 0205B881#2B1815320531E339
(1789440852.632453) can0 0205B941#0000000000000000
(1789440852.638458) can0 0205B801#00006B0600182000
(1789440852.644515) can0 01011840#FFFFFFFFFFFFFFFF
(1789440852.644903) can0 02051081#0000C84200000000
(1789440852.646489) can0 0205B881#2B1815320531E339
(1789440852.652464) can0 0205B941#0000000000000000
(1789440852.658452) can0 0205B801#00006C0600182000
(1789440852.664510) can0 01011840#FFFFFFFFFFFFFFFF
(1789440852.664898) can0 02051081#0000C84200000000
(1789440852.666486) can0 0205B881#2B1815320531E339
(1789440852.672501) can0 0205B941#0000000000000000
(1789440852.678452) can0 0205B801#00006B0600182000
(1789440852.684507) can0 01011840#FFFFFFFFFFFFFFFF
(1789440852.684894) can0 02051081#0000C84200000000
(1789440852.686443) can0 0205B881#2B1815320531E339
(1789440852.692448) can0 0205B941#0000000000000000
(1789440852.698499) can0 0205B801#00006A0600182000
(1789440852.704591) can0 01011840#FFFFFFFFFFFFFFFF
(1789440852.704988) can0 02051081#0000C84200000000
(1789440852.706433) can0 0205B881#2B1815320531E339
(1789440852.712499) can0 0205B941#0000000000000000
(1789440852.718499) can0 0205B801#00006A0600182000
(1789440852.724528) can0 01011840#FFFFFFFFFFFFFFFF
(1789440852.724917) can0 02051081#0000C84200000000
(1789440852.726491) can0 0205B881#2B1815320531E339
(1789440852.732524) can0 0205B941#0000000000000000
(1789440852.738449) can0 0205B801#00006A0600182000
(1789440852.744545) can0 01011840#FFFFFFFFFFFFFFFF
(1789440852.744931) can0 02051081#0000C84200000000
(1789440852.746489) can0 0205B881#2B1815320531E339
(1789440852.752501) can0 0205B941#0000000000000000
(1789440852.758447) can0 0205B801#0000690600182000
(1789440852.764518) can0 01011840#FFFFFFFFFFFFFFFF
(1789440852.764907) can0 02051081#0000C84200000000
(1789440852.766435) can0 0205B881#2B1815320531E339
(1789440852.772452) can0 0205B941#0000000000000000
(1789440852.778445) can0 0205B801#00006B0600182000
(1789440852.784512) can0 01011840#FFFFFFFFFFFFFFFF
(1789440852.784900) can0 02051081#0000C84200000000
(1789440852.786486) can0 0205B881#2B1815320531E339
(1789440852.792503) can0 0205B941#0000000000000000
(1789440852.798500) can0 0205B801#0000690600182000
(1789440852.804510) can0 01011840#FFFFFFFFFFFFFFFF
(1789440852.804895) can0 02051081#0000C84200000000
(1789440852.806484) can0 0205B881#2B1815320531E339
(1789440852.812495) can0 0205B941#0000000000000000
(1789440852.818461) can0 0205B801#00006A0600182000
(1789440852.824514) can0 01011840#FFFFFFFFFFFFFFFF
(1789440852.824901) can0 02051081#0000C84200000000
(1789440852.826483) can0 0205B881#2B1815320531E339
(1789440852.832460) can0 0205B941#0000000000000000
(1789440852.838490) can0 0205B801#00006A0600182000
(1789440852.844513) can0 01011840#FFFFFFFFFFFFFFFF
(1789440852.844901) can0 02051081#0000C84200000000
(1789440852.846435) can0 0205B881#2B1815320531E339
(1789440852.850447) can0 0205B841#0000000000400000
(1789440852.852446) can0 0205B941#0000000000000000
(1789440852.858445) can0 0205B801#0000690600182000
(1789440852.864510) can0 01011840#FFFFFFFFFFFFFFFF
(1789440852.864899) can0 02051081#0000C84200000000
(1789440852.866434) can0 0205B881#2B1815320531E339
(1789440852.872447) can0 0205B941#0000000000000000
(1789440852.878445) can0 0205B801#0000690600182000
(1789440852.884513) can0 01011840#FFFFFFFFFFFFFFFF
(1789440852.884901) can0 02051081#0000C84200000000
(1789440852.886482) can0 0205B881#2B1815320531E339
(1789440852.892495) can0 0205B941#0000000000000000
(1789440852.898500) can0 0205B801#00006A0600182000
(1789440852.904512) can0 01011840#FFFFFFFFFFFFFFFF
(1789440852.904901) can0 02051081#0000C84200000000
(1789440852.906432) can0 0205B881#2B1815320531E339
(1789440852.912446) can0 0205B941#0000000000000000
(1789440852.918448) can0 0205B801#0000690600182000
(1789440852.924521) can0 01011840#FFFFFFFFFFFFFFFF
(1789440852.924913) can0 02051081#0000C84200000000
(1789440852.926435) can0 0205B881#2B1815320531E339
(1789440852.932498) can0 0205B941#0000000000000000
(1789440852.938525) can0 0205B801#0000690600182000
(1789440852.944557) can0 01011840#FFFFFFFFFFFFFFFF
(1789440852.944945) can0 02051081#0000C84200000000
(1789440852.946429) can0 0205B881#2B1815320531E339
(1789440852.952448) can0 0205B941#0000000000000000
(1789440852.958492) can0 0205B801#00006A0600182000
(1789440852.964524) can0 01011840#FFFFFFFFFFFFFFFF
(1789440852.964913) can0 02051081#0000C84200000000
(1789440852.966495) can0 0205B881#2B1815320531E339
(1789440852.972451) can0 0205B941#0000000000000000
(1789440852.978442) can0 0205B801#0000690600182000
(1789440852.984523) can0 01011840#FFFFFFFFFFFFFFFF
(1789440852.984908) can0 02051081#0000C84200000000
(1789440852.986435) can0 0205B881#2B1815320531E339
(1789440852.992494) can0 0205B941#0000000000000000
(1789440852.998445) can0 0205B801#0000690600182000
(1789440853.004558) can0 01011840#FFFFFFFFFFFFFFFF
(1789440853.004954) can0 02051081#0000C84200000000
(1789440853.006479) can0 0205B881#2B1815320531E339
(1789440853.012442) can0 0205B941#0000000000000000
(1789440853.018462) can0 0205B801#00006B0600182000
(1789440853.024541) can0 01011840#FFFFFFFFFFFFFFFF
(1789440853.024926) can0 02051081#0000C84200000000
(1789440853.026481) can0 0205B881#2B1815320531E339
(1789440853.032448) can0 0205B941#0000000000000000
(1789440853.038489) can0 0205B801#0000690600182000
(1789440853.044582) can0 01011840#FFFFFFFFFFFFFFFF
(1789440853.045050) can0 02051081#0000C84200000000
(1789440853.046492) can0 0205B881#2B1815320531E339
(1789440853.052458) can0 0205B941#0000000000000000
(1789440853.058492) can0 0205B801#0000690600182000
(1789440853.064525) can0 01011840#FFFFFFFFFFFFFFFF
(1789440853.064911) can0 02051081#0000C84200000000
(1789440853.066430) can0 0205B881#2B1815320531E339
(1789440853.072496) can0 0205B941#0000000000000000
(1789440853.078488) can0 0205B801#00006A0600182000
(1789440853.084512) can0 01011840#FFFFFFFFFFFFFFFF
(1789440853.084877) can0 02051081#0000C84200000000
(1789440853.086474) can0 0205B881#2B1815320531E339
(1789440853.092490) can0 0205B941#0000000000000000
(1789440853.098494) can0 0205B801#0000690600182000
(1789440853.100431) can0 0205B841#0000000000400000
(1789440853.104507) can0 01011840#FFFFFFFFFFFFFFFF
(1789440853.104877) can0 02051081#0000C84200000000
(1789440853.106472) can0 0205B881#2B1815320531E339
(1789440853.112439) can0 0205B941#0000000000000000
(1789440853.118497) can0 0205B801#0000690600182000
(1789440853.124525) can0 01011840#FFFFFFFFFFFFFFFF
(1789440853.124913) can0 02051081#0000C84200000000
(1789440853.126479) can0 0205B881#2B1815320531E339
(1789440853.132452) can0 0205B941#0000000000000000
(1789440853.138502) can0 0205B801#00006A0600182000
(1789440853.144545) can0 01011840#FFFFFFFFFFFFFFFF
(1789440853.144929) can0 02051081#0000C84200000000
(1789440853.146481) can0 0205B881#2B1815320531E339
(1789440853.152493) can0 0205B941#0000000000000000
(1789440853.158439) can0 0205B801#00006A0600182000
(1789440853.164519) can0 01011840#FFFFFFFFFFFFFFFF
(1789440853.164910) can0 02051081#0000C84200000000
(1789440853.166485) can0 0205B881#2B1815320531E339
(1789440853.172494) can0 0205B941#0000000000000000
(1789440853.178450) can0 0205B801#00006A0600182000
(1789440853.184542) can0 01011840#FFFFFFFFFFFFFFFF
(1789440853.184927) can0 02051081#0000C84200000000
(1789440853.186430) can0 0205B881#2B1815320531E339
(1789440853.192495) can0 0205B941#0000000000000000
(1789440853.198493) can0 0205B801#00006C0600182000
(1789440853.204551) can0 01011840#FFFFFFFFFFFFFFFF
(1789440853.204935) can0 02051081#0000C84200000000
(1789440853.206480) can0 0205B881#2B1815320531E339
(1789440853.212488) can0 0205B941#0000000000000000
(1789440853.218496) can0 0205B801#00006A0600182000
(1789440853.224516) can0 01011840#FFFFFFFFFFFFFFFF
(1789440853.224903) can0 02051081#0000C84200000000
(1789440853.226482) can0 0205B881#2B1815320531E339
(1789440853.232493) can0 0205B941#0000000000000000
(1789440853.238437) can0 0205B801#00006A0600182000
(1789440853.244516) can0 01011840#FFFFFFFFFFFFFFFF
(1789440853.244904) can0 02051081#0000C84200000000
(1789440853.246481) can0 0205B881#2B1815320531E339
(1789440853.252448) can0 0205B941#0000000000000000
(1789440853.258498) can0 0205B801#00006B0600182000
(1789440853.264523) can0 01011840#FFFFFFFFFFFFFFFF
(1789440853.264912) can0 02051081#0000C84200000000
(1789440853.266482) can0 0205B881#2B1815320531E339
(1789440853.272498) can0 0205B941#0000000000000000
(1789440853.278442) can0 0205B801#00006B0600182000
(1789440853.284528) can0 01011840#FFFFFFFFFFFFFFFF
(1789440853.284916) can0 02051081#0000C84200000000
(1789440853.286429) can0 0205B881#2B1815320531E339
(1789440853.292492) can0 0205B941#0000000000000000
(1789440853.298513) can0 0205B801#00006A0600182000
(1789440853.304578) can0 01011840#FFFFFFFFFFFFFFFF
(1789440853.304968) can0 02051081#0000C84200000000
(1789440853.306471) can0 0205B881#2B1815320531E339
(1789440853.312435) can0 0205B941#0000000000000000
(1789440853.318443) can0 0205B801#00006E0600182000
(1789440853.324516) can0 01011840#FFFFFFFFFFFFFFFF
(1789440853.324899) can0 02051081#0000C84200000000
(1789440853.326481) can0 0205B881#2B1815320531E339
(1789440853.332447) can0 0205B941#0000000000000000
(1789440853.338490) can0 0205B801#00006B0600182000
(1789440853.344525) can0 01011840#FFFFFFFFFFFFFFFF
(1789440853.344912) can0 02051081#0000C84200000000
(1789440853.346478) can0 0205B881#2B1815320531E339
(1789440853.350492) can0 0205B841#0000000000400000
(1789440853.352443) can0 0205B941#0000000000000000
(1789440853.358481) can0 0205B801#00006C0600182000
(1789440853.364504) can0 01011840#FFFFFFFFFFFFFFFF
(1789440853.364908) can0 02051081#0000C84200000000
(1789440853.366508) can0 0205B881#2B1815320531E339
(1789440853.372479) can0 0205B941#0000000000000000
(1789440853.378488) can0 0205B801#00006F0600182000
(1789440853.384514) can0 01011840#FFFFFFFFFFFFFFFF
(1789440853.384883) can0 02051081#0000C84200000000
(1789440853.386419) can0 0205B881#2B1815320531E339
(1789440853.392431) can0 0205B941#0000000000000000
(1789440853.398489) can0 0205B801#00006D0600182000
(1789440853.404523) can0 01011840#FFFFFFFFFFFFFFFF
(1789440853.404912) can0 02051081#0000C84200000000
(1789440853.406481) can0 0205B881#2B1815320531E339
(1789440853.412437) can0 0205B941#0000000000000000
(1789440853.418442) can0 0205B801#00006D0600182000
(1789440853.424525) can0 01011840#FFFFFFFFFFFFFFFF
(1789440853.424914) can0 02051081#0000C84200000000
(1789440853.426429) can0 0205B881#2B1815320531E339
(1789440853.432488) can0 0205B941#0000000000000000
(1789440853.438444) can0 0205B801#0000700600182000
(1789440853.444569) can0 01011840#FFFFFFFFFFFFFFFF
(1789440853.444964) can0 02051081#0000C84200000000
(1789440853.446482) can0 0205B881#2B1815320531E339
(1789440853.452437) can0 0205B941#0000000000000000
(1789440853.458484) can0 0205B801#00006D0600182000
(1789440853.464519) can0 01011840#FFFFFFFFFFFFFFFF
(1789440853.464908) can0 02051081#0000C84200000000
(1789440853.466480) can0 0205B881#2B1815320531E339
(1789440853.472488) can0 0205B941#0000000000000000
(1789440853.478444) can0 0205B801#00006E0600182000
(1789440853.484522) can0 01011840#FFFFFFFFFFFFFFFF
(1789440853.484911) can0 02051081#0000C84200000000
(1789440853.486424) can0 0205B881#2B1815320531E339
(1789440853.492466) can0 0205B941#0000000000000000
(1789440853.498447) can0 0205B801#0000700600182000
(1789440853.504550) can0 01011840#FFFFFFFFFFFFFFFF
(1789440853.504936) can0 02051081#0000C84200000000
(1789440853.506426) can0 0205B881#2B1815320531E339
(1789440853.512436) can0 0205B941#0000000000000000
(1789440853.518489) can0 0205B801#00006F0600182000
(1789440853.524517) can0 01011840#FFFFFFFFFFFFFFFF
(1789440853.524905) can0 02051081#0000C84200000000
(1789440853.526423) can0 0205B881#2B1815320531E339
(1789440853.532492) can0 0205B941#0000000000000000
(1789440853.538436) can0 0205B801#0000700600182000
(1789440853.544521) can0 01011840#FFFFFFFFFFFFFFFF
(1789440853.544910) can0 02051081#0000C84200000000
(1789440853.546476) can0 0205B881#2B1815320531E339
(1789440853.552489) can0 0205B941#0000000000000000
(1789440853.558438) can0 0205B801#0000710600182000
(1789440853.564515) can0 01011840#FFFFFFFFFFFFFFFF
(1789440853.564903) can0 02051081#0000C84200000000
(1789440853.566428) can0 0205B881#2B1815320531E339
(1789440853.572443) can0 0205B941#0000000000000000
(1789440853.578438) can0 0205B801#0000700600182000
(1789440853.584513) can0 01011840#FFFFFFFFFFFFFFFF
(1789440853.584898) can0 02051081#0000C84200000000
(1789440853.586425) can0 0205B881#2B1815320531E339
(1789440853.592487) can0 0205B941#0000000000000000
(1789440853.598439) can0 0205B801#0000710600182000
(1789440853.600434) can0 0205B841#0000000000400000
(1789440853.604514) can0 01011840#FFFFFFFFFFFFFFFF
(1789440853.604902) can0 02051081#0000C84200000000
(1789440853.606480) can0 0205B881#2B1815320531E339
(1789440853.612487) can0 0205B941#0000000000000000
(1789440853.615438) can0 02051801#0000FFFFFFFF0000
(1789440853.617582) can0 0205BC01#6B392E9A
(1789440853.618428) can0 0205B801#00007B0600182000
(1789440853.624508) can0 01011840#FFFFFFFFFFFFFFFF
(1789440853.624892) can0 02051081#0000C84200000000
(1789440853.626429) can0 0205B881#2B1815320531E339
(1789440853.632491) can0 0205B941#0000000000000000
(1789440853.638485) can0 0205B801#0000710600182000
(1789440853.644515) can0 01011840#FFFFFFFFFFFFFFFF
(1789440853.644904) can0 02051081#0000C84200000000
(1789440853.646478) can0 0205B881#2B1815320531E339
(1789440853.652442) can0 0205B941#0000000000000000
(1789440853.658432) can0 0205B801#0000720600182000
(1789440853.664513) can0 01011840#FFFFFFFFFFFFFFFF
(1789440853.664902) can0 02051081#0000C84200000000
(1789440853.666427) can0 0205B881#2B1815320531E339
(1789440853.672435) can0 0205B941#0000000000000000
(1789440853.678427) can0 0205B801#0000730600182000
(1789440853.684528) can0 01011840#FFFFFFFFFFFFFFFF
(1789440853.684925) can0 02051081#0000C84200000000
(1789440853.686422) can0 0205B881#2B1815320531E339
(1789440853.692450) can0 0205B941#0000000000000000
(1789440853.698484) can0 0205B801#0000730600182000
(1789440853.704514) can0 01011840#FFFFFFFFFFFFFFFF
(1789440853.704881) can0 02051081#0000C84200000000
(1789440853.706460) can0 0205B881#2B1815320531E339
(1789440853.712428) can0 0205B941#0000000000000000
(1789440853.718477) can0 0205B801#0000750600182000
(1789440853.724500) can0 01011840#FFFFFFFFFFFFFFFF
(1789440853.724872) can0 02051081#0000C84200000000
(1789440853.726473) can0 0205B881#2B1815320531E339
(1789440853.732442) can0 0205B941#0000000000000000
(1789440853.738480) can0 0205B801#0000750600182000
(1789440853.744567) can0 01011840#FFFFFFFFFFFFFFFF
(1789440853.744964) can0 02051081#0000C84200000000
(1789440853.746474) can0 0205B881#2B1815320531E339
(1789440853.752437) can0 0205B941#0000000000000000
(1789440853.758479) can0 0205B801#0000750600182000
(1789440853.764509) can0 01011840#FFFFFFFFFFFFFFFF
(1789440853.764895) can0 02051081#0000C84200000000
(1789440853.766470) can0 0205B881#2B1815320531E339
(1789440853.772431) can0 0205B941#0000000000000000
(1789440853.778432) can0 0205B801#0000760600182000
(1789440853.784514) can0 01011840#FFFFFFFFFFFFFFFF
(1789440853.784902) can0 02051081#0000C84200000000
(1789440853.786422) can0 0205B881#2B1815320531E339
(1789440853.792435) can0 0205B941#0000000000000000
(1789440853.798481) can0 0205B801#0000760600182000
(1789440853.804515) can0 01011840#FFFFFFFFFFFFFFFF
(1789440853.804903) can0 02051081#0000C84200000000
(1789440853.806474) can0 0205B881#2B1815320531E339
(1789440853.812435) can0 0205B941#0000000000000000
(1789440853.818433) can0 0205B801#0000760600182000
(1789440853.824522) can0 01011840#FFFFFFFFFFFFFFFF
(1789440853.824905) can0 02051081#0000C84200000000
(1789440853.826424) can0 0205B881#2B1815320531E339
(1789440853.832487) can0 0205B941#0000000000000000
(1789440853.838431) can0 0205B801#0000770600182000
(1789440853.844518) can0 01011840#FFFFFFFFFFFFFFFF
(1789440853.844905) can0 02051081#0000C84200000000
(1789440853.846475) can0 0205B881#2B1815320531E339
(1789440853.850433) can0 0205B841#0000000000400000
(1789440853.852480) can0 0205B941#0000000000000000
(1789440853.858480) can0 0205B801#0000770600182000
(1789440853.864517) can0 01011840#FFFFFFFFFFFFFFFF
(1789440853.864904) can0 02051081#0000C84200000000
(1789440853.866424) can0 0205B881#2B1815320531E339
(1789440853.872482) can0 0205B941#0000000000000000
(1789440853.878477) can0 0205B801#0000770600182000
(1789440853.884523) can0 01011840#FFFFFFFFFFFFFFFF
(1789440853.884909) can0 02051081#0000C84200000000
(1789440853.886472) can0 0205B881#2B1815320531E339
(1789440853.892429) can0 0205B941#0000000000000000
(1789440853.898480) can0 0205B801#0000790600182000
(1789440853.904576) can0 01011840#FFFFFFFFFFFFFFFF
(1789440853.904967) can0 02051081#0000C84200000000
(1789440853.906424) can0 0205B881#2B1815320531E339
(1789440853.912437) can0 0205B941#0000000000000000
(1789440853.918436) can0 0205B801#0000790600182000
(1789440853.924518) can0 01011840#FFFFFFFFFFFFFFFF
(1789440853.924905) can0 02051081#0000C84200000000
(1789440853.926470) can0 0205B881#2B1815320531E339
(1789440853.932436) can0 0205B941#0000000000000000
(1789440853.938435) can0 0205B801#0000790600182000
(1789440853.944522) can0 01011840#FFFFFFFFFFFFFFFF
(1789440853.944910) can0 02051081#0000C84200000000
(1789440853.946423) can0 0205B881#2B1815320531E339
(1789440853.952486) can0 0205B941#0000000000000000
(1789440853.958481) can0 0205B801#0000790600182000
(1789440853.964514) can0 01011840#FFFFFFFFFFFFFFFF
(1789440853.964901) can0 02051081#0000C84200000000
(1789440853.966470) can0 0205B881#2B1815320531E339
(1789440853.972431) can0 0205B941#0000000000000000
(1789440853.978430) can0 0205B801#00007A0600182000
(1789440853.984514) can0 01011840#FFFFFFFFFFFFFFFF
(1789440853.984901) can0 02051081#0000C84200000000
(1789440853.986466) can0 0205B881#2B1815320531E339
(1789440853.992441) can0 0205B941#0000000000000000
(1789440853.998523) can0 0205B801#0000790600182000
(1789440854.004546) can0 01011840#FFFFFFFFFFFFFFFF
(1789440854.004934) can0 02051081#0000C84200000000
(1789440854.006419) can0 0205B881#2B1815320531E339
(1789440854.012474) can0 0205B941#0000000000000000
(1789440854.018478) can0 0205B801#00007A0600182000
(1789440854.024559) can0 01011840#FFFFFFFFFFFFFFFF
(1789440854.024944) can0 02051081#0000C84200000000
(1789440854.026420) can0 0205B881#2B1815320531E339
(1789440854.032480) can0 0205B941#0000000000000000
(1789440854.038486) can0 0205B801#00007C0600182000
(1789440854.044558) can0 01011840#FFFFFFFFFFFFFFFF
(1789440854.044997) can0 02051081#0000C84200000000
(1789440854.046474) can0 0205B881#2B1815320531E339
(1789440854.052431) can0 0205B941#0000000000000000
(1789440854.058475) can0 0205B801#0000780600182000
(1789440854.064638) can0 01011840#FFFFFFFFFFFFFFFF
(1789440854.065089) can0 02051081#0000C84200000000
(1789440854.066478) can0 0205B881#2B1815320531E339
(1789440854.072431) can0 0205B941#0000000000000000
(1789440854.078419) can0 0205B801#0000770600182000
(1789440854.084548) can0 01011840#FFFFFFFFFFFFFFFF
(1789440854.084932) can0 02051081#0000C84200000000
(1789440854.086417) can0 0205B881#2B1815320531E339
(1789440854.092427) can0 0205B941#0000000000000000
(1789440854.098423) can0 0205B801#0000760600182000
(1789440854.100422) can0 0205B841#0000000000400000
(1789440854.104518) can0 01011840#FFFFFFFFFFFFFFFF
(1789440854.104901) can0 02051081#0000C84200000000
(1789440854.106464) can0 0205B881#2B1815320531E339
(1789440854.112478) can0 0205B941#0000000000000000
(1789440854.118429) can0 0205B801#0000750600182000
(1789440854.124518) can0 01011840#FFFFFFFFFFFFFFFF
(1789440854.124902) can0 02051081#0000C84200000000
(1789440854.126421) can0 0205B881#2B1815320531E339
(1789440854.132484) can0 0205B941#0000000000000000
(1789440854.138424) can0 0205B801#0000720600182000
(1789440854.144517) can0 01011840#FFFFFFFFFFFFFFFF
(1789440854.144903) can0 02051081#0000C84200000000
(1789440854.146469) can0 0205B881#2B1815320531E339
(1789440854.152475) can0 0205B941#0000000000000000
(1789440854.158473) can0 0205B801#0000710600182000
(1789440854.164513) can0 01011840#FFFFFFFFFFFFFFFF
(1789440854.164897) can0 02051081#0000C84200000000
(1789440854.166419) can0 0205B881#2B1815320531E339
(1789440854.172482) can0 0205B941#0000000000000000
(1789440854.178491) can0 0205B801#0000700600182000
(1789440854.184552) can0 01011840#FFFFFFFFFFFFFFFF
(1789440854.184943) can0 02051081#0000C84200000000
(1789440854.186422) can0 0205B881#2B1815320531E339
(1789440854.192477) can0 0205B941#0000000000000000
(1789440854.198514) can0 0205B801#00006F0600182000
(1789440854.204560) can0 01011840#FFFFFFFFFFFFFFFF
(1789440854.204944) can0 02051081#0000C84200000000
(1789440854.206464) can0 0205B881#2B1815320531E339
(1789440854.212472) can0 0205B941#0000000000000000
(1789440854.218417) can0 0205B801#0000710600182000
(1789440854.224494) can0 01011840#FFFFFFFFFFFFFFFF
(1789440854.224866) can0 02051081#0000C84200000000
(1789440854.226461) can0 0205B881#2B1815320531E339
(1789440854.232425) can0 0205B941#0000000000000000
(1789440854.238423) can0 0205B801#00006F0600182000
(1789440854.244519) can0 01011840#FFFFFFFFFFFFFFFF
(1789440854.244904) can0 02051081#0000C84200000000
(1789440854.246468) can0 0205B881#2B1815320531E339
(1789440854.252426) can0 0205B941#0000000000000000
(1789440854.258471) can0 0205B801#00006F0600182000
(1789440854.264511) can0 01011840#FFFFFFFFFFFFFFFF
(1789440854.264894) can0 02051081#0000C84200000000
(1789440854.266467) can0 0205B881#2B1815320531E339
(1789440854.272474) can0 0205B941#0000000000000000
(1789440854.278476) can0 0205B801#00006F0600182000
(1789440854.284525) can0 01011840#FFFFFFFFFFFFFFFF
(1789440854.284911) can0 02051081#0000C84200000000
(1789440854.286465) can0 0205B881#2B1815320531E339
(1789440854.292430) can0 0205B941#0000000000000000
(1789440854.298473) can0 0205B801#00006F0600182000
(1789440854.304522) can0 01011840#FFFFFFFFFFFFFFFF
(1789440854.304906) can0 02051081#0000C84200000000
(1789440854.306461) can0 0205B881#2B1815320531E339
(1789440854.312425) can0 0205B941#0000000000000000
(1789440854.318452) can0 0205B801#00006D0600182000
(1789440854.324553) can0 01011840#FFFFFFFFFFFFFFFF
(1789440854.324942) can0 02051081#0000C84200000000
(1789440854.326417) can0 0205B881#2B1815320531E339
(1789440854.332472) can0 0205B941#0000000000000000
(1789440854.338426) can0 0205B801#00006E0600182000
(1789440854.344520) can0 01011840#FFFFFFFFFFFFFFFF
(1789440854.344904) can0 02051081#0000C84200000000
(1789440854.346416) can0 0205B881#2B1815320531E339
(1789440854.350422) can0 0205B841#0000000000400000
(1789440854.352472) can0 0205B941#0000000000000000
(1789440854.358421) can0 0205B801#00006D0600182000
(1789440854.364512) can0 01011840#FFFFFFFFFFFFFFFF
(1789440854.364897) can0 02051081#0000C84200000000
(1789440854.366418) can0 0205B881#2B1815320531E339
(1789440854.372423) can0 0205B941#0000000000000000
(1789440854.378467) can0 0205B801#00006D0600182000
(1789440854.384515) can0 01011840#FFFFFFFFFFFFFFFF
(1789440854.384898) can0 02051081#0000C84200000000
(1789440854.386410) can0 0205B881#2B1815320531E339
(1789440854.392471) can0 0205B941#0000000000000000
(1789440854.398563) can0 0205B801#00006D0600182000
(1789440854.404739) can0 01011840#FFFFFFFFFFFFFFFF
(1789440854.405149) can0 02051081#0000C84200000000
(1789440854.406418) can0 0205B881#2B1815320531E339
(1789440854.412491) can0 0205B941#0000000000000000
(1789440854.418421) can0 0205B801#00006D0600182000
(1789440854.424546) can0 01011840#FFFFFFFFFFFFFFFF
(1789440854.424925) can0 02051081#0000C84200000000
(1789440854.426413) can0 0205B881#2B1815320531E339
(1789440854.432428) can0 0205B941#0000000000000000
(1789440854.438430) can0 0205B801#00006B0600182000
(1789440854.444556) can0 01011840#FFFFFFFFFFFFFFFF
(1789440854.444945) can0 02051081#0000C84200000000
(1789440854.446419) can0 0205B881#2B1815320531E339
(1789440854.452421) can0 0205B941#0000000000000000
(1789440854.458420) can0 0205B801#00006E0600182000
(1789440854.464522) can0 01011840#FFFFFFFFFFFFFFFF
(1789440854.464907) can0 02051081#0000C84200000000
(1789440854.466418) can0 0205B881#2B1815320531E339
(1789440854.472450) can0 0205B941#0000000000000000
(1789440854.478471) can0 0205B801#00006B0600182000
(1789440854.484555) can0 01011840#FFFFFFFFFFFFFFFF
(1789440854.484941) can0 02051081#0000C84200000000
(1789440854.486417) can0 0205B881#2B1815320531E339
(1789440854.492424) can0 0205B941#0000000000000000
(1789440854.498421) can0 0205B801#00006B0600182000
(1789440854.504597) can0 01011840#FFFFFFFFFFFFFFFF
(1789440854.504988) can0 02051081#0000C84200000000
(1789440854.506463) can0 0205B881#2B1815320531E339
(1789440854.512470) can0 0205B941#0000000000000000
(1789440854.518463) can0 0205B801#00006C0600182000
(1789440854.524564) can0 01011840#FFFFFFFFFFFFFFFF
(1789440854.524951) can0 02051081#0000C84200000000
(1789440854.526407) can0 0205B881#2B1815320531E339
(1789440854.532420) can0 0205B941#0000000000000000
(1789440854.538422) can0 0205B801#00006B0600182000
(1789440854.544519) can0 01011840#FFFFFFFFFFFFFFFF
(1789440854.544903) can0 02051081#0000C84200000000
(1789440854.546417) can0 0205B881#2B1815320531E339
(1789440854.552472) can0 0205B941#0000000000000000
(1789440854.558470) can0 0205B801#00006A0600182000
(1789440854.564516) can0 01011840#FFFFFFFFFFFFFFFF
(1789440854.564901) can0 02051081#0000C84200000000
(1789440854.566459) can0 0205B881#2B1815320531E339
(1789440854.572480) can0 0205B941#0000000000000000
(1789440854.578436) can0 0205B801#00006C0600182000
(1789440854.584523) can0 01011840#FFFFFFFFFFFFFFFF
(1789440854.584918) can0 02051081#0000C84200000000
(1789440854.586409) can0 0205B881#2B1815320531E339
(1789440854.592423) can0 0205B941#0000000000000000
(1789440854.598425) can0 0205B801#00006B0600182000
(1789440854.600421) can0 0205B841#0000000000400000
(1789440854.604524) can0 01011840#FFFFFFFFFFFFFFFF
(1789440854.604908) can0 02051081#0000C84200000000
(1789440854.606421) can0 0205B881#2B1815320531E339
(1789440854.612468) can0 0205B941#0000000000000000
(1789440854.615424) can0 02051801#0000FFFFFFFF0000
(1789440854.617378) can0 0205BC01#6B392E9A
(1789440854.618467) can0 0205B801#0000680600182000
(1789440854.624519) can0 01011840#FFFFFFFFFFFFFFFF
(1789440854.624904) can0 02051081#0000C84200000000
(1789440854.626409) can0 0205B881#2B1815320531E339
(1789440854.632470) can0 0205B941#0000000000000000
(1789440854.638473) can0 0205B801#00006A0600182000
(1789440854.644510) can0 01011840#FFFFFFFFFFFFFFFF
(1789440854.644894) can0 02051081#0000C84200000000
(1789440854.646408) can0 0205B881#2B1815320531E339
(1789440854.652473) can0 0205B941#0000000000000000
(1789440854.658423) can0 0205B801#00006A0600182000
(1789440854.664509) can0 01011840#FFFFFFFFFFFFFFFF
(1789440854.664893) can0 02051081#0000C84200000000
(1789440854.666416) can0 0205B881#2B1815320531E339
(1789440854.672422) can0 0205B941#0000000000000000
(1789440854.678465) can0 0205B801#00006A0600182000
(1789440854.684532) can0 01011840#FFFFFFFFFFFFFFFF
(1789440854.684921) can0 02051081#0000C84200000000
(1789440854.686459) can0 0205B881#2B1815320531E339
(1789440854.692429) can0 0205B941#0000000000000000
(1789440854.698468) can0 0205B801#00006A0600182000
(1789440854.704525) can0 01011840#FFFFFFFFFFFFFFFF
(1789440854.704911) can0 02051081#0000C84200000000
(1789440854.706466) can0 0205B881#2B1815320531E339
(1789440854.712420) can0 0205B941#0000000000000000
(1789440854.718421) can0 0205B801#0000690600182000
(1789440854.724522) can0 01011840#FFFFFFFFFFFFFFFF
(1789440854.724906) can0 02051081#0000C84200000000
(1789440854.726461) can0 0205B881#2B1815320531E339
(1789440854.732468) can0 0205B941#0000000000000000
(1789440854.738419) can0 0205B801#0000690600182000
(1789440854.744518) can0 01011840#FFFFFFFFFFFFFFFF
(1789440854.744902) can0 02051081#0000C84200000000
(1789440854.746409) can0 0205B881#2B1815320531E339
(1789440854.752421) can0 0205B941#0000000000000000
(1789440854.758470) can0 0205B801#00006A0600182000
(1789440854.764516) can0 01011840#FFFFFFFFFFFFFFFF
(1789440854.764900) can0 02051081#0000C84200000000
(1789440854.766416) can0 0205B881#2B1815320531E339
(1789440854.772515) can0 0205B941#0000000000000000
(1789440854.778425) can0 0205B801#00006A0600182000
(1789440854.784554) can0 01011840#FFFFFFFFFFFFFFFF
(1789440854.784939) can0 02051081#0000C84200000000
(1789440854.786457) can0 0205B881#2B1815320531E339
(1789440854.792419) can0 0205B941#0000000000000000
(1789440854.798463) can0 0205B801#0000690600182000
(1789440854.804515) can0 01011840#FFFFFFFFFFFFFFFF
(1789440854.804900) can0 02051081#0000C84200000000
(1789440854.806458) can0 0205B881#2B1815320531E339
(1789440854.812471) can0 0205B941#0000000000000000
(1789440854.818466) can0 0205B801#00006A0600182000
(1789440854.824516) can0 01011840#FFFFFFFFFFFFFFFF
(1789440854.824900) can0 02051081#0000C84200000000
(1789440854.826409) can0 0205B881#2B1815320531E339
(1789440854.832465) can0 0205B941#0000000000000000
(1789440854.838468) can0 0205B801#0000690600182000
(1789440854.844517) can0 01011840#FFFFFFFFFFFFFFFF
(1789440854.844903) can0 02051081#0000C84200000000
(1789440854.846406) can0 0205B881#2B1815320531E339
(1789440854.850507) can0 0205B841#0000000000400000
(1789440854.852422) can0 0205B941#0000000000000000
(1789440854.858419) can0 0205B801#0000690600182000
(1789440854.864518) can0 01011840#FFFFFFFFFFFFFFFF
(1789440854.864903) can0 02051081#0000C84200000000
(1789440854.866455) can0 0205B881#2B1815320531E339
(1789440854.872469) can0 0205B941#0000000000000000
(1789440854.878461) can0 0205B801#00006A0600182000
(1789440854.884523) can0 01011840#FFFFFFFFFFFFFFFF
(1789440854.884908) can0 02051081#0000C84200000000
(1789440854.886409) can0 0205B881#2B1815320531E339
(1789440854.892463) can0 0205B941#0000000000000000
(1789440854.898474) can0 0205B801#0000680600182000
(1789440854.904512) can0 01011840#FFFFFFFFFFFFFFFF
(1789440854.904897) can0 02051081#0000C84200000000
(1789440854.906459) can0 0205B881#2B1815320531E339
(1789440854.912469) can0 0205B941#0000000000000000
(1789440854.918419) can0 0205B801#0000690600182000
(1789440854.924521) can0 01011840#FFFFFFFFFFFFFFFF
(1789440854.924905) can0 02051081#0000C84200000000
(1789440854.926452) can0 0205B881#2B1815320531E339
(1789440854.932419) can0 0205B941#0000000000000000
(1789440854.938427) can0 0205B801#00006B0600182000
(1789440854.944517) can0 01011840#FFFFFFFFFFFFFFFF
(1789440854.944903) can0 02051081#0000C84200000000
(1789440854.946455) can0 0205B881#2B1815320531E339
(1789440854.952469) can0 0205B941#0000000000000000
(1789440854.958541) can0 0205B801#0000680600182000
(1789440854.964579) can0 01011840#FFFFFFFFFFFFFFFF
(1789440854.964970) can0 02051081#0000C84200000000
(1789440854.966400) can0 0205B881#2B1815320531E339
(1789440854.972461) can0 0205B941#0000000000000000
(1789440854.978420) can0 0205B801#0000690600182000
(1789440854.984534) can0 01011840#FFFFFFFFFFFFFFFF
(1789440854.984917) can0 02051081#0000C84200000000
(1789440854.986405) can0 0205B881#2B1815320531E339
(1789440854.992419) can0 0205B941#0000000000000000
(1789440854.998420) can0 0205B801#00006A0600182000
(1789440855.004524) can0 01011840#FFFFFFFFFFFFFFFF
(1789440855.004910) can0 02051081#0000C84200000000
(1789440855.006451) can0 0205B881#2B1815320531E339
(1789440855.012419) can0 0205B941#0000000000000000
(1789440855.018416) can0 0205B801#0000690600182000
(1789440855.024575) can0 01011840#FFFFFFFFFFFFFFFF
(1789440855.024988) can0 02051081#0000C84200000000
(1789440855.026460) can0 0205B881#2B1815320531E339
(1789440855.032419) can0 0205B941#0000000000000000
(1789440855.038484) can0 0205B801#0000680600182000
(1789440855.044645) can0 01011840#FFFFFFFFFFFFFFFF
(1789440855.045043) can0 02051081#0000C84200000000
(1789440855.046456) can0 0205B881#2B1815320531E339
(1789440855.052421) can0 0205B941#0000000000000000
(1789440855.058423) can0 0205B801#00006A0600182000
(1789440855.064528) can0 01011840#FFFFFFFFFFFFFFFF
(1789440855.064913) can0 02051081#0000C84200000000
(1789440855.066403) can0 0205B881#2B1815320531E339
(1789440855.072468) can0 0205B941#0000000000000000
(1789440855.078420) can0 0205B801#00006A0600182000
(1789440855.084545) can0 01011840#FFFFFFFFFFFFFFFF
(1789440855.084931) can0 02051081#0000C84200000000
(1789440855.086457) can0 0205B881#2B1815320531E339
(1789440855.092463) can0 0205B941#0000000000000000
(1789440855.098428) can0 0205B801#0000690600182000
(1789440855.100482) can0 0205B841#0000000000400000
(1789440855.104579) can0 01011840#FFFFFFFFFFFFFFFF
(1789440855.104980) can0 02051081#0000C84200000000
(1789440855.106465) can0 0205B881#2B1815320531E339
(1789440855.112418) can0 0205B941#0000000000000000
(1789440855.118458) can0 0205B801#00006A0600182000
(1789440855.124531) can0 01011840#FFFFFFFFFFFFFFFF
(1789440855.124908) can0 02051081#0000C84200000000
(1789440855.126458) can0 0205B881#2B1815320531E339
(1789440855.132465) can0 0205B941#0000000000000000
(1789440855.138418) can0 0205B801#0000690600182000
(1789440855.144533) can0 01011840#FFFFFFFFFFFFFFFF
(1789440855.144917) can0 02051081#0000C84200000000
(1789440855.146451) can0 0205B881#2B1815320531E339
(1789440855.152462) can0 0205B941#0000000000000000
(1789440855.158417) can0 0205B801#00006A0600182000
(1789440855.164515) can0 01011840#FFFFFFFFFFFFFFFF
(1789440855.164898) can0 02051081#0000C84200000000
(1789440855.166400) can0 0205B881#2B1815320531E339
(1789440855.172464) can0 0205B941#0000000000000000
(1789440855.178425) can0 0205B801#00006C0600182000
(1789440855.184523) can0 01011840#FFFFFFFFFFFFFFFF
(1789440855.184908) can0 02051081#0000C84200000000
(1789440855.186457) can0 0205B881#2B1815320531E339
(1789440855.192471) can0 0205B941#0000000000000000
(1789440855.198464) can0 0205B801#00006A0600182000
(1789440855.204570) can0 01011840#FFFFFFFFFFFFFFFF
(1789440855.205066) can0 02051081#0000C84200000000
(1789440855.206449) can0 0205B881#2B1815320531E339
(1789440855.212422) can0 0205B941#0000000000000000
(1789440855.218463) can0 0205B801#00006A0600182000
(1789440855.224519) can0 01011840#FFFFFFFFFFFFFFFF
(1789440855.224903) can0 02051081#0000C84200000000
(1789440855.226450) can0 0205B881#2B1815320531E339
(1789440855.232459) can0 0205B941#0000000000000000
(1789440855.238407) can0 0205B801#00006B0600182000
(1789440855.244517) can0 01011840#FFFFFFFFFFFFFFFF
(1789440855.244901) can0 02051081#0000C84200000000
(1789440855.246403) can0 0205B881#2B1815320531E339
(1789440855.252409) can0 0205B941#0000000000000000
(1789440855.258460) can0 0205B801#00006A0600182000
(1789440855.264508) can0 01011840#FFFFFFFFFFFFFFFF
(1789440855.264892) can0 02051081#0000C84200000000
(1789440855.266450) can0 0205B881#2B1815320531E339
(1789440855.272422) can0 0205B941#0000000000000000
(1789440855.278463) can0 0205B801#00006B0600182000
(1789440855.284522) can0 01011840#FFFFFFFFFFFFFFFF
(1789440855.284909) can0 02051081#0000C84200000000
(1789440855.286404) can0 0205B881#2B1815320531E339
(1789440855.292410) can0 0205B941#0000000000000000
(1789440855.298410) can0 0205B801#00006E0600182000
(1789440855.304513) can0 01011840#FFFFFFFFFFFFFFFF
(1789440855.304897) can0 02051081#0000C84200000000
(1789440855.306447) can0 0205B881#2B1815320531E339
(1789440855.312410) can0 0205B941#0000000000000000
(1789440855.318410) can0 0205B801#00006C0600182000
(1789440855.324521) can0 01011840#FFFFFFFFFFFFFFFF
(1789440855.324905) can0 02051081#0000C84200000000
(1789440855.326403) can0 0205B881#2B1815320531E339
(1789440855.332463) can0 0205B941#0000000000000000
(1789440855.338459) can0 0205B801#00006C0600182000
(1789440855.344516) can0 01011840#FFFFFFFFFFFFFFFF
(1789440855.344900) can0 02051081#0000C84200000000
(1789440855.346450) can0 0205B881#2B1815320531E339
(1789440855.350410) can0 0205B841#0000000000400000
(1789440855.352419) can0 0205B941#0000000000000000
(1789440855.358483) can0 0205B801#00006D0600182000
(1789440855.364557) can0 01011840#FFFFFFFFFFFFFFFF
(1789440855.364947) can0 02051081#0000C84200000000
(1789440855.366444) can0 0205B881#2B1815320531E339
(1789440855.372463) can0 0205B941#0000000000000000
(1789440855.378408) can0 0205B801#00006B0600182000
(1789440855.384528) can0 01011840#FFFFFFFFFFFFFFFF
(1789440855.384913) can0 02051081#0000C84200000000
(1789440855.386451) can0 0205B881#2B1815320531E339
(1789440855.392415) can0 0205B941#0000000000000000
(1789440855.398458) can0 0205B801#00006D0600182000
(1789440855.404511) can0 01011840#FFFFFFFFFFFFFFFF
(1789440855.404895) can0 02051081#0000C84200000000
(1789440855.406446) can0 0205B881#2B1815320531E339
(1789440855.412458) can0 0205B941#0000000000000000
(1789440855.418537) can0 0205B801#00006E0600182000
(1789440855.424678) can0 01011840#FFFFFFFFFFFFFFFF
(1789440855.425070) can0 02051081#0000C84200000000
(1789440855.426396) can0 0205B881#2B1815320531E339
(1789440855.432425) can0 0205B941#0000000000000000
(1789440855.438429) can0 0205B801#00006E0600182000
(1789440855.444543) can0 01011840#FFFFFFFFFFFFFFFF
(1789440855.444928) can0 02051081#0000C84200000000
(1789440855.446393) can0 0205B881#2B1815320531E339
(1789440855.452409) can0 0205B941#0000000000000000
(1789440855.458461) can0 0205B801#00006D0600182000
(1789440855.464547) can0 01011840#FFFFFFFFFFFFFFFF
(1789440855.464932) can0 02051081#0000C84200000000
(1789440855.466450) can0 0205B881#2B1815320531E339
(1789440855.472461) can0 0205B941#0000000000000000
(1789440855.478458) can0 0205B801#00006F0600182000
(1789440855.484527) can0 01011840#FFFFFFFFFFFFFFFF
(1789440855.484913) can0 02051081#0000C84200000000
(1789440855.486400) can0 0205B881#2B1815320531E339
(1789440855.492473) can0 0205B941#0000000000000000
(1789440855.498403) can0 0205B801#00006F0600182000
(1789440855.504546) can0 01011840#FFFFFFFFFFFFFFFF
(1789440855.504931) can0 02051081#0000C84200000000
(1789440855.506442) can0 0205B881#2B1815320531E339
(1789440855.512408) can0 0205B941#0000000000000000
(1789440855.518459) can0 0205B801#00006E0600182000
(1789440855.524529) can0 01011840#FFFFFFFFFFFFFFFF
(1789440855.524913) can0 02051081#0000C84200000000
(1789440855.526400) can0 0205B881#2B1815320531E339
(1789440855.532408) can0 0205B941#0000000000000000
(1789440855.538472) can0 0205B801#0000700600182000
(1789440855.544577) can0 01011840#FFFFFFFFFFFFFFFF
(1789440855.544971) can0 02051081#0000C84200000000
(1789440855.546446) can0 0205B881#2B1815320531E339
(1789440855.552461) can0 0205B941#0000000000000000
(1789440855.558409) can0 0205B801#0000700600182000
(1789440855.564516) can0 01011840#FFFFFFFFFFFFFFFF
(1789440855.564903) can0 02051081#0000C84200000000
(1789440855.566399) can0 0205B881#2B1815320531E339
(1789440855.572461) can0 0205B941#0000000000000000
(1789440855.578406) can0 0205B801#0000710600182000
(1789440855.584492) can0 01011840#FFFFFFFFFFFFFFFF
(1789440855.584878) can0 02051081#0000C84200000000
(1789440855.586447) can0 0205B881#2B1815320531E339
(1789440855.592460) can0 0205B941#0000000000000000
(1789440855.598402) can0 0205B801#0000730600182000
(1789440855.600457) can0 0205B841#0000000000400000
(1789440855.604486) can0 01011840#FFFFFFFFFFFFFFFF
(1789440855.604871) can0 02051081#0000C84200000000
(1789440855.606449) can0 0205B881#2B1815320531E339
(1789440855.612411) can0 0205B941#0000000000000000
(1789440855.615604) can0 02051801#0000FFFFFFFF0000
(1789440855.617354) can0 0205BC01#6B392E9A
(1789440855.618455) can0 0205B801#0000790600182000
(1789440855.624483) can0 01011840#FFFFFFFFFFFFFFFF
(1789440855.624870) can0 02051081#0000C84200000000
(1789440855.626449) can0 0205B881#2B1815320531E339
(1789440855.632404) can0 0205B941#0000000000000000
(1789440855.638457) can0 0205B801#0000720600182000
(1789440855.644493) can0 01011840#FFFFFFFFFFFFFFFF
(1789440855.644875) can0 02051081#0000C84200000000
(1789440855.646400) can0 0205B881#2B1815320531E339
(1789440855.652458) can0 0205B941#0000000000000000
(1789440855.658405) can0 0205B801#0000750600182000
(1789440855.664493) can0 01011840#FFFFFFFFFFFFFFFF
(1789440855.664880) can0 02051081#0000C84200000000
(1789440855.666394) can0 0205B881#2B1815320531E339
(1789440855.672460) can0 0205B941#0000000000000000
(1789440855.678402) can0 0205B801#0000720600182000
(1789440855.684517) can0 01011840#FFFFFFFFFFFFFFFF
(1789440855.684911) can0 02051081#0000C84200000000
(1789440855.686449) can0 0205B881#2B1815320531E339
(1789440855.692425) can0 0205B941#0000000000000000
(1789440855.698460) can0 0205B801#0000730600182000
(1789440855.704579) can0 01011840#FFFFFFFFFFFFFFFF
(1789440855.704987) can0 02051081#0000C84200000000
(1789440855.706462) can0 0205B881#2B1815320531E339
(1789440855.712458) can0 0205B941#0000000000000000
(1789440855.718467) can0 0205B801#0000750600182000
(1789440855.724531) can0 01011840#FFFFFFFFFFFFFFFF
(1789440855.724913) can0 02051081#0000C84200000000
(1789440855.726395) can0 0205B881#2B1815320531E339
(1789440855.732460) can0 0205B941#0000000000000000
(1789440855.738459) can0 0205B801#0000740600182000
(1789440855.744505) can0 01011840#FFFFFFFFFFFFFFFF
(1789440855.744891) can0 02051081#0000C84200000000
(1789440855.746450) can0 0205B881#2B1815320531E339
(1789440855.752462) can0 0205B941#0000000000000000
(1789440855.758458) can0 0205B801#0000750600182000
(1789440855.764522) can0 01011840#FFFFFFFFFFFFFFFF
(1789440855.764909) can0 02051081#0000C84200000000
(1789440855.766445) can0 0205B881#2B1815320531E339
(1789440855.772404) can0 0205B941#0000000000000000
(1789440855.778419) can0 0205B801#0000770600182000
(1789440855.784526) can0 01011840#FFFFFFFFFFFFFFFF
(1789440855.784914) can0 02051081#0000C84200000000
(1789440855.786440) can0 0205B881#2B1815320531E339
(1789440855.792490) can0 0205B941#0000000000000000
(1789440855.798465) can0 0205B801#0000760600182000
(1789440855.804532) can0 01011840#FFFFFFFFFFFFFFFF
(1789440855.804908) can0 02051081#0000C84200000000
(1789440855.806389) can0 0205B881#2B1815320531E339
(1789440855.812450) can0 0205B941#0000000000000000
(1789440855.818407) can0 0205B801#0000780600182000
(1789440855.824508) can0 01011840#FFFFFFFFFFFFFFFF
(1789440855.824897) can0 02051081#0000C84200000000
(1789440855.826394) can0 0205B881#2B1815320531E339
(1789440855.832404) can0 0205B941#0000000000000000
(1789440855.838402) can0 0205B801#0000780600182000
(1789440855.844483) can0 01011840#FFFFFFFFFFFFFFFF
(1789440855.844867) can0 02051081#0000C84200000000
(1789440855.846439) can0 0205B881#2B1815320531E339
(1789440855.850401) can0 0205B841#0000000000400000
(1789440855.852407) can0 0205B941#0000000000000000
(1789440855.858410) can0 0205B801#0000780600182000
(1789440855.864485) can0 01011840#FFFFFFFFFFFFFFFF
(1789440855.864869) can0 02051081#0000C84200000000
(1789440855.866442) can0 0205B881#2B1815320531E339
(1789440855.872402) can0 0205B941#0000000000000000
(1789440855.878400) can0 0205B801#0000770600182000
(1789440855.884520) can0 01011840#FFFFFFFFFFFFFFFF
(1789440855.884911) can0 02051081#0000C84200000000
(1789440855.886443) can0 0205B881#2B1815320531E339
(1789440855.892402) can0 0205B941#0000000000000000
(1789440855.898400) can0 0205B801#00007A0600182000
(1789440855.904500) can0 01011840#FFFFFFFFFFFFFFFF
(1789440855.904887) can0 02051081#0000C84200000000
(1789440855.906438) can0 0205B881#2B1815320531E339
(1789440855.912450) can0 0205B941#0000000000000000
(1789440855.918452) can0 0205B801#0000790600182000
(1789440855.924495) can0 01011840#FFFFFFFFFFFFFFFF
(1789440855.924882) can0 02051081#0000C84200000000
(1789440855.926444) can0 0205B881#2B1815320531E339
(1789440855.932408) can0 0205B941#0000000000000000
(1789440855.938416) can0 0205B801#00007A0600182000
(1789440855.944514) can0 01011840#FFFFFFFFFFFFFFFF
(1789440855.944898) can0 02051081#0000C84200000000
(1789440855.946388) can0 0205B881#2B1815320531E339
(1789440855.952404) can0 0205B941#0000000000000000
(1789440855.958399) can0 0205B801#00007A0600182000
(1789440855.964489) can0 01011840#FFFFFFFFFFFFFFFF
(1789440855.964874) can0 02051081#0000C84200000000
(1789440855.966437) can0 0205B881#2B1815320531E339
(1789440855.972459) can0 0205B941#0000000000000000
(1789440855.978460) can0 0205B801#00007A0600182000
(1789440855.984510) can0 01011840#FFFFFFFFFFFFFFFF
(1789440855.984907) can0 02051081#0000C84200000000
(1789440855.986436) can0 0205B881#2B1815320531E339
(1789440855.992467) can0 0205B941#0000000000000000
(1789440855.998456) can0 0205B801#00007A0600182000
(1789440856.004521) can0 01011840#FFFFFFFFFFFFFFFF
(1789440856.004910) can0 02051081#0000C84200000000
(1789440856.006440) can0 0205B881#2B1815320531E339
(1789440856.012461) can0 0205B941#0000000000000000
(1789440856.018400) can0 0205B801#00007B0600182000
(1789440856.024494) can0 01011840#FFFFFFFFFFFFFFFF
(1789440856.024884) can0 02051081#0000C84200000000
(1789440856.026400) can0 0205B881#2B1815320531E339
(1789440856.032451) can0 0205B941#0000000000000000
(1789440856.038401) can0 0205B801#0000780600182000
(1789440856.044489) can0 01011840#FFFFFFFFFFFFFFFF
(1789440856.044904) can0 02051081#0000C84200000000
(1789440856.046402) can0 0205B881#2B1815320531E339
(1789440856.052448) can0 0205B941#0000000000000000
(1789440856.058462) can0 0205B801#0000770600182000
(1789440856.064544) can0 01011840#FFFFFFFFFFFFFFFF
(1789440856.064931) can0 02051081#0000C84200000000
(1789440856.066391) can0 0205B881#2B1815320531E339
(1789440856.072475) can0 0205B941#0000000000000000
(1789440856.078458) can0 0205B801#0000760600182000
(1789440856.084544) can0 01011840#FFFFFFFFFFFFFFFF
(1789440856.084936) can0 02051081#0000C84200000000
(1789440856.086394) can0 0205B881#2B1815320531E339
(1789440856.092457) can0 0205B941#0000000000000000
(1789440856.098457) can0 0205B801#0000730600182000
(1789440856.100402) can0 0205B841#0000000000400000
(1789440856.104527) can0 01011840#FFFFFFFFFFFFFFFF
(1789440856.104915) can0 02051081#0000C84200000000
(1789440856.106393) can0 0205B881#2B1815320531E339
(1789440856.112449) can0 0205B941#0000000000000000
(1789440856.118403) can0 0205B801#0000730600182000
(1789440856.124556) can0 01011840#FFFFFFFFFFFFFFFF
(1789440856.124948) can0 02051081#0000C84200000000
(1789440856.126390) can0 0205B881#2B1815320531E339
(1789440856.132464) can0 0205B941#0000000000000000
(1789440856.138448) can0 0205B801#0000720600182000
(1789440856.144536) can0 01011840#FFFFFFFFFFFFFFFF
(1789440856.144923) can0 02051081#0000C84200000000
(1789440856.146391) can0 0205B881#2B1815320531E339
(1789440856.152404) can0 0205B941#0000000000000000
(1789440856.158401) can0 0205B801#0000700600182000
(1789440856.164505) can0 01011840#FFFFFFFFFFFFFFFF
(1789440856.164896) can0 02051081#0000C84200000000
(1789440856.166392) can0 0205B881#2B1815320531E339
(1789440856.172458) can0 0205B941#0000000000000000
(1789440856.178404) can0 0205B801#0000700600182000
(1789440856.184493) can0 01011840#FFFFFFFFFFFFFFFF
(1789440856.184879) can0 02051081#0000C84200000000
(1789440856.186439) can0 0205B881#2B1815320531E339
(1789440856.192407) can0 0205B941#0000000000000000
(1789440856.198450) can0 0205B801#00006F0600182000
(1789440856.204533) can0 01011840#FFFFFFFFFFFFFFFF
(1789440856.204935) can0 02051081#0000C84200000000
(1789440856.206447) can0 0205B881#2B1815320531E339
(1789440856.212403) can0 0205B941#0000000000000000
(1789440856.218399) can0 0205B801#00006F0600182000
(1789440856.224535) can0 01011840#FFFFFFFFFFFFFFFF
(1789440856.224923) can0 02051081#0000C84200000000
(1789440856.226391) can0 0205B881#2B1815320531E339
(1789440856.232399) can0 0205B941#0000000000000000
(1789440856.238406) can0 0205B801#00006F0600182000
(1789440856.244525) can0 01011840#FFFFFFFFFFFFFFFF
(1789440856.244912) can0 02051081#0000C84200000000
(1789440856.246388) can0 0205B881#2B1815320531E339
(1789440856.252451) can0 0205B941#0000000000000000
(1789440856.258444) can0 0205B801#00006F0600182000
(1789440856.264494) can0 01011840#FFFFFFFFFFFFFFFF
(1789440856.264880) can0 02051081#0000C84200000000
(1789440856.266389) can0 0205B881#2B1815320531E339
(1789440856.272400) can0 0205B941#0000000000000000
(1789440856.278449) can0 0205B801#00006E0600182000
(1789440856.284519) can0 01011840#FFFFFFFFFFFFFFFF
(1789440856.284907) can0 02051081#0000C84200000000
(1789440856.286434) can0 0205B881#2B1815320531E339
(1789440856.292397) can0 0205B941#0000000000000000
(1789440856.298398) can0 0205B801#00006E0600182000
(1789440856.304558) can0 01011840#FFFFFFFFFFFFFFFF
(1789440856.304962) can0 02051081#0000C84200000000
(1789440856.306404) can0 0205B881#2B1815320531E339
(1789440856.312399) can0 0205B941#0000000000000000
(1789440856.318441) can0 0205B801#00006E0600182000
(1789440856.324536) can0 01011840#FFFFFFFFFFFFFFFF
(1789440856.324917) can0 02051081#0000C84200000000
(1789440856.326432) can0 0205B881#2B1815320531E339
(1789440856.332399) can0 0205B941#0000000000000000
(1789440856.338392) can0 0205B801#00006D0600182000
(1789440856.344521) can0 01011840#FFFFFFFFFFFFFFFF
(1789440856.344905) can0 02051081#0000C84200000000
(1789440856.346434) can0 0205B881#2B1815320531E339
(1789440856.350445) can0 0205B841#0000000000400000
(1789440856.352442) can0 0205B941#0000000000000000
(1789440856.358393) can0 0205B801#00006D0600182000
(1789440856.364517) can0 01011840#FFFFFFFFFFFFFFFF
(1789440856.364902) can0 02051081#0000C84200000000
(1789440856.366384) can0 0205B881#2B1815320531E339
(1789440856.372480) can0 0205B941#0000000000000000
(1789440856.378422) can0 0205B801#00006E0600182000
(1789440856.384549) can0 01011840#FFFFFFFFFFFFFFFF
(1789440856.384933) can0 02051081#0000C84200000000
(1789440856.386434) can0 0205B881#2B1815320531E339
(1789440856.392446) can0 0205B941#0000000000000000
(1789440856.398445) can0 0205B801#00006C0600182000
(1789440856.404521) can0 01011840#FFFFFFFFFFFFFFFF
(1789440856.404906) can0 02051081#0000C84200000000
(1789440856.406385) can0 0205B881#2B1815320531E339
(1789440856.412393) can0 0205B941#0000000000000000
(1789440856.418440) can0 0205B801#00006C0600182000
(1789440856.424510) can0 01011840#FFFFFFFFFFFFFFFF
(1789440856.424894) can0 02051081#0000C84200000000
(1789440856.426383) can0 0205B881#2B1815320531E339
(1789440856.432450) can0 0205B941#0000000000000000
(1789440856.438541) can0 0205B801#00006B0600182000
(1789440856.444713) can0 01011840#FFFFFFFFFFFFFFFF
(1789440856.445105) can0 02051081#0000C84200000000
(1789440856.446382) can0 0205B881#2B1815320531E339
(1789440856.452489) can0 0205B941#0000000000000000
(1789440856.458441) can0 0205B801#00006B0600182000
(1789440856.464551) can0 01011840#FFFFFFFFFFFFFFFF
(1789440856.464932) can0 02051081#0000C84200000000
(1789440856.466384) can0 0205B881#2B1815320531E339
(1789440856.472399) can0 0205B941#0000000000000000
(1789440856.478394) can0 0205B801#00006C0600182000
(1789440856.484537) can0 01011840#FFFFFFFFFFFFFFFF
(1789440856.484924) can0 02051081#0000C84200000000
(1789440856.486384) can0 0205B881#2B1815320531E339
(1789440856.492441) can0 0205B941#0000000000000000
(1789440856.498443) can0 0205B801#00006C0600182000
(1789440856.504517) can0 01011840#FFFFFFFFFFFFFFFF
(1789440856.504902) can0 02051081#0000C84200000000
(1789440856.506436) can0 0205B881#2B1815320531E339
(1789440856.512416) can0 0205B941#0000000000000000
(1789440856.518392) can0 0205B801#00006B0600182000
(1789440856.524545) can0 01011840#FFFFFFFFFFFFFFFF
