0.000000000	0.000000000	0.000000000
0.020000000	0.000000000	0.000000000
0.040000000	0.000000000	0.000000000
0.060000000	0.000000000	0.000000000
0.080000000	0.000000000	0.000000000
0.100000000	0.000000000	0.000000000
0.120000000	0.000000000	0.000000000
0.140000000	0.000000000	0.000000000
0.160000000	0.000000000	0.000000000
0.180000000	0.000000000	0.000000000
0.200000000	0.000000000	0.000000000
0.220000000	0.000000000	0.000000000
0.240000000	0.000000000	0.000000000
0.260000000	0.000000000	0.000000000
0.280000000	0.000000000	0.000000000
0.300000000	0.000000000	0.000000000
0.320000000	0.000000000	0.000000000
0.340000000	0.000000000	0.000000000
0.360000000	0.000000000	0.000000000
0.380000000	0.000000000	0.000000000
0.400000000	0.000000000	0.000000000
0.420000000	0.000000000	0.000000000
0.440000000	0.000000000	0.000000000
0.460000000	0.000000000	0.000000000
0.480000000	0.000000000	0.000000000
0.500000000	0.000000000	0.000000000
0.520000000	0.000000000	0.000000000
0.540000000	0.000000000	0.000000000
0.560000000	0.000000000	0.000000000
0.580000000	0.000000000	0.000000000
0.600000000	0.000000000	0.000000000
0.620000000	0.000000000	0.000000000
0.640000000	0.000000000	0.000000000
0.660000000	0.000000000	0.000000000
0.680000000	0.000000000	0.000000000
0.700000000	0.000000000	0.000000000
0.720000000	0.000000000	0.000000000
0.740000000	0.000000000	0.000000000
0.760000000	0.000000000	0.000000000
0.780000000	0.000000000	0.000000000
0.800000000	0.000000000	0.000000000
0.820000000	0.000000000	0.000000000
0.840000000	0.000000000	0.000000000
0.860000000	0.000000000	0.000000000
0.880000000	0.000000000	0.000000000
0.900000000	0.000000000	0.000000000
0.920000000	0.000000000	0.000000000
0.940000000	0.000000000	0.000000000
0.960000000	0.000000000	0.000000000
0.980000000	0.000000000	0.000000000
1.000000000	0.000000000	0.000000000
1.020000000	0.000000000	0.000000000
1.040000000	0.000000000	0.000000000
1.060000000	0.000000000	0.000000000
1.080000000	0.000000000	0.000000000
1.100000000	0.000000000	0.000000000
1.120000000	0.000000000	0.000000000
1.140000000	0.000000000	0.000000000
1.160000000	0.000000000	0.000000000
1.180000000	0.000000000	0.000000000
1.200000000	0.000000000	0.000000000
1.220000000	0.000000000	0.000000000
1.240000000	0.000000000	0.000000000
1.260000000	0.000000000	0.000000000
1.280000000	0.000000000	0.000000000
1.300000000	0.000000000	0.000000000
1.320000000	0.000000000	0.000000000
1.340000000	0.000000000	0.000000000
1.360000000	0.000000000	0.000000000
1.380000000	0.000000000	0.000000000
1.400000000	0.000000000	0.000000000
1.420000000	0.000000000	0.000000000
1.440000000	0.000000000	0.000000000
1.460000000	0.000000000	0.000000000
1.480000000	0.000000000	0.000000000
1.500000000	0.000000000	0.000000000
1.520000000	0.000000000	0.000000000
1.540000000	0.000000000	0.000000000
1.560000000	0.000000000	0.000000000
1.580000000	0.000000000	0.000000000
1.600000000	0.000000000	0.000000000
1.620000000	0.000000000	0.000000000
1.640000000	0.000000000	0.000000000
1.660000000	0.000000000	0.000000000
1.680000000	0.000000000	0.000000000
1.700000000	0.000000000	0.000000000
1.720000000	0.000000000	0.000000000
1.740000000	0.000000000	0.000000000
1.760000000	0.000000000	0.000000000
1.780000000	0.000000000	0.000000000
1.800000000	0.000000000	0.000000000
1.820000000	0.000000000	0.000000000
1.840000000	0.000000000	0.000000000
1.860000000	0.000000000	0.000000000
1.880000000	0.000000000	0.000000000
1.900000000	0.000000000	0.000000000
1.920000000	0.000000000	0.000000000
1.940000000	0.000000000	0.000000000
1.960000000	0.000000000	0.000000000
1.980000000	0.000000000	0.000000000
2.000000000	0.000000000	0.000000000
2.020000000	0.000000000	0.000000000
2.040000000	0.000000000	0.000000000
2.060000000	0.000000000	0.000000000
2.080000000	0.000000000	0.000000000
2.100000000	0.000000000	0.000000000
2.120000000	0.000000000	0.000000000
2.140000000	0.000000000	0.000000000
2.160000000	0.000000000	0.000000000
2.180000000	0.000000000	0.000000000
2.200000000	0.000000000	0.000000000
2.220000000	0.000000000	0.000000000
2.240000000	0.000000000	0.000000000
2.260000000	0.000000000	0.000000000
2.280000000	0.000000000	0.000000000
2.300000000	0.000000000	0.000000000
2.320000000	0.000000000	0.000000000
2.340000000	0.000000000	0.000000000
2.360000000	0.000000000	0.000000000
2.380000000	0.000000000	0.000000000
2.400000000	0.000000000	0.000000000
2.420000000	0.000000000	0.000000000
2.440000000	0.000000000	0.000000000
2.460000000	0.000000000	0.000000000
2.480000000	0.000000000	0.000000000
2.500000000	0.000000000	0.000000000
2.520000000	0.000000000	0.000000000
2.540000000	0.000000000	0.000000000
2.560000000	0.000000000	0.000000000
2.580000000	0.000000000	0.000000000
2.600000000	0.000000000	0.000000000
2.620000000	0.000000000	0.000000000
2.640000000	0.000000000	0.000000000
2.660000000	0.000000000	0.000000000
2.680000000	0.000000000	0.000000000
2.700000000	0.000000000	0.000000000
2.720000000	0.000000000	0.000000000
2.740000000	0.000000000	0.000000000
2.760000000	0.000000000	0.000000000
2.780000000	0.000000000	0.000000000
2.800000000	0.000000000	0.000000000
2.820000000	0.000000000	0.000000000
2.840000000	0.000000000	0.000000000
2.860000000	0.000000000	0.000000000
2.880000000	0.000000000	0.000000000
2.900000000	0.000000000	0.000000000
2.920000000	0.000000000	0.000000000
2.940000000	0.000000000	0.000000000
2.960000000	0.000000000	0.000000000
2.980000000	0.000000000	0.000000000
3.000000000	0.000000000	0.000000000
3.020000000	0.000000000	0.000000000
3.040000000	0.000000000	0.000000000
3.060000000	0.000000000	0.000000000
3.080000000	0.000000000	0.000000000
3.100000000	0.000000000	0.000000000
3.120000000	0.000000000	0.000000000
3.140000000	0.000000000	0.000000000
3.160000000	0.000000000	0.000000000
3.180000000	0.000000000	0.000000000
3.200000000	0.000000000	0.000000000
3.220000000	0.000000000	0.000000000
3.240000000	0.000000000	0.000000000
3.260000000	0.000000000	0.000000000
3.280000000	0.000000000	0.000000000
3.300000000	0.000000000	0.000000000
3.320000000	0.000000000	0.000000000
3.340000000	0.000000000	0.000000000
3.360000000	0.000000000	0.000000000
3.380000000	0.000000000	0.000000000
3.400000000	0.000000000	0.000000000
3.420000000	0.000000000	0.000000000
3.440000000	0.000000000	0.000000000
3.460000000	0.000000000	0.000000000
3.480000000	0.000000000	0.000000000
3.500000000	0.000000000	0.000000000
3.520000000	0.000000000	0.000000000
3.540000000	0.000000000	0.000000000
3.560000000	0.000000000	0.000000000
3.580000000	0.000000000	0.000000000
3.600000000	0.000000000	0.000000000
3.620000000	0.000000000	0.000000000
3.640000000	0.000000000	0.000000000
3.660000000	0.000000000	0.000000000
3.680000000	0.000000000	0.000000000
3.700000000	0.000000000	0.000000000
3.720000000	0.000000000	0.000000000
3.740000000	0.000000000	0.000000000
3.760000000	0.000000000	0.000000000
3.780000000	0.000000000	0.000000000
3.800000000	0.000000000	0.000000000
3.820000000	0.000000000	0.000000000
3.840000000	0.000000000	0.000000000
3.860000000	0.000000000	0.000000000
3.880000000	0.000000000	0.000000000
3.900000000	0.000000000	0.000000000
3.920000000	0.000000000	0.000000000
3.940000000	0.000000000	0.000000000
3.960000000	0.000000000	0.000000000
3.980000000	0.000000000	0.000000000
4.000000000	0.000000000	0.000000000
4.020000000	0.000000000	0.000000000
4.040000000	0.000000000	0.000000000
4.060000000	0.000000000	0.000000000
4.080000000	0.000000000	0.000000000
4.100000000	0.000000000	0.000000000
4.120000000	0.000000000	0.000000000
4.140000000	0.000000000	0.000000000
4.160000000	0.000000000	0.000000000
4.180000000	0.000000000	0.000000000
4.200000000	0.000000000	0.000000000
4.220000000	0.000000000	0.000000000
4.240000000	0.000000000	0.000000000
4.260000000	0.000000000	0.000000000
4.280000000	0.000000000	0.000000000
4.300000000	0.000000000	0.000000000
4.320000000	0.000000000	0.000000000
4.340000000	0.000000000	0.000000000
4.360000000	0.000000000	0.000000000
4.380000000	0.000000000	0.000000000
4.400000000	0.000000000	0.000000000
4.420000000	0.000000000	0.000000000
4.440000000	0.000000000	0.000000000
4.460000000	0.000000000	0.000000000
4.480000000	0.000000000	0.000000000
4.500000000	0.000000000	0.000000000
4.520000000	0.000000000	0.000000000
4.540000000	0.000000000	0.000000000
4.560000000	0.000000000	0.000000000
4.580000000	0.000000000	0.000000000
4.600000000	0.000000000	0.000000000
4.620000000	0.000000000	0.000000000
4.640000000	0.000000000	0.000000000
4.660000000	0.000000000	0.000000000
4.680000000	0.000000000	0.000000000
4.700000000	0.000000000	0.000000000
4.720000000	0.000000000	0.000000000
4.740000000	0.000000000	0.000000000
4.760000000	0.000000000	0.000000000
4.780000000	0.000000000	0.000000000
4.800000000	0.000000000	0.000000000
4.820000000	0.000000000	0.000000000
4.840000000	0.000000000	0.000000000
4.860000000	0.000000000	0.000000000
4.880000000	0.000000000	0.000000000
4.900000000	0.000000000	0.000000000
4.920000000	0.000000000	0.000000000
4.940000000	0.000000000	0.000000000
4.960000000	0.000000000	0.000000000
4.980000000	0.000000000	0.000000000
5.000000000	0.000000000	0.000000000
5.020000000	0.000000000	0.000000000
5.040000000	0.000000000	0.000000000
5.060000000	0.000000000	0.000000000
5.080000000	0.000000000	0.000000000
5.100000000	0.000000000	0.000000000
5.120000000	0.000000000	0.000000000
5.140000000	0.000000000	0.000000000
5.160000000	0.000000000	0.000000000
5.180000000	0.000000000	0.000000000
5.200000000	0.000000000	0.000000000
5.220000000	0.000000000	0.000000000
5.240000000	0.000000000	0.000000000
5.260000000	0.000000000	0.000000000
5.280000000	0.000000000	0.000000000
5.300000000	0.000000000	0.000000000
5.320000000	0.000000000	0.000000000
5.340000000	0.000000000	0.000000000
5.360000000	0.000000000	0.000000000
5.380000000	0.000000000	0.000000000
5.400000000	0.000000000	0.000000000
5.420000000	0.000000000	0.000000000
5.440000000	0.000000000	0.000000000
5.460000000	0.000000000	0.000000000
5.480000000	0.000000000	0.000000000
5.500000000	0.000000000	0.000000000
5.520000000	0.000000000	0.000000000
5.540000000	0.000000000	0.000000000
5.560000000	0.000000000	0.000000000
5.580000000	0.000000000	0.000000000
5.600000000	0.000000000	0.000000000
5.620000000	0.000000000	0.000000000
5.640000000	0.000000000	0.000000000
5.660000000	0.000000000	0.000000000
5.680000000	0.000000000	0.000000000
5.700000000	0.000000000	0.000000000
5.720000000	0.000000000	0.000000000
5.740000000	0.000000000	0.000000000
5.760000000	0.000000000	0.000000000
5.780000000	0.000000000	0.000000000
5.800000000	0.000000000	0.000000000
5.820000000	0.000000000	0.000000000
5.840000000	0.000000000	0.000000000
5.860000000	0.000000000	0.000000000
5.880000000	0.000000000	0.000000000
5.900000000	0.000000000	0.000000000
5.920000000	0.000000000	0.000000000
5.940000000	0.000000000	0.000000000
5.960000000	0.000000000	0.000000000
5.980000000	0.000000000	0.002077508
6.000000000	4.999603259	0.051238737
6.020000000	4.999603259	0.145925733
6.040000000	4.999603259	0.217473580
6.060000000	4.999603259	0.289793424
6.080000000	4.999603259	0.384144164
6.100000000	4.999603259	0.455697037
6.120000000	4.999603259	0.528098906
6.140000000	4.999603259	0.622371309
6.160000000	4.999603259	0.693547334
6.180000000	4.999603259	0.766356906
6.200000000	4.999603259	0.860453365
6.220000000	4.999603259	0.931767822
6.240000000	4.999603259	1.004090248
6.260000000	4.999603259	1.098444341
6.280000000	4.999603259	1.170904307
6.300000000	4.999603259	1.264968696
6.320000000	4.999603259	1.336400952
6.340000000	4.999603259	1.408915171
6.360000000	4.999603259	1.503224386
6.380000000	4.999603259	1.574615926
6.400000000	4.999603259	1.646964967
6.420000000	4.999603259	1.741301501
6.440000000	4.999603259	1.812607109
6.460000000	4.999603259	1.885069721
6.480000000	4.999603259	1.979421208
6.500000000	4.999603259	2.051929029
6.520000000	4.999603259	2.146047031
6.540000000	4.999603259	2.217582171
6.560000000	4.999603259	2.288802276
6.580000000	4.999603259	2.361427278
6.600000000	4.999603259	2.455475913
6.620000000	4.999603259	2.528115056
6.640000000	4.999603259	2.622158995
6.660000000	4.999603259	2.693800704
6.680000000	4.999603259	2.766027833
6.700000000	4.999603259	2.860371913
6.720000000	4.999603259	2.931781149
6.740000000	4.999603259	3.004138316
6.760000000	4.999603259	3.098490821
6.780000000	4.999603259	3.170030555
6.800000000	4.999603259	3.242413501
6.820000000	4.999603259	3.336434231
6.840000000	4.999603259	3.408922381
6.860000000	4.999603259	3.503315769
6.880000000	4.999603259	3.574732549
6.900000000	4.999603259	3.646998339
6.920000000	4.999603259	3.741344525
6.940000000	4.999603259	3.812773068
6.960000000	4.999603259	3.885106428
6.980000000	4.999603259	3.979372372
7.000000000	4.999603259	4.050893759
7.020000000	4.999603259	4.123221943
7.040000000	4.999603259	4.217552125
7.060000000	4.999603259	4.288985119
7.080000000	4.999603259	4.361477900
7.100000000	4.999603259	4.455507592
7.120000000	4.999603259	4.527989404
7.140000000	4.999603259	4.622176010
7.160000000	4.999603259	4.693743421
7.180000000	4.999603259	4.766258530
7.200000000	4.999603259	4.860422513
7.220000000	4.999603259	4.931924619
7.240000000	4.999603259	5.004349691
7.260000000	4.999603259	5.098368346
7.280000000	4.999603259	5.169807499
7.300000000	4.999603259	5.242468956
7.320000000	4.999603259	5.336452510
7.340000000	4.999603259	5.407896763
7.360000000	4.999603259	5.480571722
7.380000000	4.999603259	5.574689383
7.400000000	4.999603259	5.647187884
7.420000000	4.999603259	5.741380759
7.440000000	4.999603259	5.812795233
7.460000000	4.999603259	5.885149628
7.480000000	4.999603259	5.979482725
7.500000000	4.999603259	6.050766851
7.520000000	4.999603259	6.123238828
7.540000000	4.999603259	6.217438120
7.560000000	4.999603259	6.289013048
7.580000000	4.999603259	6.361542218
7.600000000	4.999603259	6.455574631
7.620000000	4.999603259	6.527108070
7.640000000	4.999603259	6.599644970
7.660000000	4.999603259	6.693767701
7.680000000	4.999603259	6.765071550
7.700000000	4.999603259	6.837539484
7.720000000	4.999603259	6.931874887
7.740000000	4.999603259	7.004423738
7.760000000	4.999603259	7.098414332
7.780000000	4.999603259	7.169974651
7.800000000	4.999603259	7.242502792
7.820000000	4.999603259	7.336649869
7.840000000	4.999603259	7.408094058
7.860000000	4.999603259	7.480443645
7.880000000	4.999603259	7.574744195
7.900000000	4.999603259	7.647309039
7.920000000	4.999603259	7.741431024
7.940000000	4.999603259	7.812727198
7.960000000	4.999603259	7.885196363
7.980000000	4.999603259	7.979403988
8.000000000	4.999603259	8.050974698
8.020000000	4.999603259	8.123324872
8.040000000	4.999603259	8.217705416
8.060000000	4.999603259	8.289055083
8.080000000	4.999603259	8.361438004
8.100000000	4.999603259	8.455744836
8.120000000	4.999603259	8.527187026
8.140000000	4.999603259	8.599855523
8.160000000	4.999603259	8.693847418
8.180000000	4.999603259	8.766201659
8.200000000	4.999603259	8.860513683
8.220000000	4.999603259	8.931813073
8.240000000	4.999603259	9.004463201
8.260000000	4.999603259	9.098474986
8.280000000	4.999603259	9.170047579
8.300000000	4.999603259	9.242418908
8.320000000	4.999603259	9.336586441
8.340000000	4.999603259	9.408009562
8.360000000	4.999603259	9.480517018
8.380000000	4.999603259	9.574686085
8.400000000	4.999603259	9.647361338
8.420000000	4.999603259	9.741496923
8.440000000	4.999603259	9.812792414
8.460000000	4.999603259	9.885491174
8.480000000	4.999603259	9.979443071
8.500000000	4.999603259	10.050753029
8.520000000	4.999603259	10.122895344
8.540000000	4.999603259	10.217896573
8.560000000	4.999603259	10.288712405
8.580000000	4.999603259	10.360711962
8.600000000	4.999603259	10.455486306
8.620000000	4.999603259	10.527215824
8.640000000	4.999603259	10.599767321
8.660000000	4.999603259	10.693854593
8.680000000	4.999603259	10.766455781
8.700000000	4.999603259	10.860577103
8.720000000	4.999603259	10.932108626
8.740000000	4.999603259	11.004385700
8.760000000	4.999603259	11.098662944
8.780000000	4.999603259	11.170129928
8.800000000	4.999603259	11.242771402
8.820000000	4.999603259	11.336634425
8.840000000	4.999603259	11.408090793
8.860000000	4.999603259	11.480853699
8.880000000	4.999603259	11.574745852
8.900000000	4.999603259	11.647503202
8.920000000	4.999603259	11.741612449
8.940000000	4.999603259	11.812810750
8.960000000	4.999603259	11.885546585
8.980000000	4.999603259	11.979620752
9.000000000	4.999603259	12.051072746
9.020000000	4.999603259	12.123436513
9.040000000	4.999603259	12.217772690
9.060000000	4.999603259	12.289135282
9.080000000	4.999603259	12.361895796
9.100000000	4.999603259	12.455813376
9.120000000	4.999603259	12.527255770
9.140000000	4.999603259	12.599797353
9.160000000	4.999603259	12.693812789
9.180000000	4.999603259	12.766291828
9.200000000	4.999603259	12.860601744
9.220000000	4.999603259	12.932027894
9.240000000	4.999603259	13.004559178
9.260000000	4.999603259	13.098627899
9.280000000	4.999603259	13.170113512
9.300000000	4.999603259	13.242817539
9.320000000	4.999603259	13.336783188
9.340000000	4.999603259	13.408077427
9.360000000	4.999603259	13.480778850
9.380000000	4.999603259	13.574947342
9.400000000	4.999603259	13.646274818
9.420000000	4.999603259	13.718869002
9.440000000	4.999603259	13.812989530
9.460000000	4.999603259	13.884491767
9.480000000	4.999603259	13.956951379
9.500000000	4.999603259	14.051038538
9.520000000	4.999603259	14.123774288
9.540000000	4.999603259	14.217837999
9.560000000	4.999603259	14.289156825
9.580000000	4.999603259	14.361629714
9.600000000	4.999603259	14.455676297
9.620000000	4.999603259	14.527245021
9.640000000	4.999603259	14.599820925
9.660000000	4.999603259	14.694028057
9.680000000	4.999603259	14.765354767
9.700000000	4.999603259	14.838115503
9.720000000	4.999603259	14.932472563
9.740000000	4.999603259	15.003327358
9.760000000	4.999603259	15.076001744
9.780000000	4.999603259	15.169976916
9.800000000	4.999603259	15.241539256
9.820000000	4.999603259	15.313954929
9.840000000	4.999603259	15.408202487
9.860000000	4.999603259	15.480913418
9.880000000	4.999603259	15.574874122
9.900000000	4.999603259	15.646167455
9.920000000	4.999603259	15.718710967
9.940000000	4.999603259	15.812819783
9.960000000	4.999603259	15.884372453
9.980000000	4.999603259	15.956787741
10.000000000	4.999603259	16.051082612
10.020000000	4.999603259	16.122500758
10.040000000	4.999603259	16.195057325
10.060000000	4.999603259	16.289160364
10.080000000	4.999603259	16.360575923
10.100000000	4.999603259	16.433150440
10.120000000	4.999603259	16.527104294
10.140000000	4.999603259	16.599653737
10.160000000	4.999603259	16.693800782
10.180000000	4.999603259	16.765208921
10.200000000	4.999603259	16.837938220
10.220000000	4.999603259	16.932113622
10.240000000	4.999603259	17.003465069
10.260000000	4.999603259	17.076814874
10.280000000	4.999603259	17.169961044
10.300000000	4.999603259	17.241532003
10.320000000	4.999603259	17.313949211
10.340000000	4.999603259	17.408243615
10.360000000	4.999603259	17.480221912
10.380000000	4.999603259	17.552208815
10.400000000	4.999603259	17.646234028
10.420000000	4.999603259	17.717645565
10.440000000	4.999603259	17.791137451
10.460000000	4.999603259	17.884411044
10.480000000	4.999603259	17.957152672
10.500000000	4.999603259	18.051069519
10.520000000	4.999603259	18.122374559
10.540000000	4.999603259	18.195108315
10.560000000	4.999603259	18.289275334
10.580000000	4.999603259	18.360590138
10.600000000	4.999603259	18.433017456
10.620000000	4.999603259	18.527267577
10.640000000	4.999603259	18.598560310
10.660000000	4.999603259	18.671263087
10.680000000	4.999603259	18.765364937
10.700000000	4.999603259	18.837782176
10.720000000	4.999603259	18.932015474
10.740000000	4.999603259	19.003430422
10.760000000	4.999603259	19.076052981
10.780000000	4.999603259	19.170108088
10.800000000	4.999603259	19.241410264
10.820000000	4.999603259	19.313977411
10.840000000	4.999603259	19.408220345
10.860000000	4.999603259	19.479755719
10.880000000	4.999603259	19.552052267
10.900000000	4.999603259	19.646303081
10.920000000	4.999603259	19.717600171
10.940000000	4.999603259	19.790164169
10.960000000	4.999603259	19.884401070
10.980000000	4.999603259	19.956794421
11.000000000	4.999603259	20.050929054
11.020000000	4.999603259	20.122371346
11.040000000	4.999603259	20.195177157
11.060000000	4.999603259	20.289165264
11.080000000	4.999603259	20.360610754
11.100000000	4.999603259	20.433177577
11.120000000	4.999603259	20.527140479
11.140000000	4.999603259	20.598827503
11.160000000	4.999603259	20.671485552
11.180000000	4.999603259	20.765462076
11.200000000	4.999603259	20.836696568
11.220000000	4.999603259	20.910193962
11.240000000	4.999603259	21.003331028
11.260000000	4.999603259	21.076028598
11.280000000	4.999603259	21.169989199
11.300000000	4.999603259	21.241370130
11.320000000	4.999603259	21.313649707
11.340000000	4.999603259	21.407826604
11.360000000	4.999603259	21.479481483
11.380000000	4.999603259	21.551664900
11.400000000	4.999603259	21.645575158
11.420000000	4.999603259	21.717732459
11.440000000	4.999603259	21.790359333
11.460000000	4.999603259	21.884510385
11.480000000	4.999603259	21.955845802
11.500000000	4.999603259	22.028575591
11.520000000	4.999603259	22.122377312
11.540000000	4.999603259	22.195308543
11.560000000	4.999603259	22.289270146
11.580000000	4.999603259	22.360580145
11.600000000	4.999603259	22.433266458
11.620000000	4.999603259	22.527868385
11.640000000	4.999603259	22.598713194
11.660000000	4.999603259	22.672076211
11.680000000	4.999603259	22.765474522
11.700000000	4.999603259	22.836785132
11.720000000	4.999603259	22.909536068
11.740000000	4.999603259	23.003330169
11.760000000	4.999603259	23.076058411
11.780000000	4.999603259	23.169979220
11.800000000	4.999603259	23.241554245
11.820000000	4.999603259	23.313994837
11.840000000	4.999603259	23.408088070
11.860000000	4.999603259	23.479733189
11.880000000	4.999603259	23.552281611
11.900000000	4.999603259	23.646291984
11.920000000	4.999603259	23.717622654
11.940000000	4.999603259	23.790548968
11.960000000	4.999603259	23.884495167
11.980000000	4.999603259	23.959362150
12.000000000	9.999206519	24.101487393
12.020000000	9.999206519	24.270033929
12.040000000	9.999206519	24.436068598
12.060000000	9.999206519	24.603172631
12.080000000	9.999206519	24.769581829
12.100000000	9.999206519	24.937492861
12.120000000	9.999206519	25.126725605
12.140000000	9.999206519	25.293468758
12.160000000	9.999206519	25.459489623
12.180000000	9.999206519	25.627308012
12.200000000	9.999206519	25.795093046
12.220000000	9.999206519	25.984719807
12.240000000	9.999206519	26.151087043
12.260000000	9.999206519	26.318011709
12.280000000	9.999206519	26.484123953
12.300000000	9.999206519	26.651409849
12.320000000	9.999206519	26.819315471
12.340000000	9.999206519	27.008496497
12.360000000	9.999206519	27.175127062
12.380000000	9.999206519	27.341814429
12.400000000	9.999206519	27.508213362
12.420000000	9.999206519	27.676084973
12.440000000	9.999206519	27.865372813
12.460000000	9.999206519	28.032035635
12.480000000	9.999206519	28.198740271
12.500000000	9.999206519	28.365362762
12.520000000	9.999206519	28.533520166
12.540000000	9.999206519	28.722305519
12.560000000	9.999206519	28.889188555
12.580000000	9.999206519	29.055565163
12.600000000	9.999206519	29.222272695
12.620000000	9.999206519	29.390674848
12.640000000	9.999206519	29.579680618
12.660000000	9.999206519	29.746377192
12.680000000	9.999206519	29.912912113
12.700000000	9.999206519	30.079691206
12.720000000	9.999206519	30.247505534
12.740000000	9.999206519	30.437122085
12.760000000	9.999206519	30.603828974
12.780000000	9.999206519	30.770351335
12.800000000	9.999206519	30.936516703
12.820000000	9.999206519	31.104955326
12.840000000	9.999206519	31.293835575
12.860000000	9.999206519	31.460890505
12.880000000	9.999206519	31.626976882
12.900000000	9.999206519	31.793618780
12.920000000	9.999206519	31.960582088
12.940000000	9.999206519	32.128486468
12.960000000	9.999206519	32.318029286
12.980000000	9.999206519	32.484404942
13.000000000	9.999206519	32.651107211
13.020000000	9.999206519	32.818057506
13.040000000	9.999206519	32.985962060
13.060000000	9.999206519	33.174470376
13.080000000	9.999206519	33.341882930
13.100000000	9.999206519	33.508249981
13.120000000	9.999206519	33.675128500
13.140000000	9.999206519	33.843147803
13.160000000	9.999206519	34.032355453
13.180000000	9.999206519	34.198979530
13.200000000	9.999206519	34.365390627
13.220000000	9.999206519	34.531988095
13.240000000	9.999206519	34.700320962
13.260000000	9.999206519	34.889386446
13.280000000	9.999206519	35.055851183
13.300000000	9.999206519	35.222826438
13.320000000	9.999206519	35.389441198
13.340000000	9.999206519	35.557048330
13.360000000	9.999206519	35.746371899
13.380000000	9.999206519	35.913286897
13.400000000	9.999206519	36.079985331
13.420000000	9.999206519	36.246590436
13.440000000	9.999206519	36.412729514
13.460000000	9.999206519	36.581157823
13.480000000	9.999206519	36.769882449
13.500000000	9.999206519	36.936883338
13.520000000	9.999206519	37.103784412
13.540000000	9.999206519	37.270182219
13.560000000	9.999206519	37.438279625
13.580000000	9.999206519	37.627330638
13.600000000	9.999206519	37.793692393
13.620000000	9.999206519	37.960656345
13.640000000	9.999206519	38.127306199
13.660000000	9.999206519	38.295048053
13.680000000	9.999206519	38.484143713
13.700000000	9.999206519	38.651155003
13.720000000	9.999206519	38.817772737
13.740000000	9.999206519	38.984271062
13.760000000	9.999206519	39.151377420
13.780000000	9.999206519	39.341424687
13.800000000	9.999206519	39.507453591
13.820000000	9.999206519	39.674935888
13.840000000	9.999206519	39.841861570
13.860000000	9.999206519	40.009453074
13.880000000	9.999206519	40.198721454
13.900000000	9.999206519	40.365373607
13.920000000	9.999206519	40.532264370
13.940000000	9.999206519	40.698922975
13.960000000	9.999206519	40.865364783
13.980000000	9.999206519	41.033519558
14.000000000	9.999206519	41.222601707
14.020000000	9.999206519	41.389523206
14.040000000	9.999206519	41.556174646
14.060000000	9.999206519	41.723463733
14.080000000	9.999206519	41.912964262
14.100000000	9.999206519	42.079637781
14.120000000	9.999206519	42.246642375
14.140000000	9.999206519	42.413296770
14.160000000	9.999206519	42.581249073
14.180000000	9.999206519	42.770090246
14.200000000	9.999206519	42.936662220
14.220000000	9.999206519	43.103465989
14.240000000	9.999206519	43.270131307
14.260000000	9.999206519	43.438074162
14.280000000	9.999206519	43.627564167
14.300000000	9.999206519	43.794226617
14.320000000	9.999206519	43.960908219
14.340000000	9.999206519	44.127283674
14.360000000	9.999206519	44.295214345
14.380000000	9.999206519	44.484599565
14.400000000	9.999206519	44.651380979
14.420000000	9.999206519	44.817670220
14.440000000	9.999206519	44.983976810
14.460000000	9.999206519	45.152693118
14.480000000	9.999206519	45.341845790
14.500000000	9.999206519	45.508282959
14.520000000	9.999206519	45.675290346
14.540000000	9.999206519	45.841924593
14.560000000	9.999206519	46.009506628
14.580000000	9.999206519	46.199097035
14.600000000	9.999206519	46.365503643
14.620000000	9.999206519	46.532417892
14.640000000	9.999206519	46.699137457
14.660000000	9.999206519	46.866746723
14.680000000	9.999206519	47.056010249
14.700000000	9.999206519	47.223073633
14.720000000	9.999206519	47.389409627
14.740000000	9.999206519	47.556430785
14.760000000	9.999206519	47.724332608
14.780000000	9.999206519	47.913188918
14.800000000	9.999206519	48.080310396
14.820000000	9.999206519	48.246934949
14.840000000	9.999206519	48.413396653
14.860000000	9.999206519	48.581689546
14.880000000	9.999206519	48.770877072
14.900000000	9.999206519	48.937572722
14.920000000	9.999206519	49.104035597
14.940000000	9.999206519	49.270528258
14.960000000	9.999206519	49.438892194
14.980000000	9.999206519	49.627794297
15.000000000	9.999206519	49.794433272
15.020000000	9.999206519	49.961420731
15.040000000	9.999206519	50.127879202
15.060000000	9.999206519	50.296148712
15.080000000	9.999206519	50.484804510
15.100000000	9.999206519	50.651707489
15.120000000	9.999206519	50.818681131
15.140000000	9.999206519	50.986695770
15.160000000	9.999206519	51.175579767
15.180000000	9.999206519	51.342266193
15.200000000	9.999206519	51.508651467
15.220000000	9.999206519	51.675653128
15.240000000	9.999206519	51.842678107
15.260000000	9.999206519	52.010295312
15.280000000	9.999206519	52.199499563
15.300000000	9.999206519	52.366206741
15.320000000	9.999206519	52.532877753
15.340000000	9.999206519	52.700812265
15.360000000	9.999206519	52.890124403
15.380000000	9.999206519	53.056990688
15.400000000	9.999206519	53.223792199
15.420000000	9.999206519	53.390120946
15.440000000	9.999206519	53.558035757
15.460000000	9.999206519	53.746665378
15.480000000	9.999206519	53.914078648
15.500000000	9.999206519	54.080736965
15.520000000	9.999206519	54.247299459
15.540000000	9.999206519	54.415694736
15.560000000	9.999206519	54.604843805
15.580000000	9.999206519	54.771262728
15.600000000	9.999206519	54.937808349
15.620000000	9.999206519	55.104333663
15.640000000	9.999206519	55.271375843
15.660000000	9.999206519	55.439631325
15.680000000	9.999206519	55.628842779
15.700000000	9.999206519	55.795230288
15.720000000	9.999206519	55.961760714
15.740000000	9.999206519	56.128463202
15.760000000	9.999206519	56.296444500
15.780000000	9.999206519	56.486023008
15.800000000	9.999206519	56.652425415
15.820000000	9.999206519	56.819354692
15.840000000	9.999206519	56.987418450
15.860000000	9.999206519	57.176015417
15.880000000	9.999206519	57.342980541
15.900000000	9.999206519	57.509355470
15.920000000	9.999206519	57.676087593
15.940000000	9.999206519	57.844344132
15.960000000	9.999206519	58.033246512
15.980000000	9.999206519	58.199903420
16.000000000	9.999206519	58.366892830
16.020000000	9.999206519	58.533546134
16.040000000	9.999206519	58.701266490
16.060000000	9.999206519	58.890860768
16.080000000	9.999206519	59.057610511
16.100000000	9.999206519	59.224158351
16.120000000	9.999206519	59.390557355
16.140000000	9.999206519	59.558828656
16.160000000	9.999206519	59.748039329
16.180000000	9.999206519	59.914464860
16.200000000	9.999206519	60.081372383
16.220000000	9.999206519	60.247980920
16.240000000	9.999206519	60.416346877
16.260000000	9.999206519	60.605261803
16.280000000	9.999206519	60.771661822
16.300000000	9.999206519	60.938671966
16.320000000	9.999206519	61.105112494
16.340000000	9.999206519	61.274935168
16.360000000	9.999206519	61.462540374
16.380000000	9.999206519	61.629246382
16.400000000	9.999206519	61.795933248
16.420000000	9.999206519	61.962624644
16.440000000	9.999206519	62.130233102
16.460000000	9.999206519	62.319752094
16.480000000	9.999206519	62.486417808
16.500000000	9.999206519	62.653137940
16.520000000	9.999206519	62.819541245
16.540000000	9.999206519	62.987331949
16.560000000	9.999206519	63.176029140
16.580000000	9.999206519	63.342484785
16.600000000	9.999206519	63.509416456
16.620000000	9.999206519	63.675450531
16.640000000	9.999206519	63.845108574
16.660000000	9.999206519	64.033703867
16.680000000	9.999206519	64.201192720
16.700000000	9.999206519	64.367619361
16.720000000	9.999206519	64.534517254
16.740000000	9.999206519	64.702289020
16.760000000	9.999206519	64.891423973
16.780000000	9.999206519	65.058285411
16.800000000	9.999206519	65.224995347
16.820000000	9.999206519	65.391751042
16.840000000	9.999206519	65.559788310
16.860000000	9.999206519	65.748971834
16.880000000	9.999206519	65.915666974
16.900000000	9.999206519	66.082036566
16.920000000	9.999206519	66.250406492
16.940000000	9.999206519	66.439489645
16.960000000	9.999206519	66.606187440
16.980000000	9.999206519	66.772885122
17.000000000	9.999206519	66.939389912
17.020000000	9.999206519	67.107252425
17.040000000	9.999206519	67.296673944
17.060000000	9.999206519	67.463454593
17.080000000	9.999206519	67.629865754
17.100000000	9.999206519	67.796810235
17.120000000	9.999206519	67.964470395
17.140000000	9.999206519	68.153996257
17.160000000	9.999206519	68.320684458
17.180000000	9.999206519	68.487027807
17.200000000	9.999206519	68.653528074
17.220000000	9.999206519	68.821892919
17.240000000	9.999206519	69.010708973
17.260000000	9.999206519	69.178014419
17.280000000	9.999206519	69.344371518
17.300000000	9.999206519	69.511380621
17.320000000	9.999206519	69.679075807
17.340000000	9.999206519	69.868514513
17.360000000	9.999206519	70.034954399
17.380000000	9.999206519	70.201444451
17.400000000	9.999206519	70.368124196
17.420000000	9.999206519	70.536585227
17.440000000	9.999206519	70.725166947
17.460000000	9.999206519	70.891722490
17.480000000	9.999206519	71.058556253
17.500000000	9.999206519	71.226744382
17.520000000	9.999206519	71.416069094
17.540000000	9.999206519	71.583051174
17.560000000	9.999206519	71.749652892
17.580000000	9.999206519	71.916377047
17.600000000	9.999206519	72.084393114
17.620000000	9.999206519	72.273276491
17.640000000	9.999206519	72.439976927
17.660000000	9.999206519	72.606680897
17.680000000	9.999206519	72.773578939
17.700000000	9.999206519	72.940952888
17.720000000	9.999206519	73.130526964
17.740000000	9.999206519	73.296917766
17.760000000	9.999206519	73.463881336
17.780000000	9.999206519	73.630312838
17.800000000	9.999206519	73.798893434
17.820000000	9.999206519	73.987798526
17.840000000	9.999206519	74.154749947
17.860000000	9.999206519	74.321095690
17.880000000	9.999206519	74.487800985
17.900000000	9.999206519	74.655858133
17.920000000	9.999206519	74.845314228
17.940000000	9.999206519	75.011717054
17.960000000	9.999206519	75.178354763
17.980000000	9.999206519	75.347268676
18.000000000	14.998809778	75.563266013
18.020000000	14.998809778	75.826466700
18.040000000	14.998809778	76.090347627
18.060000000	14.998809778	76.374167049
18.080000000	14.998809778	76.636161018
18.100000000	14.998809778	76.898140762
18.120000000	14.998809778	77.160208332
18.140000000	14.998809778	77.422395111
18.160000000	14.998809778	77.684598963
18.180000000	14.998809778	77.946044839
18.200000000	14.998809778	78.208437179
18.220000000	14.998809778	78.469942360
18.240000000	14.998809778	78.731853346
18.260000000	14.998809778	78.993750520
18.280000000	14.998809778	79.256193052
18.300000000	14.998809778	79.518056987
18.320000000	14.998809778	79.779589331
18.340000000	14.998809778	80.041517484
18.360000000	14.998809778	80.303896587
18.380000000	14.998809778	80.566906555
18.400000000	14.998809778	80.851621588
18.420000000	14.998809778	81.113520426
18.440000000	14.998809778	81.375001444
18.460000000	14.998809778	81.636932144
18.480000000	14.998809778	81.899326427
18.500000000	14.998809778	82.161307032
18.520000000	14.998809778	82.423087694
18.540000000	14.998809778	82.684600248
18.560000000	14.998809778	82.946451252
18.580000000	14.998809778	83.208524044
18.600000000	14.998809778	83.470496479
18.620000000	14.998809778	83.731849827
18.640000000	14.998809778	83.994301068
18.660000000	14.998809778	84.256146956
18.680000000	14.998809778	84.518189438
18.700000000	14.998809778	84.780665077
18.720000000	14.998809778	85.043847275
18.740000000	14.998809778	85.328334126
18.760000000	14.998809778	85.589773376
18.780000000	14.998809778	85.852150427
18.800000000	14.998809778	86.114104723
18.820000000	14.998809778	86.376069817
18.840000000	14.998809778	86.637472306
18.860000000	14.998809778	86.899184773
18.880000000	14.998809778	87.161846324
18.900000000	14.998809778	87.423794192
18.920000000	14.998809778	87.685705238
18.940000000	14.998809778	87.947152728
18.960000000	14.998809778	88.209133018
18.980000000	14.998809778	88.471520105
19.000000000	14.998809778	88.732818060
19.020000000	14.998809778	88.994882847
19.040000000	14.998809778	89.257335657
19.060000000	14.998809778	89.518743242
19.080000000	14.998809778	89.780077008
19.100000000	14.998809778	90.044523230
19.120000000	14.998809778	90.328234476
19.140000000	14.998809778	90.590629337
19.160000000	14.998809778	90.852626057
19.180000000	14.998809778	91.114101075
19.200000000	14.998809778	91.375640680
19.220000000	14.998809778	91.637448086
19.240000000	14.998809778	91.899737814
19.260000000	14.998809778	92.161721408
19.280000000	14.998809778	92.423983025
19.300000000	14.998809778	92.685852870
19.320000000	14.998809778	92.947269468
19.340000000	14.998809778	93.209055333
19.360000000	14.998809778	93.471045417
19.380000000	14.998809778	93.733337124
19.400000000	14.998809778	93.994773255
19.420000000	14.998809778	94.256609268
19.440000000	14.998809778	94.519890539
19.460000000	14.998809778	94.804214396
19.480000000	14.998809778	95.066475097
19.500000000	14.998809778	95.327979493
19.520000000	14.998809778	95.590240185
19.540000000	14.998809778	95.852141169
19.560000000	14.998809778	96.113578589
19.580000000	14.998809778	96.375958013
19.600000000	14.998809778	96.637340447
19.620000000	14.998809778	96.899169043
19.640000000	14.998809778	97.161559017
19.660000000	14.998809778	97.422954469
19.680000000	14.998809778	97.685270054
19.700000000	14.998809778	97.946665610
19.720000000	14.998809778	98.208494065
19.740000000	14.998809778	98.470962871
19.760000000	14.998809778	98.732801455
19.780000000	14.998809778	98.995552180
19.800000000	14.998809778	99.279606633
19.820000000	14.998809778	99.541652034
19.840000000	14.998809778	99.804018623
19.860000000	14.998809778	100.066007608
19.880000000	14.998809778	100.327401244
19.900000000	14.998809778	100.589797132
19.920000000	14.998809778	100.851503680
19.940000000	14.998809778	101.113472891
19.960000000	14.998809778	101.374876765
19.980000000	14.998809778	101.637204425
20.000000000	14.998809778	101.898246328
20.020000000	14.998809778	102.160973852
20.040000000	14.998809778	102.422846557
20.060000000	14.998809778	102.684694297
20.080000000	14.998809778	102.945950485
20.100000000	14.998809778	103.208470313
20.120000000	14.998809778	103.471740739
20.140000000	14.998809778	103.755465463
20.160000000	14.998809778	104.016882302
20.180000000	14.998809778	104.279278415
20.200000000	14.998809778	104.541245392
20.220000000	14.998809778	104.803138470
20.240000000	14.998809778	105.065024392
20.260000000	14.998809778	105.326861202
20.280000000	14.998809778	105.588293572
20.300000000	14.998809778	105.850637227
20.320000000	14.998809778	106.112542298
20.340000000	14.998809778	106.374717258
20.360000000	14.998809778	106.636276391
20.380000000	14.998809778	106.898149604
20.400000000	14.998809778	107.159612576
20.420000000	14.998809778	107.421366048
20.440000000	14.998809778	107.683696374
20.460000000	14.998809778	107.946460897
20.480000000	14.998809778	108.229245670
20.500000000	14.998809778	108.469255691
20.520000000	14.998809778	108.753700054
20.540000000	14.998809778	109.016152903
20.560000000	14.998809778	109.277553835
20.580000000	14.998809778	109.542737261
20.600000000	14.998809778	109.802019947
20.620000000	14.998809778	110.064293699
20.640000000	14.998809778	110.326573563
20.660000000	14.998809778	110.588102685
20.680000000	14.998809778	110.849833300
20.700000000	14.998809778	111.112236388
20.720000000	14.998809778	111.374149622
20.740000000	14.998809778	111.636125719
20.760000000	14.998809778	111.897369028
20.780000000	14.998809778	112.159708944
20.800000000	14.998809778	112.421567851
20.820000000	14.998809778	112.683066193
20.840000000	14.998809778	112.946549176
20.860000000	14.998809778	113.231152861
20.880000000	14.998809778	113.492594158
20.900000000	14.998809778	113.754947567
20.920000000	14.998809778	114.016773467
20.940000000	14.998809778	114.278632627
20.960000000	14.998809778	114.540040869
20.980000000	14.998809778	114.802384666
21.000000000	14.998809778	115.064207564
21.020000000	14.998809778	115.325585467
21.040000000	14.998809778	115.588031343
21.060000000	14.998809778	115.849463744
21.080000000	14.998809778	116.111336061
21.100000000	14.998809778	116.373035908
21.120000000	14.998809778	116.634983919
21.140000000	14.998809778	116.896934572
21.160000000	14.998809778	117.159290631
21.180000000	14.998809778	117.422129714
21.200000000	14.998809778	117.706468253
21.220000000	14.998809778	117.968646835
21.240000000	14.998809778	118.229790891
21.260000000	14.998809778	118.492098093
21.280000000	14.998809778	118.754450999
21.300000000	14.998809778	119.015810542
21.320000000	14.998809778	119.278146725
21.340000000	14.998809778	119.539135436
21.360000000	14.998809778	119.801912452
21.380000000	14.998809778	120.063136026
21.400000000	14.998809778	120.325664496
21.420000000	14.998809778	120.587526358
21.440000000	14.998809778	120.848915589
21.460000000	14.998809778	121.111200948
21.480000000	14.998809778	121.372712159
21.500000000	14.998809778	121.635056060
21.520000000	14.998809778	121.897694034
21.540000000	14.998809778	122.181994951
21.560000000	14.998809778	122.443943133
21.580000000	14.998809778	122.706282895
21.600000000	14.998809778	122.968103032
21.620000000	14.998809778	123.229583727
21.640000000	14.998809778	123.491389775
21.660000000	14.998809778	123.753203539
21.680000000	14.998809778	124.015171966
21.700000000	14.998809778	124.277553022
21.720000000	14.998809778	124.538696254
21.740000000	14.998809778	124.800854747
21.760000000	14.998809778	125.063178827
21.780000000	14.998809778	125.325109540
21.800000000	14.998809778	125.586566929
21.820000000	14.998809778	125.850496847
21.840000000	14.998809778	126.110537625
21.860000000	14.998809778	126.371962684
21.880000000	14.998809778	126.633959832
21.900000000	14.998809778	126.897264429
21.920000000	14.998809778	127.181928259
21.940000000	14.998809778	127.443803946
21.960000000	14.998809778	127.705160149
21.980000000	14.998809778	127.967131776
22.000000000	14.998809778	128.229036695
22.020000000	14.998809778	128.491387502
22.040000000	14.998809778	128.753272539
22.060000000	14.998809778	129.015135501
22.080000000	14.998809778	129.276470760
22.100000000	14.998809778	129.538316374
22.120000000	14.998809778	129.800569773
22.140000000	14.998809778	130.062498761
22.160000000	14.998809778	130.324500774
22.180000000	14.998809778	130.585931746
22.200000000	14.998809778	130.848187066
22.220000000	14.998809778	131.109190137
22.240000000	14.998809778	131.372457737
22.260000000	14.998809778	131.655820834
22.280000000	14.998809778	131.896599127
22.300000000	14.998809778	132.180910507
22.320000000	14.998809778	132.442888996
22.340000000	14.998809778	132.705322738
22.360000000	14.998809778	132.967090303
22.380000000	14.998809778	133.228981227
22.400000000	14.998809778	133.490803008
22.420000000	14.998809778	133.752186624
22.440000000	14.998809778	134.014108314
22.460000000	14.998809778	134.276427395
22.480000000	14.998809778	134.537421812
22.500000000	14.998809778	134.799832669
22.520000000	14.998809778	135.061673811
22.540000000	14.998809778	135.323442506
22.560000000	14.998809778	135.585390434
22.580000000	14.998809778	135.847121254
22.600000000	14.998809778	136.109637364
22.620000000	14.998809778	136.372942955
22.640000000	14.998809778	136.656870153
22.660000000	14.998809778	136.920787222
22.680000000	14.998809778	137.180478587
22.700000000	14.998809778	137.442357358
22.720000000	14.998809778	137.703762987
22.740000000	14.998809778	137.966577500
22.760000000	14.998809778	138.228416979
22.780000000	14.998809778	138.489848918
22.800000000	14.998809778	138.751708702
22.820000000	14.998809778	139.013538986
22.840000000	14.998809778	139.275518555
22.860000000	14.998809778	139.537783969
22.880000000	14.998809778	139.799708079
22.900000000	14.998809778	140.063328861
22.920000000	14.998809778	140.323387478
22.940000000	14.998809778	140.586143806
22.960000000	14.998809778	140.870035757
22.980000000	14.998809778	141.132792780
23.000000000	14.998809778	141.393766521
23.020000000	14.998809778	141.655852053
23.040000000	14.998809778	141.917921992
23.060000000	14.998809778	142.179439080
23.080000000	14.998809778	142.441746736
23.100000000	14.998809778	142.703107383
23.120000000	14.998809778	142.965913812
23.140000000	14.998809778	143.227930216
23.160000000	14.998809778	143.489800117
23.180000000	14.998809778	143.750715499
23.200000000	14.998809778	144.014427512
23.220000000	14.998809778	144.298193124
23.240000000	14.998809778	144.560112847
23.260000000	14.998809778	144.822617788
23.280000000	14.998809778	145.086589286
23.300000000	14.998809778	145.346234132
23.320000000	14.998809778	145.607659001
23.340000000	14.998809778	145.870018814
23.360000000	14.998809778	146.131784562
23.380000000	14.998809778	146.392509105
23.400000000	14.998809778	146.654216644
23.420000000	14.998809778	146.916770470
23.440000000	14.998809778	147.177314459
23.460000000	14.998809778	147.438283348
23.480000000	14.998809778	147.705288296
23.500000000	14.998809778	147.965016472
23.520000000	14.998809778	148.228868783
23.540000000	14.998809778	148.512821047
23.560000000	14.998809778	148.774253081
23.580000000	14.998809778	149.036735181
23.600000000	14.998809778	149.298411387
23.620000000	14.998809778	149.560471316
23.640000000	14.998809778	149.822388360
23.660000000	14.998809778	150.084044721
23.680000000	14.998809778	150.345585333
23.700000000	14.998809778	150.607493546
23.720000000	14.998809778	150.869272797
23.740000000	14.998809778	151.130784009
23.760000000	14.998809778	151.393034335
23.780000000	14.998809778	151.656425943
23.800000000	14.998809778	151.940218813
23.820000000	14.998809778	152.202619021
23.840000000	14.998809778	152.464482134
23.860000000	14.998809778	152.726814906
23.880000000	14.998809778	152.988220018
23.900000000	14.998809778	153.250600908
23.920000000	14.998809778	153.512434166
23.940000000	14.998809778	153.773793444
23.960000000	14.998809778	154.035194040
23.980000000	14.998809778	154.300413145
24.000000000	19.998413038	154.611907391
24.020000000	19.998413038	154.969511542
24.040000000	19.998413038	155.327038712
24.060000000	19.998413038	155.683655972
24.080000000	19.998413038	156.042005864
24.100000000	19.998413038	156.401013598
24.120000000	19.998413038	156.754700788
24.140000000	19.998413038	157.091709371
24.160000000	19.998413038	157.446443513
24.180000000	19.998413038	157.803515804
24.200000000	19.998413038	158.160111246
24.220000000	19.998413038	158.517100620
24.240000000	19.998413038	158.874615354
24.260000000	19.998413038	159.230795297
24.280000000	19.998413038	159.588978250
24.300000000	19.998413038	159.944985048
24.320000000	19.998413038	160.303322514
24.340000000	19.998413038	160.659840816
24.360000000	19.998413038	161.017570496
24.380000000	19.998413038	161.372974781
24.400000000	19.998413038	161.708167802
24.420000000	19.998413038	162.065109541
24.440000000	19.998413038	162.422158724
24.460000000	19.998413038	162.778632913
24.480000000	19.998413038	163.135623338
24.500000000	19.998413038	163.492436957
24.520000000	19.998413038	163.850612812
24.540000000	19.998413038	164.207688806
24.560000000	19.998413038	164.564707002
24.580000000	19.998413038	164.921808644
24.600000000	19.998413038	165.278384603
24.620000000	19.998413038	165.635556702
24.640000000	19.998413038	165.992726600
24.660000000	19.998413038	166.349769169
24.680000000	19.998413038	166.705384695
24.700000000	19.998413038	167.040924435
24.720000000	19.998413038	167.397978438
24.740000000	19.998413038	167.755016908
24.760000000	19.998413038	168.111741214
24.780000000	19.998413038	168.471530691
24.800000000	19.998413038	168.825777266
24.820000000	19.998413038	169.182776497
24.840000000	19.998413038	169.539977970
24.860000000	19.998413038	169.897437513
24.880000000	19.998413038	170.254923595
24.900000000	19.998413038	170.611940989
24.920000000	19.998413038	170.969071898
24.940000000	19.998413038	171.325447133
24.960000000	19.998413038	171.682577161
24.980000000	19.998413038	172.039666759
25.000000000	19.998413038	172.396914249
25.020000000	19.998413038	172.754405454
25.040000000	19.998413038	173.109241357
25.060000000	19.998413038	173.444202571
25.080000000	19.998413038	173.801326158
25.100000000	19.998413038	174.158260634
25.120000000	19.998413038	174.515521028
25.140000000	19.998413038	174.873151052
25.160000000	19.998413038	175.230376879
25.180000000	19.998413038	175.587515038
25.200000000	19.998413038	175.943399134
25.220000000	19.998413038	176.301093322
25.240000000	19.998413038	176.658210899
25.260000000	19.998413038	177.015509750
25.280000000	19.998413038	177.375307972
25.300000000	19.998413038	177.729420411
25.320000000	19.998413038	178.087215323
25.340000000	19.998413038	178.444188599
25.360000000	19.998413038	178.800806435
25.380000000	19.998413038	179.156278938
25.400000000	19.998413038	179.490468446
25.420000000	19.998413038	179.848194298
25.440000000	19.998413038	180.205951680
25.460000000	19.998413038	180.562480550
25.480000000	19.998413038	180.920140413
25.500000000	19.998413038	181.276744003
25.520000000	19.998413038	181.634523628
25.540000000	19.998413038	181.991310665
25.560000000	19.998413038	182.348022314
25.580000000	19.998413038	182.705769690
25.600000000	19.998413038	183.062813606
25.620000000	19.998413038	183.419931576
25.640000000	19.998413038	183.774911549
25.660000000	19.998413038	184.109904108
25.680000000	19.998413038	184.467153803
25.700000000	19.998413038	184.824607402
25.720000000	19.998413038	185.181673551
25.740000000	19.998413038	185.538716593
25.760000000	19.998413038	185.894552121
25.780000000	19.998413038	186.252992670
25.800000000	19.998413038	186.609495741
25.820000000	19.998413038	186.967221358
25.840000000	19.998413038	187.323652753
25.860000000	19.998413038	187.681348097
25.880000000	19.998413038	188.038501165
25.900000000	19.998413038	188.395555755
25.920000000	19.998413038	188.752121292
25.940000000	19.998413038	189.109888155
25.960000000	19.998413038	189.466300532
25.980000000	19.998413038	189.823315984
26.000000000	19.998413038	190.178323772
26.020000000	19.998413038	190.513184407
26.040000000	19.998413038	190.870785903
26.060000000	19.998413038	191.227943707
26.080000000	19.998413038	191.585678240
26.100000000	19.998413038	191.942088019
26.120000000	19.998413038	192.299248809
26.140000000	19.998413038	192.656271431
26.160000000	19.998413038	193.012777121
26.180000000	19.998413038	193.370511809
26.200000000	19.998413038	193.727579666
26.220000000	19.998413038	194.084208341
26.240000000	19.998413038	194.442497770
26.260000000	19.998413038	194.798360593
26.280000000	19.998413038	195.156380278
26.300000000	19.998413038	195.513259476
26.320000000	19.998413038	195.869700750
26.340000000	19.998413038	196.226667967
26.360000000	19.998413038	196.581026081
26.380000000	19.998413038	196.915055141
26.400000000	19.998413038	197.273699755
26.420000000	19.998413038	197.630099338
26.440000000	19.998413038	197.989782898
26.460000000	19.998413038	198.346319918
26.480000000	19.998413038	198.703912244
26.500000000	19.998413038	199.059894447
26.520000000	19.998413038	199.418147376
26.540000000	19.998413038	199.774371244
26.560000000	19.998413038	200.132239275
26.580000000	19.998413038	200.488770627
26.600000000	19.998413038	200.844874924
26.620000000	19.998413038	201.180555382
26.640000000	19.998413038	201.558451671
26.660000000	19.998413038	201.893260384
26.680000000	19.998413038	202.250494703
26.700000000	19.998413038	202.607382288
26.720000000	19.998413038	202.964550650
26.740000000	19.998413038	203.321967199
26.760000000	19.998413038	203.679594914
26.780000000	19.998413038	204.036015167
26.800000000	19.998413038	204.393301428
26.820000000	19.998413038	204.750940855
26.840000000	19.998413038	205.108010388
26.860000000	19.998413038	205.462705660
26.880000000	19.998413038	205.798483844
26.900000000	19.998413038	206.154588543
26.920000000	19.998413038	206.512040745
26.940000000	19.998413038	206.869131750
26.960000000	19.998413038	207.226967801
26.980000000	19.998413038	207.583903500
27.000000000	19.998413038	207.939920961
27.020000000	19.998413038	208.297420392
27.040000000	19.998413038	208.655321167
27.060000000	19.998413038	209.011861632
27.080000000	19.998413038	209.371440053
27.100000000	19.998413038	209.726428740
27.120000000	19.998413038	210.083134089
27.140000000	19.998413038	210.440884777
27.160000000	19.998413038	210.797616265
27.180000000	19.998413038	211.154888026
27.200000000	19.998413038	211.509902112
27.220000000	19.998413038	211.845471178
27.240000000	19.998413038	212.201925864
27.260000000	19.998413038	212.559388069
27.280000000	19.998413038	212.916637774
27.300000000	19.998413038	213.273061559
27.320000000	19.998413038	213.630978750
27.340000000	19.998413038	213.988136807
27.360000000	19.998413038	214.347503028
27.380000000	19.998413038	214.702090333
27.400000000	19.998413038	215.059488637
27.420000000	19.998413038	215.416538158
27.440000000	19.998413038	215.771925187
27.460000000	19.998413038	216.106952657
27.480000000	19.998413038	216.466192667
27.500000000	19.998413038	216.820507918
27.520000000	19.998413038	217.177556026
27.540000000	19.998413038	217.535012698
27.560000000	19.998413038	217.892198350
27.580000000	19.998413038	218.248764498
27.600000000	19.998413038	218.606066048
27.620000000	19.998413038	218.962957626
27.640000000	19.998413038	219.320162940
27.660000000	19.998413038	219.677819428
27.680000000	19.998413038	220.033440630
27.700000000	19.998413038	220.368185754
27.720000000	19.998413038	220.725181852
27.740000000	19.998413038	221.082472299
27.760000000	19.998413038	221.439584929
27.780000000	19.998413038	221.796775790
27.800000000	19.998413038	222.153772693
27.820000000	19.998413038	222.510536682
27.840000000	19.998413038	222.866715447
27.860000000	19.998413038	223.225090828
27.880000000	19.998413038	223.582256993
27.900000000	19.998413038	223.939362455
27.920000000	19.998413038	224.296309578
27.940000000	19.998413038	224.651471599
27.960000000	19.998413038	224.989090840
27.980000000	19.998413038	225.343848421
28.000000000	19.998413038	225.700452558
28.020000000	19.998413038	226.057481708
28.040000000	19.998413038	226.414617057
28.060000000	19.998413038	226.771612804
28.080000000	19.998413038	227.128756700
28.100000000	19.998413038	227.485455797
28.120000000	19.998413038	227.843570528
28.140000000	19.998413038	228.200136909
28.160000000	19.998413038	228.556256302
28.180000000	19.998413038	228.890471558
28.200000000	19.998413038	229.247528938
28.220000000	19.998413038	229.605130686
28.240000000	19.998413038	229.961255262
28.260000000	19.998413038	230.321758560
28.280000000	19.998413038	230.675396648
28.300000000	19.998413038	231.034003181
28.320000000	19.998413038	231.393135172
28.340000000	19.998413038	231.747344587
28.360000000	19.998413038	232.104388906
28.380000000	19.998413038	232.459794587
28.400000000	19.998413038	232.793980903
28.420000000	19.998413038	233.151915869
28.440000000	19.998413038	233.508908546
28.460000000	19.998413038	233.866025853
28.480000000	19.998413038	234.223177497
28.500000000	19.998413038	234.579571172
28.520000000	19.998413038	234.938209390
28.540000000	19.998413038	235.295181415
28.560000000	19.998413038	235.650830639
28.580000000	19.998413038	236.008758274
28.600000000	19.998413038	236.366387960
28.620000000	19.998413038	236.722119838
28.640000000	19.998413038	237.078570363
28.660000000	19.998413038	237.414050135
28.680000000	19.998413038	237.771182486
28.700000000	19.998413038	238.127604534
28.720000000	19.998413038	238.485203430
28.740000000	19.998413038	238.841841325
28.760000000	19.998413038	239.199556750
28.780000000	19.998413038	239.556578520
28.800000000	19.998413038	239.912954095
28.820000000	19.998413038	240.269485587
28.840000000	19.998413038	240.625665095
28.860000000	19.998413038	240.959677525
28.880000000	19.998413038	241.317039791
28.900000000	19.998413038	241.674792473
28.920000000	19.998413038	242.031848262
28.940000000	19.998413038	242.389079450
28.960000000	19.998413038	242.746879802
28.980000000	19.998413038	243.103900768
29.000000000	19.998413038	243.459838194
29.020000000	19.998413038	243.820294691
29.040000000	19.998413038	244.173796869
29.060000000	19.998413038	244.530954894
29.080000000	19.998413038	244.887897864
29.100000000	19.998413038	245.243506292
29.120000000	19.998413038	245.600235486
29.140000000	19.998413038	245.932800119
29.160000000	19.998413038	246.293052301
29.180000000	19.998413038	246.650685631
29.200000000	19.998413038	247.008064060
29.220000000	19.998413038	247.364957765
29.240000000	19.998413038	247.721614465
29.260000000	19.998413038	248.078270888
29.280000000	19.998413038	248.436610231
29.300000000	19.998413038	248.793570197
29.320000000	19.998413038	249.150219203
29.340000000	19.998413038	249.507921433
29.360000000	19.998413038	249.865066528
29.380000000	19.998413038	250.221819693
29.400000000	19.998413038	250.578215918
29.420000000	19.998413038	250.934449113
29.440000000	19.998413038	251.269583157
29.460000000	19.998413038	251.626049278
29.480000000	19.998413038	251.983713194
29.500000000	19.998413038	252.339112104
29.520000000	19.998413038	252.697969508
29.540000000	19.998413038	253.054890708
29.560000000	19.998413038	253.412059687
29.580000000	19.998413038	253.769286744
29.600000000	19.998413038	254.125972672
29.620000000	19.998413038	254.483552868
29.640000000	19.998413038	254.840637682
29.660000000	19.998413038	255.196426847
29.680000000	19.998413038	255.554062304
29.700000000	19.998413038	255.911223350
29.720000000	19.998413038	256.268316243
29.740000000	19.998413038	256.626121544
29.760000000	19.998413038	256.983166703
29.780000000	19.998413038	257.339694239
29.800000000	19.998413038	257.695166631
29.820000000	19.998413038	258.030105940
29.840000000	19.998413038	258.387880894
29.860000000	19.998413038	258.744931040
29.880000000	19.998413038	259.102067100
29.900000000	19.998413038	259.459182746
29.920000000	19.998413038	259.815572956
29.940000000	19.998413038	260.172516407
29.960000000	19.998413038	260.530439303
29.980000000	19.998413038	260.890112041
30.000000000	24.998016297	261.296274614
30.020000000	24.998016297	261.726647358
30.040000000	24.998016297	262.178957077
30.060000000	24.998016297	262.631259188
30.080000000	24.998016297	263.082813480
30.100000000	24.998016297	263.512094626
30.120000000	24.998016297	263.964989111
30.140000000	24.998016297	264.417691229
30.160000000	24.998016297	264.869930556
30.180000000	24.998016297	265.322152672
30.200000000	24.998016297	265.772584797
30.220000000	24.998016297	266.201249669
30.240000000	24.998016297	266.653783584
30.260000000	24.998016297	267.106890943
30.280000000	24.998016297	267.559417199
30.300000000	24.998016297	268.010879052
30.320000000	24.998016297	268.440945102
30.340000000	24.998016297	268.892566251
30.360000000	24.998016297	269.345655313
30.380000000	24.998016297	269.797760600
30.400000000	24.998016297	270.248686196
30.420000000	24.998016297	270.678914357
30.440000000	24.998016297	271.131281625
30.460000000	24.998016297	271.583478845
30.480000000	24.998016297	272.034093407
30.500000000	24.998016297	272.464290490
30.520000000	24.998016297	272.916269297
30.540000000	24.998016297	273.369057556
30.560000000	24.998016297	273.824006409
30.580000000	24.998016297	274.271970817
30.600000000	24.998016297	274.701275083
30.620000000	24.998016297	275.154532481
30.640000000	24.998016297	275.607091952
30.660000000	24.998016297	276.061981943
30.680000000	24.998016297	276.509053116
30.700000000	24.998016297	276.940022122
30.720000000	24.998016297	277.392321253
30.740000000	24.998016297	277.844789456
30.760000000	24.998016297	278.295398360
30.780000000	24.998016297	278.725655398
30.800000000	24.998016297	279.177913703
30.820000000	24.998016297	279.630202895
30.840000000	24.998016297	280.080073291
30.860000000	24.998016297	280.510198131
30.880000000	24.998016297	280.962567259
30.900000000	24.998016297	281.415816298
30.920000000	24.998016297	281.868157221
30.940000000	24.998016297	282.320318187
30.960000000	24.998016297	282.769863816
30.980000000	24.998016297	283.200297687
31.000000000	24.998016297	283.651969511
31.020000000	24.998016297	284.106107418
31.040000000	24.998016297	284.561038187
31.060000000	24.998016297	285.008134579
31.080000000	24.998016297	285.438263226
31.100000000	24.998016297	285.890349708
31.120000000	24.998016297	286.343893159
31.140000000	24.998016297	286.794368153
31.160000000	24.998016297	287.223906721
31.180000000	24.998016297	287.677034975
31.200000000	24.998016297	288.128528332
31.220000000	24.998016297	288.581395582
31.240000000	24.998016297	289.033014560
31.260000000	24.998016297	289.482918800
31.280000000	24.998016297	289.913930447
31.300000000	24.998016297	290.366902651
31.320000000	24.998016297	290.818345777
31.340000000	24.998016297	291.269224475
31.360000000	24.998016297	291.700161799
31.380000000	24.998016297	292.151146944
31.400000000	24.998016297	292.605020164
31.420000000	24.998016297	293.057285581
31.440000000	24.998016297	293.507742105
31.460000000	24.998016297	293.937341078
31.480000000	24.998016297	294.390551253
31.500000000	24.998016297	294.842676898
31.520000000	24.998016297	295.294930011
31.540000000	24.998016297	295.747275216
31.560000000	24.998016297	296.199779499
31.580000000	24.998016297	296.649576037
31.600000000	24.998016297	297.079809628
31.620000000	24.998016297	297.532745365
31.640000000	24.998016297	297.984371748
31.660000000	24.998016297	298.436772537
31.680000000	24.998016297	298.887602086
31.700000000	24.998016297	299.318196863
31.720000000	24.998016297	299.769821884
31.740000000	24.998016297	300.222357440
31.760000000	24.998016297	300.674780649
31.780000000	24.998016297	301.127718120
31.800000000	24.998016297	301.576880108
31.820000000	24.998016297	302.007791184
31.840000000	24.998016297	302.464256579
31.860000000	24.998016297	302.916246132
31.880000000	24.998016297	303.364850511
31.900000000	24.998016297	303.817742425
31.920000000	24.998016297	304.267748007
31.940000000	24.998016297	304.698020064
31.960000000	24.998016297	305.150344025
31.980000000	24.998016297	305.602576497
32.000000000	24.998016297	306.054162714
32.020000000	24.998016297	306.505636444
32.040000000	24.998016297	306.936733218
32.060000000	24.998016297	307.388194429
32.080000000	24.998016297	307.840610056
32.100000000	24.998016297	308.293285013
32.120000000	24.998016297	308.742968553
32.140000000	24.998016297	309.177444597
32.160000000	24.998016297	309.626029494
32.180000000	24.998016297	310.078322585
32.200000000	24.998016297	310.530615102
32.220000000	24.998016297	310.982180932
32.240000000	24.998016297	311.432730794
32.260000000	24.998016297	311.863045008
32.280000000	24.998016297	312.316132030
32.300000000	24.998016297	312.767860969
32.320000000	24.998016297	313.219264999
32.340000000	24.998016297	313.649340325
32.360000000	24.998016297	314.100650866
32.380000000	24.998016297	314.551296790
32.400000000	24.998016297	315.002424945
32.420000000	24.998016297	315.432559651
32.440000000	24.998016297	315.884226615
32.460000000	24.998016297	316.336506146
32.480000000	24.998016297	316.790998276
32.500000000	24.998016297	317.221146955
32.520000000	24.998016297	317.672894129
32.540000000	24.998016297	318.124835654
32.560000000	24.998016297	318.577875771
32.580000000	24.998016297	319.027238648
32.600000000	24.998016297	319.457995953
32.620000000	24.998016297	319.910551822
32.640000000	24.998016297	320.362907136
32.660000000	24.998016297	320.812833156
32.680000000	24.998016297	321.243573157
32.700000000	24.998016297	321.696051213
32.720000000	24.998016297	322.148337452
32.740000000	24.998016297	322.601651221
32.760000000	24.998016297	323.051321645
32.780000000	24.998016297	323.481683673
32.800000000	24.998016297	323.934788530
32.820000000	24.998016297	324.386939826
32.840000000	24.998016297	324.838736061
32.860000000	24.998016297	325.289323191
32.880000000	24.998016297	325.720314780
32.900000000	24.998016297	326.171874463
32.920000000	24.998016297	326.625208346
32.940000000	24.998016297	327.080199219
32.960000000	24.998016297	327.527209081
32.980000000	24.998016297	327.958185955
33.000000000	24.998016297	328.409683381
33.020000000	24.998016297	328.862753063
33.040000000	24.998016297	329.315043889
33.060000000	24.998016297	329.766683588
33.080000000	24.998016297	330.217184711
33.100000000	24.998016297	330.647332019
33.120000000	24.998016297	331.099757577
33.140000000	24.998016297	331.552261380
33.160000000	24.998016297	332.003670790
33.180000000	24.998016297	332.433819813
33.200000000	24.998016297	332.885323504
33.220000000	24.998016297	333.338061225
33.240000000	24.998016297	333.788532937
33.260000000	24.998016297	334.219388328
33.280000000	24.998016297	334.671040520
33.300000000	24.998016297	335.124013707
33.320000000	24.998016297	335.576330713
33.340000000	24.998016297	336.025965480
33.360000000	24.998016297	336.456213509
33.380000000	24.998016297	336.909252128
33.400000000	24.998016297	337.361057615
33.420000000	24.998016297	337.814150895
33.440000000	24.998016297	338.264803472
33.460000000	24.998016297	338.694170974
33.480000000	24.998016297	339.147330993
33.500000000	24.998016297	339.598757826
33.520000000	24.998016297	340.050776959
33.540000000	24.998016297	340.501681539
33.560000000	24.998016297	340.932342880
33.580000000	24.998016297	341.384506394
33.600000000	24.998016297	341.836590515
33.620000000	24.998016297	342.289155411
33.640000000	24.998016297	342.742284818
33.660000000	24.998016297	343.191934238
33.680000000	24.998016297	343.623086770
33.700000000	24.998016297	344.075407121
33.720000000	24.998016297	344.526520028
33.740000000	24.998016297	344.979313039
33.760000000	24.998016297	345.430579414
33.780000000	24.998016297	345.860251176
33.800000000	24.998016297	346.313247851
33.820000000	24.998016297	346.764903289
33.840000000	24.998016297	347.216014315
33.860000000	24.998016297	347.646301195
33.880000000	24.998016297	348.097275114
33.900000000	24.998016297	348.551227319
33.920000000	24.998016297	349.003413685
33.940000000	24.998016297	349.453550658
33.960000000	24.998016297	349.887194455
33.980000000	24.998016297	350.335786485
34.000000000	24.998016297	350.787436470
34.020000000	24.998016297	351.241478246
34.040000000	24.998016297	351.691917658
34.060000000	24.998016297	352.122282496
34.080000000	24.998016297	352.574490990
34.100000000	24.998016297	353.026652528
34.120000000	24.998016297	353.478448468
34.140000000	24.998016297	353.928818478
34.160000000	24.998016297	354.359433847
34.180000000	24.998016297	354.815260034
34.200000000	24.998016297	355.264655997
34.220000000	24.998016297	355.716034439
34.240000000	24.998016297	356.166615376
34.260000000	24.998016297	356.597618701
34.280000000	24.998016297	357.049349243
34.300000000	24.998016297	357.502550721
34.320000000	24.998016297	357.954670642
34.340000000	24.998016297	358.405174190
34.360000000	24.998016297	358.834976548
34.380000000	24.998016297	359.288109872
34.400000000	24.998016297	359.740410689
34.420000000	24.998016297	360.191804253
34.440000000	24.998016297	360.643409461
34.460000000	24.998016297	361.073599562
34.480000000	24.998016297	361.525799687
34.500000000	24.998016297	361.976436231
34.520000000	24.998016297	362.428404795
34.540000000	24.998016297	362.880160671
34.560000000	24.998016297	363.310485365
34.580000000	24.998016297	363.762853280
34.600000000	24.998016297	364.214552444
34.620000000	24.998016297	364.668602395
34.640000000	24.998016297	365.119013722
34.660000000	24.998016297	365.549748353
34.680000000	24.998016297	366.002409311
34.700000000	24.998016297	366.455223063
34.720000000	24.998016297	366.907828155
34.740000000	24.998016297	367.358996533
34.760000000	24.998016297	367.790569826
34.780000000	24.998016297	368.243159930
34.800000000	24.998016297	368.695191451
34.820000000	24.998016297	369.148360622
34.840000000	24.998016297	369.598858298
34.860000000	24.998016297	370.029496290
34.880000000	24.998016297	370.483102287
34.900000000	24.998016297	370.935023577
34.920000000	24.998016297	371.387718658
34.940000000	24.998016297	371.839559693
34.960000000	24.998016297	372.270206595
34.980000000	24.998016297	372.722058539
35.000000000	24.998016297	373.174881751
35.020000000	24.998016297	373.627498116
35.040000000	24.998016297	374.077814126
35.060000000	24.998016297	374.509304988
35.080000000	24.998016297	374.962203116
35.100000000	24.998016297	375.415697659
35.120000000	24.998016297	375.867439554
35.140000000	24.998016297	376.317801352
35.160000000	24.998016297	376.749141658
35.180000000	24.998016297	377.201057878
35.200000000	24.998016297	377.653747094
35.220000000	24.998016297	378.106081912
35.240000000	24.998016297	378.556940630
35.260000000	24.998016297	379.007799709
35.280000000	24.998016297	379.438954390
35.300000000	24.998016297	379.889018476
35.320000000	24.998016297	380.348179809
35.340000000	24.998016297	380.801594032
35.360000000	24.998016297	381.228642094
35.380000000	24.998016297	381.681397172
35.400000000	24.998016297	382.135308187
35.420000000	24.998016297	382.588101441
35.440000000	24.998016297	383.040777143
35.460000000	24.998016297	383.491557065
35.480000000	24.998016297	383.921338819
35.500000000	24.998016297	384.375003290
35.520000000	24.998016297	384.825891052
35.540000000	24.998016297	385.280368082
35.560000000	24.998016297	385.730604233
35.580000000	24.998016297	386.162238665
35.600000000	24.998016297	386.614180839
35.620000000	24.998016297	387.066649715
35.640000000	24.998016297	387.519709367
35.660000000	24.998016297	387.970823075
35.680000000	24.998016297	388.402256536
35.700000000	24.998016297	388.854889180
35.720000000	24.998016297	389.307613805
35.740000000	24.998016297	389.760374131
35.760000000	24.998016297	390.210146798
35.780000000	24.998016297	390.641293252
35.800000000	24.998016297	391.094764054
35.820000000	24.998016297	391.547585194
35.840000000	24.998016297	392.000294888
35.860000000	24.998016297	392.450005945
35.880000000	24.998016297	392.881720058
35.900000000	24.998016297	393.334557072
35.920000000	24.998016297	393.786527443
35.940000000	24.998016297	394.239274720
35.960000000	24.998016297	394.690199605
35.980000000	24.998016297	395.124738009
36.000000000	29.997619556	395.618189607
36.020000000	29.997619556	396.152634118
36.040000000	29.997619556	396.698634385
36.060000000	29.997619556	397.224788027
36.080000000	29.997619556	397.772189533
36.100000000	29.997619556	398.297121999
36.120000000	29.997619556	398.844274514
36.140000000	29.997619556	399.390754284
36.160000000	29.997619556	399.918502298
36.180000000	29.997619556	400.464604231
36.200000000	29.997619556	400.989423437
36.220000000	29.997619556	401.537798820
36.240000000	29.997619556	402.083786987
36.260000000	29.997619556	402.610075554
36.280000000	29.997619556	403.155582509
36.300000000	29.997619556	403.682378540
36.320000000	29.997619556	404.231144421
36.340000000	29.997619556	404.776439665
36.360000000	29.997619556	405.303187332
36.380000000	29.997619556	405.850483284
36.400000000	29.997619556	406.398052940
36.420000000	29.997619556	406.922813245
36.440000000	29.997619556	407.470066884
36.460000000	29.997619556	407.996069420
36.480000000	29.997619556	408.543196652
36.500000000	29.997619556	409.089719536
36.520000000	29.997619556	409.615768201
36.540000000	29.997619556	410.161898933
36.560000000	29.997619556	410.687496854
36.580000000	29.997619556	411.236047254
36.600000000	29.997619556	411.783326285
36.620000000	29.997619556	412.308993963
36.640000000	29.997619556	412.856296773
36.660000000	29.997619556	413.402321654
36.680000000	29.997619556	413.927713922
36.700000000	29.997619556	414.475005766
36.720000000	29.997619556	415.001731570
36.740000000	29.997619556	415.548819304
36.760000000	29.997619556	416.095001390
36.780000000	29.997619556	416.621383997
36.800000000	29.997619556	417.169464342
36.820000000	29.997619556	417.716356093
36.840000000	29.997619556	418.242505285
36.860000000	29.997619556	418.790497209
36.880000000	29.997619556	419.335979905
36.900000000	29.997619556	419.863032425
36.920000000	29.997619556	420.410991637
36.940000000	29.997619556	420.957039448
36.960000000	29.997619556	421.482160641
36.980000000	29.997619556	422.030566950
37.000000000	29.997619556	422.577802750
37.020000000	29.997619556	423.103713804
37.040000000	29.997619556	423.651776691
37.060000000	29.997619556	424.197820768
37.080000000	29.997619556	424.722011883
37.100000000	29.997619556	425.271101622
37.120000000	29.997619556	425.817378299
37.140000000	29.997619556	426.344417476
37.160000000	29.997619556	426.892256455
37.180000000	29.997619556	427.437379354
37.200000000	29.997619556	427.962982458
37.220000000	29.997619556	428.512602709
37.240000000	29.997619556	429.057851287
37.260000000	29.997619556	429.584105695
37.280000000	29.997619556	430.129474587
37.300000000	29.997619556	430.655189242
37.320000000	29.997619556	431.205144526
37.340000000	29.997619556	431.750532395
37.360000000	29.997619556	432.276556248
37.380000000	29.997619556	432.825659494
37.400000000	29.997619556	433.370023973
37.420000000	29.997619556	433.896954720
37.440000000	29.997619556	434.446047843
37.460000000	29.997619556	434.990604810
37.480000000	29.997619556	435.518336471
37.500000000	29.997619556	436.065350108
37.520000000	29.997619556	436.611179338
37.540000000	29.997619556	437.137425605
37.560000000	29.997619556	437.684085299
37.580000000	29.997619556	438.211160177
37.600000000	29.997619556	438.759055026
37.620000000	29.997619556	439.303989059
37.640000000	29.997619556	439.829996233
37.660000000	29.997619556	440.379592067
37.680000000	29.997619556	440.927340272
37.700000000	29.997619556	441.471778696
37.720000000	29.997619556	441.999522173
37.740000000	29.997619556	442.544113492
37.760000000	29.997619556	443.071092177
37.780000000	29.997619556	443.620099095
37.800000000	29.997619556	444.164616052
37.820000000	29.997619556	444.691043793
37.840000000	29.997619556	445.238481962
37.860000000	29.997619556	445.786694522
37.880000000	29.997619556	446.311779529
37.900000000	29.997619556	446.859958714
37.920000000	29.997619556	447.406835846
37.940000000	29.997619556	447.932102304
37.960000000	29.997619556	448.480156284
37.980000000	29.997619556	449.025517761
38.000000000	29.997619556	449.552537207
38.020000000	29.997619556	450.100409737
38.040000000	29.997619556	450.645893393
38.060000000	29.997619556	451.173907180
38.080000000	29.997619556	451.721888393
38.100000000	29.997619556	452.267144998
38.120000000	29.997619556	452.794044218
38.140000000	29.997619556	453.342255896
38.160000000	29.997619556	453.887227098
38.180000000	29.997619556	454.412393681
38.200000000	29.997619556	454.961397505
38.220000000	29.997619556	455.506725560
38.240000000	29.997619556	456.032784067
38.260000000	29.997619556	456.579084255
38.280000000	29.997619556	457.106344330
38.300000000	29.997619556	457.657538608
38.320000000	29.997619556	458.197193678
38.340000000	29.997619556	458.723412480
38.360000000	29.997619556	459.271335561
38.380000000	29.997619556	459.817845237
38.400000000	29.997619556	460.344089081
38.420000000	29.997619556	460.894382548
38.440000000	29.997619556	461.440942269
38.460000000	29.997619556	461.966907870
38.480000000	29.997619556	462.513209692
38.500000000	29.997619556	463.040294291
38.520000000	29.997619556	463.587173502
38.540000000	29.997619556	464.133696826
38.560000000	29.997619556	464.660309008
38.580000000	29.997619556	465.208420073
38.600000000	29.997619556	465.753694489
38.620000000	29.997619556	466.279687786
38.640000000	29.997619556	466.826157767
38.660000000	29.997619556	467.353218704
38.680000000	29.997619556	467.900245428
38.700000000	29.997619556	468.447204136
38.720000000	29.997619556	468.972569765
38.740000000	29.997619556	469.519628599
38.760000000	29.997619556	470.044565785
38.780000000	29.997619556	470.593699613
38.800000000	29.997619556	471.139965033
38.820000000	29.997619556	471.666040409
38.840000000	29.997619556	472.211620982
38.860000000	29.997619556	472.740898202
38.880000000	29.997619556	473.286580344
38.900000000	29.997619556	473.834654688
38.920000000	29.997619556	474.379648816
38.940000000	29.997619556	474.905823426
38.960000000	29.997619556	475.452967896
38.980000000	29.997619556	475.979104276
39.000000000	29.997619556	476.526635218
39.020000000	29.997619556	477.072459751
39.040000000	29.997619556	477.599449557
39.060000000	29.997619556	478.147504916
39.080000000	29.997619556	478.692517176
39.100000000	29.997619556	479.219524124
39.120000000	29.997619556	479.765293147
39.140000000	29.997619556	480.291427589
39.160000000	29.997619556	480.840229618
39.180000000	29.997619556	481.385597180
39.200000000	29.997619556	481.911603758
39.220000000	29.997619556	482.457717936
39.240000000	29.997619556	482.984904059
39.260000000	29.997619556	483.532903443
39.280000000	29.997619556	484.078191174
39.300000000	29.997619556	484.604665098
39.320000000	29.997619556	485.152304460
39.340000000	29.997619556	485.698326613
39.360000000	29.997619556	486.224243994
39.380000000	29.997619556	486.772605650
39.400000000	29.997619556	487.319340277
39.420000000	29.997619556	487.844899659
39.440000000	29.997619556	488.393914837
39.460000000	29.997619556	488.938257150
39.480000000	29.997619556	489.466265362
39.500000000	29.997619556	490.011606504
39.520000000	29.997619556	490.537441857
39.540000000	29.997619556	491.084076154
39.560000000	29.997619556	491.632614509
39.580000000	29.997619556	492.158900715
39.600000000	29.997619556	492.706599802
39.620000000	29.997619556	493.253122339
39.640000000	29.997619556	493.777145744
39.660000000	29.997619556	494.326588308
39.680000000	29.997619556	494.876871249
39.700000000	29.997619556	495.398633714
39.720000000	29.997619556	495.946386530
39.740000000	29.997619556	496.492813118
39.760000000	29.997619556	497.017942186
39.780000000	29.997619556	497.568072742
39.800000000	29.997619556	498.113288488
39.820000000	29.997619556	498.639322683
39.840000000	29.997619556	499.187193575
39.860000000	29.997619556	499.732947583
39.880000000	29.997619556	500.259632358
39.900000000	29.997619556	500.806839706
39.920000000	29.997619556	501.332662110
39.940000000	29.997619556	501.880658099
39.960000000	29.997619556	502.425192348
39.980000000	29.997619556	502.952051520
40.000000000	29.997619556	503.499464664
40.020000000	29.997619556	504.047543981
40.040000000	29.997619556	504.573653704
40.060000000	29.997619556	505.120555950
40.080000000	29.997619556	505.667114021
40.100000000	29.997619556	506.197374434
40.120000000	29.997619556	506.740814109
40.140000000	29.997619556	507.286983055
40.160000000	29.997619556	507.812178669
40.180000000	29.997619556	508.360339723
40.200000000	29.997619556	508.907674190
40.220000000	29.997619556	509.432467144
40.240000000	29.997619556	509.980598162
40.260000000	29.997619556	510.526956348
40.280000000	29.997619556	511.054987572
40.300000000	29.997619556	511.599192576
40.320000000	29.997619556	512.126216895
40.340000000	29.997619556	512.674339826
40.360000000	29.997619556	513.221217037
40.380000000	29.997619556	513.747627702
40.400000000	29.997619556	514.295499295
40.420000000	29.997619556	514.840667523
40.440000000	29.997619556	515.367901025
40.460000000	29.997619556	515.914992592
40.480000000	29.997619556	516.460298875
40.500000000	29.997619556	516.987863210
40.520000000	29.997619556	517.534345800
40.540000000	29.997619556	518.080631482
40.560000000	29.997619556	518.607527099
40.580000000	29.997619556	519.155635719
40.600000000	29.997619556	519.701952777
40.620000000	29.997619556	520.227739042
40.640000000	29.997619556	520.776084717
40.660000000	29.997619556	521.322139294
40.680000000	29.997619556	521.847186663
40.700000000	29.997619556	522.397460359
40.720000000	29.997619556	522.945197164
40.740000000	29.997619556	523.490637986
40.760000000	29.997619556	524.016777662
40.780000000	29.997619556	524.565819398
40.800000000	29.997619556	525.110944031
40.820000000	29.997619556	525.637044864
40.840000000	29.997619556	526.185131379
40.860000000	29.997619556	526.733243976
40.880000000	29.997619556	527.279103255
40.900000000	29.997619556	527.805540585
40.920000000	29.997619556	528.353399701
40.940000000	29.997619556	528.898688125
40.960000000	29.997619556	529.425609258
40.980000000	29.997619556	529.972737426
41.000000000	29.997619556	530.519141025
41.020000000	29.997619556	531.045145524
41.040000000	29.997619556	531.593257859
41.060000000	29.997619556	532.140332446
41.080000000	29.997619556	532.665417070
41.100000000	29.997619556	533.214547762
41.120000000	29.997619556	533.761474599
41.140000000	29.997619556	534.307577779
41.160000000	29.997619556	534.832033407
41.180000000	29.997619556	535.380139461
41.200000000	29.997619556	535.926651699
41.220000000	29.997619556	536.451677602
41.240000000	29.997619556	536.997726461
41.260000000	29.997619556	537.549281384
41.280000000	29.997619556	538.075518757
41.300000000	29.997619556	538.624043733
41.320000000	29.997619556	539.169985953
41.340000000	29.997619556	539.696681599
41.360000000	29.997619556	540.243722829
41.380000000	29.997619556	540.789758881
41.400000000	29.997619556	541.316832335
41.420000000	29.997619556	541.865288577
41.440000000	29.997619556	542.412084774
41.460000000	29.997619556	542.958348461
41.480000000	29.997619556	543.484673167
41.500000000	29.997619556	544.032276591
41.520000000	29.997619556	544.579544008
41.540000000	29.997619556	545.104473667
41.560000000	29.997619556	545.653489043
41.580000000	29.997619556	546.198272524
41.600000000	29.997619556	546.725424340
41.620000000	29.997619556	547.273269273
41.640000000	29.997619556	547.821610704
41.660000000	29.997619556	548.368519560
41.680000000	29.997619556	548.894773724
41.700000000	29.997619556	549.441787637
41.720000000	29.997619556	549.988741971
41.740000000	29.997619556	550.513012793
41.760000000	29.997619556	551.061177765
41.780000000	29.997619556	551.608542028
41.800000000	29.997619556	552.135561006
41.820000000	29.997619556	552.682491520
41.840000000	29.997619556	553.227856476
41.860000000	29.997619556	553.755944765
41.880000000	29.997619556	554.303800625
41.900000000	29.997619556	554.849841119
41.920000000	29.997619556	555.374220824
41.940000000	29.997619556	555.923222115
41.960000000	29.997619556	556.469389964
41.980000000	29.997619556	556.999774902
42.000000000	34.997222816	557.593928693
42.020000000	34.997222816	558.215656465
42.040000000	34.997222816	558.835730875
42.060000000	34.997222816	559.457362234
42.080000000	34.997222816	560.098745273
42.100000000	34.997222816	560.718792046
42.120000000	34.997222816	561.361354122
42.140000000	34.997222816	561.982024396
42.160000000	34.997222816	562.623400824
42.180000000	34.997222816	563.244977054
42.200000000	34.997222816	563.887608450
42.220000000	34.997222816	564.509831198
42.240000000	34.997222816	565.150361696
42.260000000	34.997222816	565.769037938
42.280000000	34.997222816	566.392696512
42.300000000	34.997222816	567.033737495
42.320000000	34.997222816	567.675062948
42.340000000	34.997222816	568.295975846
42.360000000	34.997222816	568.918406017
42.380000000	34.997222816	569.557835426
42.400000000	34.997222816	570.181180112
42.420000000	34.997222816	570.821816797
42.440000000	34.997222816	571.444336544
42.460000000	34.997222816	572.085410162
42.480000000	34.997222816	572.706208702
42.500000000	34.997222816	573.347997549
42.520000000	34.997222816	573.969874885
42.540000000	34.997222816	574.608870994
42.560000000	34.997222816	575.232647275
42.580000000	34.997222816	575.874423445
42.600000000	34.997222816	576.495022621
42.620000000	34.997222816	577.134867940
42.640000000	34.997222816	577.756539817
42.660000000	34.997222816	578.400244151
42.680000000	34.997222816	579.019568677
42.700000000	34.997222816	579.663299611
42.720000000	34.997222816	580.284248298
42.740000000	34.997222816	580.923965333
42.760000000	34.997222816	581.546874549
42.780000000	34.997222816	582.192912150
42.800000000	34.997222816	582.810643239
42.820000000	34.997222816	583.451819433
42.840000000	34.997222816	584.071168151
42.860000000	34.997222816	584.713750832
42.880000000	34.997222816	585.335298627
42.900000000	34.997222816	585.977780331
42.920000000	34.997222816	586.595164806
42.940000000	34.997222816	587.219006546
42.960000000	34.997222816	587.860398389
42.980000000	34.997222816	588.481742110
43.000000000	34.997222816	589.120998833
43.020000000	34.997222816	589.743607820
43.040000000	34.997222816	590.386207693
43.060000000	34.997222816	591.006456135
43.080000000	34.997222816	591.647956602
43.100000000	34.997222816	592.269252922
43.120000000	34.997222816	592.910788118
43.140000000	34.997222816	593.531421423
43.160000000	34.997222816	594.175062721
43.180000000	34.997222816	594.796281461
43.200000000	34.997222816	595.436850722
43.220000000	34.997222816	596.056876536
43.240000000	34.997222816	596.699389174
43.260000000	34.997222816	597.321072442
43.280000000	34.997222816	597.965503398
43.300000000	34.997222816	598.605094722
43.320000000	34.997222816	599.225340002
43.340000000	34.997222816	599.845950516
43.360000000	34.997222816	600.495296419
43.380000000	34.997222816	601.131671656
43.400000000	34.997222816	601.753031747
43.420000000	34.997222816	602.394451736
43.440000000	34.997222816	603.016206830
43.460000000	34.997222816	603.658371295
43.480000000	34.997222816	604.277611858
43.500000000	34.997222816	604.919740327
43.520000000	34.997222816	605.541843969
43.540000000	34.997222816	606.183941676
43.560000000	34.997222816	606.804033226
43.580000000	34.997222816	607.444997107
43.600000000	34.997222816	608.066650585
43.620000000	34.997222816	608.710260706
43.640000000	34.997222816	609.330542213
43.660000000	34.997222816	609.971459063
43.680000000	34.997222816	610.592911352
43.700000000	34.997222816	611.234897218
43.720000000	34.997222816	611.856218325
43.740000000	34.997222816	612.497733418
43.760000000	34.997222816	613.118169837
43.780000000	34.997222816	613.761798935
43.800000000	34.997222816	614.382061846
43.820000000	34.997222816	615.022414823
43.840000000	34.997222816	615.644134593
43.860000000	34.997222816	616.287830171
43.880000000	34.997222816	616.909280454
43.900000000	34.997222816	617.549645781
43.920000000	34.997222816	618.172087815
43.940000000	34.997222816	618.811416632
43.960000000	34.997222816	619.433832674
43.980000000	34.997222816	620.077307642
44.000000000	34.997222816	620.720008552
44.020000000	34.997222816	621.340227617
44.040000000	34.997222816	621.980721982
44.060000000	34.997222816	622.604323075
44.080000000	34.997222816	623.244396573
44.100000000	34.997222816	623.864945817
44.120000000	34.997222816	624.508524714
44.140000000	34.997222816	625.128698066
44.160000000	34.997222816	625.769276171
44.180000000	34.997222816	626.391879492
44.200000000	34.997222816	627.033408694
44.220000000	34.997222816	627.655949865
44.240000000	34.997222816	628.296130351
44.260000000	34.997222816	628.917531485
44.280000000	34.997222816	629.558218184
44.300000000	34.997222816	630.181787698
44.320000000	34.997222816	630.823114475
44.340000000	34.997222816	631.443528781
44.360000000	34.997222816	632.084862011
44.380000000	34.997222816	632.704934696
44.400000000	34.997222816	633.343962090
44.420000000	34.997222816	633.969208216
44.440000000	34.997222816	634.608806464
44.460000000	34.997222816	635.225698827
44.480000000	34.997222816	635.869486090
44.500000000	34.997222816	636.496247527
44.520000000	34.997222816	637.137830208
44.540000000	34.997222816	637.759153665
44.560000000	34.997222816	638.399495671
44.580000000	34.997222816	639.021127101
44.600000000	34.997222816	639.662088831
44.620000000	34.997222816	640.285169996
44.640000000	34.997222816	640.926557583
44.660000000	34.997222816	641.546777221
44.680000000	34.997222816	642.188180153
44.700000000	34.997222816	642.809767526
44.720000000	34.997222816	643.451029588
44.740000000	34.997222816	644.069818589
44.760000000	34.997222816	644.693043551
44.780000000	34.997222816	645.334841760
44.800000000	34.997222816	645.956375957
44.820000000	34.997222816	646.597744580
44.840000000	34.997222816	647.218352604
44.860000000	34.997222816	647.860622072
44.880000000	34.997222816	648.482293398
44.900000000	34.997222816	649.123472619
44.920000000	34.997222816	649.744044690
44.940000000	34.997222816	650.385153877
44.960000000	34.997222816	651.005671178
44.980000000	34.997222816	651.649417948
45.000000000	34.997222816	652.267916741
45.020000000	34.997222816	652.890409559
45.040000000	34.997222816	653.529616200
45.060000000	34.997222816	654.153482738
45.080000000	34.997222816	654.794845066
45.100000000	34.997222816	655.416114117
45.120000000	34.997222816	656.055297996
45.140000000	34.997222816	656.677616580
45.160000000	34.997222816	657.324582134
45.180000000	34.997222816	657.942058511
45.200000000	34.997222816	658.582388045
45.220000000	34.997222816	659.205145982
45.240000000	34.997222816	659.846262429
45.260000000	34.997222816	660.466916908
45.280000000	34.997222816	661.108372886
45.300000000	34.997222816	661.728975533
45.320000000	34.997222816	662.349409549
45.340000000	34.997222816	662.991893858
45.360000000	34.997222816	663.613501177
45.380000000	34.997222816	664.254717916
45.400000000	34.997222816	664.874686773
45.420000000	34.997222816	665.517758758
45.440000000	34.997222816	666.138070293
45.460000000	34.997222816	666.780591116
45.480000000	34.997222816	667.400802853
45.500000000	34.997222816	668.041908905
45.520000000	34.997222816	668.663990630
45.540000000	34.997222816	669.306036164
45.560000000	34.997222816	669.924771949
45.580000000	34.997222816	670.567244491
45.600000000	34.997222816	671.190949470
45.620000000	34.997222816	671.832306916
45.640000000	34.997222816	672.452607519
45.660000000	34.997222816	673.094090036
45.680000000	34.997222816	673.715469292
45.700000000	34.997222816	674.356994301
45.720000000	34.997222816	674.979190235
45.740000000	34.997222816	675.620643744
45.760000000	34.997222816	676.240111118
45.780000000	34.997222816	676.883692917
45.800000000	34.997222816	677.505279333
45.820000000	34.997222816	678.144606184
45.840000000	34.997222816	678.767155724
45.860000000	34.997222816	679.408622789
45.880000000	34.997222816	680.031203242
45.900000000	34.997222816	680.672502369
45.920000000	34.997222816	681.290146089
45.940000000	34.997222816	681.916469336
45.960000000	34.997222816	682.555855087
45.980000000	34.997222816	683.197130957
46.000000000	34.997222816	683.817564500
46.020000000	34.997222816	684.458872723
46.040000000	34.997222816	685.081564257
46.060000000	34.997222816	685.721950011
46.080000000	34.997222816	686.345879128
46.100000000	34.997222816	686.987207615
46.120000000	34.997222816	687.607455411
46.140000000	34.997222816	688.248881796
46.160000000	34.997222816	688.870582412
46.180000000	34.997222816	689.513048184
46.200000000	34.997222816	690.133407938
46.220000000	34.997222816	690.775167434
46.240000000	34.997222816	691.397480420
46.260000000	34.997222816	692.037517241
46.280000000	34.997222816	692.660309113
46.300000000	34.997222816	693.301109693
46.320000000	34.997222816	693.927814828
46.340000000	34.997222816	694.568467309
46.360000000	34.997222816	695.185047785
46.380000000	34.997222816	695.826492417
46.400000000	34.997222816	696.449252811
46.420000000	34.997222816	697.090320786
46.440000000	34.997222816	697.709759263
46.460000000	34.997222816	698.353297016
46.480000000	34.997222816	698.973525693
46.500000000	34.997222816	699.616673687
46.520000000	34.997222816	700.257276271
46.540000000	34.997222816	700.879745988
46.560000000	34.997222816	701.520443677
46.580000000	34.997222816	702.142960073
46.600000000	34.997222816	702.783321200
46.620000000	34.997222816	703.407098375
46.640000000	34.997222816	704.047633371
46.660000000	34.997222816	704.673811992
46.680000000	34.997222816	705.309069361
46.700000000	34.997222816	705.931765445
46.720000000	34.997222816	706.574956128
46.740000000	34.997222816	707.216582653
46.760000000	34.997222816	707.837972426
46.780000000	34.997222816	708.477816434
46.800000000	34.997222816	709.099675165
46.820000000	34.997222816	709.742298791
46.840000000	34.997222816	710.363822320
46.860000000	34.997222816	711.004243329
46.880000000	34.997222816	711.628065711
46.900000000	34.997222816	712.268192204
46.920000000	34.997222816	712.890842252
46.940000000	34.997222816	713.533213870
46.960000000	34.997222816	714.174469340
46.980000000	34.997222816	714.796061532
47.000000000	34.997222816	715.437311346
47.020000000	34.997222816	716.058962300
47.040000000	34.997222816	716.700272203
47.060000000	34.997222816	717.321825355
47.080000000	34.997222816	717.964001998
47.100000000	34.997222816	718.605371649
47.120000000	34.997222816	719.228093192
47.140000000	34.997222816	719.868497803
47.160000000	34.997222816	720.490940962
47.180000000	34.997222816	721.132460500
47.200000000	34.997222816	721.753958917
47.220000000	34.997222816	722.397221462
47.240000000	34.997222816	723.037338091
47.260000000	34.997222816	723.656669669
47.280000000	34.997222816	724.297137883
47.300000000	34.997222816	724.923313030
47.320000000	34.997222816	725.559992552
47.340000000	34.997222816	726.186111918
47.360000000	34.997222816	726.827965336
47.380000000	34.997222816	727.448010041
47.400000000	34.997222816	728.095132117
47.420000000	34.997222816	728.710394687
47.440000000	34.997222816	729.351127736
47.460000000	34.997222816	729.972614989
47.480000000	34.997222816	730.611506926
47.500000000	34.997222816	731.231980812
47.520000000	34.997222816	731.873042600
47.540000000	34.997222816	732.493133061
47.560000000	34.997222816	733.131622155
47.580000000	34.997222816	733.753468726
47.600000000	34.997222816	734.396589704
47.620000000	34.997222816	735.035259253
47.640000000	34.997222816	735.656184996
47.660000000	34.997222816	736.297175870
47.680000000	34.997222816	736.918050371
47.700000000	34.997222816	737.558123264
47.720000000	34.997222816	738.176836012
47.740000000	34.997222816	738.816364167
47.760000000	34.997222816	739.437889000
47.780000000	34.997222816	740.077168415
47.800000000	34.997222816	740.699393086
47.820000000	34.997222816	741.339520211
47.840000000	34.997222816	741.958178042
47.860000000	34.997222816	742.600495626
47.880000000	34.997222816	743.219729913
47.900000000	34.997222816	743.862125742
47.920000000	34.997222816	744.502092346
47.940000000	34.997222816	745.121530707
47.960000000	34.997222816	745.762795164
47.980000000	34.997222816	746.385065029
48.000000000	39.999908444	747.052153338
48.020000000	39.999908444	747.770342965
48.040000000	39.999908444	748.483376899
48.060000000	39.999908444	749.196539237
48.080000000	39.999908444	749.933052280
48.100000000	39.999908444	750.645565265
48.120000000	39.999908444	751.362331132
48.140000000	39.999908444	752.096226614
48.160000000	39.999908444	752.810381953
48.180000000	39.999908444	753.526471624
48.200000000	39.999908444	754.241603604
48.220000000	39.999908444	754.975928127
48.240000000	39.999908444	755.689167783
48.260000000	39.999908444	756.403559139
48.280000000	39.999908444	757.138752469
48.300000000	39.999908444	757.853650981
48.320000000	39.999908444	758.567344350
48.340000000	39.999908444	759.281471375
48.360000000	39.999908444	760.018111706
48.380000000	39.999908444	760.731505942
48.400000000	39.999908444	761.443981213
48.420000000	39.999908444	762.162146446
48.440000000	39.999908444	762.897251960
48.460000000	39.999908444	763.608340161
48.480000000	39.999908444	764.321997490
48.500000000	39.999908444	765.039129564
48.520000000	39.999908444	765.775010015
48.540000000	39.999908444	766.487191813
48.560000000	39.999908444	767.200786388
48.580000000	39.999908444	767.915940706
48.600000000	39.999908444	768.630392058
48.620000000	39.999908444	769.365574261
48.640000000	39.999908444	770.079312100
48.660000000	39.999908444	770.793405897
48.680000000	39.999908444	771.528867592
48.700000000	39.999908444	772.243428536
48.720000000	39.999908444	772.955937477
48.740000000	39.999908444	773.672863281
48.760000000	39.999908444	774.408009651
48.780000000	39.999908444	775.120407477
48.800000000	39.999908444	775.835475212
48.820000000	39.999908444	776.551872603
48.840000000	39.999908444	777.284730994
48.860000000	39.999908444	777.998364572
48.880000000	39.999908444	778.715134906
48.900000000	39.999908444	779.449382488
48.920000000	39.999908444	780.164319723
48.940000000	39.999908444	780.880997183
48.960000000	39.999908444	781.613794261
48.980000000	39.999908444	782.328684499
49.000000000	39.999908444	783.042110680
49.020000000	39.999908444	783.757614854
49.040000000	39.999908444	784.491708033
49.060000000	39.999908444	785.206463548
49.080000000	39.999908444	785.921020613
49.100000000	39.999908444	786.658896174
49.120000000	39.999908444	787.371972875
49.140000000	39.999908444	788.086653970
49.160000000	39.999908444	788.820670570
49.180000000	39.999908444	789.535549710
49.200000000	39.999908444	790.251055590
49.220000000	39.999908444	790.984799442
49.240000000	39.999908444	791.700822146
49.260000000	39.999908444	792.412381244
49.280000000	39.999908444	793.130452419
49.300000000	39.999908444	793.864548170
49.320000000	39.999908444	794.580062729
49.340000000	39.999908444	795.314037894
49.360000000	39.999908444	796.034493336
49.380000000	39.999908444	796.743176162
49.400000000	39.999908444	797.479453357
49.420000000	39.999908444	798.193350678
49.440000000	39.999908444	798.908804279
49.460000000	39.999908444	799.644165421
49.480000000	39.999908444	800.356508685
49.500000000	39.999908444	801.073340418
49.520000000	39.999908444	801.814564785
49.540000000	39.999908444	802.525324631
49.560000000	39.999908444	803.259479105
49.580000000	39.999908444	803.974431301
49.600000000	39.999908444	804.688489141
49.620000000	39.999908444	805.422387994
49.640000000	39.999908444	806.137555478
49.660000000	39.999908444	806.852602384
49.680000000	39.999908444	807.589237953
49.700000000	39.999908444	808.302590357
49.720000000	39.999908444	809.017430847
49.740000000	39.999908444	809.751470675
49.760000000	39.999908444	810.465455260
49.780000000	39.999908444	811.183451552
49.800000000	39.999908444	811.917530813
49.820000000	39.999908444	812.632980084
49.840000000	39.999908444	813.366980736
49.860000000	39.999908444	814.081708873
49.880000000	39.999908444	814.796126311
49.900000000	39.999908444	815.532678157
49.920000000	39.999908444	816.246321625
49.940000000	39.999908444	816.961973001
49.960000000	39.999908444	817.697110492
49.980000000	39.999908444	818.410643240
50.000000000	39.999908444	819.124888642
50.020000000	39.999908444	819.861638605
50.040000000	39.999908444	820.573850535
50.060000000	39.999908444	821.290615884
50.080000000	39.999908444	822.024717414
50.100000000	39.999908444	822.741750640
50.120000000	39.999908444	823.476548192
50.140000000	39.999908444	824.189095725
50.160000000	39.999908444	824.904688591
50.180000000	39.999908444	825.641354620
50.200000000	39.999908444	826.353636747
50.220000000	39.999908444	827.069052102
50.240000000	39.999908444	827.805843333
50.260000000	39.999908444	828.518270922
50.280000000	39.999908444	829.235131313
50.300000000	39.999908444	829.970300991
50.320000000	39.999908444	830.683817575
50.340000000	39.999908444	831.397783493
50.360000000	39.999908444	832.133408278
50.380000000	39.999908444	832.846646753
50.400000000	39.999908444	833.560111524
50.420000000	39.999908444	834.296715030
50.440000000	39.999908444	835.009404267
50.460000000	39.999908444	835.721119563
50.480000000	39.999908444	836.462910894
50.500000000	39.999908444	837.178572302
50.520000000	39.999908444	837.894101826
50.540000000	39.999908444	838.628060764
50.560000000	39.999908444	839.342403730
50.580000000	39.999908444	840.057226290
50.600000000	39.999908444	840.793564353
50.620000000	39.999908444	841.506237476
50.640000000	39.999908444	842.221852002
50.660000000	39.999908444	842.958328482
50.680000000	39.999908444	843.671348823
50.700000000	39.999908444	844.385710366
50.720000000	39.999908444	845.121141978
50.740000000	39.999908444	845.833553636
50.760000000	39.999908444	846.549441861
50.780000000	39.999908444	847.286729439
50.800000000	39.999908444	847.998169685
50.820000000	39.999908444	848.716185824
50.840000000	39.999908444	849.450447164
50.860000000	39.999908444	850.163648799
50.880000000	39.999908444	850.880657002
50.900000000	39.999908444	851.614892634
50.920000000	39.999908444	852.328144958
50.940000000	39.999908444	853.044082986
50.960000000	39.999908444	853.779032767
50.980000000	39.999908444	854.494059902
51.000000000	39.999908444	855.207200006
51.020000000	39.999908444	855.943077345
51.040000000	39.999908444	856.658430598
51.060000000	39.999908444	857.371561885
51.080000000	39.999908444	858.108290393
51.100000000	39.999908444	858.823029252
51.120000000	39.999908444	859.537484090
51.140000000	39.999908444	860.273640718
51.160000000	39.999908444	860.984918352
51.180000000	39.999908444	861.703217677
51.200000000	39.999908444	862.436971940
51.220000000	39.999908444	863.150530684
51.240000000	39.999908444	863.866331067
51.260000000	39.999908444	864.601117226
51.280000000	39.999908444	865.315168984
51.300000000	39.999908444	866.031822442
51.320000000	39.999908444	866.764750535
51.340000000	39.999908444	867.480399438
51.360000000	39.999908444	868.200786000
51.380000000	39.999908444	868.929790268
51.400000000	39.999908444	869.645103050
51.420000000	39.999908444	870.359434030
51.440000000	39.999908444	871.096301997
51.460000000	39.999908444	871.808459702
51.480000000	39.999908444	872.523987254
51.500000000	39.999908444	873.259333637
51.520000000	39.999908444	873.974239058
51.540000000	39.999908444	874.689594488
51.560000000	39.999908444	875.422991514
51.580000000	39.999908444	876.137911966
51.600000000	39.999908444	876.850260258
51.620000000	39.999908444	877.567501313
51.640000000	39.999908444	878.301691497
51.660000000	39.999908444	879.015123971
51.680000000	39.999908444	879.730760504
51.700000000	39.999908444	880.450268523
51.720000000	39.999908444	881.179400870
51.740000000	39.999908444	881.893554650
51.760000000	39.999908444	882.610189571
51.780000000	39.999908444	883.344335006
51.800000000	39.999908444	884.059042226
51.820000000	39.999908444	884.775032124
51.840000000	39.999908444	885.509933762
51.860000000	39.999908444	886.222028683
51.880000000	39.999908444	886.937623435
51.900000000	39.999908444	887.674472750
51.920000000	39.999908444	888.387979427
51.940000000	39.999908444	889.102298184
51.960000000	39.999908444	889.837621658
51.980000000	39.999908444	890.553324821
52.000000000	39.999908444	891.287216341
52.020000000	39.999908444	892.003422389
52.040000000	39.999908444	892.716821411
52.060000000	39.999908444	893.431321019
52.080000000	39.999908444	894.164990865
52.100000000	39.999908444	894.878862661
52.120000000	39.999908444	895.596805944
52.140000000	39.999908444	896.330873861
52.160000000	39.999908444	897.044344871
52.180000000	39.999908444	897.760274555
52.200000000	39.999908444	898.495519781
52.220000000	39.999908444	899.208825816
52.240000000	39.999908444	899.924450339
52.260000000	39.999908444	900.658526998
52.280000000	39.999908444	901.373454591
52.300000000	39.999908444	902.090248252
52.320000000	39.999908444	902.823053735
52.340000000	39.999908444	903.537838401
52.360000000	39.999908444	904.254874685
52.380000000	39.999908444	904.988513061
52.400000000	39.999908444	905.701185091
52.420000000	39.999908444	906.419250358
52.440000000	39.999908444	907.151815288
52.460000000	39.999908444	907.868798286
52.480000000	39.999908444	908.604302778
52.500000000	39.999908444	909.319017413
52.520000000	39.999908444	910.033355299
52.540000000	39.999908444	910.769351164
52.560000000	39.999908444	911.481903298
52.580000000	39.999908444	912.198110151
52.600000000	39.999908444	912.931848138
52.620000000	39.999908444	913.648532399
52.640000000	39.999908444	914.383935273
52.660000000	39.999908444	915.097370919
52.680000000	39.999908444	915.812978053
52.700000000	39.999908444	916.547004254
52.720000000	39.999908444	917.263967133
52.740000000	39.999908444	917.998952296
52.760000000	39.999908444	918.711454635
52.780000000	39.999908444	919.428233113
52.800000000	39.999908444	920.162386942
52.820000000	39.999908444	920.878317068
52.840000000	39.999908444	921.591565261
52.860000000	39.999908444	922.327979321
52.880000000	39.999908444	923.041494088
52.900000000	39.999908444	923.756032657
52.920000000	39.999908444	924.493910144
52.940000000	39.999908444	925.208104078
52.960000000	39.999908444	925.941901735
52.980000000	39.999908444	926.657080124
53.000000000	39.999908444	927.372828371
53.020000000	39.999908444	928.109144982
53.040000000	39.999908444	928.821433412
53.060000000	39.999908444	929.537005757
53.080000000	39.999908444	930.270952239
53.100000000	39.999908444	930.984597278
53.120000000	39.999908444	931.701431885
53.140000000	39.999908444	932.435612328
53.160000000	39.999908444	933.152281827
53.180000000	39.999908444	933.886272807
53.200000000	39.999908444	934.600062016
53.220000000	39.999908444	935.316932284
53.240000000	39.999908444	936.050849931
53.260000000	39.999908444	936.767616490
53.280000000	39.999908444	937.501808452
53.300000000	39.999908444	938.216496457
53.320000000	39.999908444	938.930648278
53.340000000	39.999908444	939.663822719
53.360000000	39.999908444	940.382019733
53.380000000	39.999908444	941.115005942
53.400000000	39.999908444	941.830219656
53.420000000	39.999908444	942.548730066
53.440000000	39.999908444	943.283692826
53.460000000	39.999908444	943.997194735
53.480000000	39.999908444	944.733666930
53.500000000	39.999908444	945.448269142
53.520000000	39.999908444	946.164405391
53.540000000	39.999908444	946.897918344
53.560000000	39.999908444	947.612690406
53.580000000	39.999908444	948.328061302
53.600000000	39.999908444	949.062597780
53.620000000	39.999908444	949.775772885
53.640000000	39.999908444	950.491476865
53.660000000	39.999908444	951.228291413
53.680000000	39.999908444	951.939575323
53.700000000	39.999908444	952.657648208
53.720000000	39.999908444	953.391340809
53.740000000	39.999908444	954.105282674
53.760000000	39.999908444	954.822299104
53.780000000	39.999908444	955.555848552
53.800000000	39.999908444	956.268456319
53.820000000	39.999908444	956.986670243
53.840000000	39.999908444	957.720585340
53.860000000	39.999908444	958.435574513
53.880000000	39.999908444	959.151060973
53.900000000	39.999908444	959.886211470
53.920000000	39.999908444	960.598184130
53.940000000	39.999908444	961.314372254
53.960000000	39.999908444	962.049917907
53.980000000	39.999908444	962.772854697
54.000000000	44.999511704	963.527180479
54.020000000	44.999511704	964.316873709
54.040000000	44.999511704	965.125825530
54.060000000	44.999511704	965.935002497
54.080000000	44.999511704	966.743880318
54.100000000	44.999511704	967.553624743
54.120000000	44.999511704	968.360750626
54.140000000	44.999511704	969.171261868
54.160000000	44.999511704	969.979818457
54.180000000	44.999511704	970.789185396
54.200000000	44.999511704	971.619323298
54.220000000	44.999511704	972.426756591
54.240000000	44.999511704	973.236933723
54.260000000	44.999511704	974.045062241
54.280000000	44.999511704	974.852843363
54.300000000	44.999511704	975.662985675
54.320000000	44.999511704	976.471746737
54.340000000	44.999511704	977.280396344
54.360000000	44.999511704	978.089379043
54.380000000	44.999511704	978.899283869
54.400000000	44.999511704	979.708105806
54.420000000	44.999511704	980.516269420
54.440000000	44.999511704	981.325690242
54.460000000	44.999511704	982.139048303
54.480000000	44.999511704	982.943267388
54.500000000	44.999511704	983.773591558
54.520000000	44.999511704	984.581064073
54.540000000	44.999511704	985.391236339
54.560000000	44.999511704	986.200962861
54.580000000	44.999511704	987.009908480
54.600000000	44.999511704	987.817247580
54.620000000	44.999511704	988.625686864
54.640000000	44.999511704	989.436597574
54.660000000	44.999511704	990.251681599
54.680000000	44.999511704	991.075401426
54.700000000	44.999511704	991.884656302
54.720000000	44.999511704	992.694458437
54.740000000	44.999511704	993.503600095
54.760000000	44.999511704	994.310821024
54.780000000	44.999511704	995.120727864
54.800000000	44.999511704	995.928051620
54.820000000	44.999511704	996.736661885
54.840000000	44.999511704	997.545000046
54.860000000	44.999511704	998.352942345
54.880000000	44.999511704	999.164093220
54.900000000	44.999511704	999.970000124
54.920000000	44.999511704	1000.780149371
54.940000000	44.999511704	1001.588789448
54.960000000	44.999511704	1002.397475080
54.980000000	44.999511704	1003.206233467
55.000000000	44.999511704	1004.017136265
55.020000000	44.999511704	1004.847419214
55.040000000	44.999511704	1005.654743668
55.060000000	44.999511704	1006.464836391
55.080000000	44.999511704	1007.273376942
55.100000000	44.999511704	1008.080648049
55.120000000	44.999511704	1008.890505575
55.140000000	44.999511704	1009.699569904
55.160000000	44.999511704	1010.508308200
55.180000000	44.999511704	1011.317172682
55.200000000	44.999511704	1012.127401967
55.220000000	44.999511704	1012.958212186
55.240000000	44.999511704	1013.768384613
55.260000000	44.999511704	1014.576266889
55.280000000	44.999511704	1015.390537943
55.300000000	44.999511704	1016.191181038
55.320000000	44.999511704	1016.999890669
55.340000000	44.999511704	1017.810590432
55.360000000	44.999511704	1018.619217244
55.380000000	44.999511704	1019.427840437
55.400000000	44.999511704	1020.239499850
55.420000000	44.999511704	1021.067426686
55.440000000	44.999511704	1021.879027395
55.460000000	44.999511704	1022.686127297
55.480000000	44.999511704	1023.493547261
55.500000000	44.999511704	1024.302938186
55.520000000	44.999511704	1025.112219444
55.540000000	44.999511704	1025.921071550
55.560000000	44.999511704	1026.731111957
55.580000000	44.999511704	1027.560548803
55.600000000	44.999511704	1028.369408272
55.620000000	44.999511704	1029.179212955
55.640000000	44.999511704	1029.988192393
55.660000000	44.999511704	1030.796758701
55.680000000	44.999511704	1031.604122273
55.700000000	44.999511704	1032.414267347
55.720000000	44.999511704	1033.222739213
55.740000000	44.999511704	1034.032369798
55.760000000	44.999511704	1034.864271055
55.780000000	44.999511704	1035.671817218
55.800000000	44.999511704	1036.482334793
55.820000000	44.999511704	1037.290290519
55.840000000	44.999511704	1038.099089354
55.860000000	44.999511704	1038.908256438
55.880000000	44.999511704	1039.723559801
55.900000000	44.999511704	1040.547641921
55.920000000	44.999511704	1041.357958006
55.940000000	44.999511704	1042.166220806
55.960000000	44.999511704	1042.973686398
55.980000000	44.999511704	1043.783906363
56.000000000	44.999511704	1044.594595504
56.020000000	44.999511704	1045.423410606
56.040000000	44.999511704	1046.233710502
56.060000000	44.999511704	1047.042322765
56.080000000	44.999511704	1047.851081811
56.100000000	44.999511704	1048.657895788
56.120000000	44.999511704	1049.468800548
56.140000000	44.999511704	1050.299136726
56.160000000	44.999511704	1051.107974992
56.180000000	44.999511704	1051.917150918
56.200000000	44.999511704	1052.733386171
56.220000000	44.999511704	1053.535584361
56.240000000	44.999511704	1054.344324517
56.260000000	44.999511704	1055.153285871
56.280000000	44.999511704	1055.984066847
56.300000000	44.999511704	1056.794274350
56.320000000	44.999511704	1057.602843516
56.340000000	44.999511704	1058.410232426
56.360000000	44.999511704	1059.222085599
56.380000000	44.999511704	1060.047023166
56.400000000	44.999511704	1060.857732023
56.420000000	44.999511704	1061.664785737
56.440000000	44.999511704	1062.477496153
56.460000000	44.999511704	1063.287618417
56.480000000	44.999511704	1064.094727945
56.500000000	44.999511704	1064.905678243
56.520000000	44.999511704	1065.737267355
56.540000000	44.999511704	1066.544666929
56.560000000	44.999511704	1067.354192858
56.580000000	44.999511704	1068.161869349
56.600000000	44.999511704	1068.971278158
56.620000000	44.999511704	1069.780879165
56.640000000	44.999511704	1070.589742555
56.660000000	44.999511704	1071.400538254
56.680000000	44.999511704	1072.231815986
56.700000000	44.999511704	1073.041183558
56.720000000	44.999511704	1073.849387929
56.740000000	44.999511704	1074.656989948
56.760000000	44.999511704	1075.465920677
56.780000000	44.999511704	1076.283244411
56.800000000	44.999511704	1077.108168078
56.820000000	44.999511704	1077.915367810
56.840000000	44.999511704	1078.723932823
56.860000000	44.999511704	1079.531532909
56.880000000	44.999511704	1080.342744497
56.900000000	44.999511704	1081.150496490
56.920000000	44.999511704	1081.980999598
56.940000000	44.999511704	1082.790136685
56.960000000	44.999511704	1083.599820786
56.980000000	44.999511704	1084.410119218
57.000000000	44.999511704	1085.216849548
57.020000000	44.999511704	1086.027439822
57.040000000	44.999511704	1086.834961762
57.060000000	44.999511704	1087.645299926
57.080000000	44.999511704	1088.455889282
57.100000000	44.999511704	1089.283208943
57.120000000	44.999511704	1090.094622444
57.140000000	44.999511704	1090.902414528
57.160000000	44.999511704	1091.710499511
57.180000000	44.999511704	1092.519430807
57.200000000	44.999511704	1093.326577288
57.220000000	44.999511704	1094.135487074
57.240000000	44.999511704	1094.947975092
57.260000000	44.999511704	1095.778420551
57.280000000	44.999511704	1096.587639704
57.300000000	44.999511704	1097.394076255
57.320000000	44.999511704	1098.204036047
57.340000000	44.999511704	1099.011502923
57.360000000	44.999511704	1099.820626118
57.380000000	44.999511704	1100.629902751
57.400000000	44.999511704	1101.438962518
57.420000000	44.999511704	1102.250035638
57.440000000	44.999511704	1103.081119621
57.460000000	44.999511704	1103.887492516
57.480000000	44.999511704	1104.697403697
57.500000000	44.999511704	1105.506365376
57.520000000	44.999511704	1106.315048867
57.540000000	44.999511704	1107.124846778
57.560000000	44.999511704	1107.931817146
57.580000000	44.999511704	1108.742461732
57.600000000	44.999511704	1109.549387911
57.620000000	44.999511704	1110.360323613
57.640000000	44.999511704	1111.190884652
57.660000000	44.999511704	1111.999967809
57.680000000	44.999511704	1112.809207142
57.700000000	44.999511704	1113.618006007
57.720000000	44.999511704	1114.427580041
57.740000000	44.999511704	1115.256546994
57.760000000	44.999511704	1116.066434482
57.780000000	44.999511704	1116.875559854
57.800000000	44.999511704	1117.684194185
57.820000000	44.999511704	1118.491784663
57.840000000	44.999511704	1119.305471686
57.860000000	44.999511704	1120.134273159
57.880000000	44.999511704	1120.942704599
57.900000000	44.999511704	1121.750009134
57.920000000	44.999511704	1122.558810170
57.940000000	44.999511704	1123.368847859
57.960000000	44.999511704	1124.177278863
57.980000000	44.999511704	1124.986054450
58.000000000	44.999511704	1125.797138311
58.020000000	44.999511704	1126.625658105
58.040000000	44.999511704	1127.434684417
58.060000000	44.999511704	1128.244754083
58.080000000	44.999511704	1129.052874566
58.100000000	44.999511704	1129.868937753
58.120000000	44.999511704	1130.672038686
58.140000000	44.999511704	1131.479794800
58.160000000	44.999511704	1132.291828072
58.180000000	44.999511704	1133.120930286
58.200000000	44.999511704	1133.929515560
58.220000000	44.999511704	1134.738160232
58.240000000	44.999511704	1135.546870568
58.260000000	44.999511704	1136.354378976
58.280000000	44.999511704	1137.165719980
58.300000000	44.999511704	1137.973089893
58.320000000	44.999511704	1138.783622007
58.340000000	44.999511704	1139.613483241
58.360000000	44.999511704	1140.429265714
58.380000000	44.999511704	1141.233228715
58.400000000	44.999511704	1142.046613730
58.420000000	44.999511704	1142.847505315
58.440000000	44.999511704	1143.658312172
58.460000000	44.999511704	1144.488456854
58.480000000	44.999511704	1145.297621354
58.500000000	44.999511704	1146.107889744
58.520000000	44.999511704	1146.917286692
58.540000000	44.999511704	1147.724905980
58.560000000	44.999511704	1148.535173354
58.580000000	44.999511704	1149.365977185
58.600000000	44.999511704	1150.173503000
58.620000000	44.999511704	1150.982080586
58.640000000	44.999511704	1151.794321303
58.660000000	44.999511704	1152.622982331
58.680000000	44.999511704	1153.433460873
58.700000000	44.999511704	1154.241354730
58.720000000	44.999511704	1155.049098163
58.740000000	44.999511704	1155.858105871
58.760000000	44.999511704	1156.671184934
58.780000000	44.999511704	1157.499283581
58.800000000	44.999511704	1158.309488626
58.820000000	44.999511704	1159.117811319
58.840000000	44.999511704	1159.926540575
58.860000000	44.999511704	1160.737082878
58.880000000	44.999511704	1161.566400508
58.900000000	44.999511704	1162.376572440
58.920000000	44.999511704	1163.185328162
58.940000000	44.999511704	1163.995615945
58.960000000	44.999511704	1164.803729175
58.980000000	44.999511704	1165.611351467
59.000000000	44.999511704	1166.422340416
59.020000000	44.999511704	1167.250824741
59.040000000	44.999511704	1168.059676877
59.060000000	44.999511704	1168.869824468
59.080000000	44.999511704	1169.678601068
59.100000000	44.999511704	1170.485927648
59.120000000	44.999511704	1171.298439336
59.140000000	44.999511704	1172.129717971
59.160000000	44.999511704	1172.937639512
59.180000000	44.999511704	1173.744249186
59.200000000	44.999511704	1174.552928010
59.220000000	44.999511704	1175.365553794
59.240000000	44.999511704	1176.193889936
59.260000000	44.999511704	1176.999945357
59.280000000	44.999511704	1177.808779721
59.300000000	44.999511704	1178.619023680
59.320000000	44.999511704	1179.425416129
59.340000000	44.999511704	1180.231313794
59.360000000	44.999511704	1181.046162765
59.380000000	44.999511704	1181.860110588
59.400000000	44.999511704	1182.688446253
59.420000000	44.999511704	1183.497791393
59.440000000	44.999511704	1184.306503241
59.460000000	44.999511704	1185.113595901
59.480000000	44.999511704	1185.922271489
59.500000000	44.999511704	1186.731278019
59.520000000	44.999511704	1187.542277366
59.540000000	44.999511704	1188.350790996
59.560000000	44.999511704	1189.181775225
59.580000000	44.999511704	1189.989630638
59.600000000	44.999511704	1190.799328618
59.620000000	44.999511704	1191.606646994
59.640000000	44.999511704	1192.415593658
59.660000000	44.999511704	1193.226551547
59.680000000	44.999511704	1194.057596930
59.700000000	44.999511704	1194.866856709
59.720000000	44.999511704	1195.676622602
59.740000000	44.999511704	1196.483997673
59.760000000	44.999511704	1197.291759164
59.780000000	44.999511704	1198.101560445
59.800000000	44.999511704	1198.909085652
59.820000000	44.999511704	1199.721412420
59.840000000	44.999511704	1200.550569584
59.860000000	44.999511704	1201.360563262
59.880000000	44.999511704	1202.168909808
59.900000000	44.999511704	1202.976422742
59.920000000	44.999511704	1203.786630441
59.940000000	44.999511704	1204.595129120
59.960000000	44.999511704	1205.405946692
59.980000000	44.999511704	1206.236602266
60.000000000	49.999114963	1207.071890108
60.020000000	49.999114963	1207.958863280
60.040000000	49.999114963	1208.857986008
60.060000000	49.999114963	1209.741957395
60.080000000	49.999114963	1210.647603742
60.100000000	49.999114963	1211.551350420
60.120000000	49.999114963	1212.455027623
60.140000000	49.999114963	1213.354842520
60.160000000	49.999114963	1214.236749308
60.180000000	49.999114963	1215.140823523
60.200000000	49.999114963	1216.043516027
60.220000000	49.999114963	1216.948679856
60.240000000	49.999114963	1217.850958797
60.260000000	49.999114963	1218.754044640
60.280000000	49.999114963	1219.637930958
60.300000000	49.999114963	1220.542346660
60.320000000	49.999114963	1221.446083020
60.340000000	49.999114963	1222.349529071
60.360000000	49.999114963	1223.251487012
60.380000000	49.999114963	1224.157374538
60.400000000	49.999114963	1225.058739049
60.420000000	49.999114963	1225.960918149
60.440000000	49.999114963	1226.845305836
60.460000000	49.999114963	1227.747441266
60.480000000	49.999114963	1228.652929162
60.500000000	49.999114963	1229.554914815
60.520000000	49.999114963	1230.459677990
60.540000000	49.999114963	1231.362892108
60.560000000	49.999114963	1232.267820297
60.580000000	49.999114963	1233.168068693
60.600000000	49.999114963	1234.051123215
60.620000000	49.999114963	1234.961578128
60.640000000	49.999114963	1235.859942459
60.660000000	49.999114963	1236.763449364
60.680000000	49.999114963	1237.665681392
60.700000000	49.999114963	1238.570806635
60.720000000	49.999114963	1239.475000504
60.740000000	49.999114963	1240.376511846
60.760000000	49.999114963	1241.278610405
60.780000000	49.999114963	1242.160778632
60.800000000	49.999114963	1243.064529137
60.820000000	49.999114963	1243.969143909
60.840000000	49.999114963	1244.874506344
60.860000000	49.999114963	1245.777782205
60.880000000	49.999114963	1246.678582733
60.900000000	49.999114963	1247.582013270
60.920000000	49.999114963	1248.488103437
60.940000000	49.999114963	1249.392224516
60.960000000	49.999114963	1250.297137984
60.980000000	49.999114963	1251.197905315
61.000000000	49.999114963	1252.103099876
61.020000000	49.999114963	1253.008599839
61.040000000	49.999114963	1253.911305837
61.060000000	49.999114963	1254.816560576
61.080000000	49.999114963	1255.718841910
61.100000000	49.999114963	1256.624302395
61.120000000	49.999114963	1257.526093549
61.140000000	49.999114963	1258.429622039
61.160000000	49.999114963	1259.334070328
61.180000000	49.999114963	1260.237551440
61.200000000	49.999114963	1261.139863200
61.220000000	49.999114963	1262.047379630
61.240000000	49.999114963	1262.950880899
61.260000000	49.999114963	1263.853316687
61.280000000	49.999114963	1264.756570355
61.300000000	49.999114963	1265.660924670
61.320000000	49.999114963	1266.564999921
61.340000000	49.999114963	1267.470239012
61.360000000	49.999114963	1268.372040875
61.380000000	49.999114963	1269.276147537
61.400000000	49.999114963	1270.180002501
61.420000000	49.999114963	1271.083614795
61.440000000	49.999114963	1271.986037265
61.460000000	49.999114963	1272.891389835
61.480000000	49.999114963	1273.794025605
61.500000000	49.999114963	1274.701003900
61.520000000	49.999114963	1275.604021669
61.540000000	49.999114963	1276.505358539
61.560000000	49.999114963	1277.409736711
61.580000000	49.999114963	1278.310359511
61.600000000	49.999114963	1279.194855308
61.620000000	49.999114963	1280.098712409
61.640000000	49.999114963	1281.004917889
61.660000000	49.999114963	1281.913352793
61.680000000	49.999114963	1282.810114103
61.700000000	49.999114963	1283.713398538
61.720000000	49.999114963	1284.617587303
61.740000000	49.999114963	1285.520016852
61.760000000	49.999114963	1286.425462755
61.780000000	49.999114963	1287.330560830
61.800000000	49.999114963	1288.232994155
61.820000000	49.999114963	1289.136753385
61.840000000	49.999114963	1290.040888292
61.860000000	49.999114963	1290.946199944
61.880000000	49.999114963	1291.850047508
61.900000000	49.999114963	1292.752164825
61.920000000	49.999114963	1293.655669028
61.940000000	49.999114963	1294.558217418
61.960000000	49.999114963	1295.463125945
61.980000000	49.999114963	1296.364402520
62.000000000	49.999114963	1297.254878756
62.020000000	49.999114963	1298.151641601
62.040000000	49.999114963	1299.056991099
62.060000000	49.999114963	1299.960643173
62.080000000	49.999114963	1300.864850924
62.100000000	49.999114963	1301.766867535
62.120000000	49.999114963	1302.670336432
62.140000000	49.999114963	1303.572699496
62.160000000	49.999114963	1304.479004621
62.180000000	49.999114963	1305.389435229
62.200000000	49.999114963	1306.286667046
62.220000000	49.999114963	1307.196860949
62.240000000	49.999114963	1308.091454313
62.260000000	49.999114963	1308.996480488
62.280000000	49.999114963	1309.894617305
62.300000000	49.999114963	1310.802529718
62.320000000	49.999114963	1311.704014846
62.340000000	49.999114963	1312.603962065
62.360000000	49.999114963	1313.512528373
62.380000000	49.999114963	1314.420146671
62.400000000	49.999114963	1315.323192568
62.420000000	49.999114963	1316.229848737
62.440000000	49.999114963	1317.129797903
62.460000000	49.999114963	1318.015855685
62.480000000	49.999114963	1318.935726919
62.500000000	49.999114963	1319.819859979
62.520000000	49.999114963	1320.724735431
62.540000000	49.999114963	1321.629174494
62.560000000	49.999114963	1322.532412551
62.580000000	49.999114963	1323.435095285
62.600000000	49.999114963	1324.338831246
62.620000000	49.999114963	1325.241226230
62.640000000	49.999114963	1326.145173136
62.660000000	49.999114963	1327.052423335
62.680000000	49.999114963	1327.955968821
62.700000000	49.999114963	1328.859192096
62.720000000	49.999114963	1329.762016250
62.740000000	49.999114963	1330.667411365
62.760000000	49.999114963	1331.567223427
62.780000000	49.999114963	1332.451056586
62.800000000	49.999114963	1333.355384231
62.820000000	49.999114963	1334.258880990
62.840000000	49.999114963	1335.161081405
62.860000000	49.999114963	1336.064921765
62.880000000	49.999114963	1336.970622167
62.900000000	49.999114963	1337.874140353
62.920000000	49.999114963	1338.775006994
62.940000000	49.999114963	1339.680426875
62.960000000	49.999114963	1340.582505398
62.980000000	49.999114963	1341.488090319
63.000000000	49.999114963	1342.392452124
63.020000000	49.999114963	1343.295165191
63.040000000	49.999114963	1344.198263054
63.060000000	49.999114963	1345.105175422
63.080000000	49.999114963	1346.007080342
63.100000000	49.999114963	1346.911149183
63.120000000	49.999114963	1347.816940419
63.140000000	49.999114963	1348.720494743
63.160000000	49.999114963	1349.624284011
63.180000000	49.999114963	1350.528106187
63.200000000	49.999114963	1351.429134644
63.220000000	49.999114963	1352.334383206
63.240000000	49.999114963	1353.239474006
63.260000000	49.999114963	1354.139905505
63.280000000	49.999114963	1355.045336400
63.300000000	49.999114963	1355.946668436
63.320000000	49.999114963	1356.833549776
63.340000000	49.999114963	1357.754735539
63.360000000	49.999114963	1358.638775827
63.380000000	49.999114963	1359.540497592
63.400000000	49.999114963	1360.446274012
63.420000000	49.999114963	1361.370457694
63.440000000	49.999114963	1362.254388055
63.460000000	49.999114963	1363.158168579
63.480000000	49.999114963	1364.061694816
63.500000000	49.999114963	1364.962374746
63.520000000	49.999114963	1365.867739907
63.540000000	49.999114963	1366.771039184
63.560000000	49.999114963	1367.675279603
63.580000000	49.999114963	1368.580761766
63.600000000	49.999114963	1369.481948313
63.620000000	49.999114963	1370.384972670
63.640000000	49.999114963	1371.292468095
63.660000000	49.999114963	1372.192998448
63.680000000	49.999114963	1373.099988480
63.700000000	49.999114963	1374.001329628
63.720000000	49.999114963	1374.904899334
63.740000000	49.999114963	1375.810388307
63.760000000	49.999114963	1376.713721935
63.780000000	49.999114963	1377.617307588
63.800000000	49.999114963	1378.520987145
63.820000000	49.999114963	1379.429215603
63.840000000	49.999114963	1380.351430005
63.860000000	49.999114963	1381.255884629
63.880000000	49.999114963	1382.159960438
63.900000000	49.999114963	1383.060537086
63.920000000	49.999114963	1383.944750225
63.940000000	49.999114963	1384.848209219
63.960000000	49.999114963	1385.752437655
63.980000000	49.999114963	1386.657605644
64.000000000	49.999114963	1387.560258557
64.020000000	49.999114963	1388.465236239
64.040000000	49.999114963	1389.369022259
64.060000000	49.999114963	1390.271508193
64.080000000	49.999114963	1391.175164441
64.100000000	49.999114963	1392.077500742
64.120000000	49.999114963	1392.983025815
64.140000000	49.999114963	1393.887755196
64.160000000	49.999114963	1394.792353010
64.180000000	49.999114963	1395.696171755
64.200000000	49.999114963	1396.598077112
64.220000000	49.999114963	1397.500218036
64.240000000	49.999114963	1398.404706327
64.260000000	49.999114963	1399.309802416
64.280000000	49.999114963	1400.213401392
64.300000000	49.999114963	1401.115914031
64.320000000	49.999114963	1402.021281392
64.340000000	49.999114963	1402.925207228
64.360000000	49.999114963	1403.828815680
64.380000000	49.999114963	1404.730828211
64.400000000	49.999114963	1405.632673404
64.420000000	49.999114963	1406.517171381
64.440000000	49.999114963	1407.422209058
64.460000000	49.999114963	1408.324416865
64.480000000	49.999114963	1409.229757568
64.500000000	49.999114963	1410.130035970
64.520000000	49.999114963	1411.036280339
64.540000000	49.999114963	1411.941710812
64.560000000	49.999114963	1412.844722697
64.580000000	49.999114963	1413.748099973
64.600000000	49.999114963	1414.658379358
64.620000000	49.999114963	1415.556184494
64.640000000	49.999114963	1416.459221443
64.660000000	49.999114963	1417.362838115
64.680000000	49.999114963	1418.266758221
64.700000000	49.999114963	1419.172253092
64.720000000	49.999114963	1420.075706070
64.740000000	49.999114963	1420.976467219
64.760000000	49.999114963	1421.880353471
64.780000000	49.999114963	1422.784240139
64.800000000	49.999114963	1423.689793972
64.820000000	49.999114963	1424.594637818
64.840000000	49.999114963	1425.495786390
64.860000000	49.999114963	1426.401463364
64.880000000	49.999114963	1427.306743498
64.900000000	49.999114963	1428.208799958
64.920000000	49.999114963	1429.110963336
64.940000000	49.999114963	1430.016539205
64.960000000	49.999114963	1430.919712696
64.980000000	49.999114963	1431.819802601
65.000000000	49.999114963	1432.726663370
65.020000000	49.999114963	1433.627318585
65.040000000	49.999114963	1434.526800156
65.060000000	49.999114963	1435.436292852
65.080000000	49.999114963	1436.343408822
65.100000000	49.999114963	1437.248954871
65.120000000	49.999114963	1438.152630902
65.140000000	49.999114963	1439.054624629
65.160000000	49.999114963	1439.958685870
65.180000000	49.999114963	1440.862251026
65.200000000	49.999114963	1441.766042466
65.220000000	49.999114963	1442.666145915
65.240000000	49.999114963	1443.550480695
65.260000000	49.999114963	1444.455545533
65.280000000	49.999114963	1445.358115823
65.300000000	49.999114963	1446.263302843
65.320000000	49.999114963	1447.167265416
65.340000000	49.999114963	1448.069303664
65.360000000	49.999114963	1448.973299679
65.380000000	49.999114963	1449.878103491
65.400000000	49.999114963	1450.787405771
65.420000000	49.999114963	1451.684899886
65.440000000	49.999114963	1452.590236493
65.460000000	49.999114963	1453.494096190
65.480000000	49.999114963	1454.398494090
65.500000000	49.999114963	1455.306946780
65.520000000	49.999114963	1456.202574287
65.540000000	49.999114963	1457.109541461
65.560000000	49.999114963	1458.012801615
65.580000000	49.999114963	1458.917376880
65.600000000	49.999114963	1459.821057537
65.620000000	49.999114963	1460.724636483
65.640000000	49.999114963	1461.628693537
65.660000000	49.999114963	1462.530857619
65.680000000	49.999114963	1463.435368673
65.700000000	49.999114963	1464.345388000
65.720000000	49.999114963	1465.241773530
65.740000000	49.999114963	1466.146193855
65.760000000	49.999114963	1467.051549472
65.780000000	49.999114963	1467.954007454
65.800000000	49.999114963	1468.859515559
65.820000000	49.999114963	1469.763104536
65.840000000	49.999114963	1470.666937833
65.860000000	49.999114963	1471.569347938
65.880000000	49.999114963	1472.473062328
65.900000000	49.999114963	1473.376813042
65.920000000	49.999114963	1474.282262582
65.940000000	49.999114963	1475.186216925
65.960000000	49.999114963	1476.090243019
65.980000000	49.999114963	1476.994599226
66.000000000	54.998718223	1477.914018676
66.020000000	54.998718223	1478.911343937
66.040000000	54.998718223	1479.901036141
66.060000000	54.998718223	1480.880594858
66.080000000	54.998718223	1481.880146382
66.100000000	54.998718223	1482.881879639
66.120000000	54.998718223	1483.852744147
66.140000000	54.998718223	1484.849970045
66.160000000	54.998718223	1485.848739783
66.180000000	54.998718223	1486.850217211
66.200000000	54.998718223	1487.843584138
66.220000000	54.998718223	1488.821282851
66.240000000	54.998718223	1489.822411862
66.260000000	54.998718223	1490.822888507
66.280000000	54.998718223	1491.817066779
66.300000000	54.998718223	1492.794692759
66.320000000	54.998718223	1493.796251269
66.340000000	54.998718223	1494.792779023
66.360000000	54.998718223	1495.769950711
66.380000000	54.998718223	1496.764875483
66.400000000	54.998718223	1497.766770445
66.420000000	54.998718223	1498.762718943
66.440000000	54.998718223	1499.740123107
66.460000000	54.998718223	1500.741138363
66.480000000	54.998718223	1501.736181501
66.500000000	54.998718223	1502.713765330
66.520000000	54.998718223	1503.712603754
66.540000000	54.998718223	1504.711517744
66.560000000	54.998718223	1505.708184940
66.580000000	54.998718223	1506.684981021
66.600000000	54.998718223	1507.685140545
66.620000000	54.998718223	1508.683452457
66.640000000	54.998718223	1509.681228128
66.660000000	54.998718223	1510.678860086
66.680000000	54.998718223	1511.656893940
66.700000000	54.998718223	1512.656027058
66.720000000	54.998718223	1513.656072487
66.740000000	54.998718223	1514.651406434
66.760000000	54.998718223	1515.629198183
66.780000000	54.998718223	1516.629698616
66.800000000	54.998718223	1517.624632294
66.820000000	54.998718223	1518.603204759
66.840000000	54.998718223	1519.598624468
66.860000000	54.998718223	1520.601724547
66.880000000	54.998718223	1521.597194902
66.900000000	54.998718223	1522.580285028
66.920000000	54.998718223	1523.572943034
66.940000000	54.998718223	1524.570285408
66.960000000	54.998718223	1525.566753462
66.980000000	54.998718223	1526.546325430
67.000000000	54.998718223	1527.545753253
67.020000000	54.998718223	1528.543687906
67.040000000	54.998718223	1529.521315176
67.060000000	54.998718223	1530.518489728
67.080000000	54.998718223	1531.514996602
67.100000000	54.998718223	1532.492867362
67.120000000	54.998718223	1533.491710700
67.140000000	54.998718223	1534.488390679
67.160000000	54.998718223	1535.467694572
67.180000000	54.998718223	1536.466364032
67.200000000	54.998718223	1537.461085416
67.220000000	54.998718223	1538.437050817
67.240000000	54.998718223	1539.437803382
67.260000000	54.998718223	1540.436968560
67.280000000	54.998718223	1541.433272147
67.300000000	54.998718223	1542.409334462
67.320000000	54.998718223	1543.407697729
67.340000000	54.998718223	1544.385394301
67.360000000	54.998718223	1545.383683325
67.380000000	54.998718223	1546.380741101
67.400000000	54.998718223	1547.379544926
67.420000000	54.998718223	1548.357256336
67.440000000	54.998718223	1549.356545772
67.460000000	54.998718223	1550.357085548
67.480000000	54.998718223	1551.351526229
67.500000000	54.998718223	1552.329748447
67.520000000	54.998718223	1553.328644437
67.540000000	54.998718223	1554.327544018
67.560000000	54.998718223	1555.323168750
67.580000000	54.998718223	1556.303284163
67.600000000	54.998718223	1557.300531088
67.620000000	54.998718223	1558.299565700
67.640000000	54.998718223	1559.295814560
67.660000000	54.998718223	1560.273867137
67.680000000	54.998718223	1561.272810031
67.700000000	54.998718223	1562.271912422
67.720000000	54.998718223	1563.270891846
67.740000000	54.998718223	1564.253631578
67.760000000	54.998718223	1565.246547446
67.780000000	54.998718223	1566.245394846
67.800000000	54.998718223	1567.243299215
67.820000000	54.998718223	1568.239529731
67.840000000	54.998718223	1569.218930596
67.860000000	54.998718223	1570.217885118
67.880000000	54.998718223	1571.216598415
67.900000000	54.998718223	1572.213926902
67.920000000	54.998718223	1573.208576365
67.940000000	54.998718223	1574.187966966
67.960000000	54.998718223	1575.188720750
67.980000000	54.998718223	1576.187833683
68.000000000	54.998718223	1577.185117663
68.020000000	54.998718223	1578.181551178
68.040000000	54.998718223	1579.161310814
68.060000000	54.998718223	1580.159944708
68.080000000	54.998718223	1581.157013236
68.100000000	54.998718223	1582.154705184
68.120000000	54.998718223	1583.152786619
68.140000000	54.998718223	1584.130646103
68.160000000	54.998718223	1585.131191023
68.180000000	54.998718223	1586.128117943
68.200000000	54.998718223	1587.124802191
68.220000000	54.998718223	1588.102643336
68.240000000	54.998718223	1589.101397734
68.260000000	54.998718223	1590.099608763
68.280000000	54.998718223	1591.095278040
68.300000000	54.998718223	1592.098524285
68.320000000	54.998718223	1593.095498539
68.340000000	54.998718223	1594.085914787
68.360000000	54.998718223	1595.064215597
68.380000000	54.998718223	1596.066696671
68.400000000	54.998718223	1597.069450873
68.420000000	54.998718223	1598.068866268
68.440000000	54.998718223	1599.069254367
68.460000000	54.998718223	1600.066153166
68.480000000	54.998718223	1601.065493641
68.500000000	54.998718223	1602.064496020
68.520000000	54.998718223	1603.060947098
68.540000000	54.998718223	1604.038523109
68.560000000	54.998718223	1605.038486242
68.580000000	54.998718223	1606.038549025
68.600000000	54.998718223	1607.034767037
68.620000000	54.998718223	1608.009033507
68.640000000	54.998718223	1609.010082552
68.660000000	54.998718223	1610.008770053
68.680000000	54.998718223	1611.005033799
68.700000000	54.998718223	1611.982261613
68.720000000	54.998718223	1612.981194324
68.740000000	54.998718223	1613.982447444
68.760000000	54.998718223	1614.981724992
68.780000000	54.998718223	1615.979675338
68.800000000	54.998718223	1616.973635139
68.820000000	54.998718223	1617.954762304
68.840000000	54.998718223	1618.951868584
68.860000000	54.998718223	1619.951841852
68.880000000	54.998718223	1620.947996176
68.900000000	54.998718223	1621.932720670
68.920000000	54.998718223	1622.922847577
68.940000000	54.998718223	1623.931016099
68.960000000	54.998718223	1624.923532688
68.980000000	54.998718223	1625.917874493
69.000000000	54.998718223	1626.895907746
69.020000000	54.998718223	1627.894360764
69.040000000	54.998718223	1628.894169162
69.060000000	54.998718223	1629.892271189
69.080000000	54.998718223	1630.869520759
69.100000000	54.998718223	1631.865414959
69.120000000	54.998718223	1632.866094240
69.140000000	54.998718223	1633.862542150
69.160000000	54.998718223	1634.841518695
69.180000000	54.998718223	1635.839055337
69.200000000	54.998718223	1636.840294099
69.220000000	54.998718223	1637.836204476
69.240000000	54.998718223	1638.810118585
69.260000000	54.998718223	1639.811509759
69.280000000	54.998718223	1640.810035856
69.300000000	54.998718223	1641.807759947
69.320000000	54.998718223	1642.805613844
69.340000000	54.998718223	1643.785474379
69.360000000	54.998718223	1644.782546569
69.380000000	54.998718223	1645.779783459
69.400000000	54.998718223	1646.756538737
69.420000000	54.998718223	1647.753169278
69.440000000	54.998718223	1648.754789723
69.460000000	54.998718223	1649.755324635
69.480000000	54.998718223	1650.750177124
69.500000000	54.998718223	1651.729839553
69.520000000	54.998718223	1652.728393770
69.540000000	54.998718223	1653.722746434
69.560000000	54.998718223	1654.700092800
69.580000000	54.998718223	1655.699776414
69.600000000	54.998718223	1656.698251638
69.620000000	54.998718223	1657.694821869
69.640000000	54.998718223	1658.671790090
69.660000000	54.998718223	1659.674176734
69.680000000	54.998718223	1660.672356821
69.700000000	54.998718223	1661.669781499
69.720000000	54.998718223	1662.662422046
69.740000000	54.998718223	1663.643761706
69.760000000	54.998718223	1664.643179248
69.780000000	54.998718223	1665.639498888
69.800000000	54.998718223	1666.615769594
69.820000000	54.998718223	1667.618410459
69.840000000	54.998718223	1668.616907349
69.860000000	54.998718223	1669.611605370
69.880000000	54.998718223	1670.590347786
69.900000000	54.998718223	1671.586819509
69.920000000	54.998718223	1672.589191823
69.940000000	54.998718223	1673.588065087
69.960000000	54.998718223	1674.582713777
69.980000000	54.998718223	1675.560702345
70.000000000	54.998718223	1676.560959548
70.020000000	54.998718223	1677.558223884
70.040000000	54.998718223	1678.555178153
70.060000000	54.998718223	1679.534634395
70.080000000	54.998718223	1680.533033691
70.100000000	54.998718223	1681.530663531
70.120000000	54.998718223	1682.529780466
70.140000000	54.998718223	1683.530184171
70.160000000	54.998718223	1684.524936811
70.180000000	54.998718223	1685.504566558
70.200000000	54.998718223	1686.502367575
70.220000000	54.998718223	1687.499264696
70.240000000	54.998718223	1688.501243859
70.260000000	54.998718223	1689.498743362
70.280000000	54.998718223	1690.497311490
70.300000000	54.998718223	1691.494215875
70.320000000	54.998718223	1692.490444767
70.340000000	54.998718223	1693.470681539
70.360000000	54.998718223	1694.469460058
70.380000000	54.998718223	1695.467606638
70.400000000	54.998718223	1696.465952725
70.420000000	54.998718223	1697.465335853
70.440000000	54.998718223	1698.467479515
70.460000000	54.998718223	1699.461975740
70.480000000	54.998718223	1700.439437781
70.500000000	54.998718223	1701.438482369
70.520000000	54.998718223	1702.436174845
70.540000000	54.998718223	1703.438526050
70.560000000	54.998718223	1704.436644249
70.580000000	54.998718223	1705.431497710
70.600000000	54.998718223	1706.408310003
70.620000000	54.998718223	1707.410674366
70.640000000	54.998718223	1708.408054084
70.660000000	54.998718223	1709.406601183
70.680000000	54.998718223	1710.405527964
70.700000000	54.998718223	1711.402831261
70.720000000	54.998718223	1712.403496191
70.740000000	54.998718223	1713.400291105
70.760000000	54.998718223	1714.379049518
70.780000000	54.998718223	1715.376766366
70.800000000	54.998718223	1716.375164735
70.820000000	54.998718223	1717.374733555
70.840000000	54.998718223	1718.371061087
70.860000000	54.998718223	1719.348743624
70.880000000	54.998718223	1720.349098120
70.900000000	54.998718223	1721.345134082
70.920000000	54.998718223	1722.346021336
70.940000000	54.998718223	1723.345362174
70.960000000	54.998718223	1724.342798178
70.980000000	54.998718223	1725.317056001
71.000000000	54.998718223	1726.318151675
71.020000000	54.998718223	1727.316877886
71.040000000	54.998718223	1728.314416190
71.060000000	54.998718223	1729.316281087
71.080000000	54.998718223	1730.309799656
71.100000000	54.998718223	1731.289476196
71.120000000	54.998718223	1732.289994160
71.140000000	54.998718223	1733.285212353
71.160000000	54.998718223	1734.283947192
71.180000000	54.998718223	1735.284966183
71.200000000	54.998718223	1736.281504377
71.220000000	54.998718223	1737.277714546
71.240000000	54.998718223	1738.257738470
71.260000000	54.998718223	1739.251039557
71.280000000	54.998718223	1740.249529741
71.300000000	54.998718223	1741.251993856
71.320000000	54.998718223	1742.223953416
71.340000000	54.998718223	1743.219660784
71.360000000	54.998718223	1744.224647049
71.380000000	54.998718223	1745.227867769
71.400000000	54.998718223	1746.226360171
71.420000000	54.998718223	1747.222179174
71.440000000	54.998718223	1748.200429215
71.460000000	54.998718223	1749.201266872
71.480000000	54.998718223	1750.199983468
71.500000000	54.998718223	1751.195811714
71.520000000	54.998718223	1752.180592019
71.540000000	54.998718223	1753.173078991
71.560000000	54.998718223	1754.169538171
71.580000000	54.998718223	1755.170119109
71.600000000	54.998718223	1756.168526654
71.620000000	54.998718223	1757.166450642
71.640000000	54.998718223	1758.140569700
71.660000000	54.998718223	1759.141560620
71.680000000	54.998718223	1760.137542290
71.700000000	54.998718223	1761.115650453
71.720000000	54.998718223	1762.114204107
71.740000000	54.998718223	1763.113966474
71.760000000	54.998718223	1764.111551851
71.780000000	54.998718223	1765.089357176
71.800000000	54.998718223	1766.086963040
71.820000000	54.998718223	1767.085841419
71.840000000	54.998718223	1768.082486001
71.860000000	54.998718223	1769.061732040
71.880000000	54.998718223	1770.058327415
71.900000000	54.998718223	1771.057408666
71.920000000	54.998718223	1772.053824332
71.940000000	54.998718223	1773.034202069
71.960000000	54.998718223	1774.032869298
71.980000000	54.998718223	1775.031334495
72.000000000	59.998321482	1776.033528446
72.020000000	59.998321482	1777.109255573
72.040000000	59.998321482	1778.181056348
72.060000000	59.998321482	1779.266791975
72.080000000	59.998321482	1780.341530892
72.100000000	59.998321482	1781.412581616
72.120000000	59.998321482	1782.504591216
72.140000000	59.998321482	1783.580720906
72.160000000	59.998321482	1784.670749573
72.180000000	59.998321482	1785.741292177
72.200000000	59.998321482	1786.815876992
72.220000000	59.998321482	1787.905540773
72.240000000	59.998321482	1788.978342385
72.260000000	59.998321482	1790.069698553
72.280000000	59.998321482	1791.142999055
72.300000000	59.998321482	1792.236761884
72.320000000	59.998321482	1793.327463228
72.340000000	59.998321482	1794.398782376
72.360000000	59.998321482	1795.471378461
72.380000000	59.998321482	1796.566772454
72.400000000	59.998321482	1797.658242080
72.420000000	59.998321482	1798.751256799
72.440000000	59.998321482	1799.824167821
72.460000000	59.998321482	1800.916063636
72.480000000	59.998321482	1801.990826212
72.500000000	59.998321482	1803.082818214
72.520000000	59.998321482	1804.174198349
72.540000000	59.998321482	1805.249201480
72.560000000	59.998321482	1806.338632298
72.580000000	59.998321482	1807.413367992
72.600000000	59.998321482	1808.503735435
72.620000000	59.998321482	1809.597225861
72.640000000	59.998321482	1810.672457334
72.660000000	59.998321482	1811.763975410
72.680000000	59.998321482	1812.836817811
72.700000000	59.998321482	1813.928900539
72.720000000	59.998321482	1815.020161687
72.740000000	59.998321482	1816.095465128
72.760000000	59.998321482	1817.186709438
72.780000000	59.998321482	1818.257369814
72.800000000	59.998321482	1819.351850748
72.820000000	59.998321482	1820.443298840
72.840000000	59.998321482	1821.515925312
72.860000000	59.998321482	1822.610267826
72.880000000	59.998321482	1823.701629744
72.900000000	59.998321482	1824.774902807
72.920000000	59.998321482	1825.865916898
72.940000000	59.998321482	1826.939105782
72.960000000	59.998321482	1828.031247622
72.980000000	59.998321482	1829.122830046
73.000000000	59.998321482	1830.196531643
73.020000000	59.998321482	1831.291602922
73.040000000	59.998321482	1832.364419830
73.060000000	59.998321482	1833.458576067
73.080000000	59.998321482	1834.550232683
73.100000000	59.998321482	1835.623174590
73.120000000	59.998321482	1836.715317880
73.140000000	59.998321482	1837.806510459
73.160000000	59.998321482	1838.881544620
73.180000000	59.998321482	1839.969254040
73.200000000	59.998321482	1841.042421600
73.220000000	59.998321482	1842.137248826
73.240000000	59.998321482	1843.208683250
73.260000000	59.998321482	1844.299268023
73.280000000	59.998321482	1845.372210232
73.300000000	59.998321482	1846.462981536
73.320000000	59.998321482	1847.539653174
73.340000000	59.998321482	1848.631037186
73.360000000	59.998321482	1849.702102673
73.380000000	59.998321482	1850.794536238
73.400000000	59.998321482	1851.865904702
73.420000000	59.998321482	1852.958969413
73.440000000	59.998321482	1854.039906050
73.460000000	59.998321482	1855.124255730
73.480000000	59.998321482	1856.195300954
73.500000000	59.998321482	1857.286965568
73.520000000	59.998321482	1858.361708127
73.540000000	59.998321482	1859.453393626
73.560000000	59.998321482	1860.525200555
73.580000000	59.998321482	1861.615457889
73.600000000	59.998321482	1862.684331476
73.620000000	59.998321482	1863.761121192
73.640000000	59.998321482	1864.852288543
73.660000000	59.998321482	1865.922541245
73.680000000	59.998321482	1867.015513103
73.700000000	59.998321482	1868.086185643
73.720000000	59.998321482	1869.181299006
73.740000000	59.998321482	1870.254080376
73.760000000	59.998321482	1871.343671757
73.780000000	59.998321482	1872.415763931
73.800000000	59.998321482	1873.484379214
73.820000000	59.998321482	1874.581172712
73.840000000	59.998321482	1875.672222888
73.860000000	59.998321482	1876.744854834
73.880000000	59.998321482	1877.816306723
73.900000000	59.998321482	1878.911566196
73.920000000	59.998321482	1879.998408204
73.940000000	59.998321482	1881.069960792
73.960000000	59.998321482	1882.146450574
73.980000000	59.998321482	1883.236441862
74.000000000	59.998321482	1884.311665238
74.020000000	59.998321482	1885.405200691
74.040000000	59.998321482	1886.494522940
74.060000000	59.998321482	1887.562931198
74.080000000	59.998321482	1888.635821344
74.100000000	59.998321482	1889.729883392
74.120000000	59.998321482	1890.804089371
74.140000000	59.998321482	1891.894509574
74.160000000	59.998321482	1892.985525698
74.180000000	59.998321482	1894.059000798
74.200000000	59.998321482	1895.150640442
74.220000000	59.998321482	1896.223432992
74.240000000	59.998321482	1897.315294789
74.260000000	59.998321482	1898.389605946
74.280000000	59.998321482	1899.478937589
74.300000000	59.998321482	1900.551120437
74.320000000	59.998321482	1901.639972459
74.340000000	59.998321482	1902.711038902
74.360000000	59.998321482	1903.811632104
74.380000000	59.998321482	1904.896791750
74.400000000	59.998321482	1905.977554456
74.420000000	59.998321482	1907.069852610
74.440000000	59.998321482	1908.163200176
74.460000000	59.998321482	1909.238163417
74.480000000	59.998321482	1910.331989943
74.500000000	59.998321482	1911.419910184
74.520000000	59.998321482	1912.496173500
74.540000000	59.998321482	1913.586784924
74.560000000	59.998321482	1914.679527082
74.580000000	59.998321482	1915.753007315
74.600000000	59.998321482	1916.843907001
74.620000000	59.998321482	1917.917841759
74.640000000	59.998321482	1919.011485518
74.660000000	59.998321482	1920.106139108
74.680000000	59.998321482	1921.196587882
74.700000000	59.998321482	1922.270760187
74.720000000	59.998321482	1923.363554838
74.740000000	59.998321482	1924.434790777
74.760000000	59.998321482	1925.528585469
74.780000000	59.998321482	1926.620004198
74.800000000	59.998321482	1927.691394498
74.820000000	59.998321482	1928.787536645
74.840000000	59.998321482	1929.879055768
74.860000000	59.998321482	1930.952321297
74.880000000	59.998321482	1932.047941051
74.900000000	59.998321482	1933.135829996
74.920000000	59.998321482	1934.212150805
74.940000000	59.998321482	1935.302807537
74.960000000	59.998321482	1936.397556754
74.980000000	59.998321482	1937.468665338
75.000000000	59.998321482	1938.561809807
75.020000000	59.998321482	1939.657109458
75.040000000	59.998321482	1940.750687226
75.060000000	59.998321482	1941.821475648
75.080000000	59.998321482	1942.917870042
75.100000000	59.998321482	1944.007114775
75.120000000	59.998321482	1945.079020566
75.140000000	59.998321482	1946.177438015
75.160000000	59.998321482	1947.274198273
75.180000000	59.998321482	1948.338511531
75.200000000	59.998321482	1949.430831818
75.220000000	59.998321482	1950.522932149
75.240000000	59.998321482	1951.597863257
75.260000000	59.998321482	1952.689411722
75.280000000	59.998321482	1953.763799751
75.300000000	59.998321482	1954.851435891
75.320000000	59.998321482	1955.923863430
75.340000000	59.998321482	1957.019585330
75.360000000	59.998321482	1958.110259086
75.380000000	59.998321482	1959.186061225
75.400000000	59.998321482	1960.275961534
75.420000000	59.998321482	1961.351117353
75.440000000	59.998321482	1962.443033911
75.460000000	59.998321482	1963.512319688
75.480000000	59.998321482	1964.603937496
75.500000000	59.998321482	1965.676509790
75.520000000	59.998321482	1966.772585640
75.540000000	59.998321482	1967.863503669
75.560000000	59.998321482	1968.934736201
75.580000000	59.998321482	1970.009166793
75.600000000	59.998321482	1971.099113777
75.620000000	59.998321482	1972.171826971
75.640000000	59.998321482	1973.263051385
75.660000000	59.998321482	1974.334574841
75.680000000	59.998321482	1975.429335137
75.700000000	59.998321482	1976.498852171
75.720000000	59.998321482	1977.593536972
75.740000000	59.998321482	1978.664578235
75.760000000	59.998321482	1979.758517099
75.780000000	59.998321482	1980.831422443
75.800000000	59.998321482	1981.918972495
75.820000000	59.998321482	1982.991960884
75.840000000	59.998321482	1984.085272594
75.860000000	59.998321482	1985.156871982
75.880000000	59.998321482	1986.251718595
75.900000000	59.998321482	1987.322795543
75.920000000	59.998321482	1988.412275575
75.940000000	59.998321482	1989.485426812
75.960000000	59.998321482	1990.578856411
75.980000000	59.998321482	1991.652956337
76.000000000	59.998321482	1992.743797397
76.020000000	59.998321482	1993.835074790
76.040000000	59.998321482	1994.910355987
76.060000000	59.998321482	1996.001210129
76.080000000	59.998321482	1997.072907432
76.100000000	59.998321482	1998.164474639
76.120000000	59.998321482	1999.239539268
76.140000000	59.998321482	2000.332627808
76.160000000	59.998321482	2001.403832307
76.180000000	59.998321482	2002.497164214
76.200000000	59.998321482	2003.584357386
76.220000000	59.998321482	2004.662694687
76.240000000	59.998321482	2005.755412180
76.260000000	59.998321482	2006.826835591
76.280000000	59.998321482	2007.922780908
76.300000000	59.998321482	2009.011778110
76.320000000	59.998321482	2010.085676863
76.340000000	59.998321482	2011.178778024
76.360000000	59.998321482	2012.251646364
76.380000000	59.998321482	2013.344766258
76.400000000	59.998321482	2014.433420229
76.420000000	59.998321482	2015.508827090
76.440000000	59.998321482	2016.601811040
76.460000000	59.998321482	2017.673148437
76.480000000	59.998321482	2018.768443895
76.500000000	59.998321482	2019.856392146
76.520000000	59.998321482	2020.930576379
76.540000000	59.998321482	2022.023713111
76.560000000	59.998321482	2023.117258491
76.580000000	59.998321482	2024.191309787
76.600000000	59.998321482	2025.284103309
76.620000000	59.998321482	2026.375679490
76.640000000	59.998321482	2027.448271198
76.660000000	59.998321482	2028.541571063
76.680000000	59.998321482	2029.631366850
76.700000000	59.998321482	2030.705225490
76.720000000	59.998321482	2031.802692541
76.740000000	59.998321482	2032.890494854
76.760000000	59.998321482	2033.965305005
76.780000000	59.998321482	2035.057629886
76.800000000	59.998321482	2036.149314492
76.820000000	59.998321482	2037.223947082
76.840000000	59.998321482	2038.316130503
76.860000000	59.998321482	2039.406667141
76.880000000	59.998321482	2040.482636197
76.900000000	59.998321482	2041.574300345
76.920000000	59.998321482	2042.663232895
76.940000000	59.998321482	2043.741411373
76.960000000	59.998321482	2044.835320213
76.980000000	59.998321482	2045.924875843
77.000000000	59.998321482	2046.999688888
77.020000000	59.998321482	2048.091417914
77.040000000	59.998321482	2049.183218713
77.060000000	59.998321482	2050.275767467
77.080000000	59.998321482	2051.347285092
77.100000000	59.998321482	2052.443823375
77.120000000	59.998321482	2053.530852819
77.140000000	59.998321482	2054.606087084
77.160000000	59.998321482	2055.705082478
77.180000000	59.998321482	2056.796169245
77.200000000	59.998321482	2057.867841988
77.220000000	59.998321482	2058.965327461
77.240000000	59.998321482	2060.052848731
77.260000000	59.998321482	2061.125441783
77.280000000	59.998321482	2062.208105019
77.300000000	59.998321482	2063.301503104
77.320000000	59.998321482	2064.388623837
77.340000000	59.998321482	2065.478447116
77.360000000	59.998321482	2066.553317463
77.380000000	59.998321482	2067.643557119
77.400000000	59.998321482	2068.714537359
77.420000000	59.998321482	2069.809975023
77.440000000	59.998321482	2070.899844620
77.460000000	59.998321482	2071.982667284
77.480000000	59.998321482	2073.065728391
77.500000000	59.998321482	2074.137757741
77.520000000	59.998321482	2075.233027707
77.540000000	59.998321482	2076.324080692
77.560000000	59.998321482	2077.396296015
77.580000000	59.998321482	2078.490709315
77.600000000	59.998321482	2079.582019614
77.620000000	59.998321482	2080.657082531
77.640000000	59.998321482	2081.746872948
77.660000000	59.998321482	2082.820895671
77.680000000	59.998321482	2083.910238944
77.700000000	59.998321482	2084.984735566
77.720000000	59.998321482	2086.078372967
77.740000000	59.998321482	2087.168455904
77.760000000	59.998321482	2088.243241691
77.780000000	59.998321482	2089.334016327
77.800000000	59.998321482	2090.406096467
77.820000000	59.998321482	2091.501451220
77.840000000	59.998321482	2092.572289536
77.860000000	59.998321482	2093.665799235
77.880000000	59.998321482	2094.752837564
77.900000000	59.998321482	2095.830715584
77.920000000	59.998321482	2096.920061581
77.940000000	59.998321482	2097.994483951
77.960000000	59.998321482	2099.095208015
77.980000000	59.998321482	2100.161805970
78.000000000	64.997924741	2101.276170539
78.020000000	64.997924741	2102.425830870
78.040000000	64.997924741	2103.592656104
78.060000000	64.997924741	2104.760399967
78.080000000	64.997924741	2105.926469737
78.100000000	64.997924741	2107.113053683
78.120000000	64.997924741	2108.278704166
78.140000000	64.997924741	2109.445832644
78.160000000	64.997924741	2110.631274639
78.180000000	64.997924741	2111.798602573
78.200000000	64.997924741	2112.964759293
78.220000000	64.997924741	2114.151393863
78.240000000	64.997924741	2115.319111949
78.260000000	64.997924741	2116.484543640
78.280000000	64.997924741	2117.652542408
78.300000000	64.997924741	2118.836665070
78.320000000	64.997924741	2120.002575636
78.340000000	64.997924741	2121.170447031
78.360000000	64.997924741	2122.356568437
78.380000000	64.997924741	2123.523936442
78.400000000	64.997924741	2124.693083771
78.420000000	64.997924741	2125.877384416
78.440000000	64.997924741	2127.044986890
78.460000000	64.997924741	2128.214466168
78.480000000	64.997924741	2129.408630603
78.500000000	64.997924741	2130.567713408
78.520000000	64.997924741	2131.756292307
78.540000000	64.997924741	2132.921975716
78.560000000	64.997924741	2134.086112855
78.580000000	64.997924741	2135.276897868
78.600000000	64.997924741	2136.440781596
78.620000000	64.997924741	2137.609799767
78.640000000	64.997924741	2138.794604884
78.660000000	64.997924741	2139.964778232
78.680000000	64.997924741	2141.148895903
78.700000000	64.997924741	2142.318098274
78.720000000	64.997924741	2143.503772836
78.740000000	64.997924741	2144.672197346
78.760000000	64.997924741	2145.837932259
78.780000000	64.997924741	2147.024376595
78.800000000	64.997924741	2148.192735888
78.820000000	64.997924741	2149.379340339
78.840000000	64.997924741	2150.547561553
78.860000000	64.997924741	2151.733728114
78.880000000	64.997924741	2152.899196149
78.900000000	64.997924741	2154.067874955
78.920000000	64.997924741	2155.256401367
78.940000000	64.997924741	2156.421854952
78.960000000	64.997924741	2157.587885344
78.980000000	64.997924741	2158.774352307
79.000000000	64.997924741	2159.943963768
79.020000000	64.997924741	2161.137909929
79.040000000	64.997924741	2162.297084971
79.060000000	64.997924741	2163.481539987
79.080000000	64.997924741	2164.647107582
79.100000000	64.997924741	2165.815415367
79.120000000	64.997924741	2167.004009573
79.140000000	64.997924741	2168.172110177
79.160000000	64.997924741	2169.356856407
79.180000000	64.997924741	2170.528556723
79.200000000	64.997924741	2171.712453775
79.220000000	64.997924741	2172.878695502
79.240000000	64.997924741	2174.047123016
79.260000000	64.997924741	2175.233230493
79.280000000	64.997924741	2176.397222041
79.300000000	64.997924741	2177.565142733
79.320000000	64.997924741	2178.754058517
79.340000000	64.997924741	2179.922042419
79.360000000	64.997924741	2181.108428817
79.380000000	64.997924741	2182.273825641
79.400000000	64.997924741	2183.442474169
79.420000000	64.997924741	2184.627020858
79.440000000	64.997924741	2185.797040371
79.460000000	64.997924741	2186.983241527
79.480000000	64.997924741	2188.147132487
79.500000000	64.997924741	2189.318771960
79.520000000	64.997924741	2190.505831708
79.540000000	64.997924741	2191.670163529
79.560000000	64.997924741	2192.844800817
79.580000000	64.997924741	2194.023976282
79.600000000	64.997924741	2195.190055689
79.620000000	64.997924741	2196.357740722
79.640000000	64.997924741	2197.546160710
79.660000000	64.997924741	2198.709679547
79.680000000	64.997924741	2199.875980968
79.700000000	64.997924741	2201.064500622
79.720000000	64.997924741	2202.229085059
79.740000000	64.997924741	2203.393419906
79.760000000	64.997924741	2204.560900554
79.780000000	64.997924741	2205.728540341
79.800000000	64.997924741	2206.916129988
79.820000000	64.997924741	2208.080924398
79.840000000	64.997924741	2209.246667850
79.860000000	64.997924741	2210.433283394
79.880000000	64.997924741	2211.599098536
79.900000000	64.997924741	2212.769355040
79.920000000	64.997924741	2213.953949677
79.940000000	64.997924741	2215.119539341
79.960000000	64.997924741	2216.289707831
79.980000000	64.997924741	2217.475933761
80.000000000	64.997924741	2218.639947387
80.020000000	64.997924741	2219.809919925
80.040000000	64.997924741	2220.996405942
80.060000000	64.997924741	2222.161679202
80.080000000	64.997924741	2223.327736469
80.100000000	64.997924741	2224.514791224
80.120000000	64.997924741	2225.682802388
80.140000000	64.997924741	2226.852167171
80.160000000	64.997924741	2228.034313967
80.180000000	64.997924741	2229.202651144
80.200000000	64.997924741	2230.388765369
80.220000000	64.997924741	2231.555129870
80.240000000	64.997924741	2232.727564803
80.260000000	64.997924741	2233.909912642
80.280000000	64.997924741	2235.079911333
80.300000000	64.997924741	2236.264659329
80.320000000	64.997924741	2237.435007737
80.340000000	64.997924741	2238.620089741
80.360000000	64.997924741	2239.780588716
80.380000000	64.997924741	2240.951099339
80.400000000	64.997924741	2242.136029880
80.420000000	64.997924741	2243.310618838
80.440000000	64.997924741	2244.494940733
80.460000000	64.997924741	2245.661916006
80.480000000	64.997924741	2246.831844475
80.500000000	64.997924741	2248.017439445
80.520000000	64.997924741	2249.183461275
80.540000000	64.997924741	2250.371182166
80.560000000	64.997924741	2251.538281987
80.580000000	64.997924741	2252.725064055
80.600000000	64.997924741	2253.891768387
80.620000000	64.997924741	2255.079400439
80.640000000	64.997924741	2256.248139492
80.660000000	64.997924741	2257.415896779
80.680000000	64.997924741	2258.598490413
80.700000000	64.997924741	2259.767666225
80.720000000	64.997924741	2260.957013024
80.740000000	64.997924741	2262.120834550
80.760000000	64.997924741	2263.288601623
80.780000000	64.997924741	2264.475685500
80.800000000	64.997924741	2265.646266848
80.820000000	64.997924741	2266.832061020
80.840000000	64.997924741	2267.999120547
80.860000000	64.997924741	2269.173024511
80.880000000	64.997924741	2270.353144507
80.900000000	64.997924741	2271.538824381
80.920000000	64.997924741	2272.714150379
80.940000000	64.997924741	2273.871404149
80.960000000	64.997924741	2275.060132147
80.980000000	64.997924741	2276.228141030
81.000000000	64.997924741	2277.412892475
81.020000000	64.997924741	2278.581474759
81.040000000	64.997924741	2279.750936776
81.060000000	64.997924741	2280.936999063
81.080000000	64.997924741	2282.101016209
81.100000000	64.997924741	2283.288099609
81.120000000	64.997924741	2284.460232816
81.140000000	64.997924741	2285.643926942
81.160000000	64.997924741	2286.810251762
81.180000000	64.997924741	2287.979824328
81.200000000	64.997924741	2289.163002508
81.220000000	64.997924741	2290.334146641
81.240000000	64.997924741	2291.516493451
81.260000000	64.997924741	2292.682616794
81.280000000	64.997924741	2293.850946729
81.300000000	64.997924741	2295.037328808
81.320000000	64.997924741	2296.203113753
81.340000000	64.997924741	2297.372890168
81.360000000	64.997924741	2298.557323028
81.380000000	64.997924741	2299.724508223
81.400000000	64.997924741	2300.895120234
81.420000000	64.997924741	2302.079355613
81.440000000	64.997924741	2303.245420782
81.460000000	64.997924741	2304.415712319
81.480000000	64.997924741	2305.599963083
81.500000000	64.997924741	2306.765622996
81.520000000	64.997924741	2307.932993255
81.540000000	64.997924741	2309.119523939
81.560000000	64.997924741	2310.286039976
81.580000000	64.997924741	2311.453882784
81.600000000	64.997924741	2312.639033806
81.620000000	64.997924741	2313.808065499
81.640000000	64.997924741	2314.975894083
81.660000000	64.997924741	2316.158490950
81.680000000	64.997924741	2317.326192931
81.700000000	64.997924741	2318.490267110
81.720000000	64.997924741	2319.660558855
81.740000000	64.997924741	2320.844439960
81.760000000	64.997924741	2322.014613906
81.780000000	64.997924741	2323.181837141
81.800000000	64.997924741	2324.364716238
81.820000000	64.997924741	2325.531635608
81.840000000	64.997924741	2326.697452598
81.860000000	64.997924741	2327.863180983
81.880000000	64.997924741	2329.052471750
81.900000000	64.997924741	2330.220585191
81.920000000	64.997924741	2331.405058888
81.940000000	64.997924741	2332.573005084
81.960000000	64.997924741	2333.743146402
81.980000000	64.997924741	2334.927455471
82.000000000	64.997924741	2336.093106122
82.020000000	64.997924741	2337.260341889
82.040000000	64.997924741	2338.445588199
82.060000000	64.997924741	2339.615824007
82.080000000	64.997924741	2340.801318443
82.100000000	64.997924741	2341.965633664
82.120000000	64.997924741	2343.134178699
82.140000000	64.997924741	2344.323008067
82.160000000	64.997924741	2345.490080088
82.180000000	64.997924741	2346.655926000
82.200000000	64.997924741	2347.842936032
82.220000000	64.997924741	2349.010825667
82.240000000	64.997924741	2350.199781932
82.260000000	64.997924741	2351.368085096
82.280000000	64.997924741	2352.552789444
82.300000000	64.997924741	2353.720463655
82.320000000	64.997924741	2354.906844954
82.340000000	64.997924741	2356.075621007
82.360000000	64.997924741	2357.263844970
82.380000000	64.997924741	2358.430556038
82.400000000	64.997924741	2359.614485796
82.420000000	64.997924741	2360.786171342
82.440000000	64.997924741	2361.970073014
82.460000000	64.997924741	2363.137383401
82.480000000	64.997924741	2364.326195825
82.500000000	64.997924741	2365.496103638
82.520000000	64.997924741	2366.680782785
82.540000000	64.997924741	2367.848601162
82.560000000	64.997924741	2369.033693764
82.580000000	64.997924741	2370.202352059
82.600000000	64.997924741	2371.388715132
82.620000000	64.997924741	2372.560159009
82.640000000	64.997924741	2373.744745170
82.660000000	64.997924741	2374.912656750
82.680000000	64.997924741	2376.096209218
82.700000000	64.997924741	2377.267890990
82.720000000	64.997924741	2378.454155840
82.740000000	64.997924741	2379.624487216
82.760000000	64.997924741	2380.808671748
82.780000000	64.997924741	2381.976757381
82.800000000	64.997924741	2383.161377898
82.820000000	64.997924741	2384.327137257
82.840000000	64.997924741	2385.495695359
82.860000000	64.997924741	2386.683825964
82.880000000	64.997924741	2387.851837139
82.900000000	64.997924741	2389.036333867
82.920000000	64.997924741	2390.206455202
82.940000000	64.997924741	2391.391128245
82.960000000	64.997924741	2392.561061769
82.980000000	64.997924741	2393.727239847
83.000000000	64.997924741	2394.913746861
83.020000000	64.997924741	2396.078905378
83.040000000	64.997924741	2397.245220872
83.060000000	64.997924741	2398.433831465
83.080000000	64.997924741	2399.599881039
83.100000000	64.997924741	2400.785643566
83.120000000	64.997924741	2401.952282628
83.140000000	64.997924741	2403.122088701
83.160000000	64.997924741	2404.306127049
83.180000000	64.997924741	2405.473709783
83.200000000	64.997924741	2406.656629448
83.220000000	64.997924741	2407.820661736
83.240000000	64.997924741	2408.995202319
83.260000000	64.997924741	2410.175752272
83.280000000	64.997924741	2411.349734447
83.300000000	64.997924741	2412.538894753
83.320000000	64.997924741	2413.706714477
83.340000000	64.997924741	2414.890156059
83.360000000	64.997924741	2416.060617806
83.380000000	64.997924741	2417.225883070
83.400000000	64.997924741	2418.413194509
83.420000000	64.997924741	2419.578810310
83.440000000	64.997924741	2420.744115023
83.460000000	64.997924741	2421.910211665
83.480000000	64.997924741	2423.098572913
83.500000000	64.997924741	2424.265050406
83.520000000	64.997924741	2425.450753578
83.540000000	64.997924741	2426.619258506
83.560000000	64.997924741	2427.786435916
83.580000000	64.997924741	2428.971883163
83.600000000	64.997924741	2430.137145226
83.620000000	64.997924741	2431.306819813
83.640000000	64.997924741	2432.493779917
83.660000000	64.997924741	2433.662400060
83.680000000	64.997924741	2434.836130850
83.700000000	64.997924741	2436.009058512
83.720000000	64.997924741	2437.181302805
83.740000000	64.997924741	2438.346053604
83.760000000	64.997924741	2439.534525172
83.780000000	64.997924741	2440.702692579
83.800000000	64.997924741	2441.887046452
83.820000000	64.997924741	2443.056712655
83.840000000	64.997924741	2444.224693638
83.860000000	64.997924741	2445.409049978
83.880000000	64.997924741	2446.572900817
83.900000000	64.997924741	2447.741465731
83.920000000	64.997924741	2448.929591481
83.940000000	64.997924741	2450.095808224
83.960000000	64.997924741	2451.284204158
83.980000000	64.997924741	2452.452944070
84.000000000	69.997528001	2453.649361279
84.020000000	69.997528001	2454.889239361
84.040000000	69.997528001	2456.145693930
84.060000000	69.997528001	2457.408395563
84.080000000	69.997528001	2458.667028632
84.100000000	69.997528001	2459.929941193
84.120000000	69.997528001	2461.193496149
84.140000000	69.997528001	2462.476711219
84.160000000	69.997528001	2463.735235862
84.180000000	69.997528001	2464.995501244
84.200000000	69.997528001	2466.256956403
84.220000000	69.997528001	2467.522253237
84.240000000	69.997528001	2468.803793026
84.260000000	69.997528001	2470.062545065
84.280000000	69.997528001	2471.325152079
84.300000000	69.997528001	2472.585977362
84.320000000	69.997528001	2473.865940625
84.340000000	69.997528001	2475.130757339
84.360000000	69.997528001	2476.389015088
84.380000000	69.997528001	2477.648524555
84.400000000	69.997528001	2478.912780266
84.420000000	69.997528001	2480.191562006
84.440000000	69.997528001	2481.454336697
84.460000000	69.997528001	2482.724911963
84.480000000	69.997528001	2483.978814078
84.500000000	69.997528001	2485.234615873
84.520000000	69.997528001	2486.498229856
84.540000000	69.997528001	2487.784777263
84.560000000	69.997528001	2489.044901152
84.580000000	69.997528001	2490.305023199
84.600000000	69.997528001	2491.565191148
84.620000000	69.997528001	2492.847100866
84.640000000	69.997528001	2494.108160495
84.660000000	69.997528001	2495.367365865
84.680000000	69.997528001	2496.629380338
84.700000000	69.997528001	2497.894523283
84.720000000	69.997528001	2499.172671049
84.740000000	69.997528001	2500.435595726
84.760000000	69.997528001	2501.694359184
84.780000000	69.997528001	2502.957294223
84.800000000	69.997528001	2504.219785247
84.820000000	69.997528001	2505.478701969
84.840000000	69.997528001	2506.761560787
84.860000000	69.997528001	2508.024232855
84.880000000	69.997528001	2509.281523611
84.900000000	69.997528001	2510.542357755
84.920000000	69.997528001	2511.805288214
84.940000000	69.997528001	2513.065841379
84.960000000	69.997528001	2514.326046674
84.980000000	69.997528001	2515.588562842
85.000000000	69.997528001	2516.860430141
85.020000000	69.997528001	2518.131039965
85.040000000	69.997528001	2519.390929097
85.060000000	69.997528001	2520.655339863
85.080000000	69.997528001	2521.911509754
85.100000000	69.997528001	2523.174002055
85.120000000	69.997528001	2524.432796332
85.140000000	69.997528001	2525.700594887
85.160000000	69.997528001	2526.979928117
85.180000000	69.997528001	2528.238665252
85.200000000	69.997528001	2529.501813437
85.220000000	69.997528001	2530.763797715
85.240000000	69.997528001	2532.020467237
85.260000000	69.997528001	2533.285893673
85.280000000	69.997528001	2534.545978459
85.300000000	69.997528001	2535.804277482
85.320000000	69.997528001	2537.063200094
85.340000000	69.997528001	2538.325673578
85.360000000	69.997528001	2539.586462997
85.380000000	69.997528001	2540.848191280
85.400000000	69.997528001	2542.107550755
85.420000000	69.997528001	2543.370116025
85.440000000	69.997528001	2544.629120425
85.460000000	69.997528001	2545.891119957
85.480000000	69.997528001	2547.150043927
85.500000000	69.997528001	2548.410799128
85.520000000	69.997528001	2549.670933783
85.540000000	69.997528001	2550.929499374
85.560000000	69.997528001	2552.192204321
85.580000000	69.997528001	2553.453024924
85.600000000	69.997528001	2554.713448228
85.620000000	69.997528001	2555.976638323
85.640000000	69.997528001	2557.256278111
85.660000000	69.997528001	2558.518612022
85.680000000	69.997528001	2559.781031294
85.700000000	69.997528001	2561.039877614
85.720000000	69.997528001	2562.301212466
85.740000000	69.997528001	2563.561981831
85.760000000	69.997528001	2564.845826070
85.780000000	69.997528001	2566.104316606
85.800000000	69.997528001	2567.367139645
85.820000000	69.997528001	2568.630480687
85.840000000	69.997528001	2569.909155516
85.860000000	69.997528001	2571.166931692
85.880000000	69.997528001	2572.433254823
85.900000000	69.997528001	2573.696753421
85.920000000	69.997528001	2574.975825125
85.940000000	69.997528001	2576.237036597
85.960000000	69.997528001	2577.499500249
85.980000000	69.997528001	2578.760752677
86.000000000	69.997528001	2580.042403890
86.020000000	69.997528001	2581.305212850
86.040000000	69.997528001	2582.563994264
86.060000000	69.997528001	2583.829209638
86.080000000	69.997528001	2585.108512167
86.100000000	69.997528001	2586.368803845
86.120000000	69.997528001	2587.630409981
86.140000000	69.997528001	2588.895597334
86.160000000	69.997528001	2590.174055258
86.180000000	69.997528001	2591.426936179
86.200000000	69.997528001	2592.689566240
86.220000000	69.997528001	2593.956548096
86.240000000	69.997528001	2595.230597095
86.260000000	69.997528001	2596.500960175
86.280000000	69.997528001	2597.769352714
86.300000000	69.997528001	2599.046959376
86.320000000	69.997528001	2600.309721408
86.340000000	69.997528001	2601.568264113
86.360000000	69.997528001	2602.830871652
86.380000000	69.997528001	2604.093161886
86.400000000	69.997528001	2605.374689516
86.420000000	69.997528001	2606.636638192
86.440000000	69.997528001	2607.898673446
86.460000000	69.997528001	2609.158832475
86.480000000	69.997528001	2610.440879406
86.500000000	69.997528001	2611.703238931
86.520000000	69.997528001	2612.962761450
86.540000000	69.997528001	2614.226806206
86.560000000	69.997528001	2615.507211761
86.580000000	69.997528001	2616.770667539
86.600000000	69.997528001	2618.030064788
86.620000000	69.997528001	2619.291737164
86.640000000	69.997528001	2620.552906223
86.660000000	69.997528001	2621.835046169
86.680000000	69.997528001	2623.098134782
86.700000000	69.997528001	2624.356781952
86.720000000	69.997528001	2625.616917302
86.740000000	69.997528001	2626.877449353
86.760000000	69.997528001	2628.141406316
86.780000000	69.997528001	2629.422565958
86.800000000	69.997528001	2630.683511837
86.820000000	69.997528001	2631.943737575
86.840000000	69.997528001	2633.204964618
86.860000000	69.997528001	2634.467635832
86.880000000	69.997528001	2635.729938349
86.900000000	69.997528001	2637.009355786
86.920000000	69.997528001	2638.270675108
86.940000000	69.997528001	2639.529276879
86.960000000	69.997528001	2640.792236721
86.980000000	69.997528001	2642.052706346
87.000000000	69.997528001	2643.313969685
87.020000000	69.997528001	2644.578455946
87.040000000	69.997528001	2645.855675232
87.060000000	69.997528001	2647.118526007
87.080000000	69.997528001	2648.377452043
87.100000000	69.997528001	2649.640305839
87.120000000	69.997528001	2650.901221443
87.140000000	69.997528001	2652.163440901
87.160000000	69.997528001	2653.424164116
87.180000000	69.997528001	2654.682355348
87.200000000	69.997528001	2655.943953906
87.220000000	69.997528001	2657.230101878
87.240000000	69.997528001	2658.488327576
87.260000000	69.997528001	2659.748951162
87.280000000	69.997528001	2661.009131432
87.300000000	69.997528001	2662.269347242
87.320000000	69.997528001	2663.542311250
87.340000000	69.997528001	2664.815413102
87.360000000	69.997528001	2666.075616633
87.380000000	69.997528001	2667.335034893
87.400000000	69.997528001	2668.599578659
87.420000000	69.997528001	2669.879155386
87.440000000	69.997528001	2671.142084958
87.460000000	69.997528001	2672.402941024
87.480000000	69.997528001	2673.663445369
87.500000000	69.997528001	2674.926533826
87.520000000	69.997528001	2676.205603808
87.540000000	69.997528001	2677.466029484
87.560000000	69.997528001	2678.729228466
87.580000000	69.997528001	2679.990122512
87.600000000	69.997528001	2681.255133669
87.620000000	69.997528001	2682.536424512
87.640000000	69.997528001	2683.797686727
87.660000000	69.997528001	2685.058311203
87.680000000	69.997528001	2686.316308368
87.700000000	69.997528001	2687.577722187
87.720000000	69.997528001	2688.860857947
87.740000000	69.997528001	2690.119963483
87.760000000	69.997528001	2691.380897853
87.780000000	69.997528001	2692.644568985
87.800000000	69.997528001	2693.928662234
87.820000000	69.997528001	2695.190978649
87.840000000	69.997528001	2696.449362296
87.860000000	69.997528001	2697.713129310
87.880000000	69.997528001	2698.994257598
87.900000000	69.997528001	2700.255380601
87.920000000	69.997528001	2701.518329460
87.940000000	69.997528001	2702.797192169
87.960000000	69.997528001	2704.058661721
87.980000000	69.997528001	2705.323522422
88.000000000	69.997528001	2706.584790471
88.020000000	69.997528001	2707.866774502
88.040000000	69.997528001	2709.129379403
88.060000000	69.997528001	2710.387734458
88.080000000	69.997528001	2711.650383787
88.100000000	69.997528001	2712.930536900
88.120000000	69.997528001	2714.195457765
88.140000000	69.997528001	2715.455752655
88.160000000	69.997528001	2716.717296169
88.180000000	69.997528001	2717.998534823
88.200000000	69.997528001	2719.258846312
88.220000000	69.997528001	2720.518145872
88.240000000	69.997528001	2721.783379987
88.260000000	69.997528001	2723.064922793
88.280000000	69.997528001	2724.325688394
88.300000000	69.997528001	2725.586390122
88.320000000	69.997528001	2726.846415762
88.340000000	69.997528001	2728.120434429
88.360000000	69.997528001	2729.393989777
88.380000000	69.997528001	2730.651229623
88.400000000	69.997528001	2731.913028816
88.420000000	69.997528001	2733.173458383
88.440000000	69.997528001	2734.432233314
88.460000000	69.997528001	2735.697481878
88.480000000	69.997528001	2736.976872523
88.500000000	69.997528001	2738.237195426
88.520000000	69.997528001	2739.498497981
88.540000000	69.997528001	2740.759048223
88.560000000	69.997528001	2742.021991509
88.580000000	69.997528001	2743.284324899
88.600000000	69.997528001	2744.540757189
88.620000000	69.997528001	2745.803546291
88.640000000	69.997528001	2747.064301791
88.660000000	69.997528001	2748.329386329
88.680000000	69.997528001	2749.606565512
88.700000000	69.997528001	2750.869656455
88.720000000	69.997528001	2752.128145041
88.740000000	69.997528001	2753.389033599
88.760000000	69.997528001	2754.653970823
88.780000000	69.997528001	2755.912025781
88.800000000	69.997528001	2757.170630416
88.820000000	69.997528001	2758.433545430
88.840000000	69.997528001	2759.692542073
88.860000000	69.997528001	2760.957125923
88.880000000	69.997528001	2762.218111134
88.900000000	69.997528001	2763.496981005
88.920000000	69.997528001	2764.757322774
88.940000000	69.997528001	2766.018926730
88.960000000	69.997528001	2767.281023361
88.980000000	69.997528001	2768.536567571
89.000000000	69.997528001	2769.800854812
89.020000000	69.997528001	2771.063336800
89.040000000	69.997528001	2772.320950419
89.060000000	69.997528001	2773.581264820
89.080000000	69.997528001	2774.838549222
89.100000000	69.997528001	2776.100321741
89.120000000	69.997528001	2777.358203560
89.140000000	69.997528001	2778.649731562
89.160000000	69.997528001	2779.912189464
89.180000000	69.997528001	2781.174739698
89.200000000	69.997528001	2782.434786401
89.220000000	69.997528001	2783.696168964
89.240000000	69.997528001	2784.975571813
89.260000000	69.997528001	2786.238509669
89.280000000	69.997528001	2787.499142467
89.300000000	69.997528001	2788.762469135
89.320000000	69.997528001	2790.044144395
89.340000000	69.997528001	2791.302665211
89.360000000	69.997528001	2792.566697254
89.380000000	69.997528001	2793.827008971
89.400000000	69.997528001	2795.108930911
89.420000000	69.997528001	2796.373200493
89.440000000	69.997528001	2797.633125919
89.460000000	69.997528001	2798.895157378
89.480000000	69.997528001	2800.175924684
89.500000000	69.997528001	2801.434868151
89.520000000	69.997528001	2802.697583956
89.540000000	69.997528001	2803.980261366
89.560000000	69.997528001	2805.244575091
89.580000000	69.997528001	2806.507325739
89.600000000	69.997528001	2807.788513633
89.620000000	69.997528001	2809.051461083
89.640000000	69.997528001	2810.321361074
89.660000000	69.997528001	2811.595452201
89.680000000	69.997528001	2812.853702561
89.700000000	69.997528001	2814.114638380
89.720000000	69.997528001	2815.378078016
89.740000000	69.997528001	2816.659372803
89.760000000	69.997528001	2817.920244085
89.780000000	69.997528001	2819.183561424
89.800000000	69.997528001	2820.464167168
89.820000000	69.997528001	2821.725505948
89.840000000	69.997528001	2822.986695220
89.860000000	69.997528001	2824.252249723
89.880000000	69.997528001	2825.531026953
89.900000000	69.997528001	2826.791965040
89.920000000	69.997528001	2828.056637609
89.940000000	69.997528001	2829.333381762
89.960000000	69.997528001	2830.600148737
89.980000000	69.997528001	2831.860857338
90.000000000	74.997131260	2833.147606988
90.020000000	74.997131260	2834.484784369
90.040000000	74.997131260	2835.820884985
90.060000000	74.997131260	2837.176770976
90.080000000	74.997131260	2838.532692988
90.100000000	74.997131260	2839.888364667
90.120000000	74.997131260	2841.243588055
90.140000000	74.997131260	2842.596665179
90.160000000	74.997131260	2843.952604377
90.180000000	74.997131260	2845.305457699
90.200000000	74.997131260	2846.661941567
90.220000000	74.997131260	2848.017017068
90.240000000	74.997131260	2849.354699612
90.260000000	74.997131260	2850.707488889
90.280000000	74.997131260	2852.060668926
90.300000000	74.997131260	2853.417210079
90.320000000	74.997131260	2854.775313785
90.340000000	74.997131260	2856.133370400
90.360000000	74.997131260	2857.497185635
90.380000000	74.997131260	2858.842375454
90.400000000	74.997131260	2860.196693058
90.420000000	74.997131260	2861.547855135
90.440000000	74.997131260	2862.885770726
90.460000000	74.997131260	2864.241269777
90.480000000	74.997131260	2865.596285085
90.500000000	74.997131260	2866.953519431
90.520000000	74.997131260	2868.308494999
90.540000000	74.997131260	2869.661858829
90.560000000	74.997131260	2871.019153101
90.580000000	74.997131260	2872.372659827
90.600000000	74.997131260	2873.727578266
90.620000000	74.997131260	2875.064018430
90.640000000	74.997131260	2876.421790214
90.660000000	74.997131260	2877.777086984
90.680000000	74.997131260	2879.130669479
90.700000000	74.997131260	2880.483958571
90.720000000	74.997131260	2881.838433891
90.740000000	74.997131260	2883.197918869
90.760000000	74.997131260	2884.553737873
90.780000000	74.997131260	2885.909476346
90.800000000	74.997131260	2887.264792269
90.820000000	74.997131260	2888.631631648
90.840000000	74.997131260	2889.976271116
90.860000000	74.997131260	2891.335007340
90.880000000	74.997131260	2892.688782588
90.900000000	74.997131260	2894.044407712
90.920000000	74.997131260	2895.400265746
90.940000000	74.997131260	2896.755203188
90.960000000	74.997131260	2898.111982473
90.980000000	74.997131260	2899.469497993
91.000000000	74.997131260	2900.820312928
91.020000000	74.997131260	2902.176096166
91.040000000	74.997131260	2903.534756254
91.060000000	74.997131260	2904.892059170
91.080000000	74.997131260	2906.243139770
91.100000000	74.997131260	2907.599513828
91.120000000	74.997131260	2908.957708574
91.140000000	74.997131260	2910.312835758
91.160000000	74.997131260	2911.669401735
91.180000000	74.997131260	2913.027108596
91.200000000	74.997131260	2914.392344041
91.220000000	74.997131260	2915.758393215
91.240000000	74.997131260	2917.125881580
91.260000000	74.997131260	2918.486998974
91.280000000	74.997131260	2919.856763426
91.300000000	74.997131260	2921.231415368
91.320000000	74.997131260	2922.583662080
91.340000000	74.997131260	2923.950015414
91.360000000	74.997131260	2925.315301682
91.380000000	74.997131260	2926.680648419
91.400000000	74.997131260	2928.045359076
91.420000000	74.997131260	2929.409556757
91.440000000	74.997131260	2930.778003431
91.460000000	74.997131260	2932.146342159
91.480000000	74.997131260	2933.509488277
91.500000000	74.997131260	2934.875518036
91.520000000	74.997131260	2936.243392570
91.540000000	74.997131260	2937.609010802
91.560000000	74.997131260	2938.974532568
91.580000000	74.997131260	2940.337737979
91.600000000	74.997131260	2941.703336155
91.620000000	74.997131260	2943.068796807
91.640000000	74.997131260	2944.434667730
91.660000000	74.997131260	2945.799839036
91.680000000	74.997131260	2947.162936607
91.700000000	74.997131260	2948.533043843
91.720000000	74.997131260	2949.888860671
91.740000000	74.997131260	2951.252756528
91.760000000	74.997131260	2952.603710218
91.780000000	74.997131260	2953.966773388
91.800000000	74.997131260	2955.333700551
91.820000000	74.997131260	2956.706689301
91.840000000	74.997131260	2958.071125188
91.860000000	74.997131260	2959.435236174
91.880000000	74.997131260	2960.801329660
91.900000000	74.997131260	2962.168633263
91.920000000	74.997131260	2963.535002037
91.940000000	74.997131260	2964.900025657
91.960000000	74.997131260	2966.262803918
91.980000000	74.997131260	2967.628935879
92.000000000	74.997131260	2968.989774162
92.020000000	74.997131260	2970.338427250
92.040000000	74.997131260	2971.702028651
92.060000000	74.997131260	2973.070721945
92.080000000	74.997131260	2974.433627039
92.100000000	74.997131260	2975.797240988
92.120000000	74.997131260	2977.165380286
92.140000000	74.997131260	2978.532095568
92.160000000	74.997131260	2979.893832045
92.180000000	74.997131260	2981.261951441
92.200000000	74.997131260	2982.626917468
92.220000000	74.997131260	2983.990097300
92.240000000	74.997131260	2985.352981724
92.260000000	74.997131260	2986.700855719
92.280000000	74.997131260	2988.068419741
92.300000000	74.997131260	2989.431413760
92.320000000	74.997131260	2990.794781383
92.340000000	74.997131260	2992.160491588
92.360000000	74.997131260	2993.529482634
92.380000000	74.997131260	2994.895910383
92.400000000	74.997131260	2996.259726778
92.420000000	74.997131260	2997.626016883
92.440000000	74.997131260	2998.990704367
92.460000000	74.997131260	3000.354626519
92.480000000	74.997131260	3001.723483404
92.500000000	74.997131260	3003.088048326
92.520000000	74.997131260	3004.451663192
92.540000000	74.997131260	3005.819397814
92.560000000	74.997131260	3007.184331079
92.580000000	74.997131260	3008.552188899
92.600000000	74.997131260	3009.914225549
92.620000000	74.997131260	3011.282517432
92.640000000	74.997131260	3012.649745171
92.660000000	74.997131260	3014.015286757
92.680000000	74.997131260	3015.379279917
92.700000000	74.997131260	3016.744453684
92.720000000	74.997131260	3018.106679267
92.740000000	74.997131260	3019.475638332
92.760000000	74.997131260	3020.843166431
92.780000000	74.997131260	3022.207246880
92.800000000	74.997131260	3023.573140854
92.820000000	74.997131260	3024.941402982
92.840000000	74.997131260	3026.327287050
92.860000000	74.997131260	3027.691996648
92.880000000	74.997131260	3029.059635514
92.900000000	74.997131260	3030.427429273
92.920000000	74.997131260	3031.789984792
92.940000000	74.997131260	3033.150621722
92.960000000	74.997131260	3034.524633220
92.980000000	74.997131260	3035.890604328
93.000000000	74.997131260	3037.255222905
93.020000000	74.997131260	3038.619575493
93.040000000	74.997131260	3039.984164912
93.060000000	74.997131260	3041.348176122
93.080000000	74.997131260	3042.716221794
93.100000000	74.997131260	3044.081222297
93.120000000	74.997131260	3045.443955912
93.140000000	74.997131260	3046.814277613
93.160000000	74.997131260	3048.180444509
93.180000000	74.997131260	3049.544249878
93.200000000	74.997131260	3050.910263624
93.220000000	74.997131260	3052.277980686
93.240000000	74.997131260	3053.642679315
93.260000000	74.997131260	3055.005995204
93.280000000	74.997131260	3056.372873445
93.300000000	74.997131260	3057.739854012
93.320000000	74.997131260	3059.103075287
93.340000000	74.997131260	3060.466618814
93.360000000	74.997131260	3061.832595153
93.380000000	74.997131260	3063.199658771
93.400000000	74.997131260	3064.566271049
93.420000000	74.997131260	3065.934600076
93.440000000	74.997131260	3067.299139256
93.460000000	74.997131260	3068.660918392
93.480000000	74.997131260	3070.029387527
93.500000000	74.997131260	3071.396485739
93.520000000	74.997131260	3072.759493122
93.540000000	74.997131260	3074.123748399
93.560000000	74.997131260	3075.492149995
93.580000000	74.997131260	3076.855841584
93.600000000	74.997131260	3078.225061612
93.620000000	74.997131260	3079.590550099
93.640000000	74.997131260	3080.949509914
93.660000000	74.997131260	3082.296036797
93.680000000	74.997131260	3083.661863227
93.700000000	74.997131260	3085.028835364
93.720000000	74.997131260	3086.391492091
93.740000000	74.997131260	3087.756284259
93.760000000	74.997131260	3089.122957849
93.780000000	74.997131260	3090.487641034
93.800000000	74.997131260	3091.855545101
93.820000000	74.997131260	3093.222884507
93.840000000	74.997131260	3094.582177585
93.860000000	74.997131260	3095.928811907
93.880000000	74.997131260	3097.293831938
93.900000000	74.997131260	3098.659947215
93.920000000	74.997131260	3100.027700633
93.940000000	74.997131260	3101.390997363
93.960000000	74.997131260	3102.756237442
93.980000000	74.997131260	3104.119717940
94.000000000	74.997131260	3105.487916225
94.020000000	74.997131260	3106.855591535
94.040000000	74.997131260	3108.217155499
94.060000000	74.997131260	3109.585080413
94.080000000	74.997131260	3110.950866318
94.100000000	74.997131260	3112.318286890
94.120000000	74.997131260	3113.682043504
94.140000000	74.997131260	3115.047145258
94.160000000	74.997131260	3116.413111409
94.180000000	74.997131260	3117.778940716
94.200000000	74.997131260	3119.144145883
94.220000000	74.997131260	3120.510313398
94.240000000	74.997131260	3121.874043542
94.260000000	74.997131260	3123.243249789
94.280000000	74.997131260	3124.604532331
94.300000000	74.997131260	3125.972257811
94.320000000	74.997131260	3127.338274650
94.340000000	74.997131260	3128.703674279
94.360000000	74.997131260	3130.070042188
94.380000000	74.997131260	3131.435369653
94.400000000	74.997131260	3132.800595824
94.420000000	74.997131260	3134.167276776
94.440000000	74.997131260	3135.550639534
94.460000000	74.997131260	3136.921939516
94.480000000	74.997131260	3138.283460898
94.500000000	74.997131260	3139.643473306
94.520000000	74.997131260	3141.018507516
94.540000000	74.997131260	3142.388168908
94.560000000	74.997131260	3143.741039654
94.580000000	74.997131260	3145.117835166
94.600000000	74.997131260	3146.480843605
94.620000000	74.997131260	3147.846533599
94.640000000	74.997131260	3149.212380573
94.660000000	74.997131260	3150.578122877
94.680000000	74.997131260	3151.945593893
94.700000000	74.997131260	3153.313068934
94.720000000	74.997131260	3154.685219375
94.740000000	74.997131260	3156.041220057
94.760000000	74.997131260	3157.429191374
94.780000000	74.997131260	3158.794794705
94.800000000	74.997131260	3160.160878389
94.820000000	74.997131260	3161.527704523
94.840000000	74.997131260	3162.902910850
94.860000000	74.997131260	3164.257478773
94.880000000	74.997131260	3165.624298579
94.900000000	74.997131260	3166.989958286
94.920000000	74.997131260	3168.355463639
94.940000000	74.997131260	3169.719073865
94.960000000	74.997131260	3171.087554047
94.980000000	74.997131260	3172.455137857
95.000000000	74.997131260	3173.815666742
95.020000000	74.997131260	3175.183506869
95.040000000	74.997131260	3176.546741237
95.060000000	74.997131260	3177.893094549
95.080000000	74.997131260	3179.254744349
95.100000000	74.997131260	3180.623024711
95.120000000	74.997131260	3181.988483585
95.140000000	74.997131260	3183.354188060
95.160000000	74.997131260	3184.721891551
95.180000000	74.997131260	3186.085265494
95.200000000	74.997131260	3187.448222706
95.220000000	74.997131260	3188.814322952
95.240000000	74.997131260	3190.182314246
95.260000000	74.997131260	3191.550043206
95.280000000	74.997131260	3192.912648242
95.300000000	74.997131260	3194.277772396
95.320000000	74.997131260	3195.644440848
95.340000000	74.997131260	3197.005199243
95.360000000	74.997131260	3198.354880503
95.380000000	74.997131260	3199.718903957
95.400000000	74.997131260	3201.080696809
95.420000000	74.997131260	3202.448858410
95.440000000	74.997131260	3203.814517273
95.460000000	74.997131260	3205.182492383
95.480000000	74.997131260	3206.546156316
95.500000000	74.997131260	3207.910749513
95.520000000	74.997131260	3209.275624891
95.540000000	74.997131260	3210.645890331
95.560000000	74.997131260	3212.011326447
95.580000000	74.997131260	3213.376833564
95.600000000	74.997131260	3214.739756154
95.620000000	74.997131260	3216.103854575
95.640000000	74.997131260	3217.473526565
95.660000000	74.997131260	3218.839128517
95.680000000	74.997131260	3220.202469853
95.700000000	74.997131260	3221.566156494
95.720000000	74.997131260	3222.933407012
95.740000000	74.997131260	3224.296557671
95.760000000	74.997131260	3225.665346004
95.780000000	74.997131260	3227.030391869
95.800000000	74.997131260	3228.396639792
95.820000000	74.997131260	3229.760517277
95.840000000	74.997131260	3231.129992007
95.860000000	74.997131260	3232.495313745
95.880000000	74.997131260	3233.858739726
95.900000000	74.997131260	3235.230449106
95.920000000	74.997131260	3236.614541255
95.940000000	74.997131260	3237.980386874
95.960000000	74.997131260	3239.345471769
95.980000000	74.997131260	3240.711675386
96.000000000	79.999816889	3242.101994341
96.020000000	79.999816889	3243.527865329
96.040000000	79.999816889	3244.991141614
96.060000000	79.999816889	3246.446477105
96.080000000	79.999816889	3247.890186477
96.100000000	79.999816889	3249.349019149
96.120000000	79.999816889	3250.807562702
96.140000000	79.999816889	3252.266363464
96.160000000	79.999816889	3253.709338748
96.180000000	79.999816889	3255.171482656
96.200000000	79.999816889	3256.632829513
96.220000000	79.999816889	3258.094650162
96.240000000	79.999816889	3259.558376942
96.260000000	79.999816889	3261.013182530
96.280000000	79.999816889	3262.454185862
96.300000000	79.999816889	3263.918152536
96.320000000	79.999816889	3265.376949184
96.340000000	79.999816889	3266.838878668
96.360000000	79.999816889	3268.294606276
96.380000000	79.999816889	3269.737235546
96.400000000	79.999816889	3271.198761549
96.420000000	79.999816889	3272.660059554
96.440000000	79.999816889	3274.118963711
96.460000000	79.999816889	3275.562141862
96.480000000	79.999816889	3277.021495853
96.500000000	79.999816889	3278.480209089
96.520000000	79.999816889	3279.929257284
96.540000000	79.999816889	3281.383783296
96.560000000	79.999816889	3282.842684851
96.580000000	79.999816889	3284.301749724
96.600000000	79.999816889	3285.742773430
96.620000000	79.999816889	3287.206178289
96.640000000	79.999816889	3288.664599864
96.660000000	79.999816889	3290.104935677
96.680000000	79.999816889	3291.564872686
96.700000000	79.999816889	3293.024708956
96.720000000	79.999816889	3294.462557984
96.740000000	79.999816889	3295.923618059
96.760000000	79.999816889	3297.383941045
96.780000000	79.999816889	3298.844052292
96.800000000	79.999816889	3300.285773707
96.820000000	79.999816889	3301.746303249
96.840000000	79.999816889	3303.186736045
96.860000000	79.999816889	3304.648555508
96.880000000	79.999816889	3306.109164525
96.900000000	79.999816889	3307.563581520
96.920000000	79.999816889	3309.009404888
96.940000000	79.999816889	3310.470115441
96.960000000	79.999816889	3311.926572056
96.980000000	79.999816889	3313.385656328
97.000000000	79.999816889	3314.828817536
97.020000000	79.999816889	3316.289872854
97.040000000	79.999816889	3317.751548435
97.060000000	79.999816889	3319.208825514
97.080000000	79.999816889	3320.647032855
97.100000000	79.999816889	3322.109403308
97.120000000	79.999816889	3323.571498066
97.140000000	79.999816889	3325.034813486
97.160000000	79.999816889	3326.493492697
97.180000000	79.999816889	3327.953906992
97.200000000	79.999816889	3329.393326015
97.220000000	79.999816889	3330.856967501
97.240000000	79.999816889	3332.315356857
97.260000000	79.999816889	3333.755324074
97.280000000	79.999816889	3335.217218835
97.300000000	79.999816889	3336.679491951
97.320000000	79.999816889	3338.140230519
97.340000000	79.999816889	3339.596136818
97.360000000	79.999816889	3341.037626516
97.380000000	79.999816889	3342.503354248
97.400000000	79.999816889	3343.962071625
97.420000000	79.999816889	3345.418587476
97.440000000	79.999816889	3346.863715858
97.460000000	79.999816889	3348.322748979
97.480000000	79.999816889	3349.783918210
97.500000000	79.999816889	3351.243229614
97.520000000	79.999816889	3352.701954358
97.540000000	79.999816889	3354.146693045
97.560000000	79.999816889	3355.617540859
97.580000000	79.999816889	3357.067847975
97.600000000	79.999816889	3358.531373474
97.620000000	79.999816889	3359.987911320
97.640000000	79.999816889	3361.448400007
97.660000000	79.999816889	3362.889639829
97.680000000	79.999816889	3364.351225840
97.700000000	79.999816889	3365.813624989
97.720000000	79.999816889	3367.276781706
97.740000000	79.999816889	3368.732461716
97.760000000	79.999816889	3370.172717796
97.780000000	79.999816889	3371.635084928
97.800000000	79.999816889	3373.097245501
97.820000000	79.999816889	3374.557185858
97.840000000	79.999816889	3376.013564420
97.860000000	79.999816889	3377.456246256
97.880000000	79.999816889	3378.918102234
97.900000000	79.999816889	3380.377582226
97.920000000	79.999816889	3381.843219361
97.940000000	79.999816889	3383.297725856
97.960000000	79.999816889	3384.743182474
97.980000000	79.999816889	3386.202380028
98.000000000	79.999816889	3387.666276108
98.020000000	79.999816889	3389.127548685
98.040000000	79.999816889	3390.582392747
98.060000000	79.999816889	3392.020590405
98.080000000	79.999816889	3393.483275374
98.100000000	79.999816889	3394.946426553
98.120000000	79.999816889	3396.404364952
98.140000000	79.999816889	3397.858536710
98.160000000	79.999816889	3399.308977952
98.180000000	79.999816889	3400.764441869
98.200000000	79.999816889	3402.217719403
98.220000000	79.999816889	3403.668379644
98.240000000	79.999816889	3405.129318276
98.260000000	79.999816889	3406.590207084
98.280000000	79.999816889	3408.048504835
98.300000000	79.999816889	3409.489679371
98.320000000	79.999816889	3410.951060287
98.340000000	79.999816889	3412.406533211
98.360000000	79.999816889	3413.849219167
98.380000000	79.999816889	3415.313482664
98.400000000	79.999816889	3416.775150874
98.420000000	79.999816889	3418.233147804
98.440000000	79.999816889	3419.683063026
98.460000000	79.999816889	3421.136175496
98.480000000	79.999816889	3422.594527151
98.500000000	79.999816889	3424.033180438
98.520000000	79.999816889	3425.494298208
98.540000000	79.999816889	3426.952852930
98.560000000	79.999816889	3428.416051491
98.580000000	79.999816889	3429.874781035
98.600000000	79.999816889	3431.316068909
98.620000000	79.999816889	3432.775154517
98.640000000	79.999816889	3434.239222865
98.660000000	79.999816889	3435.697306399
98.680000000	79.999816889	3437.140754785
98.700000000	79.999816889	3438.601647998
98.720000000	79.999816889	3440.072096506
98.740000000	79.999816889	3441.519373168
98.760000000	79.999816889	3442.958456643
98.780000000	79.999816889	3444.424039292
98.800000000	79.999816889	3445.885806033
98.820000000	79.999816889	3447.346674091
98.840000000	79.999816889	3448.808172734
98.860000000	79.999816889	3450.266902794
98.880000000	79.999816889	3451.725126270
98.900000000	79.999816889	3453.166543945
98.920000000	79.999816889	3454.627716607
98.940000000	79.999816889	3456.086621565
98.960000000	79.999816889	3457.546753399
98.980000000	79.999816889	3458.988748029
99.000000000	79.999816889	3460.449823870
99.020000000	79.999816889	3461.911966661
99.040000000	79.999816889	3463.371749353
99.060000000	79.999816889	3464.833363545
99.080000000	79.999816889	3466.295577971
99.100000000	79.999816889	3467.754601525
99.120000000	79.999816889	3469.212929447
99.140000000	79.999816889	3470.661797928
99.160000000	79.999816889	3472.138307528
99.180000000	79.999816889	3473.582026811
99.200000000	79.999816889	3475.042917667
99.220000000	79.999816889	3476.504896113
99.240000000	79.999816889	3477.963836117
99.260000000	79.999816889	3479.424585461
99.280000000	79.999816889	3480.885717798
99.300000000	79.999816889	3482.342761817
99.320000000	79.999816889	3483.788623922
99.340000000	79.999816889	3485.249399524
99.360000000	79.999816889	3486.707464277
99.380000000	79.999816889	3488.167805510
99.400000000	79.999816889	3489.632203061
99.420000000	79.999816889	3491.095362821
99.440000000	79.999816889	3492.550617048
99.460000000	79.999816889	3493.992804621
99.480000000	79.999816889	3495.464837720
99.500000000	79.999816889	3496.915262950
99.520000000	79.999816889	3498.377070607
99.540000000	79.999816889	3499.834714957
99.560000000	79.999816889	3501.277847816
99.580000000	79.999816889	3502.740038603
99.600000000	79.999816889	3504.199936496
99.620000000	79.999816889	3505.660296574
99.640000000	79.999816889	3507.120863218
99.660000000	79.999816889	3508.558552832
99.680000000	79.999816889	3510.022117296
99.700000000	79.999816889	3511.482027495
99.720000000	79.999816889	3512.940378917
99.740000000	79.999816889	3514.381130450
99.760000000	79.999816889	3515.840570701
99.780000000	79.999816889	3517.298581300
99.800000000	79.999816889	3518.741363493
99.820000000	79.999816889	3520.200921013
99.840000000	79.999816889	3521.664632435
99.860000000	79.999816889	3523.122045527
99.880000000	79.999816889	3524.563140875
99.900000000	79.999816889	3526.024970216
99.920000000	79.999816889	3527.484497033
99.940000000	79.999816889	3528.947037347
99.960000000	79.999816889	3530.385681289
99.980000000	79.999816889	3531.845179832
100.000000000	79.999816889	3533.309077256
100.020000000	79.999816889	3534.766505254
100.040000000	79.999816889	3536.207966420
100.060000000	79.999816889	3537.668543456
100.080000000	79.999816889	3539.127873078
100.100000000	79.999816889	3540.589349767
100.120000000	79.999816889	3542.050997252
100.140000000	79.999816889	3543.509151317
100.160000000	79.999816889	3544.950097703
100.180000000	79.999816889	3546.417192275
100.200000000	79.999816889	3547.878512196
100.220000000	79.999816889	3549.341496477
100.240000000	79.999816889	3550.809651325
100.260000000	79.999816889	3552.255882189
100.280000000	79.999816889	3553.697020478
100.300000000	79.999816889	3555.159041390
100.320000000	79.999816889	3556.620863499
100.340000000	79.999816889	3558.081809920
100.360000000	79.999816889	3559.541586449
100.380000000	79.999816889	3561.004938320
100.400000000	79.999816889	3562.463422332
100.420000000	79.999816889	3563.906122365
100.440000000	79.999816889	3565.363536314
100.460000000	79.999816889	3566.829092680
100.480000000	79.999816889	3568.289004900
100.500000000	79.999816889	3569.752256488
100.520000000	79.999816889	3571.212214203
100.540000000	79.999816889	3572.668030020
100.560000000	79.999816889	3574.109365488
100.580000000	79.999816889	3575.569581884
100.600000000	79.999816889	3577.033492181
100.620000000	79.999816889	3578.495019078
100.640000000	79.999816889	3579.956366446
100.660000000	79.999816889	3581.418527710
100.680000000	79.999816889	3582.881601141
100.700000000	79.999816889	3584.334984689
100.720000000	79.999816889	3585.775611091
100.740000000	79.999816889	3587.240232311
100.760000000	79.999816889	3588.702941991
100.780000000	79.999816889	3590.173367047
100.800000000	79.999816889	3591.621339975
100.820000000	79.999816889	3593.083271207
100.840000000	79.999816889	3594.547908465
100.860000000	79.999816889	3596.011131731
100.880000000	79.999816889	3597.467680692
100.900000000	79.999816889	3598.926418179
100.920000000	79.999816889	3600.369123025
100.940000000	79.999816889	3601.827747482
100.960000000	79.999816889	3603.288926733
100.980000000	79.999816889	3604.748750350
101.000000000	79.999816889	3606.208098051
101.020000000	79.999816889	3607.676040480
101.040000000	79.999816889	3609.132473170
101.060000000	79.999816889	3610.580639158
101.080000000	79.999816889	3612.033168346
101.100000000	79.999816889	3613.496572924
101.120000000	79.999816889	3614.964495805
101.140000000	79.999816889	3616.432840413
101.160000000	79.999816889	3617.879994775
101.180000000	79.999816889	3619.320242370
101.200000000	79.999816889	3620.781957014
101.220000000	79.999816889	3622.241140579
101.240000000	79.999816889	3623.702246859
101.260000000	79.999816889	3625.145595494
101.280000000	79.999816889	3626.606753906
101.300000000	79.999816889	3628.065231529
101.320000000	79.999816889	3629.521178149
101.340000000	79.999816889	3630.966347913
101.360000000	79.999816889	3632.423460902
101.380000000	79.999816889	3633.886989962
101.400000000	79.999816889	3635.344578133
101.420000000	79.999816889	3636.789799597
101.440000000	79.999816889	3638.250094582
101.460000000	79.999816889	3639.708859455
101.480000000	79.999816889	3641.167843890
101.500000000	79.999816889	3642.607940034
101.520000000	79.999816889	3644.069626264
101.540000000	79.999816889	3645.528990146
101.560000000	79.999816889	3646.989470803
101.580000000	79.999816889	3648.430174961
101.600000000	79.999816889	3649.892512198
101.620000000	79.999816889	3651.353164635
101.640000000	79.999816889	3652.793666263
101.660000000	79.999816889	3654.255078085
101.680000000	79.999816889	3655.713878718
101.700000000	79.999816889	3657.175059901
101.720000000	79.999816889	3658.636689824
101.740000000	79.999816889	3660.092406272
101.760000000	79.999816889	3661.534767659
101.780000000	79.999816889	3662.993585811
101.800000000	79.999816889	3664.458754742
101.820000000	79.999816889	3665.919940873
101.840000000	79.999816889	3667.384576460
101.860000000	79.999816889	3668.842511305
101.880000000	79.999816889	3670.301659799
101.900000000	79.999816889	3671.741986468
101.920000000	79.999816889	3673.201284833
101.940000000	79.999816889	3674.666001147
101.960000000	79.999816889	3676.129136145
101.980000000	79.999816889	3677.589552182
102.000000000	84.999420148	3679.054836509
102.020000000	84.999420148	3680.591356595
102.040000000	84.999420148	3682.125952609
102.060000000	84.999420148	3683.656750889
102.080000000	84.999420148	3685.195976518
102.100000000	84.999420148	3686.747970911
102.120000000	84.999420148	3688.286893823
102.140000000	84.999420148	3689.843723402
102.160000000	84.999420148	3691.377099461
102.180000000	84.999420148	3692.934996463
102.200000000	84.999420148	3694.489069457
102.220000000	84.999420148	3696.025182692
102.240000000	84.999420148	3697.579983533
102.260000000	84.999420148	3699.136452335
102.280000000	84.999420148	3700.673076686
102.300000000	84.999420148	3702.225581643
102.320000000	84.999420148	3703.768908791
102.340000000	84.999420148	3705.332938808
102.360000000	84.999420148	3706.872826216
102.380000000	84.999420148	3708.410005414
102.400000000	84.999420148	3709.966572455
102.420000000	84.999420148	3711.504850597
102.440000000	84.999420148	3713.056870713
102.460000000	84.999420148	3714.592420592
102.480000000	84.999420148	3716.147204029
102.500000000	84.999420148	3717.683975475
102.520000000	84.999420148	3719.240365765
102.540000000	84.999420148	3720.786658544
102.560000000	84.999420148	3722.328797943
102.580000000	84.999420148	3723.864621972
102.600000000	84.999420148	3725.423037881
102.620000000	84.999420148	3726.974167791
102.640000000	84.999420148	3728.513281347
102.660000000	84.999420148	3730.065405021
102.680000000	84.999420148	3731.606836831
102.700000000	84.999420148	3733.155625327
102.720000000	84.999420148	3734.690434609
102.740000000	84.999420148	3736.226307483
102.760000000	84.999420148	3737.785902927
102.780000000	84.999420148	3739.321728076
102.800000000	84.999420148	3740.871039546
102.820000000	84.999420148	3742.411480957
102.840000000	84.999420148	3743.966797014
102.860000000	84.999420148	3745.519340817
102.880000000	84.999420148	3747.059971233
102.900000000	84.999420148	3748.611872841
102.920000000	84.999420148	3750.151401834
102.940000000	84.999420148	3751.702130320
102.960000000	84.999420148	3753.239305290
102.980000000	84.999420148	3754.793421079
103.000000000	84.999420148	3756.330103423
103.020000000	84.999420148	3757.883637270
103.040000000	84.999420148	3759.418362039
103.060000000	84.999420148	3760.977571519
103.080000000	84.999420148	3762.510898296
103.100000000	84.999420148	3764.068595154
103.120000000	84.999420148	3765.619449336
103.140000000	84.999420148	3767.156713952
103.160000000	84.999420148	3768.712748390
103.180000000	84.999420148	3770.246574465
103.200000000	84.999420148	3771.805265327
103.220000000	84.999420148	3773.358423294
103.240000000	84.999420148	3774.895681664
103.260000000	84.999420148	3776.451965251
103.280000000	84.999420148	3777.988110611
103.300000000	84.999420148	3779.543530519
103.320000000	84.999420148	3781.099522976
103.340000000	84.999420148	3782.636833679
103.360000000	84.999420148	3784.193419879
103.380000000	84.999420148	3785.744987853
103.400000000	84.999420148	3787.285253601
103.420000000	84.999420148	3788.838427373
103.440000000	84.999420148	3790.374911461
103.460000000	84.999420148	3791.929938451
103.480000000	84.999420148	3793.486910928
103.500000000	84.999420148	3795.022611736
103.520000000	84.999420148	3796.580642182
103.540000000	84.999420148	3798.131813719
103.560000000	84.999420148	3799.668548911
103.580000000	84.999420148	3801.231368741
103.600000000	84.999420148	3802.783136712
103.620000000	84.999420148	3804.319251616
103.640000000	84.999420148	3805.874211653
103.660000000	84.999420148	3807.430587105
103.680000000	84.999420148	3808.964908773
103.700000000	84.999420148	3810.524420186
103.720000000	84.999420148	3812.075857516
103.740000000	84.999420148	3813.615332874
103.760000000	84.999420148	3815.172319561
103.780000000	84.999420148	3816.723648443
103.800000000	84.999420148	3818.264114171
103.820000000	84.999420148	3819.820293576
103.840000000	84.999420148	3821.354834464
103.860000000	84.999420148	3822.913790515
103.880000000	84.999420148	3824.462330334
103.900000000	84.999420148	3826.001682084
103.920000000	84.999420148	3827.566729096
103.940000000	84.999420148	3829.090452844
103.960000000	84.999420148	3830.652716489
103.980000000	84.999420148	3832.201328067
104.000000000	84.999420148	3833.741562346
104.020000000	84.999420148	3835.299653200
104.040000000	84.999420148	3836.845884198
104.060000000	84.999420148	3838.384985064
104.080000000	84.999420148	3839.918889764
104.100000000	84.999420148	3841.476610200
104.120000000	84.999420148	3843.030014298
104.140000000	84.999420148	3844.566322788
104.160000000	84.999420148	3846.114554412
104.180000000	84.999420148	3847.660605768
104.200000000	84.999420148	3849.211917209
104.220000000	84.999420148	3850.751326484
104.240000000	84.999420148	3852.302289989
104.260000000	84.999420148	3853.837561656
104.280000000	84.999420148	3855.385697563
104.300000000	84.999420148	3856.930332535
104.320000000	84.999420148	3858.479014189
104.340000000	84.999420148	3860.008695152
104.360000000	84.999420148	3861.573474412
104.380000000	84.999420148	3863.114171516
104.400000000	84.999420148	3864.665008920
104.420000000	84.999420148	3866.206678436
104.440000000	84.999420148	3867.761455379
104.460000000	84.999420148	3869.316104028
104.480000000	84.999420148	3870.855301360
104.500000000	84.999420148	3872.412211218
104.520000000	84.999420148	3873.964540771
104.540000000	84.999420148	3875.500945352
104.560000000	84.999420148	3877.055117559
104.580000000	84.999420148	3878.592987157
104.600000000	84.999420148	3880.160405922
104.620000000	84.999420148	3881.701197714
104.640000000	84.999420148	3883.238736944
104.660000000	84.999420148	3884.790767747
104.680000000	84.999420148	3886.328706306
104.700000000	84.999420148	3887.881836689
104.720000000	84.999420148	3889.423593578
104.740000000	84.999420148	3890.977916434
104.760000000	84.999420148	3892.531459485
104.780000000	84.999420148	3894.071085043
104.800000000	84.999420148	3895.619468255
104.820000000	84.999420148	3897.162126613
104.840000000	84.999420148	3898.716702718
104.860000000	84.999420148	3900.268403353
104.880000000	84.999420148	3901.809794656
104.900000000	84.999420148	3903.361546467
104.920000000	84.999420148	3904.894838590
104.940000000	84.999420148	3906.453217917
104.960000000	84.999420148	3908.009949412
104.980000000	84.999420148	3909.548674639
105.000000000	84.999420148	3911.098040564
105.020000000	84.999420148	3912.636428072
105.040000000	84.999420148	3914.194492117
105.060000000	84.999420148	3915.751216655
105.080000000	84.999420148	3917.287046110
105.100000000	84.999420148	3918.837007945
105.120000000	84.999420148	3920.378521448
105.140000000	84.999420148	3921.932693510
105.160000000	84.999420148	3923.484335451
105.180000000	84.999420148	3925.023106925
105.200000000	84.999420148	3926.578724206
105.220000000	84.999420148	3928.135283437
105.240000000	84.999420148	3929.672151857
105.260000000	84.999420148	3931.229622584
105.280000000	84.999420148	3932.785140590
105.300000000	84.999420148	3934.319921428
105.320000000	84.999420148	3935.877715041
105.340000000	84.999420148	3937.433109201
105.360000000	84.999420148	3938.965104279
105.380000000	84.999420148	3940.524860495
105.400000000	84.999420148	3942.076457948
105.420000000	84.999420148	3943.615480566
105.440000000	84.999420148	3945.167598371
105.460000000	84.999420148	3946.708724690
105.480000000	84.999420148	3948.262506107
105.500000000	84.999420148	3949.799688213
105.520000000	84.999420148	3951.356591432
105.540000000	84.999420148	3952.905354128
105.560000000	84.999420148	3954.444511105
105.580000000	84.999420148	3956.003859433
105.600000000	84.999420148	3957.547729700
105.620000000	84.999420148	3959.093267810
105.640000000	84.999420148	3960.646101444
105.660000000	84.999420148	3962.184237327
105.680000000	84.999420148	3963.739708401
105.700000000	84.999420148	3965.274489411
105.720000000	84.999420148	3966.828428793
105.740000000	84.999420148	3968.383178801
105.760000000	84.999420148	3969.922411787
105.780000000	84.999420148	3971.475772108
105.800000000	84.999420148	3973.010903049
105.820000000	84.999420148	3974.565608342
105.840000000	84.999420148	3976.103368239
105.860000000	84.999420148	3977.663977348
105.880000000	84.999420148	3979.215206436
105.900000000	84.999420148	3980.753913839
105.920000000	84.999420148	3982.311184739
105.940000000	84.999420148	3983.859627437
105.960000000	84.999420148	3985.399863516
105.980000000	84.999420148	3986.953123659
106.000000000	84.999420148	3988.487193952
106.020000000	84.999420148	3990.049489244
106.040000000	84.999420148	3991.599341025
106.060000000	84.999420148	3993.141154081
106.080000000	84.999420148	3994.692099985
106.100000000	84.999420148	3996.228863946
106.120000000	84.999420148	3997.785587150
106.140000000	84.999420148	3999.336876973
106.160000000	84.999420148	4000.877034704
106.180000000	84.999420148	4002.431056193
106.200000000	84.999420148	4003.968210791
106.220000000	84.999420148	4005.527087025
106.240000000	84.999420148	4007.076166584
106.260000000	84.999420148	4008.615469002
106.280000000	84.999420148	4010.167145346
106.300000000	84.999420148	4011.706283300
106.320000000	84.999420148	4013.266315440
106.340000000	84.999420148	4014.817179940
106.360000000	84.999420148	4016.351881549
106.380000000	84.999420148	4017.910749893
106.400000000	84.999420148	4019.464749289
106.420000000	84.999420148	4021.013956441
106.440000000	84.999420148	4022.553635288
106.460000000	84.999420148	4024.091928365
106.480000000	84.999420148	4025.650600212
106.500000000	84.999420148	4027.204288828
106.520000000	84.999420148	4028.741231430
106.540000000	84.999420148	4030.297507711
106.560000000	84.999420148	4031.845791266
106.580000000	84.999420148	4033.386026598
106.600000000	84.999420148	4034.939686506
106.620000000	84.999420148	4036.477472667
106.640000000	84.999420148	4038.036658667
106.660000000	84.999420148	4039.588651984
106.680000000	84.999420148	4041.127804179
106.700000000	84.999420148	4042.683945716
106.720000000	84.999420148	4044.229844050
106.740000000	84.999420148	4045.772713956
106.760000000	84.999420148	4047.327153105
106.780000000	84.999420148	4048.867991893
106.800000000	84.999420148	4050.416842688
106.820000000	84.999420148	4051.957725861
106.840000000	84.999420148	4053.508502211
106.860000000	84.999420148	4055.047250003
106.880000000	84.999420148	4056.602042516
106.900000000	84.999420148	4058.156342602
106.920000000	84.999420148	4059.695570916
106.940000000	84.999420148	4061.246070166
106.960000000	84.999420148	4062.778923185
106.980000000	84.999420148	4064.331611044
107.000000000	84.999420148	4065.870349045
107.020000000	84.999420148	4067.429750451
107.040000000	84.999420148	4068.953797833
107.060000000	84.999420148	4070.521187182
107.080000000	84.999420148	4072.060698071
107.100000000	84.999420148	4073.611958494
107.120000000	84.999420148	4075.148682202
107.140000000	84.999420148	4076.700650097
107.160000000	84.999420148	4078.239891143
107.180000000	84.999420148	4079.793729470
107.200000000	84.999420148	4081.330153644
107.220000000	84.999420148	4082.883317663
107.240000000	84.999420148	4084.433155344
107.260000000	84.999420148	4085.976664696
107.280000000	84.999420148	4087.523520716
107.300000000	84.999420148	4089.066672753
107.320000000	84.999420148	4090.604163147
107.340000000	84.999420148	4092.149976310
107.360000000	84.999420148	4093.695745763
107.380000000	84.999420148	4095.246596076
107.400000000	84.999420148	4096.784113101
107.420000000	84.999420148	4098.343181043
107.440000000	84.999420148	4099.892433063
107.460000000	84.999420148	4101.434816022
107.480000000	84.999420148	4102.987990143
107.500000000	84.999420148	4104.524760977
107.520000000	84.999420148	4106.076516027
107.540000000	84.999420148	4107.613289407
107.560000000	84.999420148	4109.170454446
107.580000000	84.999420148	4110.723121307
107.600000000	84.999420148	4112.257717014
107.620000000	84.999420148	4113.815501251
107.640000000	84.999420148	4115.368538794
107.660000000	84.999420148	4116.908924467
107.680000000	84.999420148	4118.464881549
107.700000000	84.999420148	4119.997226069
107.720000000	84.999420148	4121.559889964
107.740000000	84.999420148	4123.111079556
107.760000000	84.999420148	4124.645607238
107.780000000	84.999420148	4126.207001212
107.800000000	84.999420148	4127.756486227
107.820000000	84.999420148	4129.295965203
107.840000000	84.999420148	4130.847197388
107.860000000	84.999420148	4132.385823069
107.880000000	84.999420148	4133.944011329
107.900000000	84.999420148	4135.499332353
107.920000000	84.999420148	4137.031693196
107.940000000	84.999420148	4138.595023789
107.960000000	84.999420148	4140.149076000
107.980000000	84.999420148	4141.704130240
108.000000000	89.999023408	4143.271503891
108.020000000	89.999023408	4144.878704874
108.040000000	89.999023408	4146.486591578
108.060000000	89.999023408	4148.135082048
108.080000000	89.999023408	4149.769678956
108.100000000	89.999023408	4151.398321293
108.120000000	89.999023408	4153.025619483
108.140000000	89.999023408	4154.678200259
108.160000000	89.999023408	4156.310146019
108.180000000	89.999023408	4157.939127928
108.200000000	89.999023408	4159.586984560
108.220000000	89.999023408	4161.221771722
108.240000000	89.999023408	4162.845600091
108.260000000	89.999023408	4164.483914582
108.280000000	89.999023408	4166.130989120
108.300000000	89.999023408	4167.760461304
108.320000000	89.999023408	4169.389274376
108.340000000	89.999023408	4171.021662211
108.360000000	89.999023408	4172.670839426
108.380000000	89.999023408	4174.301938407
108.400000000	89.999023408	4175.927550170
108.420000000	89.999023408	4177.563078004
108.440000000	89.999023408	4179.212183829
108.460000000	89.999023408	4180.841358428
108.480000000	89.999023408	4182.469603685
108.500000000	89.999023408	4184.099490568
108.520000000	89.999023408	4185.733517708
108.540000000	89.999023408	4187.389960382
108.560000000	89.999023408	4189.008304067
108.580000000	89.999023408	4190.642841734
108.600000000	89.999023408	4192.291562267
108.620000000	89.999023408	4193.923460144
108.640000000	89.999023408	4195.555708932
108.660000000	89.999023408	4197.187515169
108.680000000	89.999023408	4198.833879180
108.700000000	89.999023408	4200.464734762
108.720000000	89.999023408	4202.099028584
108.740000000	89.999023408	4203.746999973
108.760000000	89.999023408	4205.377806321
108.780000000	89.999023408	4207.005408046
108.800000000	89.999023408	4208.657610563
108.820000000	89.999023408	4210.288829297
108.840000000	89.999023408	4211.913567734
108.860000000	89.999023408	4213.547872109
108.880000000	89.999023408	4215.195126633
108.900000000	89.999023408	4216.824844470
108.920000000	89.999023408	4218.458213421
108.940000000	89.999023408	4220.109286439
108.960000000	89.999023408	4221.739151992
108.980000000	89.999023408	4223.368106497
109.000000000	89.999023408	4224.997791888
109.020000000	89.999023408	4226.653208307
109.040000000	89.999023408	4228.283153468
109.060000000	89.999023408	4229.932874219
109.080000000	89.999023408	4231.562210255
109.100000000	89.999023408	4233.194129908
109.120000000	89.999023408	4234.841037045
109.140000000	89.999023408	4236.470880887
109.160000000	89.999023408	4238.105350208
109.180000000	89.999023408	4239.752687189
109.200000000	89.999023408	4241.382466649
109.220000000	89.999023408	4243.016316122
109.240000000	89.999023408	4244.667824533
109.260000000	89.999023408	4246.299774318
109.280000000	89.999023408	4247.948932759
109.300000000	89.999023408	4249.581599239
109.320000000	89.999023408	4251.211871141
109.340000000	89.999023408	4252.861551793
109.360000000	89.999023408	4254.490155010
109.380000000	89.999023408	4256.119816272
109.400000000	89.999023408	4257.773030108
109.420000000	89.999023408	4259.405658685
109.440000000	89.999023408	4261.052356950
109.460000000	89.999023408	4262.683992840
109.480000000	89.999023408	4264.314334651
109.500000000	89.999023408	4265.970035778
109.520000000	89.999023408	4267.598687210
109.540000000	89.999023408	4269.226051389
109.560000000	89.999023408	4270.878778016
109.580000000	89.999023408	4272.507467930
109.600000000	89.999023408	4274.135655508
109.620000000	89.999023408	4275.778825300
109.640000000	89.999023408	4277.415935733
109.660000000	89.999023408	4279.045408375
109.680000000	89.999023408	4280.680998632
109.700000000	89.999023408	4282.330714893
109.720000000	89.999023408	4283.960726865
109.740000000	89.999023408	4285.594730594
109.760000000	89.999023408	4287.238518540
109.780000000	89.999023408	4288.869315234
109.800000000	89.999023408	4290.505644441
109.820000000	89.999023408	4292.145535226
109.840000000	89.999023408	4293.780066478
109.860000000	89.999023408	4295.412046344
109.880000000	89.999023408	4297.041733507
109.900000000	89.999023408	4298.688877324
109.920000000	89.999023408	4300.310852035
109.940000000	89.999023408	4301.956193824
109.960000000	89.999023408	4303.602652693
109.980000000	89.999023408	4305.228277610
110.000000000	89.999023408	4306.860664417
110.020000000	89.999023408	4308.483397544
110.040000000	89.999023408	4310.128421292
110.060000000	89.999023408	4311.768335198
110.080000000	89.999023408	4313.390140822
110.100000000	89.999023408	4315.054570365
110.120000000	89.999023408	4316.690679854
110.140000000	89.999023408	4318.320611348
110.160000000	89.999023408	4319.969386856
110.180000000	89.999023408	4321.598589214
110.200000000	89.999023408	4323.228328370
110.220000000	89.999023408	4324.881715079
110.240000000	89.999023408	4326.510204057
110.260000000	89.999023408	4328.139762171
110.280000000	89.999023408	4329.793085483
110.300000000	89.999023408	4331.421712498
110.320000000	89.999023408	4333.055014603
110.340000000	89.999023408	4334.703825475
110.360000000	89.999023408	4336.337126443
110.380000000	89.999023408	4337.984834811
110.400000000	89.999023408	4339.613505727
110.420000000	89.999023408	4341.251356904
110.440000000	89.999023408	4342.898635732
110.460000000	89.999023408	4344.530782664
110.480000000	89.999023408	4346.160253911
110.500000000	89.999023408	4347.812649193
110.520000000	89.999023408	4349.442459362
110.540000000	89.999023408	4351.090280537
110.560000000	89.999023408	4352.723204279
110.580000000	89.999023408	4354.350721093
110.600000000	89.999023408	4356.005017433
110.620000000	89.999023408	4357.639102358
110.640000000	89.999023408	4359.282470171
110.660000000	89.999023408	4360.917265352
110.680000000	89.999023408	4362.546511993
110.700000000	89.999023408	4364.193362612
110.720000000	89.999023408	4365.826699864
110.740000000	89.999023408	4367.458976249
110.760000000	89.999023408	4369.109359946
110.780000000	89.999023408	4370.742452225
110.800000000	89.999023408	4372.391744812
110.820000000	89.999023408	4374.020779935
110.840000000	89.999023408	4375.656393962
110.860000000	89.999023408	4377.305886409
110.880000000	89.999023408	4378.935523301
110.900000000	89.999023408	4380.584814685
110.920000000	89.999023408	4382.215824951
110.940000000	89.999023408	4383.850427248
110.960000000	89.999023408	4385.497137012
110.980000000	89.999023408	4387.126221972
111.000000000	89.999023408	4388.756374685
111.020000000	89.999023408	4390.408239227
111.040000000	89.999023408	4392.040846436
111.060000000	89.999023408	4393.667933087
111.080000000	89.999023408	4395.302447934
111.100000000	89.999023408	4396.946757978
111.120000000	89.999023408	4398.579661898
111.140000000	89.999023408	4400.214534286
111.160000000	89.999023408	4401.859753878
111.180000000	89.999023408	4403.492536497
111.200000000	89.999023408	4405.131911829
111.220000000	89.999023408	4406.752374373
111.240000000	89.999023408	4408.401114998
111.260000000	89.999023408	4410.031801527
111.280000000	89.999023408	4411.663973963
111.300000000	89.999023408	4413.296132852
111.320000000	89.999023408	4414.943309237
111.340000000	89.999023408	4416.571962385
111.360000000	89.999023408	4418.204539125
111.380000000	89.999023408	4419.855797156
111.400000000	89.999023408	4421.482391932
111.420000000	89.999023408	4423.113146080
111.440000000	89.999023408	4424.768576227
111.460000000	89.999023408	4426.398062653
111.480000000	89.999023408	4428.030747618
111.500000000	89.999023408	4429.677799062
111.520000000	89.999023408	4431.309644276
111.540000000	89.999023408	4432.942250089
111.560000000	89.999023408	4434.587673683
111.580000000	89.999023408	4436.215465646
111.600000000	89.999023408	4437.849471207
111.620000000	89.999023408	4439.503206103
111.640000000	89.999023408	4441.133108686
111.660000000	89.999023408	4442.782140671
111.680000000	89.999023408	4444.411857424
111.700000000	89.999023408	4446.041005038
111.720000000	89.999023408	4447.687788083
111.740000000	89.999023408	4449.324149477
111.760000000	89.999023408	4450.958834041
111.780000000	89.999023408	4452.602955945
111.800000000	89.999023408	4454.239034900
111.820000000	89.999023408	4455.888061769
111.840000000	89.999023408	4457.520125858
111.860000000	89.999023408	4459.167561392
111.880000000	89.999023408	4460.800455076
111.900000000	89.999023408	4462.434667925
111.920000000	89.999023408	4464.080942299
111.940000000	89.999023408	4465.711817824
111.960000000	89.999023408	4467.364425716
111.980000000	89.999023408	4468.998080487
112.000000000	89.999023408	4470.650335943
112.020000000	89.999023408	4472.282009091
112.040000000	89.999023408	4473.929623820
112.060000000	89.999023408	4475.561775580
112.080000000	89.999023408	4477.210916899
112.100000000	89.999023408	4478.840462438
112.120000000	89.999023408	4480.472465202
112.140000000	89.999023408	4482.120626698
112.160000000	89.999023408	4483.758298253
112.180000000	89.999023408	4485.403290898
112.200000000	89.999023408	4487.040868083
112.220000000	89.999023408	4488.690630968
112.240000000	89.999023408	4490.319812747
112.260000000	89.999023408	4491.966819188
112.280000000	89.999023408	4493.605928919
112.300000000	89.999023408	4495.252028258
112.320000000	89.999023408	4496.881844501
112.340000000	89.999023408	4498.514885605
112.360000000	89.999023408	4500.167390826
112.380000000	89.999023408	4501.799812851
112.400000000	89.999023408	4503.446787400
112.420000000	89.999023408	4505.077708602
112.440000000	89.999023408	4506.711207469
112.460000000	89.999023408	4508.357352069
112.480000000	89.999023408	4509.987698502
112.500000000	89.999023408	4511.637785046
112.520000000	89.999023408	4513.270208544
112.540000000	89.999023408	4514.905634979
112.560000000	89.999023408	4516.551285894
112.580000000	89.999023408	4518.181207948
112.600000000	89.999023408	4519.833831051
112.620000000	89.999023408	4521.467789991
112.640000000	89.999023408	4523.120298634
112.660000000	89.999023408	4524.751967408
112.680000000	89.999023408	4526.398333540
112.700000000	89.999023408	4528.031042340
112.720000000	89.999023408	4529.678659932
112.740000000	89.999023408	4531.312757701
112.760000000	89.999023408	4532.960629119
112.780000000	89.999023408	4534.596387711
112.800000000	89.999023408	4536.242646476
112.820000000	89.999023408	4537.867727060
112.840000000	89.999023408	4539.521727848
112.860000000	89.999023408	4541.140952458
112.880000000	89.999023408	4542.791748152
112.900000000	89.999023408	4544.439838815
112.920000000	89.999023408	4546.070424164
112.940000000	89.999023408	4547.701040437
112.960000000	89.999023408	4549.351554449
112.980000000	89.999023408	4550.984142548
113.000000000	89.999023408	4552.633636492
113.020000000	89.999023408	4554.264332321
113.040000000	89.999023408	4555.894785138
113.060000000	89.999023408	4557.548085671
113.080000000	89.999023408	4559.177371109
113.100000000	89.999023408	4560.824211200
113.120000000	89.999023408	4562.460033964
113.140000000	89.999023408	4564.092458826
113.160000000	89.999023408	4565.739266443
113.180000000	89.999023408	4567.374523143
113.200000000	89.999023408	4569.020992260
113.220000000	89.999023408	4570.650777904
113.240000000	89.999023408	4572.283221228
113.260000000	89.999023408	4573.935545042
113.280000000	89.999023408	4575.565652596
113.300000000	89.999023408	4577.216010140
113.320000000	89.999023408	4578.851185511
113.340000000	89.999023408	4580.498215944
113.360000000	89.999023408	4582.132762501
113.380000000	89.999023408	4583.778595302
113.400000000	89.999023408	4585.408162262
113.420000000	89.999023408	4587.041932648
113.440000000	89.999023408	4588.692137022
113.460000000	89.999023408	4590.327219768
113.480000000	89.999023408	4591.973379979
113.500000000	89.999023408	4593.603439947
113.520000000	89.999023408	4595.234999802
113.540000000	89.999023408	4596.885562405
113.560000000	89.999023408	4598.517120994
113.580000000	89.999023408	4600.166018032
113.600000000	89.999023408	4601.795047031
113.620000000	89.999023408	4603.433020465
113.640000000	89.999023408	4605.081967491
113.660000000	89.999023408	4606.708601890
113.680000000	89.999023408	4608.339532388
113.700000000	89.999023408	4609.988001890
113.720000000	89.999023408	4611.623516936
113.740000000	89.999023408	4613.272499067
113.760000000	89.999023408	4614.902391463
113.780000000	89.999023408	4616.532001274
113.800000000	89.999023408	4618.164483727
113.820000000	89.999023408	4619.813784313
113.840000000	89.999023408	4621.444119843
113.860000000	89.999023408	4623.096872308
113.880000000	89.999023408	4624.725822704
113.900000000	89.999023408	4626.360443694
113.920000000	89.999023408	4628.007710777
113.940000000	89.999023408	4629.640473982
113.960000000	89.999023408	4631.270263362
113.980000000	89.999023408	4632.921716406
114.000000000	94.998626667	4634.570391652
114.020000000	94.998626667	4636.261699564
114.040000000	94.998626667	4637.968257357
114.060000000	94.998626667	4639.689522410
114.080000000	94.998626667	4641.412997022
114.100000000	94.998626667	4643.143597651
114.120000000	94.998626667	4644.865265311
114.140000000	94.998626667	4646.589935795
114.160000000	94.998626667	4648.318597486
114.180000000	94.998626667	4650.046861820
114.200000000	94.998626667	4651.789473734
114.220000000	94.998626667	4653.513354651
114.240000000	94.998626667	4655.238669222
114.260000000	94.998626667	4656.964746921
114.280000000	94.998626667	4658.689329248
114.300000000	94.998626667	4660.414490471
114.320000000	94.998626667	4662.142665657
114.340000000	94.998626667	4663.867568784
114.360000000	94.998626667	4665.593191611
114.380000000	94.998626667	4667.337550527
114.400000000	94.998626667	4669.061059974
114.420000000	94.998626667	4670.787583674
114.440000000	94.998626667	4672.511937721
114.460000000	94.998626667	4674.239351454
114.480000000	94.998626667	4675.967322313
114.500000000	94.998626667	4677.691459264
114.520000000	94.998626667	4679.413524459
114.540000000	94.998626667	4681.141984961
114.560000000	94.998626667	4682.866046499
114.580000000	94.998626667	4684.589741485
114.600000000	94.998626667	4686.331454785
114.620000000	94.998626667	4688.065835833
114.640000000	94.998626667	4689.790190295
114.660000000	94.998626667	4691.513242422
114.680000000	94.998626667	4693.242918923
114.700000000	94.998626667	4694.985402906
114.720000000	94.998626667	4696.706912524
114.740000000	94.998626667	4698.436770112
114.760000000	94.998626667	4700.164102494
114.780000000	94.998626667	4701.900249435
114.800000000	94.998626667	4703.615724071
114.820000000	94.998626667	4705.359910565
114.840000000	94.998626667	4707.077810178
114.860000000	94.998626667	4708.814341142
114.880000000	94.998626667	4710.536314658
114.900000000	94.998626667	4712.260226634
114.920000000	94.998626667	4713.985705633
114.940000000	94.998626667	4715.713101482
114.960000000	94.998626667	4717.436907712
114.980000000	94.998626667	4719.164713702
115.000000000	94.998626667	4720.887121263
115.020000000	94.998626667	4722.617409424
115.040000000	94.998626667	4724.356552504
115.060000000	94.998626667	4726.082005095
115.080000000	94.998626667	4727.807904535
115.100000000	94.998626667	4729.537449749
115.120000000	94.998626667	4731.260540705
115.140000000	94.998626667	4732.986081958
115.160000000	94.998626667	4734.713070520
115.180000000	94.998626667	4736.435085815
115.200000000	94.998626667	4738.158124602
115.220000000	94.998626667	4739.886076300
115.240000000	94.998626667	4741.615973615
115.260000000	94.998626667	4743.348300909
115.280000000	94.998626667	4745.063521078
115.300000000	94.998626667	4746.809343715
115.320000000	94.998626667	4748.534775144
115.340000000	94.998626667	4750.259607526
115.360000000	94.998626667	4751.982223835
115.380000000	94.998626667	4753.711615020
115.400000000	94.998626667	4755.438296045
115.420000000	94.998626667	4757.183565412
115.440000000	94.998626667	4758.906278823
115.460000000	94.998626667	4760.632338129
115.480000000	94.998626667	4762.357624125
115.500000000	94.998626667	4764.086086652
115.520000000	94.998626667	4765.811527617
115.540000000	94.998626667	4767.534113588
115.560000000	94.998626667	4769.258740058
115.580000000	94.998626667	4770.986773033
115.600000000	94.998626667	4772.732659891
115.620000000	94.998626667	4774.458963590
115.640000000	94.998626667	4776.186006890
115.660000000	94.998626667	4777.905348247
115.680000000	94.998626667	4779.632026008
115.700000000	94.998626667	4781.357959922
115.720000000	94.998626667	4783.085903812
115.740000000	94.998626667	4784.829456008
115.760000000	94.998626667	4786.557648167
115.780000000	94.998626667	4788.282062329
115.800000000	94.998626667	4790.005767186
115.820000000	94.998626667	4791.733927447
115.840000000	94.998626667	4793.452554370
115.860000000	94.998626667	4795.207134981
115.880000000	94.998626667	4796.934874808
115.900000000	94.998626667	4798.658874885
115.920000000	94.998626667	4800.379056245
115.940000000	94.998626667	4802.113312402
115.960000000	94.998626667	4803.855713347
115.980000000	94.998626667	4805.580152995
116.000000000	94.998626667	4807.302538869
116.020000000	94.998626667	4809.033447615
116.040000000	94.998626667	4810.775570744
116.060000000	94.998626667	4812.500727741
116.080000000	94.998626667	4814.225636124
116.100000000	94.998626667	4815.946084806
116.120000000	94.998626667	4817.672909008
116.140000000	94.998626667	4819.420088123
116.160000000	94.998626667	4821.144397034
116.180000000	94.998626667	4822.863467988
116.200000000	94.998626667	4824.584964606
116.220000000	94.998626667	4826.327893822
116.240000000	94.998626667	4828.056909365
116.260000000	94.998626667	4829.778666487
116.280000000	94.998626667	4831.503256989
116.300000000	94.998626667	4833.225876857
116.320000000	94.998626667	4834.953732571
116.340000000	94.998626667	4836.685640132
116.360000000	94.998626667	4838.426938037
116.380000000	94.998626667	4840.150664190
116.400000000	94.998626667	4841.870574732
116.420000000	94.998626667	4843.602707909
116.440000000	94.998626667	4845.328245631
116.460000000	94.998626667	4847.052326700
116.480000000	94.998626667	4848.777403095
116.500000000	94.998626667	4850.500406654
116.520000000	94.998626667	4852.232539923
116.540000000	94.998626667	4853.966875728
116.560000000	94.998626667	4855.684369739
116.580000000	94.998626667	4857.426324751
116.600000000	94.998626667	4859.149841897
116.620000000	94.998626667	4860.880399013
116.640000000	94.998626667	4862.604542097
116.660000000	94.998626667	4864.334087173
116.680000000	94.998626667	4866.076854600
116.700000000	94.998626667	4867.804425335
116.720000000	94.998626667	4869.526222553
116.740000000	94.998626667	4871.251510330
116.760000000	94.998626667	4872.976649917
116.780000000	94.998626667	4874.707573591
116.800000000	94.998626667	4876.447332712
116.820000000	94.998626667	4878.172432234
116.840000000	94.998626667	4879.898404092
116.860000000	94.998626667	4881.628590092
116.880000000	94.998626667	4883.351112573
116.900000000	94.998626667	4885.078953593
116.920000000	94.998626667	4886.803290288
116.940000000	94.998626667	4888.524928125
116.960000000	94.998626667	4890.256885753
116.980000000	94.998626667	4891.997850538
117.000000000	94.998626667	4893.716148453
117.020000000	94.998626667	4895.452597424
117.040000000	94.998626667	4897.173517038
117.060000000	94.998626667	4898.898913553
117.080000000	94.998626667	4900.624893702
117.100000000	94.998626667	4902.373074149
117.120000000	94.998626667	4904.094534162
117.140000000	94.998626667	4905.824710292
117.160000000	94.998626667	4907.552432469
117.180000000	94.998626667	4909.280700699
117.200000000	94.998626667	4911.023153389
117.220000000	94.998626667	4912.751095598
117.240000000	94.998626667	4914.473449963
117.260000000	94.998626667	4916.198385708
117.280000000	94.998626667	4917.929549325
117.300000000	94.998626667	4919.671822063
117.320000000	94.998626667	4921.400640616
117.340000000	94.998626667	4923.125420481
117.360000000	94.998626667	4924.847094665
117.380000000	94.998626667	4926.574505148
117.400000000	94.998626667	4928.321604043
117.420000000	94.998626667	4930.048610026
117.440000000	94.998626667	4931.769192074
117.460000000	94.998626667	4933.499505232
117.480000000	94.998626667	4935.224284512
117.500000000	94.998626667	4936.952698395
117.520000000	94.998626667	4938.695011153
117.540000000	94.998626667	4940.420033861
117.560000000	94.998626667	4942.144063459
117.580000000	94.998626667	4943.869072900
117.600000000	94.998626667	4945.591998730
117.620000000	94.998626667	4947.320230464
117.640000000	94.998626667	4949.044816718
117.660000000	94.998626667	4950.773540473
117.680000000	94.998626667	4952.498397412
117.700000000	94.998626667	4954.220835132
117.720000000	94.998626667	4955.950863518
117.740000000	94.998626667	4957.691287920
117.760000000	94.998626667	4959.416217975
117.780000000	94.998626667	4961.138251309
117.800000000	94.998626667	4962.873160164
117.820000000	94.998626667	4964.595631530
117.840000000	94.998626667	4966.326489178
117.860000000	94.998626667	4968.068776606
117.880000000	94.998626667	4969.794241615
117.900000000	94.998626667	4971.519474491
117.920000000	94.998626667	4973.244915552
117.940000000	94.998626667	4974.961398661
117.960000000	94.998626667	4976.712536900
117.980000000	94.998626667	4978.436830595
118.000000000	94.998626667	4980.167263378
118.020000000	94.998626667	4981.907495083
118.040000000	94.998626667	4983.620397595
118.060000000	94.998626667	4985.366280530
118.080000000	94.998626667	4987.092917220
118.100000000	94.998626667	4988.820511934
118.120000000	94.998626667	4990.566092647
118.140000000	94.998626667	4992.288884333
118.160000000	94.998626667	4994.020813632
118.180000000	94.998626667	4995.765705426
118.200000000	94.998626667	4997.489735891
118.220000000	94.998626667	4999.211878393
118.240000000	94.998626667	5000.940215416
118.260000000	94.998626667	5002.685969135
118.280000000	94.998626667	5004.411543833
118.300000000	94.998626667	5006.137366003
118.320000000	94.998626667	5007.868432424
118.340000000	94.998626667	5009.613517247
118.360000000	94.998626667	5011.336366685
118.380000000	94.998626667	5013.065646520
118.400000000	94.998626667	5014.785839505
118.420000000	94.998626667	5016.513277251
118.440000000	94.998626667	5018.256375546
118.460000000	94.998626667	5019.976177527
118.480000000	94.998626667	5021.716938419
118.500000000	94.998626667	5023.455641521
118.520000000	94.998626667	5025.171169725
118.540000000	94.998626667	5026.913246351
118.560000000	94.998626667	5028.659398824
118.580000000	94.998626667	5030.385136929
118.600000000	94.998626667	5032.110086594
118.620000000	94.998626667	5033.836420158
118.640000000	94.998626667	5035.584803520
118.660000000	94.998626667	5037.310256286
118.680000000	94.998626667	5039.038360596
118.700000000	94.998626667	5040.767302568
118.720000000	94.998626667	5042.511170007
118.740000000	94.998626667	5044.231977620
118.760000000	94.998626667	5045.966054310
118.780000000	94.998626667	5047.711216243
118.800000000	94.998626667	5049.433561040
118.820000000	94.998626667	5051.162989688
118.840000000	94.998626667	5052.906099295
118.860000000	94.998626667	5054.627858132
118.880000000	94.998626667	5056.362982217
118.900000000	94.998626667	5058.106390723
118.920000000	94.998626667	5059.831662220
118.940000000	94.998626667	5061.560994553
118.960000000	94.998626667	5063.294960993
118.980000000	94.998626667	5065.028855034
119.000000000	94.998626667	5066.756028100
119.020000000	94.998626667	5068.503507863
119.040000000	94.998626667	5070.226316524
119.060000000	94.998626667	5071.955449310
119.080000000	94.998626667	5073.685924656
119.100000000	94.998626667	5075.424446081
119.120000000	94.998626667	5077.154088600
119.140000000	94.998626667	5078.885229753
119.160000000	94.998626667	5080.627784926
119.180000000	94.998626667	5082.353346420
119.200000000	94.998626667	5084.080850534
119.220000000	94.998626667	5085.805389801
119.240000000	94.998626667	5087.530245541
119.260000000	94.998626667	5089.273109057
119.280000000	94.998626667	5090.998433389
119.300000000	94.998626667	5092.726343646
119.320000000	94.998626667	5094.454651071
119.340000000	94.998626667	5096.197950123
119.360000000	94.998626667	5097.928880720
119.380000000	94.998626667	5099.652579660
119.400000000	94.998626667	5101.376805430
119.420000000	94.998626667	5103.124339936
119.440000000	94.998626667	5104.849654760
119.460000000	94.998626667	5106.571940787
119.480000000	94.998626667	5108.299217281
119.500000000	94.998626667	5110.027409007
119.520000000	94.998626667	5111.786660808
119.540000000	94.998626667	5113.500956035
119.560000000	94.998626667	5115.222896666
119.580000000	94.998626667	5116.951045370
119.600000000	94.998626667	5118.695100765
119.620000000	94.998626667	5120.425048964
119.640000000	94.998626667	5122.144668515
119.660000000	94.998626667	5123.871948830
119.680000000	94.998626667	5125.600175390
119.700000000	94.998626667	5127.349746705
119.720000000	94.998626667	5129.071662718
119.740000000	94.998626667	5130.796203662
119.760000000	94.998626667	5132.520094522
119.780000000	94.998626667	5134.253226901
119.800000000	94.998626667	5135.991697205
119.820000000	94.998626667	5137.714822243
119.840000000	94.998626667	5139.449179793
119.860000000	94.998626667	5141.171126245
119.880000000	94.998626667	5142.899528235
119.900000000	94.998626667	5144.645461877
119.920000000	94.998626667	5146.370245272
119.940000000	94.998626667	5148.095018856
119.960000000	94.998626667	5149.822181693
119.980000000	94.998626667	5151.545153266
120.000000000	99.998229926	5153.302072461
120.020000000	99.998229926	5155.092492681
120.040000000	99.998229926	5156.902396457
120.060000000	99.998229926	5158.703134509
120.080000000	99.998229926	5160.526395572
120.100000000	99.998229926	5162.364071774
120.120000000	99.998229926	5164.185103589
120.140000000	99.998229926	5166.006364600
120.160000000	99.998229926	5167.824855525
120.180000000	99.998229926	5169.652489827
120.200000000	99.998229926	5171.493495754
120.220000000	99.998229926	5173.318189895
120.240000000	99.998229926	5175.139396426
120.260000000	99.998229926	5176.959396773
120.280000000	99.998229926	5178.780641374
120.300000000	99.998229926	5180.622377157
120.320000000	99.998229926	5182.443042386
120.340000000	99.998229926	5184.266934120
120.360000000	99.998229926	5186.108500598
120.380000000	99.998229926	5187.928972498
120.400000000	99.998229926	5189.753932754
120.420000000	99.998229926	5191.578616338
120.440000000	99.998229926	5193.418295419
120.460000000	99.998229926	5195.233035882
120.480000000	99.998229926	5197.054641407
120.500000000	99.998229926	5198.875672634
120.520000000	99.998229926	5200.702513090
120.540000000	99.998229926	5202.541939060
120.560000000	99.998229926	5204.364602073
120.580000000	99.998229926	5206.187880570
120.600000000	99.998229926	5208.007922557
120.620000000	99.998229926	5209.829468145
120.640000000	99.998229926	5211.646136032
120.660000000	99.998229926	5213.476057606
120.680000000	99.998229926	5215.312642915
120.700000000	99.998229926	5217.131930731
120.720000000	99.998229926	5218.953408838
120.740000000	99.998229926	5220.776919788
120.760000000	99.998229926	5222.597465694
120.780000000	99.998229926	5224.421635135
120.800000000	99.998229926	5226.260036189
120.820000000	99.998229926	5228.084106279
120.840000000	99.998229926	5229.904740805
120.860000000	99.998229926	5231.723302677
120.880000000	99.998229926	5233.546389879
120.900000000	99.998229926	5235.366901743
120.920000000	99.998229926	5237.209846085
120.940000000	99.998229926	5239.033805298
120.960000000	99.998229926	5240.854018453
120.980000000	99.998229926	5242.672853490
121.000000000	99.998229926	5244.498705539
121.020000000	99.998229926	5246.322518964
121.040000000	99.998229926	5248.160483737
121.060000000	99.998229926	5249.981239397
121.080000000	99.998229926	5251.800122667
121.100000000	99.998229926	5253.623777034
121.120000000	99.998229926	5255.442125364
121.140000000	99.998229926	5257.266564807
121.160000000	99.998229926	5259.090141394
121.180000000	99.998229926	5260.911593434
121.200000000	99.998229926	5262.749426563
121.220000000	99.998229926	5264.573363149
121.240000000	99.998229926	5266.393932069
121.260000000	99.998229926	5268.212787584
121.280000000	99.998229926	5270.038511992
121.300000000	99.998229926	5271.857028416
121.320000000	99.998229926	5273.700724176
121.340000000	99.998229926	5275.519404729
121.360000000	99.998229926	5277.344135059
121.380000000	99.998229926	5279.165415630
121.400000000	99.998229926	5280.981981955
121.420000000	99.998229926	5282.805851329
121.440000000	99.998229926	5284.630063555
121.460000000	99.998229926	5286.466003813
121.480000000	99.998229926	5288.289857802
121.500000000	99.998229926	5290.113337930
121.520000000	99.998229926	5291.931547229
121.540000000	99.998229926	5293.755816168
121.560000000	99.998229926	5295.581882102
121.580000000	99.998229926	5297.418024352
121.600000000	99.998229926	5299.244529835
121.620000000	99.998229926	5301.063062383
121.640000000	99.998229926	5302.882538673
121.660000000	99.998229926	5304.704109754
121.680000000	99.998229926	5306.549773923
121.700000000	99.998229926	5308.372357854
121.720000000	99.998229926	5310.193911254
121.740000000	99.998229926	5312.032477821
121.760000000	99.998229926	5313.859868529
121.780000000	99.998229926	5315.678017906
121.800000000	99.998229926	5317.501508649
121.820000000	99.998229926	5319.319174823
121.840000000	99.998229926	5321.138814249
121.860000000	99.998229926	5322.956270079
121.880000000	99.998229926	5324.801884698
121.900000000	99.998229926	5326.626230496
121.920000000	99.998229926	5328.447396807
121.940000000	99.998229926	5330.268359307
121.960000000	99.998229926	5332.086321976
121.980000000	99.998229926	5333.907951457
122.000000000	99.998229926	5335.734026981
122.020000000	99.998229926	5337.572742744
122.040000000	99.998229926	5339.394175640
122.060000000	99.998229926	5341.215322848
122.080000000	99.998229926	5343.027054133
122.100000000	99.998229926	5344.857063636
122.120000000	99.998229926	5346.675183664
122.140000000	99.998229926	5348.504714393
122.160000000	99.998229926	5350.338712487
122.180000000	99.998229926	5352.166869304
122.200000000	99.998229926	5353.988023219
122.220000000	99.998229926	5355.812285531
122.240000000	99.998229926	5357.651943609
122.260000000	99.998229926	5359.471151609
122.280000000	99.998229926	5361.295419507
122.300000000	99.998229926	5363.115799765
122.320000000	99.998229926	5364.935787374
122.340000000	99.998229926	5366.756559786
122.360000000	99.998229926	5368.580981737
122.380000000	99.998229926	5370.421425442
122.400000000	99.998229926	5372.242201412
122.420000000	99.998229926	5374.066796149
122.440000000	99.998229926	5375.882968311
122.460000000	99.998229926	5377.706966119
122.480000000	99.998229926	5379.527950377
122.500000000	99.998229926	5381.351225955
122.520000000	99.998229926	5383.193007222
122.540000000	99.998229926	5385.014413188
122.560000000	99.998229926	5386.837260496
122.580000000	99.998229926	5388.655240828
122.600000000	99.998229926	5390.476774214
122.620000000	99.998229926	5392.295271770
122.640000000	99.998229926	5394.124574771
122.660000000	99.998229926	5395.962507718
122.680000000	99.998229926	5397.780760185
122.700000000	99.998229926	5399.605624862
122.720000000	99.998229926	5401.428610850
122.740000000	99.998229926	5403.250387108
122.760000000	99.998229926	5405.069696618
122.780000000	99.998229926	5406.888267402
122.800000000	99.998229926	5408.730289790
122.820000000	99.998229926	5410.551114394
122.840000000	99.998229926	5412.371984592
122.860000000	99.998229926	5414.194945884
122.880000000	99.998229926	5416.019496922
122.900000000	99.998229926	5417.838390875
122.920000000	99.998229926	5419.664472980
122.940000000	99.998229926	5421.500871817
122.960000000	99.998229926	5423.326708285
122.980000000	99.998229926	5425.145399858
123.000000000	99.998229926	5426.967128063
123.020000000	99.998229926	5428.790151285
123.040000000	99.998229926	5430.610831692
123.060000000	99.998229926	5432.430709435
123.080000000	99.998229926	5434.263874223
123.100000000	99.998229926	5436.097344337
123.120000000	99.998229926	5437.927782874
123.140000000	99.998229926	5439.733897258
123.160000000	99.998229926	5441.560045057
123.180000000	99.998229926	5443.377304197
123.200000000	99.998229926	5445.201907538
123.220000000	99.998229926	5447.039578818
123.240000000	99.998229926	5448.862366151
123.260000000	99.998229926	5450.688155545
123.280000000	99.998229926	5452.505979674
123.300000000	99.998229926	5454.327486695
123.320000000	99.998229926	5456.170997970
123.340000000	99.998229926	5457.990059980
123.360000000	99.998229926	5459.813528537
123.380000000	99.998229926	5461.633986681
123.400000000	99.998229926	5463.458772913
123.420000000	99.998229926	5465.297416386
123.440000000	99.998229926	5467.121296300
123.460000000	99.998229926	5468.941249256
123.480000000	99.998229926	5470.763195069
123.500000000	99.998229926	5472.590306047
123.520000000	99.998229926	5474.428569976
123.540000000	99.998229926	5476.253172532
123.560000000	99.998229926	5478.083516851
123.580000000	99.998229926	5479.896972000
123.600000000	99.998229926	5481.736390288
123.620000000	99.998229926	5483.556374163
123.640000000	99.998229926	5485.381219058
123.660000000	99.998229926	5487.224535024
123.680000000	99.998229926	5489.043722610
123.700000000	99.998229926	5490.869804316
123.720000000	99.998229926	5492.702288084
123.740000000	99.998229926	5494.533626063
123.760000000	99.998229926	5496.354072908
123.780000000	99.998229926	5498.175227150
123.800000000	99.998229926	5500.017029866
123.820000000	99.998229926	5501.844382606
123.840000000	99.998229926	5503.682400177
123.860000000	99.998229926	5505.506140912
123.880000000	99.998229926	5507.326913121
123.900000000	99.998229926	5509.165609200
123.920000000	99.998229926	5510.989754575
123.940000000	99.998229926	5512.813172428
123.960000000	99.998229926	5514.634736820
123.980000000	99.998229926	5516.477015477
124.000000000	99.998229926	5518.300679987
124.020000000	99.998229926	5520.124609952
124.040000000	99.998229926	5521.962158896
124.060000000	99.998229926	5523.783822265
124.080000000	99.998229926	5525.607236894
124.100000000	99.998229926	5527.429209330
124.120000000	99.998229926	5529.270028056
124.140000000	99.998229926	5531.091669240
124.160000000	99.998229926	5532.914892419
124.180000000	99.998229926	5534.735510310
124.200000000	99.998229926	5536.559624763
124.220000000	99.998229926	5538.398668654
124.240000000	99.998229926	5540.221596059
124.260000000	99.998229926	5542.042589077
124.280000000	99.998229926	5543.861214798
124.300000000	99.998229926	5545.682299376
124.320000000	99.998229926	5547.508848260
124.340000000	99.998229926	5549.341192440
124.360000000	99.998229926	5551.151380157
124.380000000	99.998229926	5552.990902423
124.400000000	99.998229926	5554.810022783
124.420000000	99.998229926	5556.636330342
124.440000000	99.998229926	5558.468705966
124.460000000	99.998229926	5560.293787393
124.480000000	99.998229926	5562.114561014
124.500000000	99.998229926	5563.938594559
124.520000000	99.998229926	5565.758733104
124.540000000	99.998229926	5567.577453247
124.560000000	99.998229926	5569.404319127
124.580000000	99.998229926	5571.244826589
124.600000000	99.998229926	5573.064082787
124.620000000	99.998229926	5574.889350267
124.640000000	99.998229926	5576.712085588
124.660000000	99.998229926	5578.550068276
124.680000000	99.998229926	5580.373176097
124.700000000	99.998229926	5582.192648895
124.720000000	99.998229926	5584.019834594
124.740000000	99.998229926	5585.857310198
124.760000000	99.998229926	5587.678781336
124.780000000	99.998229926	5589.502631928
124.800000000	99.998229926	5591.322983727
124.820000000	99.998229926	5593.147577002
124.840000000	99.998229926	5594.984760965
124.860000000	99.998229926	5596.803408983
124.880000000	99.998229926	5598.618853180
124.900000000	99.998229926	5600.447379838
124.920000000	99.998229926	5602.261672597
124.940000000	99.998229926	5604.076197962
124.960000000	99.998229926	5605.930781544
124.980000000	99.998229926	5607.758290997
125.000000000	99.998229926	5609.580404532
125.020000000	99.998229926	5611.402406331
125.040000000	99.998229926	5613.221460194
125.060000000	99.998229926	5615.065897246
125.080000000	99.998229926	5616.886768916
125.100000000	99.998229926	5618.704576710
125.120000000	99.998229926	5620.528598332
125.140000000	99.998229926	5622.370561432
125.160000000	99.998229926	5624.194624248
125.180000000	99.998229926	5626.018208548
125.200000000	99.998229926	5627.839964819
125.220000000	99.998229926	5629.681723559
125.240000000	99.998229926	5631.502338311
125.260000000	99.998229926	5633.322546025
125.280000000	99.998229926	5635.143590567
125.300000000	99.998229926	5636.986524404
125.320000000	99.998229926	5638.812460716
125.340000000	99.998229926	5640.630584458
125.360000000	99.998229926	5642.455108106
125.380000000	99.998229926	5644.297070956
125.400000000	99.998229926	5646.116398138
125.420000000	99.998229926	5647.936531329
125.440000000	99.998229926	5649.761951476
125.460000000	99.998229926	5651.599611953
125.480000000	99.998229926	5653.421998562
125.500000000	99.998229926	5655.246235702
125.520000000	99.998229926	5657.071854546
125.540000000	99.998229926	5658.907615479
125.560000000	99.998229926	5660.733272979
125.580000000	99.998229926	5662.551976716
125.600000000	99.998229926	5664.373697674
125.620000000	99.998229926	5666.197360831
125.640000000	99.998229926	5668.037047429
125.660000000	99.998229926	5669.862337961
125.680000000	99.998229926	5671.683723502
125.700000000	99.998229926	5673.519700619
125.720000000	99.998229926	5675.346366167
125.740000000	99.998229926	5677.167509229
125.760000000	99.998229926	5678.989152005
125.780000000	99.998229926	5680.812482584
125.800000000	99.998229926	5682.633343858
125.820000000	99.998229926	5684.472684888
125.840000000	99.998229926	5686.299537299
125.860000000	99.998229926	5688.119398077
125.880000000	99.998229926	5689.940454702
125.900000000	99.998229926	5691.781855003
125.920000000	99.998229926	5693.603555225
125.940000000	99.998229926	5695.424850044
125.960000000	99.998229926	5697.248131344
125.980000000	99.998229926	5699.035164680
126.000000000	0.000000000	5700.506242979
126.020000000	0.000000000	5701.158912414
126.040000000	0.000000000	5701.199218750
126.060000000	0.000000000	5701.199218750
126.080000000	0.000000000	5701.199218750
126.100000000	0.000000000	5701.199218750
126.120000000	0.000000000	5701.199218750
126.140000000	0.000000000	5701.199218750
126.160000000	0.000000000	5701.199218750
126.180000000	0.000000000	5701.199218750
126.200000000	0.000000000	5701.199218750
126.220000000	0.000000000	5701.199218750
126.240000000	0.000000000	5701.199218750
126.260000000	0.000000000	5701.199218750
126.280000000	0.000000000	5701.199218750
126.300000000	0.000000000	5701.199218750
126.320000000	0.000000000	5701.199218750
126.340000000	0.000000000	5701.199218750
126.360000000	0.000000000	5701.199218750
126.380000000	0.000000000	5701.199218750
126.400000000	0.000000000	5701.199218750
126.420000000	0.000000000	5701.199218750
126.440000000	0.000000000	5701.199218750
126.460000000	0.000000000	5701.199218750
126.480000000	0.000000000	5701.199218750
126.500000000	0.000000000	5701.199218750
126.520000000	0.000000000	5701.199218750
126.540000000	0.000000000	5701.199218750
126.560000000	0.000000000	5701.199218750
126.580000000	0.000000000	5701.199218750
126.600000000	0.000000000	5701.199218750
126.620000000	0.000000000	5701.199218750
126.640000000	0.000000000	5701.199218750
126.660000000	0.000000000	5701.199218750
126.680000000	0.000000000	5701.199218750
126.700000000	0.000000000	5701.199218750
126.720000000	0.000000000	5701.199218750
126.740000000	0.000000000	5701.199218750
126.760000000	0.000000000	5701.199218750
126.780000000	0.000000000	5701.199218750
126.800000000	0.000000000	5701.199218750
126.820000000	0.000000000	5701.199218750
126.840000000	0.000000000	5701.199218750
126.860000000	0.000000000	5701.199218750
126.880000000	0.000000000	5701.199218750
126.900000000	0.000000000	5701.199218750
126.920000000	0.000000000	5701.199218750
126.940000000	0.000000000	5701.199218750
126.960000000	0.000000000	5701.199218750
126.980000000	0.000000000	5701.199218750
127.000000000	0.000000000	5701.199218750
127.020000000	0.000000000	5701.199218750
127.040000000	0.000000000	5701.199218750
127.060000000	0.000000000	5701.199218750
127.080000000	0.000000000	5701.199218750
127.100000000	0.000000000	5701.199218750
127.120000000	0.000000000	5701.199218750
127.140000000	0.000000000	5701.199218750
127.160000000	0.000000000	5701.199218750
127.180000000	0.000000000	5701.199218750
127.200000000	0.000000000	5701.199218750
127.220000000	0.000000000	5701.199218750
127.240000000	0.000000000	5701.199218750
127.260000000	0.000000000	5701.199218750
127.280000000	0.000000000	5701.199218750
127.300000000	0.000000000	5701.199218750
127.320000000	0.000000000	5701.199218750
127.340000000	0.000000000	5701.199218750
127.360000000	0.000000000	5701.199218750
127.380000000	0.000000000	5701.199218750
127.400000000	0.000000000	5701.199218750
127.420000000	0.000000000	5701.199218750
127.440000000	0.000000000	5701.199218750
127.460000000	0.000000000	5701.199218750
127.480000000	0.000000000	5701.199218750
127.500000000	0.000000000	5701.199218750
127.520000000	0.000000000	5701.199218750
127.540000000	0.000000000	5701.199218750
127.560000000	0.000000000	5701.199218750
127.580000000	0.000000000	5701.199218750
127.600000000	0.000000000	5701.199218750
127.620000000	0.000000000	5701.199218750
127.640000000	0.000000000	5701.199218750
127.660000000	0.000000000	5701.199218750
127.680000000	0.000000000	5701.199218750
127.700000000	0.000000000	5701.199218750
127.720000000	0.000000000	5701.199218750
127.740000000	0.000000000	5701.199218750
127.760000000	0.000000000	5701.199218750
127.780000000	0.000000000	5701.199218750
127.800000000	0.000000000	5701.199218750
127.820000000	0.000000000	5701.199218750
127.840000000	0.000000000	5701.199218750
127.860000000	0.000000000	5701.199218750
127.880000000	0.000000000	5701.199218750
127.900000000	0.000000000	5701.199218750
127.920000000	0.000000000	5701.199218750
127.940000000	0.000000000	5701.199218750
127.960000000	0.000000000	5701.199218750
127.980000000	0.000000000	5701.199218750
128.000000000	0.000000000	5701.199218750
128.020000000	0.000000000	5701.199218750
128.040000000	0.000000000	5701.199218750
128.060000000	0.000000000	5701.199218750
128.080000000	0.000000000	5701.199218750
128.100000000	0.000000000	5701.199218750
128.120000000	0.000000000	5701.199218750
128.140000000	0.000000000	5701.199218750
128.160000000	0.000000000	5701.199218750
128.180000000	0.000000000	5701.199218750
128.200000000	0.000000000	5701.199218750
128.220000000	0.000000000	5701.199218750
128.240000000	0.000000000	5701.199218750
128.260000000	0.000000000	5701.199218750
128.280000000	0.000000000	5701.199218750
128.300000000	0.000000000	5701.199218750
128.320000000	0.000000000	5701.199218750
128.340000000	0.000000000	5701.199218750
128.360000000	0.000000000	5701.199218750
128.380000000	0.000000000	5701.199218750
128.400000000	0.000000000	5701.199218750
128.420000000	0.000000000	5701.199218750
128.440000000	0.000000000	5701.199218750
128.460000000	0.000000000	5701.199218750
128.480000000	0.000000000	5701.199218750
128.500000000	0.000000000	5701.199218750
128.520000000	0.000000000	5701.199218750
128.540000000	0.000000000	5701.199218750
128.560000000	0.000000000	5701.199218750
128.580000000	0.000000000	5701.199218750
128.600000000	0.000000000	5701.199218750
128.620000000	0.000000000	5701.199218750
128.640000000	0.000000000	5701.199218750
128.660000000	0.000000000	5701.199218750
128.680000000	0.000000000	5701.199218750
128.700000000	0.000000000	5701.199218750
128.720000000	0.000000000	5701.199218750
128.740000000	0.000000000	5701.199218750
128.760000000	0.000000000	5701.199218750
128.780000000	0.000000000	5701.199218750
128.800000000	0.000000000	5701.199218750
128.820000000	0.000000000	5701.199218750
128.840000000	0.000000000	5701.199218750
128.860000000	0.000000000	5701.199218750
128.880000000	0.000000000	5701.199218750
128.900000000	0.000000000	5701.199218750
128.920000000	0.000000000	5701.199218750
128.940000000	0.000000000	5701.199218750
128.960000000	0.000000000	5701.199218750
128.980000000	0.000000000	5701.199218750
129.000000000	0.000000000	5701.199218750
129.020000000	0.000000000	5701.199218750
129.040000000	0.000000000	5701.199218750
129.060000000	0.000000000	5701.199218750
129.080000000	0.000000000	5701.199218750
129.100000000	0.000000000	5701.199218750
129.120000000	0.000000000	5701.199218750
129.140000000	0.000000000	5701.199218750
129.160000000	0.000000000	5701.199218750
129.180000000	0.000000000	5701.199218750
129.200000000	0.000000000	5701.199218750
129.220000000	0.000000000	5701.199218750
129.240000000	0.000000000	5701.199218750
129.260000000	0.000000000	5701.199218750
129.280000000	0.000000000	5701.199218750
129.300000000	0.000000000	5701.199218750
129.320000000	0.000000000	5701.199218750
129.340000000	0.000000000	5701.199218750
129.360000000	0.000000000	5701.199218750
129.380000000	0.000000000	5701.199218750
129.400000000	0.000000000	5701.199218750
129.420000000	0.000000000	5701.199218750
129.440000000	0.000000000	5701.199218750
129.460000000	0.000000000	5701.199218750
129.480000000	0.000000000	5701.199218750
129.500000000	0.000000000	5701.199218750
129.520000000	0.000000000	5701.199218750
129.540000000	0.000000000	5701.199218750
129.560000000	0.000000000	5701.199218750
129.580000000	0.000000000	5701.199218750
129.600000000	0.000000000	5701.199218750
129.620000000	0.000000000	5701.199218750
129.640000000	0.000000000	5701.199218750
129.660000000	0.000000000	5701.199218750
129.680000000	0.000000000	5701.199218750
129.700000000	0.000000000	5701.199218750
129.720000000	0.000000000	5701.199218750
129.740000000	0.000000000	5701.199218750
129.760000000	0.000000000	5701.199218750
129.780000000	0.000000000	5701.199218750
129.800000000	0.000000000	5701.199218750
129.820000000	0.000000000	5701.199218750
129.840000000	0.000000000	5701.199218750
129.860000000	0.000000000	5701.199218750
129.880000000	0.000000000	5701.199218750
129.900000000	0.000000000	5701.199218750
129.920000000	0.000000000	5701.199218750
129.940000000	0.000000000	5701.199218750
129.960000000	0.000000000	5701.199218750
129.980000000	0.000000000	5701.199218750
130.000000000	0.000000000	5701.199218750
130.020000000	0.000000000	5701.199218750
130.040000000	0.000000000	5701.199218750
130.060000000	0.000000000	5701.199218750
130.080000000	0.000000000	5701.199218750
130.100000000	0.000000000	5701.199218750
130.120000000	0.000000000	5701.199218750
130.140000000	0.000000000	5701.199218750
130.160000000	0.000000000	5701.199218750
130.180000000	0.000000000	5701.199218750
130.200000000	0.000000000	5701.199218750
130.220000000	0.000000000	5701.199218750
130.240000000	0.000000000	5701.199218750
130.260000000	0.000000000	5701.199218750
130.280000000	0.000000000	5701.199218750
130.300000000	0.000000000	5701.199218750
130.320000000	0.000000000	5701.199218750
130.340000000	0.000000000	5701.199218750
130.360000000	0.000000000	5701.199218750
130.380000000	0.000000000	5701.199218750
130.400000000	0.000000000	5701.199218750
130.420000000	0.000000000	5701.199218750
130.440000000	0.000000000	5701.199218750
130.460000000	0.000000000	5701.199218750
130.480000000	0.000000000	5701.199218750
130.500000000	0.000000000	5701.199218750
130.520000000	0.000000000	5701.199218750
130.540000000	0.000000000	5701.199218750
130.560000000	0.000000000	5701.199218750
130.580000000	0.000000000	5701.199218750
130.600000000	0.000000000	5701.199218750
130.620000000	0.000000000	5701.199218750
130.640000000	0.000000000	5701.199218750
130.660000000	0.000000000	5701.199218750
130.680000000	0.000000000	5701.199218750
130.700000000	0.000000000	5701.199218750
130.720000000	0.000000000	5701.199218750
130.740000000	0.000000000	5701.199218750
130.760000000	0.000000000	5701.199218750
130.780000000	0.000000000	5701.199218750
130.800000000	0.000000000	5701.199218750
130.820000000	0.000000000	5701.199218750
130.840000000	0.000000000	5701.199218750
130.860000000	0.000000000	5701.199218750
130.880000000	0.000000000	5701.199218750
130.900000000	0.000000000	5701.199218750
130.920000000	0.000000000	5701.199218750
130.940000000	0.000000000	5701.199218750
130.960000000	0.000000000	5701.199218750
130.980000000	0.000000000	5701.199218750
131.000000000	0.000000000	5701.199218750
131.020000000	0.000000000	5701.199218750
131.040000000	0.000000000	5701.199218750
131.060000000	0.000000000	5701.199218750
131.080000000	0.000000000	5701.199218750
131.100000000	0.000000000	5701.199218750
131.120000000	0.000000000	5701.199218750
131.140000000	0.000000000	5701.199218750
131.160000000	0.000000000	5701.199218750
131.180000000	0.000000000	5701.199218750
131.200000000	0.000000000	5701.199218750
131.220000000	0.000000000	5701.199218750
131.240000000	0.000000000	5701.199218750
131.260000000	0.000000000	5701.199218750
131.280000000	0.000000000	5701.199218750
131.300000000	0.000000000	5701.199218750
131.320000000	0.000000000	5701.199218750
131.340000000	0.000000000	5701.199218750
131.360000000	0.000000000	5701.199218750
131.380000000	0.000000000	5701.199218750
131.400000000	0.000000000	5701.199218750
131.420000000	0.000000000	5701.199218750
131.440000000	0.000000000	5701.199218750
131.460000000	0.000000000	5701.199218750
131.480000000	0.000000000	5701.199218750
131.500000000	0.000000000	5701.199218750
131.520000000	0.000000000	5701.199218750
131.540000000	0.000000000	5701.199218750
131.560000000	0.000000000	5701.199218750
131.580000000	0.000000000	5701.199218750
131.600000000	0.000000000	5701.199218750
131.620000000	0.000000000	5701.199218750
131.640000000	0.000000000	5701.199218750
131.660000000	0.000000000	5701.199218750
131.680000000	0.000000000	5701.199218750
131.700000000	0.000000000	5701.199218750
131.720000000	0.000000000	5701.199218750
131.740000000	0.000000000	5701.199218750
131.760000000	0.000000000	5701.199218750
131.780000000	0.000000000	5701.199218750
131.800000000	0.000000000	5701.199218750
131.820000000	0.000000000	5701.199218750
131.840000000	0.000000000	5701.199218750
131.860000000	0.000000000	5701.199218750
131.880000000	0.000000000	5701.199218750
131.900000000	0.000000000	5701.199218750
131.920000000	0.000000000	5701.199218750
131.940000000	0.000000000	5701.199218750
131.960000000	0.000000000	5701.199218750
