0.000000000	0.000000000	0.000000000
0.020000000	0.000000000	0.000000000
0.040000000	0.000000000	0.000000000
0.060000000	0.000000000	0.000000000
0.080000000	0.000000000	0.000000000
0.100000000	0.000000000	0.000000000
0.120000000	0.000000000	0.000000000
0.140000000	0.000000000	0.000000000
0.160000000	0.000000000	0.000000000
0.180000000	0.000000000	0.000000000
0.200000000	0.000000000	0.000000000
0.220000000	0.000000000	0.000000000
0.240000000	0.000000000	0.000000000
0.260000000	0.000000000	0.000000000
0.280000000	0.000000000	0.000000000
0.300000000	0.000000000	0.000000000
0.320000000	0.000000000	0.000000000
0.340000000	0.000000000	0.000000000
0.360000000	0.000000000	0.000000000
0.380000000	0.000000000	0.000000000
0.400000000	0.000000000	0.000000000
0.420000000	0.000000000	0.000000000
0.440000000	0.000000000	0.000000000
0.460000000	0.000000000	0.000000000
0.480000000	0.000000000	0.000000000
0.500000000	0.000000000	0.000000000
0.520000000	0.000000000	0.000000000
0.540000000	0.000000000	0.000000000
0.560000000	0.000000000	0.000000000
0.580000000	0.000000000	0.000000000
0.600000000	0.000000000	0.000000000
0.620000000	0.000000000	0.000000000
0.640000000	0.000000000	0.000000000
0.660000000	0.000000000	0.000000000
0.680000000	0.000000000	0.000000000
0.700000000	0.000000000	0.000000000
0.720000000	0.000000000	0.000000000
0.740000000	0.000000000	0.000000000
0.760000000	0.000000000	0.000000000
0.780000000	0.000000000	0.000000000
0.800000000	0.000000000	0.000000000
0.820000000	0.000000000	0.000000000
0.840000000	0.000000000	0.000000000
0.860000000	0.000000000	0.000000000
0.880000000	0.000000000	0.000000000
0.900000000	0.000000000	0.000000000
0.920000000	0.000000000	0.000000000
0.940000000	0.000000000	0.000000000
0.960000000	0.000000000	0.000000000
0.980000000	0.000000000	0.000000000
1.000000000	0.000000000	0.000000000
1.020000000	0.000000000	0.000000000
1.040000000	0.000000000	0.000000000
1.060000000	0.000000000	0.000000000
1.080000000	0.000000000	0.000000000
1.100000000	0.000000000	0.000000000
1.120000000	0.000000000	0.000000000
1.140000000	0.000000000	0.000000000
1.160000000	0.000000000	0.000000000
1.180000000	0.000000000	0.000000000
1.200000000	0.000000000	0.000000000
1.220000000	0.000000000	0.000000000
1.240000000	0.000000000	0.000000000
1.260000000	0.000000000	0.000000000
1.280000000	0.000000000	0.000000000
1.300000000	0.000000000	0.000000000
1.320000000	0.000000000	0.000000000
1.340000000	0.000000000	0.000000000
1.360000000	0.000000000	0.000000000
1.380000000	0.000000000	0.000000000
1.400000000	0.000000000	0.000000000
1.420000000	0.000000000	0.000000000
1.440000000	0.000000000	0.000000000
1.460000000	0.000000000	0.000000000
1.480000000	0.000000000	0.000000000
1.500000000	0.000000000	0.000000000
1.520000000	0.000000000	0.000000000
1.540000000	0.000000000	0.000000000
1.560000000	0.000000000	0.000000000
1.580000000	0.000000000	0.000000000
1.600000000	0.000000000	0.000000000
1.620000000	0.000000000	0.000000000
1.640000000	0.000000000	0.000000000
1.660000000	0.000000000	0.000000000
1.680000000	0.000000000	0.000000000
1.700000000	0.000000000	0.000000000
1.720000000	0.000000000	0.000000000
1.740000000	0.000000000	0.000000000
1.760000000	0.000000000	0.000000000
1.780000000	0.000000000	0.000000000
1.800000000	0.000000000	0.000000000
1.820000000	0.000000000	0.000000000
1.840000000	0.000000000	0.000000000
1.860000000	0.000000000	0.000000000
1.880000000	0.000000000	0.000000000
1.900000000	0.000000000	0.000000000
1.920000000	0.000000000	0.000000000
1.940000000	0.000000000	0.000000000
1.960000000	0.000000000	0.000000000
1.980000000	0.000000000	0.000000000
2.000000000	0.000000000	0.000000000
2.020000000	0.000000000	0.000000000
2.040000000	0.000000000	0.000000000
2.060000000	0.000000000	0.000000000
2.080000000	0.000000000	0.000000000
2.100000000	0.000000000	0.000000000
2.120000000	0.000000000	0.000000000
2.140000000	0.000000000	0.000000000
2.160000000	0.000000000	0.000000000
2.180000000	0.000000000	0.000000000
2.200000000	0.000000000	0.000000000
2.220000000	0.000000000	0.000000000
2.240000000	0.000000000	0.000000000
2.260000000	0.000000000	0.000000000
2.280000000	0.000000000	0.000000000
2.300000000	0.000000000	0.000000000
2.320000000	0.000000000	0.000000000
2.340000000	0.000000000	0.000000000
2.360000000	0.000000000	0.000000000
2.380000000	0.000000000	0.000000000
2.400000000	0.000000000	0.000000000
2.420000000	0.000000000	0.000000000
2.440000000	0.000000000	0.000000000
2.460000000	0.000000000	0.000000000
2.480000000	0.000000000	0.000000000
2.500000000	0.000000000	0.000000000
2.520000000	0.000000000	0.000000000
2.540000000	0.000000000	0.000000000
2.560000000	0.000000000	0.000000000
2.580000000	0.000000000	0.000000000
2.600000000	0.000000000	0.000000000
2.620000000	0.000000000	0.000000000
2.640000000	0.000000000	0.000000000
2.660000000	0.000000000	0.000000000
2.680000000	0.000000000	0.000000000
2.700000000	0.000000000	0.000000000
2.720000000	0.000000000	0.000000000
2.740000000	0.000000000	0.000000000
2.760000000	0.000000000	0.000000000
2.780000000	0.000000000	0.000000000
2.800000000	0.000000000	0.000000000
2.820000000	0.000000000	0.000000000
2.840000000	0.000000000	0.000000000
2.860000000	0.000000000	0.000000000
2.880000000	0.000000000	0.000000000
2.900000000	0.000000000	0.000000000
2.920000000	0.000000000	0.000000000
2.940000000	0.000000000	0.000000000
2.960000000	0.000000000	0.000000000
2.980000000	0.000000000	0.000000000
3.000000000	0.000000000	0.000000000
3.020000000	0.000000000	0.000000000
3.040000000	0.000000000	0.000000000
3.060000000	0.000000000	0.000000000
3.080000000	0.000000000	0.000000000
3.100000000	0.000000000	0.000000000
3.120000000	0.000000000	0.000000000
3.140000000	0.000000000	0.000000000
3.160000000	0.000000000	0.000000000
3.180000000	0.000000000	0.000000000
3.200000000	0.000000000	0.000000000
3.220000000	0.000000000	0.000000000
3.240000000	0.000000000	0.000000000
3.260000000	0.000000000	0.000000000
3.280000000	0.000000000	0.000000000
3.300000000	0.000000000	0.000000000
3.320000000	0.000000000	0.000000000
3.340000000	0.000000000	0.000000000
3.360000000	0.000000000	0.000000000
3.380000000	0.000000000	0.000000000
3.400000000	0.000000000	0.000000000
3.420000000	0.000000000	0.000000000
3.440000000	0.000000000	0.000000000
3.460000000	0.000000000	0.000000000
3.480000000	0.000000000	0.000000000
3.500000000	0.000000000	0.000000000
3.520000000	0.000000000	0.000000000
3.540000000	0.000000000	0.000000000
3.560000000	0.000000000	0.000000000
3.580000000	0.000000000	0.000000000
3.600000000	0.000000000	0.000000000
3.620000000	0.000000000	0.000000000
3.640000000	0.000000000	0.000000000
3.660000000	0.000000000	0.000000000
3.680000000	0.000000000	0.000000000
3.700000000	0.000000000	0.000000000
3.720000000	0.000000000	0.000000000
3.740000000	0.000000000	0.000000000
3.760000000	0.000000000	0.000000000
3.780000000	0.000000000	0.000000000
3.800000000	0.000000000	0.000000000
3.820000000	0.000000000	0.000000000
3.840000000	0.000000000	0.000000000
3.860000000	0.000000000	0.000000000
3.880000000	0.000000000	0.000000000
3.900000000	0.000000000	0.000000000
3.920000000	0.000000000	0.000000000
3.940000000	0.000000000	0.000000000
3.960000000	0.000000000	0.000000000
3.980000000	0.000000000	0.000000000
4.000000000	0.000000000	0.000000000
4.020000000	0.000000000	0.000000000
4.040000000	0.000000000	0.000000000
4.060000000	0.000000000	0.000000000
4.080000000	0.000000000	0.000000000
4.100000000	0.000000000	0.000000000
4.120000000	0.000000000	0.000000000
4.140000000	0.000000000	0.000000000
4.160000000	0.000000000	0.000000000
4.180000000	0.000000000	0.000000000
4.200000000	0.000000000	0.000000000
4.220000000	0.000000000	0.000000000
4.240000000	0.000000000	0.000000000
4.260000000	0.000000000	0.000000000
4.280000000	0.000000000	0.000000000
4.300000000	0.000000000	0.000000000
4.320000000	0.000000000	0.000000000
4.340000000	0.000000000	0.000000000
4.360000000	0.000000000	0.000000000
4.380000000	0.000000000	0.000000000
4.400000000	0.000000000	0.000000000
4.420000000	0.000000000	0.000000000
4.440000000	0.000000000	0.000000000
4.460000000	0.000000000	0.000000000
4.480000000	0.000000000	0.000000000
4.500000000	0.000000000	0.000000000
4.520000000	0.000000000	0.000000000
4.540000000	0.000000000	0.000000000
4.560000000	0.000000000	0.000000000
4.580000000	0.000000000	0.000000000
4.600000000	0.000000000	0.000000000
4.620000000	0.000000000	0.000000000
4.640000000	0.000000000	0.000000000
4.660000000	0.000000000	0.000000000
4.680000000	0.000000000	0.000000000
4.700000000	0.000000000	0.000000000
4.720000000	0.000000000	0.000000000
4.740000000	0.000000000	0.000000000
4.760000000	0.000000000	0.000000000
4.780000000	0.000000000	0.000000000
4.800000000	0.000000000	0.000000000
4.820000000	0.000000000	0.000000000
4.840000000	0.000000000	0.000000000
4.860000000	0.000000000	0.000000000
4.880000000	0.000000000	0.000000000
4.900000000	0.000000000	0.000000000
4.920000000	0.000000000	0.000000000
4.940000000	0.000000000	0.000000000
4.960000000	0.000000000	0.000000000
4.980000000	0.000000000	0.000000000
5.000000000	0.000000000	0.000000000
5.020000000	0.000000000	0.000000000
5.040000000	0.000000000	0.000000000
5.060000000	0.000000000	0.000000000
5.080000000	0.000000000	0.000000000
5.100000000	0.000000000	0.000000000
5.120000000	0.000000000	0.000000000
5.140000000	0.000000000	0.000000000
5.160000000	0.000000000	0.000000000
5.180000000	0.000000000	0.000000000
5.200000000	0.000000000	0.000000000
5.220000000	0.000000000	0.000000000
5.240000000	0.000000000	0.000000000
5.260000000	0.000000000	0.000000000
5.280000000	0.000000000	0.000000000
5.300000000	0.000000000	0.000000000
5.320000000	0.000000000	0.000000000
5.340000000	0.000000000	0.000000000
5.360000000	0.000000000	0.000000000
5.380000000	0.000000000	0.000000000
5.400000000	0.000000000	0.000000000
5.420000000	0.000000000	0.000000000
5.440000000	0.000000000	0.000000000
5.460000000	0.000000000	0.000000000
5.480000000	0.000000000	0.000000000
5.500000000	0.000000000	0.000000000
5.520000000	0.000000000	0.000000000
5.540000000	0.000000000	0.000000000
5.560000000	0.000000000	0.000000000
5.580000000	0.000000000	0.000000000
5.600000000	0.000000000	0.000000000
5.620000000	0.000000000	0.000000000
5.640000000	0.000000000	0.000000000
5.660000000	0.000000000	0.000000000
5.680000000	0.000000000	0.000000000
5.700000000	0.000000000	0.000000000
5.720000000	0.000000000	0.000000000
5.740000000	0.000000000	0.000000000
5.760000000	0.000000000	0.000000000
5.780000000	0.000000000	0.000000000
5.800000000	0.000000000	0.000000000
5.820000000	0.000000000	0.000000000
5.840000000	0.000000000	0.000000000
5.860000000	0.000000000	0.000000000
5.880000000	0.000000000	0.000000000
5.900000000	0.000000000	0.000000000
5.920000000	0.000000000	0.000000000
5.940000000	0.000000000	0.000000000
5.960000000	0.000000000	0.000000000
5.980000000	0.000000000	0.498601841
6.000000000	4.999603259	11.428571701
6.020000000	4.999603259	12.656011617
6.040000000	4.999603259	41.275157673
6.060000000	4.999603259	68.571426392
6.080000000	4.999603259	69.848160715
6.100000000	4.999603259	97.142852783
6.120000000	4.999603259	98.429694624
6.140000000	4.999603259	127.043794378
6.160000000	4.999603259	154.285705566
6.180000000	4.999603259	155.888469861
6.200000000	4.999603259	189.895560501
6.220000000	4.999603259	217.142837524
6.240000000	4.999603259	217.879016721
6.260000000	4.999603259	234.542151906
6.280000000	4.999603259	239.999984741
6.300000000	4.999603259	239.999984741
6.320000000	4.999603259	239.999984741
6.340000000	4.999603259	239.999984741
6.360000000	4.999603259	239.999984741
6.380000000	4.999603259	239.999984741
6.400000000	4.999603259	239.999984741
6.420000000	4.999603259	239.999985426
6.440000000	4.999603259	240.000000000
6.460000000	4.999603259	240.000000660
6.480000000	4.999603259	240.000015259
6.500000000	4.999603259	240.000015259
6.520000000	4.999603259	240.000015940
6.540000000	4.999603259	240.000031222
6.560000000	4.999603259	240.000045776
6.580000000	4.999603259	240.000045776
6.600000000	4.999603259	240.000045776
6.620000000	4.999603259	240.000045776
6.640000000	4.999603259	240.000045776
6.660000000	4.999603259	240.000045776
6.680000000	4.999603259	240.000046437
6.700000000	4.999603259	240.000061725
6.720000000	4.999603259	240.000076294
6.740000000	4.999603259	240.000076294
6.760000000	4.999603259	239.739676793
6.780000000	4.999603259	234.285797119
6.800000000	4.999603259	234.545033887
6.820000000	4.999603259	240.000076294
6.840000000	4.999603259	240.000076294
6.860000000	4.999603259	240.000076294
6.880000000	4.999603259	240.000076294
6.900000000	4.999603259	240.000076294
6.920000000	4.999603259	240.000076989
6.940000000	4.999603259	240.000091553
6.960000000	4.999603259	240.000092219
6.980000000	4.999603259	240.000106812
7.000000000	4.999603259	240.000106812
7.020000000	4.999603259	240.000106812
7.040000000	4.999603259	240.000107510
7.060000000	4.999603259	240.000122070
7.080000000	4.999603259	240.000122766
7.100000000	4.999603259	240.000137329
7.120000000	4.999603259	240.000137329
7.140000000	4.999603259	240.000137329
7.160000000	4.999603259	240.000137329
7.180000000	4.999603259	240.000138028
7.200000000	4.999603259	240.000153290
7.220000000	4.999603259	240.000167847
7.240000000	4.999603259	240.000167847
7.260000000	4.999603259	240.000167847
7.280000000	4.999603259	240.000167847
7.300000000	4.999603259	240.000168548
7.320000000	4.999603259	240.000183773
7.340000000	4.999603259	240.000198364
7.360000000	4.999603259	240.000198364
7.380000000	4.999603259	240.000198364
7.400000000	4.999603259	240.000198364
7.420000000	4.999603259	240.000199068
7.440000000	4.999603259	240.000213623
7.460000000	4.999603259	240.000214296
7.480000000	4.999603259	240.000228882
7.500000000	4.999603259	240.000228882
7.520000000	4.999603259	240.000228882
7.540000000	4.999603259	240.000229555
7.560000000	4.999603259	240.000244141
7.580000000	4.999603259	240.000244845
7.600000000	4.999603259	240.000259399
7.620000000	4.999603259	240.000259399
7.640000000	4.999603259	240.000259399
7.660000000	4.999603259	240.000259399
7.680000000	4.999603259	240.000260075
7.700000000	4.999603259	240.000275331
7.720000000	4.999603259	240.000289917
7.740000000	4.999603259	240.000289917
7.760000000	4.999603259	240.000289917
7.780000000	4.999603259	240.000289917
7.800000000	4.999603259	240.000290621
7.820000000	4.999603259	240.000305881
7.840000000	4.999603259	240.000320435
7.860000000	4.999603259	240.000320435
7.880000000	4.999603259	240.000320435
7.900000000	4.999603259	240.000320435
7.920000000	4.999603259	240.000321143
7.940000000	4.999603259	240.000335693
7.960000000	4.999603259	240.000336370
7.980000000	4.999603259	240.000350952
8.000000000	4.999603259	240.000350952
8.020000000	4.999603259	240.000350952
8.040000000	4.999603259	240.000351678
8.060000000	4.999603259	240.000366211
8.080000000	4.999603259	240.000366895
8.100000000	4.999603259	240.000381470
8.120000000	4.999603259	240.000381470
8.140000000	4.999603259	240.000381470
8.160000000	4.999603259	240.000381470
8.180000000	4.999603259	240.000382153
8.200000000	4.999603259	240.000397442
8.220000000	4.999603259	240.000411987
8.240000000	4.999603259	240.000411987
8.260000000	4.999603259	240.000411987
8.280000000	4.999603259	240.000411987
8.300000000	4.999603259	240.000412674
8.320000000	4.999603259	240.000427933
8.340000000	4.999603259	240.000442505
8.360000000	4.999603259	240.000442505
8.380000000	4.999603259	240.000442505
8.400000000	4.999603259	240.000442505
8.420000000	4.999603259	240.000443223
8.440000000	4.999603259	240.000457764
8.460000000	4.999603259	240.000458484
8.480000000	4.999603259	240.000473022
8.500000000	4.999603259	240.000473022
8.520000000	4.999603259	240.000473022
8.540000000	4.999603259	240.000473783
8.560000000	4.999603259	240.000488281
8.580000000	4.999603259	240.000488845
8.600000000	4.999603259	240.000503540
8.620000000	4.999603259	240.000503540
8.640000000	4.999603259	240.000503540
8.660000000	4.999603259	240.000503540
8.680000000	4.999603259	240.000504260
8.700000000	4.999603259	240.000519521
8.720000000	4.999603259	240.000534058
8.740000000	4.999603259	240.000534058
8.760000000	4.999603259	240.000534058
8.780000000	4.999603259	240.000534058
8.800000000	4.999603259	240.000534797
8.820000000	4.999603259	240.000550008
8.840000000	4.999603259	240.000564575
8.860000000	4.999603259	240.000564575
8.880000000	4.999603259	240.000564575
8.900000000	4.999603259	240.000564575
8.920000000	4.999603259	240.000565315
8.940000000	4.999603259	240.000579834
8.960000000	4.999603259	240.000580561
8.980000000	4.999603259	240.000595093
9.000000000	4.999603259	240.000595093
9.020000000	4.999603259	240.000595093
9.040000000	4.999603259	240.000595827
9.060000000	4.999603259	240.000610352
9.080000000	4.999603259	240.000611106
9.100000000	4.999603259	240.000625610
9.120000000	4.999603259	240.000625610
9.140000000	4.999603259	240.000625610
9.160000000	4.999603259	240.000625610
9.180000000	4.999603259	240.000626307
9.200000000	4.999603259	240.000641600
9.220000000	4.999603259	240.000656128
9.240000000	4.999603259	240.000656128
9.260000000	4.999603259	240.000656128
9.280000000	4.999603259	240.000656128
9.300000000	4.999603259	240.000656879
9.320000000	4.999603259	240.000672117
9.340000000	4.999603259	240.000686646
9.360000000	4.999603259	240.000686646
9.380000000	4.999603259	240.000686646
9.400000000	4.999603259	240.000686646
9.420000000	4.999603259	240.000687376
9.440000000	4.999603259	240.000701904
9.460000000	4.999603259	240.000702656
9.480000000	4.999603259	240.000717163
9.500000000	4.999603259	240.000717163
9.520000000	4.999603259	240.000717163
9.540000000	4.999603259	240.000717919
9.560000000	4.999603259	240.000732422
9.580000000	4.999603259	240.000733139
9.600000000	4.999603259	240.000747681
9.620000000	4.999603259	240.000747681
9.640000000	4.999603259	240.000747681
9.660000000	4.999603259	240.000747681
9.680000000	4.999603259	239.725273253
9.700000000	4.999603259	234.573078060
9.720000000	4.999603259	240.000747681
9.740000000	4.999603259	240.000747681
9.760000000	4.999603259	240.000747681
9.780000000	4.999603259	240.000747681
9.800000000	4.999603259	239.725149181
9.820000000	4.999603259	234.552467089
9.840000000	4.999603259	240.000747681
9.860000000	4.999603259	240.000747681
9.880000000	4.999603259	240.000747681
9.900000000	4.999603259	240.000747681
9.920000000	4.999603259	240.000747681
9.940000000	4.999603259	240.000747681
9.960000000	4.999603259	240.000748414
9.980000000	4.999603259	240.000763647
10.000000000	4.999603259	240.000778198
10.020000000	4.999603259	240.000778198
10.040000000	4.999603259	240.000778198
10.060000000	4.999603259	240.000778198
10.080000000	4.999603259	240.000778936
10.100000000	4.999603259	240.000793457
10.120000000	4.999603259	240.000794165
10.140000000	4.999603259	240.000808716
10.160000000	4.999603259	240.000808716
10.180000000	4.999603259	240.000808716
10.200000000	4.999603259	240.000809458
10.220000000	4.999603259	240.000823975
10.240000000	4.999603259	240.000824721
10.260000000	4.999603259	240.000839233
10.280000000	4.999603259	240.000839233
10.300000000	4.999603259	240.000839233
10.320000000	4.999603259	240.000839948
10.340000000	4.999603259	240.000854492
10.360000000	4.999603259	240.000855362
10.380000000	4.999603259	240.000869751
10.400000000	4.999603259	240.000869751
10.420000000	4.999603259	240.000869751
10.440000000	4.999603259	240.000869751
10.460000000	4.999603259	239.720695249
10.480000000	4.999603259	234.575630191
10.500000000	4.999603259	240.000869751
10.520000000	4.999603259	240.000869751
10.540000000	4.999603259	240.000869751
10.560000000	4.999603259	240.000869751
10.580000000	4.999603259	240.000870498
10.600000000	4.999603259	240.000885010
10.620000000	4.999603259	240.000885760
10.640000000	4.999603259	240.000900269
10.660000000	4.999603259	240.000900269
10.680000000	4.999603259	240.000900269
10.700000000	4.999603259	240.000900269
10.720000000	4.999603259	240.000900269
10.740000000	4.999603259	240.000901014
10.760000000	4.999603259	240.000916278
10.780000000	4.999603259	240.000930786
10.800000000	4.999603259	240.000930786
10.820000000	4.999603259	240.000931510
10.840000000	4.999603259	240.000946045
10.860000000	4.999603259	240.000946822
10.880000000	4.999603259	240.000961304
10.900000000	4.999603259	240.000961304
10.920000000	4.999603259	240.000961304
10.940000000	4.999603259	240.000961304
10.960000000	4.999603259	240.000961304
10.980000000	4.999603259	240.000962023
11.000000000	4.999603259	240.000976562
11.020000000	4.999603259	240.000977290
11.040000000	4.999603259	240.000991821
11.060000000	4.999603259	240.000991821
11.080000000	4.999603259	240.000992580
11.100000000	4.999603259	240.001007080
11.120000000	4.999603259	240.001007810
11.140000000	4.999603259	240.001022339
11.160000000	4.999603259	240.001022339
11.180000000	4.999603259	240.001022339
11.200000000	4.999603259	240.001022339
11.220000000	4.999603259	240.001022339
11.240000000	4.999603259	240.001023071
11.260000000	4.999603259	240.001038350
11.280000000	4.999603259	240.001052856
11.300000000	4.999603259	240.001052856
11.320000000	4.999603259	240.001053534
11.340000000	4.999603259	240.001068115
11.360000000	4.999603259	240.001068840
11.380000000	4.999603259	240.001083374
11.400000000	4.999603259	240.001083374
11.420000000	4.999603259	240.001083374
11.440000000	4.999603259	240.001083374
11.460000000	4.999603259	240.001083374
11.480000000	4.999603259	240.001084138
11.500000000	4.999603259	240.001098633
11.520000000	4.999603259	240.001099368
11.540000000	4.999603259	240.001113892
11.560000000	4.999603259	240.001113892
11.580000000	4.999603259	239.716858213
11.600000000	4.999603259	234.286834717
11.620000000	4.999603259	234.621021154
11.640000000	4.999603259	240.001113892
11.660000000	4.999603259	240.001113892
11.680000000	4.999603259	240.001113892
11.700000000	4.999603259	240.001113892
11.720000000	4.999603259	240.001113892
11.740000000	4.999603259	240.001114630
11.760000000	4.999603259	240.001129913
11.780000000	4.999603259	240.001144409
11.800000000	4.999603259	240.001144409
11.820000000	4.999603259	240.001144409
11.840000000	4.999603259	240.001144409
11.860000000	4.999603259	240.001145195
11.880000000	4.999603259	240.001159668
11.900000000	4.999603259	240.001160431
11.920000000	4.999603259	240.001174927
11.940000000	4.999603259	240.001174927
11.960000000	4.999603259	240.001174927
11.980000000	4.999603259	240.286142158
12.000000000	9.999206519	245.715454102
12.020000000	9.999206519	247.418183407
12.040000000	9.999206519	281.574399193
12.060000000	9.999206519	314.286865234
12.080000000	9.999206519	315.898159237
12.100000000	9.999206519	348.572570801
12.120000000	9.999206519	350.185118833
12.140000000	9.999206519	384.487100700
12.160000000	9.999206519	417.143981934
12.180000000	9.999206519	418.878303119
12.200000000	9.999206519	453.148981394
12.220000000	9.999206519	485.715362549
12.240000000	9.999206519	487.156727305
12.260000000	9.999206519	514.286804199
12.280000000	9.999206519	514.286804199
12.300000000	9.999206519	514.286804199
12.320000000	9.999206519	514.286804199
12.340000000	9.999206519	514.286804199
12.360000000	9.999206519	514.286804199
12.380000000	9.999206519	514.286804199
12.400000000	9.999206519	514.286804199
12.420000000	9.999206519	514.286804199
12.440000000	9.999206519	514.286804199
12.460000000	9.999206519	514.286804199
12.480000000	9.999206519	513.996241084
12.500000000	9.999206519	508.572509766
12.520000000	9.999206519	508.870359467
12.540000000	9.999206519	514.286804199
12.560000000	9.999206519	514.286804199
12.580000000	9.999206519	514.286804199
12.600000000	9.999206519	514.286804199
12.620000000	9.999206519	513.988215548
12.640000000	9.999206519	508.863429459
12.660000000	9.999206519	514.286804199
12.680000000	9.999206519	514.286804199
12.700000000	9.999206519	514.286804199
12.720000000	9.999206519	514.286804199
12.740000000	9.999206519	514.286804199
12.760000000	9.999206519	514.286804199
12.780000000	9.999206519	514.286804199
12.800000000	9.999206519	514.286804199
12.820000000	9.999206519	514.286804199
12.840000000	9.999206519	514.286804199
12.860000000	9.999206519	514.286804199
12.880000000	9.999206519	514.286804199
12.900000000	9.999206519	514.286804199
12.920000000	9.999206519	514.286804199
12.940000000	9.999206519	514.286804199
12.960000000	9.999206519	514.286804199
12.980000000	9.999206519	514.286804199
13.000000000	9.999206519	514.286804199
13.020000000	9.999206519	514.286804199
13.040000000	9.999206519	514.286804199
13.060000000	9.999206519	514.286804199
13.080000000	9.999206519	514.286804199
13.100000000	9.999206519	514.286804199
13.120000000	9.999206519	514.286804199
13.140000000	9.999206519	513.983283440
13.160000000	9.999206519	508.572509766
13.180000000	9.999206519	508.874676769
13.200000000	9.999206519	514.286804199
13.220000000	9.999206519	514.286804199
13.240000000	9.999206519	514.286804199
13.260000000	9.999206519	513.986595070
13.280000000	9.999206519	508.572509766
13.300000000	9.999206519	508.876550221
13.320000000	9.999206519	514.286804199
13.340000000	9.999206519	514.286804199
13.360000000	9.999206519	514.286804199
13.380000000	9.999206519	514.286804199
13.400000000	9.999206519	514.286804199
13.420000000	9.999206519	514.286804199
13.440000000	9.999206519	514.286804199
13.460000000	9.999206519	514.286804199
13.480000000	9.999206519	514.286804199
13.500000000	9.999206519	514.286804199
13.520000000	9.999206519	514.286804199
13.540000000	9.999206519	514.286804199
13.560000000	9.999206519	514.286804199
13.580000000	9.999206519	514.286804199
13.600000000	9.999206519	514.286804199
13.620000000	9.999206519	514.286804199
13.640000000	9.999206519	514.286804199
13.660000000	9.999206519	514.286804199
13.680000000	9.999206519	514.286804199
13.700000000	9.999206519	514.286804199
13.720000000	9.999206519	514.286804199
13.740000000	9.999206519	514.286804199
13.760000000	9.999206519	514.286804199
13.780000000	9.999206519	514.286804199
13.800000000	9.999206519	514.286804199
13.820000000	9.999206519	514.286804199
13.840000000	9.999206519	514.286804199
13.860000000	9.999206519	514.286804199
13.880000000	9.999206519	514.286804199
13.900000000	9.999206519	514.286804199
13.920000000	9.999206519	514.286804199
13.940000000	9.999206519	514.286804199
13.960000000	9.999206519	514.286804199
13.980000000	9.999206519	514.286804199
14.000000000	9.999206519	514.286804199
14.020000000	9.999206519	514.286804199
14.040000000	9.999206519	513.978809573
14.060000000	9.999206519	508.572509766
14.080000000	9.999206519	508.868635972
14.100000000	9.999206519	514.286804199
14.120000000	9.999206519	514.286804199
14.140000000	9.999206519	514.286804199
14.160000000	9.999206519	514.286804199
14.180000000	9.999206519	514.286804199
14.200000000	9.999206519	514.286804199
14.220000000	9.999206519	514.286804199
14.240000000	9.999206519	514.286804199
14.260000000	9.999206519	514.286804199
14.280000000	9.999206519	514.286804199
14.300000000	9.999206519	514.594654419
14.320000000	9.999206519	519.692649124
14.340000000	9.999206519	514.286804199
14.360000000	9.999206519	514.286804199
14.380000000	9.999206519	514.286804199
14.400000000	9.999206519	514.286804199
14.420000000	9.999206519	514.286804199
14.440000000	9.999206519	514.286804199
14.460000000	9.999206519	514.286804199
14.480000000	9.999206519	514.286804199
14.500000000	9.999206519	514.286804199
14.520000000	9.999206519	514.286804199
14.540000000	9.999206519	514.286804199
14.560000000	9.999206519	514.286804199
14.580000000	9.999206519	514.286804199
14.600000000	9.999206519	514.286804199
14.620000000	9.999206519	514.286804199
14.640000000	9.999206519	514.286804199
14.660000000	9.999206519	514.286804199
14.680000000	9.999206519	514.286804199
14.700000000	9.999206519	514.286804199
14.720000000	9.999206519	514.286804199
14.740000000	9.999206519	514.286804199
14.760000000	9.999206519	514.286804199
14.780000000	9.999206519	514.286804199
14.800000000	9.999206519	514.286804199
14.820000000	9.999206519	514.286804199
14.840000000	9.999206519	514.286804199
14.860000000	9.999206519	514.286804199
14.880000000	9.999206519	514.286804199
14.900000000	9.999206519	514.286804199
14.920000000	9.999206519	514.286804199
14.940000000	9.999206519	514.286804199
14.960000000	9.999206519	514.286804199
14.980000000	9.999206519	514.286804199
15.000000000	9.999206519	514.286804199
15.020000000	9.999206519	514.286804199
15.040000000	9.999206519	514.286804199
15.060000000	9.999206519	514.286804199
15.080000000	9.999206519	514.286804199
15.100000000	9.999206519	514.286804199
15.120000000	9.999206519	514.286804199
15.140000000	9.999206519	514.286804199
15.160000000	9.999206519	514.286804199
15.180000000	9.999206519	514.286804199
15.200000000	9.999206519	514.286804199
15.220000000	9.999206519	514.286804199
15.240000000	9.999206519	514.286804199
15.260000000	9.999206519	514.286804199
15.280000000	9.999206519	514.286804199
15.300000000	9.999206519	514.286804199
15.320000000	9.999206519	514.286804199
15.340000000	9.999206519	514.286804199
15.360000000	9.999206519	514.286804199
15.380000000	9.999206519	514.286804199
15.400000000	9.999206519	514.286804199
15.420000000	9.999206519	514.286804199
15.440000000	9.999206519	514.286804199
15.460000000	9.999206519	514.286804199
15.480000000	9.999206519	514.286804199
15.500000000	9.999206519	514.286804199
15.520000000	9.999206519	514.286804199
15.540000000	9.999206519	514.286804199
15.560000000	9.999206519	514.286804199
15.580000000	9.999206519	514.286804199
15.600000000	9.999206519	514.286804199
15.620000000	9.999206519	514.286804199
15.640000000	9.999206519	514.286804199
15.660000000	9.999206519	514.286804199
15.680000000	9.999206519	514.286804199
15.700000000	9.999206519	514.286804199
15.720000000	9.999206519	514.286804199
15.740000000	9.999206519	514.286804199
15.760000000	9.999206519	514.286804199
15.780000000	9.999206519	514.286804199
15.800000000	9.999206519	514.286804199
15.820000000	9.999206519	514.286804199
15.840000000	9.999206519	514.286804199
15.860000000	9.999206519	514.286804199
15.880000000	9.999206519	514.286804199
15.900000000	9.999206519	514.286804199
15.920000000	9.999206519	514.286804199
15.940000000	9.999206519	514.286804199
15.960000000	9.999206519	514.286804199
15.980000000	9.999206519	514.286804199
16.000000000	9.999206519	514.286804199
16.020000000	9.999206519	514.286804199
16.040000000	9.999206519	514.286804199
16.060000000	9.999206519	514.286804199
16.080000000	9.999206519	514.286804199
16.100000000	9.999206519	514.286804199
16.120000000	9.999206519	514.286804199
16.140000000	9.999206519	514.286804199
16.160000000	9.999206519	514.286804199
16.180000000	9.999206519	514.286804199
16.200000000	9.999206519	514.286804199
16.220000000	9.999206519	514.286804199
16.240000000	9.999206519	514.286804199
16.260000000	9.999206519	514.596843443
16.280000000	9.999206519	520.001098633
16.300000000	9.999206519	519.689558892
16.320000000	9.999206519	514.286804199
16.340000000	9.999206519	514.286804199
16.360000000	9.999206519	514.286804199
16.380000000	9.999206519	514.286804199
16.400000000	9.999206519	514.599508029
16.420000000	9.999206519	519.688113722
16.440000000	9.999206519	514.286804199
16.460000000	9.999206519	514.286804199
16.480000000	9.999206519	514.286804199
16.500000000	9.999206519	514.286804199
16.520000000	9.999206519	514.286804199
16.540000000	9.999206519	514.286804199
16.560000000	9.999206519	514.286804199
16.580000000	9.999206519	514.286804199
16.600000000	9.999206519	514.286804199
16.620000000	9.999206519	514.286804199
16.640000000	9.999206519	514.286804199
16.660000000	9.999206519	514.286804199
16.680000000	9.999206519	514.286804199
16.700000000	9.999206519	514.286804199
16.720000000	9.999206519	514.286804199
16.740000000	9.999206519	514.286804199
16.760000000	9.999206519	514.286804199
16.780000000	9.999206519	514.286804199
16.800000000	9.999206519	514.286804199
16.820000000	9.999206519	514.286804199
16.840000000	9.999206519	514.286804199
16.860000000	9.999206519	514.286804199
16.880000000	9.999206519	514.286804199
16.900000000	9.999206519	514.286804199
16.920000000	9.999206519	514.286804199
16.940000000	9.999206519	514.286804199
16.960000000	9.999206519	514.286804199
16.980000000	9.999206519	514.286804199
17.000000000	9.999206519	514.286804199
17.020000000	9.999206519	514.286804199
17.040000000	9.999206519	514.286804199
17.060000000	9.999206519	514.286804199
17.080000000	9.999206519	514.286804199
17.100000000	9.999206519	514.286804199
17.120000000	9.999206519	514.286804199
17.140000000	9.999206519	514.286804199
17.160000000	9.999206519	514.286804199
17.180000000	9.999206519	514.286804199
17.200000000	9.999206519	514.286804199
17.220000000	9.999206519	514.286804199
17.240000000	9.999206519	514.286804199
17.260000000	9.999206519	514.286804199
17.280000000	9.999206519	514.286804199
17.300000000	9.999206519	514.286804199
17.320000000	9.999206519	514.286804199
17.340000000	9.999206519	514.286804199
17.360000000	9.999206519	514.286804199
17.380000000	9.999206519	514.286804199
17.400000000	9.999206519	514.286804199
17.420000000	9.999206519	514.286804199
17.440000000	9.999206519	514.286804199
17.460000000	9.999206519	514.286804199
17.480000000	9.999206519	514.286804199
17.500000000	9.999206519	514.286804199
17.520000000	9.999206519	514.286804199
17.540000000	9.999206519	514.286804199
17.560000000	9.999206519	514.286804199
17.580000000	9.999206519	514.286804199
17.600000000	9.999206519	514.286804199
17.620000000	9.999206519	514.604034434
17.640000000	9.999206519	519.683393645
17.660000000	9.999206519	514.286804199
17.680000000	9.999206519	514.286804199
17.700000000	9.999206519	514.286804199
17.720000000	9.999206519	514.286804199
17.740000000	9.999206519	514.594804191
17.760000000	9.999206519	519.683603227
17.780000000	9.999206519	514.286804199
17.800000000	9.999206519	514.286804199
17.820000000	9.999206519	514.286804199
17.840000000	9.999206519	514.286804199
17.860000000	9.999206519	514.286804199
17.880000000	9.999206519	514.286804199
17.900000000	9.999206519	514.286804199
17.920000000	9.999206519	514.286804199
17.940000000	9.999206519	514.286804199
17.960000000	9.999206519	514.604943280
17.980000000	9.999206519	520.001098633
18.000000000	14.998809778	520.001098633
18.020000000	14.998809778	521.896186425
18.040000000	14.998809778	556.257836006
18.060000000	14.998809778	588.572631836
18.080000000	14.998809778	590.796743969
18.100000000	14.998809778	628.572692871
18.120000000	14.998809778	630.182044811
18.140000000	14.998809778	659.108687944
18.160000000	14.998809778	691.429931641
18.180000000	14.998809778	693.367308220
18.200000000	14.998809778	727.380351753
18.220000000	14.998809778	754.287170410
18.240000000	14.998809778	756.226090682
18.260000000	14.998809778	788.572875977
18.280000000	14.998809778	788.572875977
18.300000000	14.998809778	788.572875977
18.320000000	14.998809778	788.572875977
18.340000000	14.998809778	788.572875977
18.360000000	14.998809778	788.572875977
18.380000000	14.998809778	788.572875977
18.400000000	14.998809778	788.572875977
18.420000000	14.998809778	788.906650771
18.440000000	14.998809778	794.287170410
18.460000000	14.998809778	794.287170410
18.480000000	14.998809778	793.953035412
18.500000000	14.998809778	788.572875977
18.520000000	14.998809778	788.904753482
18.540000000	14.998809778	794.287170410
18.560000000	14.998809778	794.287170410
18.580000000	14.998809778	793.962996974
18.600000000	14.998809778	788.572875977
18.620000000	14.998809778	788.572875977
18.640000000	14.998809778	788.896777468
18.660000000	14.998809778	794.287170410
18.680000000	14.998809778	793.962744102
18.700000000	14.998809778	788.572875977
18.720000000	14.998809778	788.572875977
18.740000000	14.998809778	788.572875977
18.760000000	14.998809778	788.572875977
18.780000000	14.998809778	788.572875977
18.800000000	14.998809778	788.572875977
18.820000000	14.998809778	788.572875977
18.840000000	14.998809778	788.572875977
18.860000000	14.998809778	788.893268354
18.880000000	14.998809778	794.287170410
18.900000000	14.998809778	793.950532301
18.920000000	14.998809778	788.572875977
18.940000000	14.998809778	788.572875977
18.960000000	14.998809778	788.572875977
18.980000000	14.998809778	788.909602449
19.000000000	14.998809778	794.287170410
19.020000000	14.998809778	793.961229169
19.040000000	14.998809778	788.572875977
19.060000000	14.998809778	788.572875977
19.080000000	14.998809778	788.572875977
19.100000000	14.998809778	788.572875977
19.120000000	14.998809778	788.572875977
19.140000000	14.998809778	788.572875977
19.160000000	14.998809778	788.572875977
19.180000000	14.998809778	788.572875977
19.200000000	14.998809778	788.891350038
19.220000000	14.998809778	794.287170410
19.240000000	14.998809778	793.960961719
19.260000000	14.998809778	788.572875977
19.280000000	14.998809778	788.572875977
19.300000000	14.998809778	788.572875977
19.320000000	14.998809778	788.900095037
19.340000000	14.998809778	794.287170410
19.360000000	14.998809778	793.959225296
19.380000000	14.998809778	788.572875977
19.400000000	14.998809778	788.572875977
19.420000000	14.998809778	788.899892965
19.440000000	14.998809778	794.287170410
19.460000000	14.998809778	793.959028538
19.480000000	14.998809778	788.572875977
19.500000000	14.998809778	788.572875977
19.520000000	14.998809778	788.572875977
19.540000000	14.998809778	788.910807023
19.560000000	14.998809778	794.287170410
19.580000000	14.998809778	793.947620945
19.600000000	14.998809778	788.572875977
19.620000000	14.998809778	788.572875977
19.640000000	14.998809778	788.572875977
19.660000000	14.998809778	788.572875977
19.680000000	14.998809778	788.572875977
19.700000000	14.998809778	788.572875977
19.720000000	14.998809778	788.572875977
19.740000000	14.998809778	788.572875977
19.760000000	14.998809778	788.572875977
19.780000000	14.998809778	788.572875977
19.800000000	14.998809778	788.572875977
19.820000000	14.998809778	788.572875977
19.840000000	14.998809778	788.572875977
19.860000000	14.998809778	788.572875977
19.880000000	14.998809778	788.572875977
19.900000000	14.998809778	788.914643131
19.920000000	14.998809778	793.948999117
19.940000000	14.998809778	788.572875977
19.960000000	14.998809778	788.572875977
19.980000000	14.998809778	788.912939825
20.000000000	14.998809778	794.287170410
20.020000000	14.998809778	794.287170410
20.040000000	14.998809778	793.946326508
20.060000000	14.998809778	788.572875977
20.080000000	14.998809778	788.572875977
20.100000000	14.998809778	788.572875977
20.120000000	14.998809778	788.913499781
20.140000000	14.998809778	793.958142464
20.160000000	14.998809778	788.572875977
20.180000000	14.998809778	788.572875977
20.200000000	14.998809778	788.572875977
20.220000000	14.998809778	788.572875977
20.240000000	14.998809778	788.572875977
20.260000000	14.998809778	788.572875977
20.280000000	14.998809778	788.572875977
20.300000000	14.998809778	788.572875977
20.320000000	14.998809778	788.572875977
20.340000000	14.998809778	788.572875977
20.360000000	14.998809778	788.572875977
20.380000000	14.998809778	788.572875977
20.400000000	14.998809778	788.572875977
20.420000000	14.998809778	788.572875977
20.440000000	14.998809778	788.572875977
20.460000000	14.998809778	788.895723946
20.480000000	14.998809778	793.969135879
20.500000000	14.998809778	788.572875977
20.520000000	14.998809778	788.572875977
20.540000000	14.998809778	788.572875977
20.560000000	14.998809778	788.572875977
20.580000000	14.998809778	788.952229316
20.600000000	14.998809778	794.287170410
20.620000000	14.998809778	793.955356468
20.640000000	14.998809778	788.572875977
20.660000000	14.998809778	788.572875977
20.680000000	14.998809778	788.903066158
20.700000000	14.998809778	793.945376914
20.720000000	14.998809778	788.572875977
20.740000000	14.998809778	788.572875977
20.760000000	14.998809778	788.572875977
20.780000000	14.998809778	788.572875977
20.800000000	14.998809778	788.914119001
20.820000000	14.998809778	793.954066529
20.840000000	14.998809778	788.572875977
20.860000000	14.998809778	788.572875977
20.880000000	14.998809778	788.572875977
20.900000000	14.998809778	788.572875977
20.920000000	14.998809778	788.572875977
20.940000000	14.998809778	788.572875977
20.960000000	14.998809778	788.572875977
20.980000000	14.998809778	788.572875977
21.000000000	14.998809778	788.572875977
21.020000000	14.998809778	788.906193999
21.040000000	14.998809778	793.941315385
21.060000000	14.998809778	788.572875977
21.080000000	14.998809778	788.572875977
21.100000000	14.998809778	788.572875977
21.120000000	14.998809778	788.572875977
21.140000000	14.998809778	788.908845825
21.160000000	14.998809778	794.287170410
21.180000000	14.998809778	793.950007076
21.200000000	14.998809778	788.572875977
21.220000000	14.998809778	788.572875977
21.240000000	14.998809778	788.902367151
21.260000000	14.998809778	793.948168238
21.280000000	14.998809778	788.572875977
21.300000000	14.998809778	788.572875977
21.320000000	14.998809778	788.572875977
21.340000000	14.998809778	788.572875977
21.360000000	14.998809778	788.921864956
21.380000000	14.998809778	794.287170410
21.400000000	14.998809778	793.937977002
21.420000000	14.998809778	788.572875977
21.440000000	14.998809778	788.572875977
21.460000000	14.998809778	788.572875977
21.480000000	14.998809778	788.572875977
21.500000000	14.998809778	788.572875977
21.520000000	14.998809778	788.572875977
21.540000000	14.998809778	788.572875977
21.560000000	14.998809778	788.572875977
21.580000000	14.998809778	788.921638992
21.600000000	14.998809778	794.287170410
21.620000000	14.998809778	793.948048859
21.640000000	14.998809778	788.572875977
21.660000000	14.998809778	788.572875977
21.680000000	14.998809778	788.572875977
21.700000000	14.998809778	788.922557654
21.720000000	14.998809778	794.287170410
21.740000000	14.998809778	793.947110724
21.760000000	14.998809778	788.572875977
21.780000000	14.998809778	788.572875977
21.800000000	14.998809778	788.572875977
21.820000000	14.998809778	788.572875977
21.840000000	14.998809778	788.572875977
21.860000000	14.998809778	788.572875977
21.880000000	14.998809778	788.572875977
21.900000000	14.998809778	788.572875977
21.920000000	14.998809778	788.922436304
21.940000000	14.998809778	794.287170410
21.960000000	14.998809778	793.948755954
21.980000000	14.998809778	788.572875977
22.000000000	14.998809778	788.572875977
22.020000000	14.998809778	788.572875977
22.040000000	14.998809778	788.924973036
22.060000000	14.998809778	794.287170410
22.080000000	14.998809778	793.946953893
22.100000000	14.998809778	788.572875977
22.120000000	14.998809778	788.572875977
22.140000000	14.998809778	788.922126105
22.160000000	14.998809778	794.287170410
22.180000000	14.998809778	793.944658068
22.200000000	14.998809778	788.572875977
22.220000000	14.998809778	788.572875977
22.240000000	14.998809778	788.572875977
22.260000000	14.998809778	788.916031854
22.280000000	14.998809778	794.287170410
22.300000000	14.998809778	793.945501093
22.320000000	14.998809778	788.572875977
22.340000000	14.998809778	788.572875977
22.360000000	14.998809778	788.572875977
22.380000000	14.998809778	788.572875977
22.400000000	14.998809778	788.572875977
22.420000000	14.998809778	788.572875977
22.440000000	14.998809778	788.572875977
22.460000000	14.998809778	788.572875977
22.480000000	14.998809778	788.907328301
22.500000000	14.998809778	794.287170410
22.520000000	14.998809778	793.941604135
22.540000000	14.998809778	788.572875977
22.560000000	14.998809778	788.572875977
22.580000000	14.998809778	788.572875977
22.600000000	14.998809778	788.572875977
22.620000000	14.998809778	788.927902539
22.640000000	14.998809778	793.938012331
22.660000000	14.998809778	788.572875977
22.680000000	14.998809778	788.572875977
22.700000000	14.998809778	788.572875977
22.720000000	14.998809778	788.572875977
22.740000000	14.998809778	788.572875977
22.760000000	14.998809778	788.572875977
22.780000000	14.998809778	788.572875977
22.800000000	14.998809778	788.572875977
22.820000000	14.998809778	788.918587451
22.840000000	14.998809778	794.287170410
22.860000000	14.998809778	793.930498086
22.880000000	14.998809778	788.572875977
22.900000000	14.998809778	788.572875977
22.920000000	14.998809778	788.929319069
22.940000000	14.998809778	794.287170410
22.960000000	14.998809778	794.287170410
22.980000000	14.998809778	793.930998371
23.000000000	14.998809778	788.572875977
23.020000000	14.998809778	788.572875977
23.040000000	14.998809778	788.918469148
23.060000000	14.998809778	794.287170410
23.080000000	14.998809778	793.939786436
23.100000000	14.998809778	788.572875977
23.120000000	14.998809778	788.572875977
23.140000000	14.998809778	788.572875977
23.160000000	14.998809778	788.572875977
23.180000000	14.998809778	788.572875977
23.200000000	14.998809778	788.572875977
23.220000000	14.998809778	788.572875977
23.240000000	14.998809778	788.572875977
23.260000000	14.998809778	788.925176223
23.280000000	14.998809778	794.287170410
23.300000000	14.998809778	793.937626838
23.320000000	14.998809778	788.572875977
23.340000000	14.998809778	788.572875977
23.360000000	14.998809778	788.921032077
23.380000000	14.998809778	794.287170410
23.400000000	14.998809778	794.287170410
23.420000000	14.998809778	793.952387239
23.440000000	14.998809778	788.572875977
23.460000000	14.998809778	788.859002740
23.480000000	14.998809778	794.287170410
23.500000000	14.998809778	794.287170410
23.520000000	14.998809778	793.925442755
23.540000000	14.998809778	788.572875977
23.560000000	14.998809778	788.572875977
23.580000000	14.998809778	788.933632628
23.600000000	14.998809778	794.287170410
23.620000000	14.998809778	793.926556500
23.640000000	14.998809778	788.572875977
23.660000000	14.998809778	788.572875977
23.680000000	14.998809778	788.572875977
23.700000000	14.998809778	788.572875977
23.720000000	14.998809778	788.572875977
23.740000000	14.998809778	788.572875977
23.760000000	14.998809778	788.921786277
23.780000000	14.998809778	794.287170410
23.800000000	14.998809778	794.287170410
23.820000000	14.998809778	793.934616833
23.840000000	14.998809778	788.572875977
23.860000000	14.998809778	788.572875977
23.880000000	14.998809778	788.572875977
23.900000000	14.998809778	788.936264450
23.920000000	14.998809778	794.287170410
23.940000000	14.998809778	794.287170410
23.960000000	14.998809778	793.946058598
23.980000000	14.998809778	789.273776774
24.000000000	19.998413038	800.001403809
24.020000000	19.998413038	801.721538296
24.040000000	19.998413038	830.679285268
24.060000000	19.998413038	862.858581543
24.080000000	19.998413038	865.038462475
24.100000000	19.998413038	897.144287109
24.120000000	19.998413038	899.689967425
24.140000000	19.998413038	939.139404805
24.160000000	19.998413038	965.715576172
24.180000000	19.998413038	967.879803432
24.200000000	19.998413038	1002.471140849
24.220000000	19.998413038	1040.001342773
24.240000000	19.998413038	1041.432032787
24.260000000	19.998413038	1062.858520508
24.280000000	19.998413038	1062.858520508
24.300000000	19.998413038	1063.201477085
24.320000000	19.998413038	1068.572753906
24.340000000	19.998413038	1068.572753906
24.360000000	19.998413038	1068.209052052
24.380000000	19.998413038	1062.858520508
24.400000000	19.998413038	1063.225621501
24.420000000	19.998413038	1068.572753906
24.440000000	19.998413038	1068.572753906
24.460000000	19.998413038	1068.218837547
24.480000000	19.998413038	1063.210675486
24.500000000	19.998413038	1068.572753906
24.520000000	19.998413038	1068.572753906
24.540000000	19.998413038	1068.208174592
24.560000000	19.998413038	1062.858520508
24.580000000	19.998413038	1063.221999590
24.600000000	19.998413038	1068.572753906
24.620000000	19.998413038	1068.572753906
24.640000000	19.998413038	1068.215213165
24.660000000	19.998413038	1062.858520508
24.680000000	19.998413038	1063.215373346
24.700000000	19.998413038	1068.572753906
24.720000000	19.998413038	1068.572753906
24.740000000	19.998413038	1068.205334751
24.760000000	19.998413038	1063.219920310
24.780000000	19.998413038	1068.572753906
24.800000000	19.998413038	1068.572753906
24.820000000	19.998413038	1068.215415186
24.840000000	19.998413038	1062.858520508
24.860000000	19.998413038	1063.223419062
24.880000000	19.998413038	1068.572753906
24.900000000	19.998413038	1068.572753906
24.920000000	19.998413038	1068.202329605
24.940000000	19.998413038	1062.858520508
24.960000000	19.998413038	1063.218025899
24.980000000	19.998413038	1068.572753906
25.000000000	19.998413038	1068.572753906
25.020000000	19.998413038	1068.204619893
25.040000000	19.998413038	1063.214104614
25.060000000	19.998413038	1068.572753906
25.080000000	19.998413038	1068.572753906
25.100000000	19.998413038	1068.572753906
25.120000000	19.998413038	1068.213768069
25.140000000	19.998413038	1063.226193407
25.160000000	19.998413038	1068.572753906
25.180000000	19.998413038	1068.572753906
25.200000000	19.998413038	1068.221738467
25.220000000	19.998413038	1062.858520508
25.240000000	19.998413038	1063.219294546
25.260000000	19.998413038	1068.572753906
25.280000000	19.998413038	1068.572753906
25.300000000	19.998413038	1068.213252872
25.320000000	19.998413038	1063.229347084
25.340000000	19.998413038	1068.572753906
25.360000000	19.998413038	1068.572753906
25.380000000	19.998413038	1068.572753906
25.400000000	19.998413038	1068.223253382
25.420000000	19.998413038	1063.218241914
25.440000000	19.998413038	1068.572753906
25.460000000	19.998413038	1068.572753906
25.480000000	19.998413038	1068.202518535
25.500000000	19.998413038	1062.858520508
25.520000000	19.998413038	1063.231657485
25.540000000	19.998413038	1068.572753906
25.560000000	19.998413038	1068.572753906
25.580000000	19.998413038	1068.200305053
25.600000000	19.998413038	1062.858520508
25.620000000	19.998413038	1063.230541627
25.640000000	19.998413038	1068.572753906
25.660000000	19.998413038	1068.572753906
25.680000000	19.998413038	1068.204943220
25.700000000	19.998413038	1063.231982292
25.720000000	19.998413038	1068.572753906
25.740000000	19.998413038	1068.572753906
25.760000000	19.998413038	1068.220804848
25.780000000	19.998413038	1062.858520508
25.800000000	19.998413038	1063.222551788
25.820000000	19.998413038	1068.572753906
25.840000000	19.998413038	1068.572753906
25.860000000	19.998413038	1068.572753906
25.880000000	19.998413038	1068.572753906
25.900000000	19.998413038	1068.572753906
25.920000000	19.998413038	1068.572753906
25.940000000	19.998413038	1068.572753906
25.960000000	19.998413038	1068.572753906
25.980000000	19.998413038	1068.572753906
26.000000000	19.998413038	1068.572753906
26.020000000	19.998413038	1068.572753906
26.040000000	19.998413038	1068.572753906
26.060000000	19.998413038	1068.572753906
26.080000000	19.998413038	1068.572753906
26.100000000	19.998413038	1068.572753906
26.120000000	19.998413038	1068.208318020
26.140000000	19.998413038	1063.221695170
26.160000000	19.998413038	1068.572753906
26.180000000	19.998413038	1068.572753906
26.200000000	19.998413038	1068.209272462
26.220000000	19.998413038	1062.858520508
26.240000000	19.998413038	1063.233690909
26.260000000	19.998413038	1068.572753906
26.280000000	19.998413038	1068.572753906
26.300000000	19.998413038	1068.206022101
26.320000000	19.998413038	1063.214688516
26.340000000	19.998413038	1068.572753906
26.360000000	19.998413038	1068.572753906
26.380000000	19.998413038	1068.572753906
26.400000000	19.998413038	1068.225976671
26.420000000	19.998413038	1063.194296170
26.440000000	19.998413038	1068.572753906
26.460000000	19.998413038	1068.572753906
26.480000000	19.998413038	1068.196592440
26.500000000	19.998413038	1062.858520508
26.520000000	19.998413038	1063.235214143
26.540000000	19.998413038	1068.572753906
26.560000000	19.998413038	1068.572753906
26.580000000	19.998413038	1068.206714834
26.600000000	19.998413038	1062.858520508
26.620000000	19.998413038	1063.222685287
26.640000000	19.998413038	1068.572753906
26.660000000	19.998413038	1068.572753906
26.680000000	19.998413038	1068.205897086
26.700000000	19.998413038	1063.222183767
26.720000000	19.998413038	1068.572753906
26.740000000	19.998413038	1068.572753906
26.760000000	19.998413038	1068.194312043
26.780000000	19.998413038	1062.858520508
26.800000000	19.998413038	1062.858520508
26.820000000	19.998413038	1063.237872520
26.840000000	19.998413038	1068.572753906
26.860000000	19.998413038	1068.208092021
26.880000000	19.998413038	1062.858520508
26.900000000	19.998413038	1062.858520508
26.920000000	19.998413038	1063.228473837
26.940000000	19.998413038	1068.572753906
26.960000000	19.998413038	1068.190984167
26.980000000	19.998413038	1063.237654303
27.000000000	19.998413038	1068.572753906
27.020000000	19.998413038	1068.572753906
27.040000000	19.998413038	1068.572753906
27.060000000	19.998413038	1068.572753906
27.080000000	19.998413038	1068.160674909
27.100000000	19.998413038	1062.858520508
27.120000000	19.998413038	1063.230697875
27.140000000	19.998413038	1068.572753906
27.160000000	19.998413038	1068.572753906
27.180000000	19.998413038	1068.572753906
27.200000000	19.998413038	1068.572753906
27.220000000	19.998413038	1068.572753906
27.240000000	19.998413038	1068.200298729
27.260000000	19.998413038	1063.236764697
27.280000000	19.998413038	1068.572753906
27.300000000	19.998413038	1068.572753906
27.320000000	19.998413038	1068.572753906
27.340000000	19.998413038	1068.572753906
27.360000000	19.998413038	1068.152308983
27.380000000	19.998413038	1062.858520508
27.400000000	19.998413038	1063.243729461
27.420000000	19.998413038	1068.188375765
27.440000000	19.998413038	1062.858520508
27.460000000	19.998413038	1062.858520508
27.480000000	19.998413038	1063.277608874
27.500000000	19.998413038	1068.572753906
27.520000000	19.998413038	1068.198858561
27.540000000	19.998413038	1062.858520508
27.560000000	19.998413038	1062.858520508
27.580000000	19.998413038	1063.231126260
27.600000000	19.998413038	1068.572753906
27.620000000	19.998413038	1068.572753906
27.640000000	19.998413038	1068.198397896
27.660000000	19.998413038	1062.858520508
27.680000000	19.998413038	1063.243768240
27.700000000	19.998413038	1068.572753906
27.720000000	19.998413038	1068.572753906
27.740000000	19.998413038	1068.188214643
27.760000000	19.998413038	1063.243238825
27.780000000	19.998413038	1068.572753906
27.800000000	19.998413038	1068.572753906
27.820000000	19.998413038	1068.193433124
27.840000000	19.998413038	1062.858520508
27.860000000	19.998413038	1062.858520508
27.880000000	19.998413038	1062.858520508
27.900000000	19.998413038	1063.244822870
27.920000000	19.998413038	1068.188693228
27.940000000	19.998413038	1062.858520508
27.960000000	19.998413038	1062.858520508
27.980000000	19.998413038	1063.243437146
28.000000000	19.998413038	1068.572753906
28.020000000	19.998413038	1068.196935687
28.040000000	19.998413038	1062.858520508
28.060000000	19.998413038	1062.858520508
28.080000000	19.998413038	1063.234113569
28.100000000	19.998413038	1068.572753906
28.120000000	19.998413038	1068.572753906
28.140000000	19.998413038	1068.195702286
28.160000000	19.998413038	1062.858520508
28.180000000	19.998413038	1062.858520508
28.200000000	19.998413038	1063.234306861
28.220000000	19.998413038	1068.572753906
28.240000000	19.998413038	1068.204577549
28.260000000	19.998413038	1062.858520508
28.280000000	19.998413038	1062.858520508
28.300000000	19.998413038	1063.250042068
28.320000000	19.998413038	1068.148512644
28.340000000	19.998413038	1062.858520508
28.360000000	19.998413038	1062.858520508
28.380000000	19.998413038	1062.858520508
28.400000000	19.998413038	1063.222898409
28.420000000	19.998413038	1068.572753906
28.440000000	19.998413038	1068.572753906
28.460000000	19.998413038	1068.196280512
28.480000000	19.998413038	1063.235813357
28.500000000	19.998413038	1068.572753906
28.520000000	19.998413038	1068.572753906
28.540000000	19.998413038	1068.184021651
28.560000000	19.998413038	1062.858520508
28.580000000	19.998413038	1062.858520508
28.600000000	19.998413038	1062.858520508
28.620000000	19.998413038	1063.224244559
28.640000000	19.998413038	1068.192052507
28.660000000	19.998413038	1062.858520508
28.680000000	19.998413038	1062.858520508
28.700000000	19.998413038	1062.858520508
28.720000000	19.998413038	1062.858520508
28.740000000	19.998413038	1062.858520508
28.760000000	19.998413038	1062.858520508
28.780000000	19.998413038	1062.858520508
28.800000000	19.998413038	1062.858520508
28.820000000	19.998413038	1063.227473978
28.840000000	19.998413038	1068.572753906
28.860000000	19.998413038	1068.206888103
28.880000000	19.998413038	1062.858520508
28.900000000	19.998413038	1062.858520508
28.920000000	19.998413038	1063.238494612
28.940000000	19.998413038	1068.572753906
28.960000000	19.998413038	1068.572753906
28.980000000	19.998413038	1068.180563394
29.000000000	19.998413038	1062.858520508
29.020000000	19.998413038	1063.286015596
29.040000000	19.998413038	1068.572753906
29.060000000	19.998413038	1068.572753906
29.080000000	19.998413038	1068.204239345
29.100000000	19.998413038	1062.858520508
29.120000000	19.998413038	1063.221391540
29.140000000	19.998413038	1068.572753906
29.160000000	19.998413038	1068.572753906
29.180000000	19.998413038	1068.186400741
29.200000000	19.998413038	1063.249305963
29.220000000	19.998413038	1068.572753906
29.240000000	19.998413038	1068.572753906
29.260000000	19.998413038	1068.199286057
29.280000000	19.998413038	1062.858520508
29.300000000	19.998413038	1063.249777254
29.320000000	19.998413038	1068.572753906
29.340000000	19.998413038	1068.572753906
29.360000000	19.998413038	1068.178180509
29.380000000	19.998413038	1062.858520508
29.400000000	19.998413038	1063.236252384
29.420000000	19.998413038	1068.572753906
29.440000000	19.998413038	1068.572753906
29.460000000	19.998413038	1068.189453066
29.480000000	19.998413038	1063.251049713
29.500000000	19.998413038	1068.572753906
29.520000000	19.998413038	1068.572753906
29.540000000	19.998413038	1068.182009677
29.560000000	19.998413038	1062.858520508
29.580000000	19.998413038	1063.252372392
29.600000000	19.998413038	1068.572753906
29.620000000	19.998413038	1068.572753906
29.640000000	19.998413038	1068.177911865
29.660000000	19.998413038	1062.858520508
29.680000000	19.998413038	1063.241136365
29.700000000	19.998413038	1068.572753906
29.720000000	19.998413038	1068.572753906
29.740000000	19.998413038	1068.572753906
29.760000000	19.998413038	1068.572753906
29.780000000	19.998413038	1068.572753906
29.800000000	19.998413038	1068.572753906
29.820000000	19.998413038	1068.572753906
29.840000000	19.998413038	1068.572753906
29.860000000	19.998413038	1068.572753906
29.880000000	19.998413038	1068.572753906
29.900000000	19.998413038	1068.572753906
29.920000000	19.998413038	1068.572753906
29.940000000	19.998413038	1068.572753906
29.960000000	19.998413038	1068.572753906
29.980000000	19.998413038	1068.572753906
30.000000000	24.998016297	1068.572753906
30.020000000	24.998016297	1070.894666502
30.040000000	24.998016297	1105.565667111
30.060000000	24.998016297	1142.858520508
30.080000000	24.998016297	1144.847719284
30.100000000	24.998016297	1171.429931641
30.120000000	24.998016297	1174.187354891
30.140000000	24.998016297	1213.821529665
30.160000000	24.998016297	1245.715698242
30.180000000	24.998016297	1247.697883300
30.200000000	24.998016297	1277.039021190
30.220000000	24.998016297	1314.287109375
30.240000000	24.998016297	1316.172692714
30.260000000	24.998016297	1343.245563434
30.280000000	24.998016297	1348.572998047
30.300000000	24.998016297	1348.173186962
30.320000000	24.998016297	1342.858756142
30.340000000	24.998016297	1342.858642578
30.360000000	24.998016297	1342.858642578
30.380000000	24.998016297	1342.858642578
30.400000000	24.998016297	1342.858642578
30.420000000	24.998016297	1342.858642578
30.440000000	24.998016297	1342.858642578
30.460000000	24.998016297	1342.858642578
30.480000000	24.998016297	1342.858642578
30.500000000	24.998016297	1342.858642578
30.520000000	24.998016297	1342.464104726
30.540000000	24.998016297	1337.545075553
30.560000000	24.998016297	1342.858642578
30.580000000	24.998016297	1342.858642578
30.600000000	24.998016297	1342.858642578
30.620000000	24.998016297	1342.458191194
30.640000000	24.998016297	1337.547767154
30.660000000	24.998016297	1342.858642578
30.680000000	24.998016297	1342.858642578
30.700000000	24.998016297	1342.458193265
30.720000000	24.998016297	1337.144409180
30.740000000	24.998016297	1337.546533958
30.760000000	24.998016297	1342.858642578
30.780000000	24.998016297	1342.858642578
30.800000000	24.998016297	1342.456974519
30.820000000	24.998016297	1337.545542218
30.840000000	24.998016297	1342.858642578
30.860000000	24.998016297	1342.858642578
30.880000000	24.998016297	1342.858642578
30.900000000	24.998016297	1342.455589630
30.920000000	24.998016297	1337.547580621
30.940000000	24.998016297	1342.858642578
30.960000000	24.998016297	1342.858642578
30.980000000	24.998016297	1342.858642578
31.000000000	24.998016297	1342.858642578
31.020000000	24.998016297	1342.858642578
31.040000000	24.998016297	1342.858642578
31.060000000	24.998016297	1342.858642578
31.080000000	24.998016297	1342.858642578
31.100000000	24.998016297	1342.858642578
31.120000000	24.998016297	1342.858642578
31.140000000	24.998016297	1342.858642578
31.160000000	24.998016297	1342.858642578
31.180000000	24.998016297	1342.858642578
31.200000000	24.998016297	1342.858642578
31.220000000	24.998016297	1342.858642578
31.240000000	24.998016297	1342.858642578
31.260000000	24.998016297	1342.858642578
31.280000000	24.998016297	1342.858642578
31.300000000	24.998016297	1342.858642578
31.320000000	24.998016297	1342.858642578
31.340000000	24.998016297	1342.858642578
31.360000000	24.998016297	1342.858642578
31.380000000	24.998016297	1342.858642578
31.400000000	24.998016297	1342.858642578
31.420000000	24.998016297	1342.858642578
31.440000000	24.998016297	1342.858642578
31.460000000	24.998016297	1342.858642578
31.480000000	24.998016297	1342.858642578
31.500000000	24.998016297	1342.858642578
31.520000000	24.998016297	1342.858642578
31.540000000	24.998016297	1343.261413373
31.560000000	24.998016297	1348.572998047
31.580000000	24.998016297	1348.178956207
31.600000000	24.998016297	1342.858764648
31.620000000	24.998016297	1342.858756050
31.640000000	24.998016297	1343.252615210
31.660000000	24.998016297	1348.572998047
31.680000000	24.998016297	1348.176226864
31.700000000	24.998016297	1343.261126106
31.720000000	24.998016297	1348.572998047
31.740000000	24.998016297	1348.176957994
31.760000000	24.998016297	1342.858756156
31.780000000	24.998016297	1342.858642578
31.800000000	24.998016297	1342.858642578
31.820000000	24.998016297	1342.858642578
31.840000000	24.998016297	1342.858642578
31.860000000	24.998016297	1343.302247617
31.880000000	24.998016297	1348.572998047
31.900000000	24.998016297	1348.169052486
31.920000000	24.998016297	1343.254160899
31.940000000	24.998016297	1348.572998047
31.960000000	24.998016297	1348.176111728
31.980000000	24.998016297	1342.858756197
32.000000000	24.998016297	1342.858642578
32.020000000	24.998016297	1343.255292180
32.040000000	24.998016297	1348.164749365
32.060000000	24.998016297	1342.858764648
32.080000000	24.998016297	1342.858756132
32.100000000	24.998016297	1342.858642578
32.120000000	24.998016297	1342.858642578
32.140000000	24.998016297	1342.858642578
32.160000000	24.998016297	1342.858642578
32.180000000	24.998016297	1342.858642578
32.200000000	24.998016297	1342.858642578
32.220000000	24.998016297	1342.858642578
32.240000000	24.998016297	1342.858642578
32.260000000	24.998016297	1342.858642578
32.280000000	24.998016297	1342.858642578
32.300000000	24.998016297	1342.858642578
32.320000000	24.998016297	1342.858642578
32.340000000	24.998016297	1342.858642578
32.360000000	24.998016297	1342.858642578
32.380000000	24.998016297	1342.858642578
32.400000000	24.998016297	1342.858642578
32.420000000	24.998016297	1342.489241686
32.440000000	24.998016297	1337.144409180
32.460000000	24.998016297	1337.505118101
32.480000000	24.998016297	1342.858642578
32.500000000	24.998016297	1342.858642578
32.520000000	24.998016297	1342.457160115
32.540000000	24.998016297	1337.540991366
32.560000000	24.998016297	1342.858642578
32.580000000	24.998016297	1342.858642578
32.600000000	24.998016297	1342.858642578
32.620000000	24.998016297	1342.458869035
32.640000000	24.998016297	1337.544483022
32.660000000	24.998016297	1342.858642578
32.680000000	24.998016297	1342.858642578
32.700000000	24.998016297	1342.458774947
32.720000000	24.998016297	1337.144409180
32.740000000	24.998016297	1337.556498324
32.760000000	24.998016297	1342.858642578
32.780000000	24.998016297	1342.858642578
32.800000000	24.998016297	1342.446845150
32.820000000	24.998016297	1337.553929580
32.840000000	24.998016297	1342.858642578
32.860000000	24.998016297	1342.858642578
32.880000000	24.998016297	1342.858642578
32.900000000	24.998016297	1342.858642578
32.920000000	24.998016297	1342.858642578
32.940000000	24.998016297	1342.858642578
32.960000000	24.998016297	1342.858642578
32.980000000	24.998016297	1342.858642578
33.000000000	24.998016297	1342.858642578
33.020000000	24.998016297	1342.858642578
33.040000000	24.998016297	1342.858642578
33.060000000	24.998016297	1342.858642578
33.080000000	24.998016297	1342.858642578
33.100000000	24.998016297	1342.858642578
33.120000000	24.998016297	1342.858642578
33.140000000	24.998016297	1342.858642578
33.160000000	24.998016297	1342.858642578
33.180000000	24.998016297	1342.858642578
33.200000000	24.998016297	1342.858642578
33.220000000	24.998016297	1342.858642578
33.240000000	24.998016297	1342.858642578
33.260000000	24.998016297	1342.858642578
33.280000000	24.998016297	1342.858642578
33.300000000	24.998016297	1342.858642578
33.320000000	24.998016297	1342.858642578
33.340000000	24.998016297	1342.858642578
33.360000000	24.998016297	1342.858642578
33.380000000	24.998016297	1342.858642578
33.400000000	24.998016297	1342.453790206
33.420000000	24.998016297	1337.558884446
33.440000000	24.998016297	1342.858642578
33.460000000	24.998016297	1342.858642578
33.480000000	24.998016297	1342.858642578
33.500000000	24.998016297	1342.858642578
33.520000000	24.998016297	1342.858642578
33.540000000	24.998016297	1342.858642578
33.560000000	24.998016297	1342.858642578
33.580000000	24.998016297	1342.858642578
33.600000000	24.998016297	1342.858642578
33.620000000	24.998016297	1342.858642578
33.640000000	24.998016297	1343.275503634
33.660000000	24.998016297	1348.572998047
33.680000000	24.998016297	1348.156485808
33.700000000	24.998016297	1342.858755746
33.720000000	24.998016297	1342.858642578
33.740000000	24.998016297	1342.858642578
33.760000000	24.998016297	1342.858642578
33.780000000	24.998016297	1342.858642578
33.800000000	24.998016297	1342.858642578
33.820000000	24.998016297	1342.858642578
33.840000000	24.998016297	1342.858642578
33.860000000	24.998016297	1342.858642578
33.880000000	24.998016297	1342.858642578
33.900000000	24.998016297	1342.439340450
33.920000000	24.998016297	1337.561877310
33.940000000	24.998016297	1342.858642578
33.960000000	24.998016297	1342.858642578
33.980000000	24.998016297	1342.858642578
34.000000000	24.998016297	1342.858642578
34.020000000	24.998016297	1342.858642578
34.040000000	24.998016297	1342.858642578
34.060000000	24.998016297	1342.858642578
34.080000000	24.998016297	1342.858642578
34.100000000	24.998016297	1342.858642578
34.120000000	24.998016297	1342.858642578
34.140000000	24.998016297	1342.858642578
34.160000000	24.998016297	1342.858642578
34.180000000	24.998016297	1342.858642578
34.200000000	24.998016297	1342.858642578
34.220000000	24.998016297	1342.858642578
34.240000000	24.998016297	1342.451816245
34.260000000	24.998016297	1337.561457084
34.280000000	24.998016297	1342.858642578
34.300000000	24.998016297	1342.858642578
34.320000000	24.998016297	1342.858642578
34.340000000	24.998016297	1342.858642578
34.360000000	24.998016297	1342.858642578
34.380000000	24.998016297	1342.858642578
34.400000000	24.998016297	1342.858642578
34.420000000	24.998016297	1342.858642578
34.440000000	24.998016297	1342.858642578
34.460000000	24.998016297	1342.858642578
34.480000000	24.998016297	1343.278671081
34.500000000	24.998016297	1348.572998047
34.520000000	24.998016297	1348.178619434
34.540000000	24.998016297	1342.858755919
34.560000000	24.998016297	1342.858642578
34.580000000	24.998016297	1342.858642578
34.600000000	24.998016297	1342.858642578
34.620000000	24.998016297	1342.858642578
34.640000000	24.998016297	1342.858642578
34.660000000	24.998016297	1342.858642578
34.680000000	24.998016297	1342.858642578
34.700000000	24.998016297	1342.858642578
34.720000000	24.998016297	1342.858642578
34.740000000	24.998016297	1342.858642578
34.760000000	24.998016297	1342.858642578
34.780000000	24.998016297	1342.858642578
34.800000000	24.998016297	1342.858642578
34.820000000	24.998016297	1342.858642578
34.840000000	24.998016297	1342.858642578
34.860000000	24.998016297	1342.858642578
34.880000000	24.998016297	1342.858642578
34.900000000	24.998016297	1342.858642578
34.920000000	24.998016297	1342.858642578
34.940000000	24.998016297	1342.858642578
34.960000000	24.998016297	1342.858642578
34.980000000	24.998016297	1342.858642578
35.000000000	24.998016297	1342.858642578
35.020000000	24.998016297	1342.858642578
35.040000000	24.998016297	1342.858642578
35.060000000	24.998016297	1342.858642578
35.080000000	24.998016297	1342.858642578
35.100000000	24.998016297	1342.858642578
35.120000000	24.998016297	1342.858642578
35.140000000	24.998016297	1342.858642578
35.160000000	24.998016297	1342.858642578
35.180000000	24.998016297	1342.858642578
35.200000000	24.998016297	1342.858642578
35.220000000	24.998016297	1342.858642578
35.240000000	24.998016297	1342.858642578
35.260000000	24.998016297	1342.858642578
35.280000000	24.998016297	1342.858642578
35.300000000	24.998016297	1342.858642578
35.320000000	24.998016297	1342.858642578
35.340000000	24.998016297	1342.858642578
35.360000000	24.998016297	1342.858642578
35.380000000	24.998016297	1342.858642578
35.400000000	24.998016297	1343.285708863
35.420000000	24.998016297	1348.145477079
35.440000000	24.998016297	1342.858764648
35.460000000	24.998016297	1342.858755577
35.480000000	24.998016297	1342.858642578
35.500000000	24.998016297	1342.858642578
35.520000000	24.998016297	1342.858642578
35.540000000	24.998016297	1342.858642578
35.560000000	24.998016297	1342.858642578
35.580000000	24.998016297	1342.858642578
35.600000000	24.998016297	1342.858642578
35.620000000	24.998016297	1342.858642578
35.640000000	24.998016297	1342.858642578
35.660000000	24.998016297	1342.858642578
35.680000000	24.998016297	1342.858642578
35.700000000	24.998016297	1342.858642578
35.720000000	24.998016297	1342.858642578
35.740000000	24.998016297	1342.858642578
35.760000000	24.998016297	1342.858642578
35.780000000	24.998016297	1342.858642578
35.800000000	24.998016297	1342.858642578
35.820000000	24.998016297	1342.858642578
35.840000000	24.998016297	1342.858642578
35.860000000	24.998016297	1342.858642578
35.880000000	24.998016297	1342.858642578
35.900000000	24.998016297	1342.858642578
35.920000000	24.998016297	1342.858642578
35.940000000	24.998016297	1342.858642578
35.960000000	24.998016297	1342.858642578
35.980000000	24.998016297	1343.280463291
36.000000000	29.997619556	1348.572875977
36.020000000	29.997619556	1350.669059080
36.040000000	29.997619556	1380.056969681
36.060000000	29.997619556	1417.144287109
36.080000000	29.997619556	1419.295054426
36.100000000	29.997619556	1445.715698242
36.120000000	29.997619556	1448.173084624
36.140000000	29.997619556	1482.056098760
36.160000000	29.997619556	1508.572875977
36.180000000	29.997619556	1511.570250398
36.200000000	29.997619556	1551.068771732
36.220000000	29.997619556	1582.858398438
36.240000000	29.997619556	1584.522365854
36.260000000	29.997619556	1606.554331857
36.280000000	29.997619556	1617.144165039
36.300000000	29.997619556	1616.724402125
36.320000000	29.997619556	1611.429931641
36.340000000	29.997619556	1611.429931641
36.360000000	29.997619556	1611.855005642
36.380000000	29.997619556	1617.144287109
36.400000000	29.997619556	1617.144287109
36.420000000	29.997619556	1616.726268145
36.440000000	29.997619556	1611.429931641
36.460000000	29.997619556	1611.858278486
36.480000000	29.997619556	1617.144287109
36.500000000	29.997619556	1617.144287109
36.520000000	29.997619556	1617.144287109
36.540000000	29.997619556	1617.144287109
36.560000000	29.997619556	1617.144287109
36.580000000	29.997619556	1617.144287109
36.600000000	29.997619556	1617.144287109
36.620000000	29.997619556	1617.144287109
36.640000000	29.997619556	1617.144287109
36.660000000	29.997619556	1617.144287109
36.680000000	29.997619556	1617.144287109
36.700000000	29.997619556	1617.144287109
36.720000000	29.997619556	1617.144287109
36.740000000	29.997619556	1617.144287109
36.760000000	29.997619556	1616.725139385
36.780000000	29.997619556	1611.429931641
36.800000000	29.997619556	1611.853761740
36.820000000	29.997619556	1617.144287109
36.840000000	29.997619556	1617.144287109
36.860000000	29.997619556	1617.144287109
36.880000000	29.997619556	1617.144287109
36.900000000	29.997619556	1617.144287109
36.920000000	29.997619556	1617.144287109
36.940000000	29.997619556	1617.144287109
36.960000000	29.997619556	1617.144287109
36.980000000	29.997619556	1617.144287109
37.000000000	29.997619556	1617.144287109
37.020000000	29.997619556	1617.578796396
37.040000000	29.997619556	1622.423839054
37.060000000	29.997619556	1617.144287109
37.080000000	29.997619556	1617.144287109
37.100000000	29.997619556	1617.144287109
37.120000000	29.997619556	1617.144287109
37.140000000	29.997619556	1617.144287109
37.160000000	29.997619556	1617.144287109
37.180000000	29.997619556	1617.565444451
37.200000000	29.997619556	1622.441470708
37.220000000	29.997619556	1617.144287109
37.240000000	29.997619556	1617.144287109
37.260000000	29.997619556	1617.144287109
37.280000000	29.997619556	1617.144287109
37.300000000	29.997619556	1617.144287109
37.320000000	29.997619556	1617.577422347
37.340000000	29.997619556	1622.858642578
37.360000000	29.997619556	1622.434410991
37.380000000	29.997619556	1617.144287109
37.400000000	29.997619556	1617.144287109
37.420000000	29.997619556	1617.144287109
37.440000000	29.997619556	1617.144287109
37.460000000	29.997619556	1617.144287109
37.480000000	29.997619556	1617.144287109
37.500000000	29.997619556	1617.144287109
37.520000000	29.997619556	1617.144287109
37.540000000	29.997619556	1617.144287109
37.560000000	29.997619556	1617.144287109
37.580000000	29.997619556	1617.144287109
37.600000000	29.997619556	1617.144287109
37.620000000	29.997619556	1617.144287109
37.640000000	29.997619556	1617.144287109
37.660000000	29.997619556	1617.144287109
37.680000000	29.997619556	1617.144287109
37.700000000	29.997619556	1617.144287109
37.720000000	29.997619556	1617.144287109
37.740000000	29.997619556	1617.561963976
37.760000000	29.997619556	1622.430185728
37.780000000	29.997619556	1617.144287109
37.800000000	29.997619556	1617.144287109
37.820000000	29.997619556	1617.144287109
37.840000000	29.997619556	1617.144287109
37.860000000	29.997619556	1617.144287109
37.880000000	29.997619556	1617.144287109
37.900000000	29.997619556	1617.574837224
37.920000000	29.997619556	1622.421442317
37.940000000	29.997619556	1617.144287109
37.960000000	29.997619556	1617.144287109
37.980000000	29.997619556	1617.144287109
38.000000000	29.997619556	1617.144287109
38.020000000	29.997619556	1617.144287109
38.040000000	29.997619556	1617.564333891
38.060000000	29.997619556	1622.858642578
38.080000000	29.997619556	1622.417977610
38.100000000	29.997619556	1617.144287109
38.120000000	29.997619556	1617.583807196
38.140000000	29.997619556	1622.417276814
38.160000000	29.997619556	1617.144287109
38.180000000	29.997619556	1617.144287109
38.200000000	29.997619556	1617.573547376
38.220000000	29.997619556	1622.858642578
38.240000000	29.997619556	1622.438547787
38.260000000	29.997619556	1617.144287109
38.280000000	29.997619556	1617.144287109
38.300000000	29.997619556	1617.144287109
38.320000000	29.997619556	1617.144287109
38.340000000	29.997619556	1617.144287109
38.360000000	29.997619556	1617.144287109
38.380000000	29.997619556	1617.144287109
38.400000000	29.997619556	1617.144287109
38.420000000	29.997619556	1617.144287109
38.440000000	29.997619556	1617.144287109
38.460000000	29.997619556	1617.144287109
38.480000000	29.997619556	1617.144287109
38.500000000	29.997619556	1617.144287109
38.520000000	29.997619556	1617.144287109
38.540000000	29.997619556	1617.144287109
38.560000000	29.997619556	1617.144287109
38.580000000	29.997619556	1617.144287109
38.600000000	29.997619556	1617.144287109
38.620000000	29.997619556	1617.144287109
38.640000000	29.997619556	1617.144287109
38.660000000	29.997619556	1617.144287109
38.680000000	29.997619556	1617.144287109
38.700000000	29.997619556	1617.144287109
38.720000000	29.997619556	1617.144287109
38.740000000	29.997619556	1617.144287109
38.760000000	29.997619556	1617.144287109
38.780000000	29.997619556	1617.144287109
38.800000000	29.997619556	1616.703701152
38.820000000	29.997619556	1611.870881755
38.840000000	29.997619556	1617.144287109
38.860000000	29.997619556	1616.676309973
38.880000000	29.997619556	1611.429931641
38.900000000	29.997619556	1611.873500550
38.920000000	29.997619556	1617.144287109
38.940000000	29.997619556	1617.144287109
38.960000000	29.997619556	1616.702237232
38.980000000	29.997619556	1611.872649056
39.000000000	29.997619556	1617.144287109
39.020000000	29.997619556	1617.144287109
39.040000000	29.997619556	1617.144287109
39.060000000	29.997619556	1617.144287109
39.080000000	29.997619556	1617.144287109
39.100000000	29.997619556	1617.144287109
39.120000000	29.997619556	1617.144287109
39.140000000	29.997619556	1616.707548693
39.160000000	29.997619556	1611.429931641
39.180000000	29.997619556	1611.865485625
39.200000000	29.997619556	1617.144287109
39.220000000	29.997619556	1617.144287109
39.240000000	29.997619556	1616.698079214
39.260000000	29.997619556	1611.875478265
39.280000000	29.997619556	1617.144287109
39.300000000	29.997619556	1617.144287109
39.320000000	29.997619556	1616.708117230
39.340000000	29.997619556	1611.429931641
39.360000000	29.997619556	1611.862701373
39.380000000	29.997619556	1617.144287109
39.400000000	29.997619556	1617.144287109
39.420000000	29.997619556	1617.144287109
39.440000000	29.997619556	1617.144287109
39.460000000	29.997619556	1617.144287109
39.480000000	29.997619556	1617.144287109
39.500000000	29.997619556	1617.144287109
39.520000000	29.997619556	1617.144287109
39.540000000	29.997619556	1617.144287109
39.560000000	29.997619556	1617.144287109
39.580000000	29.997619556	1617.592252175
39.600000000	29.997619556	1622.858642578
39.620000000	29.997619556	1622.410784276
39.640000000	29.997619556	1617.144287109
39.660000000	29.997619556	1617.144287109
39.680000000	29.997619556	1617.144287109
39.700000000	29.997619556	1617.144287109
39.720000000	29.997619556	1617.144287109
39.740000000	29.997619556	1617.144287109
39.760000000	29.997619556	1617.144287109
39.780000000	29.997619556	1617.144287109
39.800000000	29.997619556	1617.144287109
39.820000000	29.997619556	1617.144287109
39.840000000	29.997619556	1617.144287109
39.860000000	29.997619556	1617.144287109
39.880000000	29.997619556	1617.144287109
39.900000000	29.997619556	1617.594237624
39.920000000	29.997619556	1622.411373261
39.940000000	29.997619556	1617.144287109
39.960000000	29.997619556	1617.144287109
39.980000000	29.997619556	1617.581765350
40.000000000	29.997619556	1622.858642578
40.020000000	29.997619556	1622.407588000
40.040000000	29.997619556	1617.144287109
40.060000000	29.997619556	1617.144287109
40.080000000	29.997619556	1617.144287109
40.100000000	29.997619556	1617.144287109
40.120000000	29.997619556	1617.144287109
40.140000000	29.997619556	1617.144287109
40.160000000	29.997619556	1617.144287109
40.180000000	29.997619556	1617.144287109
40.200000000	29.997619556	1617.144287109
40.220000000	29.997619556	1617.144287109
40.240000000	29.997619556	1617.144287109
40.260000000	29.997619556	1617.144287109
40.280000000	29.997619556	1617.144287109
40.300000000	29.997619556	1617.574857149
40.320000000	29.997619556	1622.417647834
40.340000000	29.997619556	1617.144287109
40.360000000	29.997619556	1617.144287109
40.380000000	29.997619556	1617.144287109
40.400000000	29.997619556	1617.144287109
40.420000000	29.997619556	1617.144287109
40.440000000	29.997619556	1617.144287109
40.460000000	29.997619556	1617.144287109
40.480000000	29.997619556	1617.144287109
40.500000000	29.997619556	1617.144287109
40.520000000	29.997619556	1617.144287109
40.540000000	29.997619556	1617.144287109
40.560000000	29.997619556	1617.144287109
40.580000000	29.997619556	1617.144287109
40.600000000	29.997619556	1617.144287109
40.620000000	29.997619556	1617.584861094
40.640000000	29.997619556	1622.414825729
40.660000000	29.997619556	1617.144287109
40.680000000	29.997619556	1617.575970290
40.700000000	29.997619556	1622.858642578
40.720000000	29.997619556	1622.858642578
40.740000000	29.997619556	1622.858642578
40.760000000	29.997619556	1622.858642578
40.780000000	29.997619556	1622.858642578
40.800000000	29.997619556	1622.415075127
40.820000000	29.997619556	1617.588085542
40.840000000	29.997619556	1622.858642578
40.860000000	29.997619556	1622.413490972
40.880000000	29.997619556	1617.144287109
40.900000000	29.997619556	1617.589761782
40.920000000	29.997619556	1622.414998389
40.940000000	29.997619556	1617.144287109
40.960000000	29.997619556	1617.587346678
40.980000000	29.997619556	1622.425083360
41.000000000	29.997619556	1617.144287109
41.020000000	29.997619556	1617.579331720
41.040000000	29.997619556	1622.858642578
41.060000000	29.997619556	1622.858642578
41.080000000	29.997619556	1622.858642578
41.100000000	29.997619556	1622.858642578
41.120000000	29.997619556	1622.858642578
41.140000000	29.997619556	1622.858642578
41.160000000	29.997619556	1622.858642578
41.180000000	29.997619556	1622.858642578
41.200000000	29.997619556	1622.858642578
41.220000000	29.997619556	1622.858642578
41.240000000	29.997619556	1622.858642578
41.260000000	29.997619556	1622.414544933
41.280000000	29.997619556	1617.144287109
41.300000000	29.997619556	1617.595079379
41.320000000	29.997619556	1622.410189854
41.340000000	29.997619556	1617.144287109
41.360000000	29.997619556	1617.588602163
41.380000000	29.997619556	1622.858642578
41.400000000	29.997619556	1622.405528381
41.420000000	29.997619556	1617.601797056
41.440000000	29.997619556	1622.858642578
41.460000000	29.997619556	1622.413162906
41.480000000	29.997619556	1617.144287109
41.500000000	29.997619556	1617.144287109
41.520000000	29.997619556	1617.598913079
41.540000000	29.997619556	1622.415941300
41.560000000	29.997619556	1617.144287109
41.580000000	29.997619556	1617.581727059
41.600000000	29.997619556	1622.858642578
41.620000000	29.997619556	1622.411725267
41.640000000	29.997619556	1617.594403040
41.660000000	29.997619556	1622.858642578
41.680000000	29.997619556	1622.399169519
41.700000000	29.997619556	1617.593116758
41.720000000	29.997619556	1622.858642578
41.740000000	29.997619556	1622.858642578
41.760000000	29.997619556	1622.858642578
41.780000000	29.997619556	1622.858642578
41.800000000	29.997619556	1622.858642578
41.820000000	29.997619556	1622.858642578
41.840000000	29.997619556	1622.858642578
41.860000000	29.997619556	1622.858642578
41.880000000	29.997619556	1622.858642578
41.900000000	29.997619556	1622.399713177
41.920000000	29.997619556	1617.584834056
41.940000000	29.997619556	1622.858642578
41.960000000	29.997619556	1622.407904294
41.980000000	29.997619556	1618.055660855
42.000000000	34.997222816	1628.572875977
42.020000000	34.997222816	1630.350181545
42.040000000	34.997222816	1654.124200579
42.060000000	34.997222816	1685.715698242
42.080000000	34.997222816	1688.417492815
42.100000000	34.997222816	1720.001464844
42.120000000	34.997222816	1722.688075831
42.140000000	34.997222816	1757.374471320
42.160000000	34.997222816	1794.287231445
42.180000000	34.997222816	1796.495489146
42.200000000	34.997222816	1825.569663728
42.220000000	34.997222816	1857.144287109
42.240000000	34.997222816	1859.397701706
42.260000000	34.997222816	1886.158681864
42.280000000	34.997222816	1891.430053711
42.300000000	34.997222816	1891.430053711
42.320000000	34.997222816	1891.430063130
42.340000000	34.997222816	1891.430175781
42.360000000	34.997222816	1891.430165901
42.380000000	34.997222816	1891.430053711
42.400000000	34.997222816	1890.968483429
42.420000000	34.997222816	1885.715810611
42.440000000	34.997222816	1885.715698242
42.460000000	34.997222816	1886.176381964
42.480000000	34.997222816	1890.975450458
42.500000000	34.997222816	1885.715820312
42.520000000	34.997222816	1886.177377133
42.540000000	34.997222816	1891.430053711
42.560000000	34.997222816	1891.430053711
42.580000000	34.997222816	1891.430063616
42.600000000	34.997222816	1891.430175781
42.620000000	34.997222816	1891.430166356
42.640000000	34.997222816	1891.430053711
42.660000000	34.997222816	1891.430053711
42.680000000	34.997222816	1891.874956515
42.700000000	34.997222816	1896.678589763
42.720000000	34.997222816	1891.430175781
42.740000000	34.997222816	1891.875068546
42.760000000	34.997222816	1896.685800016
42.780000000	34.997222816	1891.430175781
42.800000000	34.997222816	1891.430165815
42.820000000	34.997222816	1891.430063628
42.840000000	34.997222816	1891.430175781
42.860000000	34.997222816	1891.430166052
42.880000000	34.997222816	1891.430053711
42.900000000	34.997222816	1891.896137591
42.920000000	34.997222816	1896.698428640
42.940000000	34.997222816	1891.430175781
42.960000000	34.997222816	1891.430165790
42.980000000	34.997222816	1891.430063680
43.000000000	34.997222816	1891.430175781
43.020000000	34.997222816	1891.430166015
43.040000000	34.997222816	1891.430053711
43.060000000	34.997222816	1891.430053711
43.080000000	34.997222816	1891.430063478
43.100000000	34.997222816	1891.430175781
43.120000000	34.997222816	1891.430166023
43.140000000	34.997222816	1890.980217836
43.160000000	34.997222816	1885.715820312
43.180000000	34.997222816	1886.183256347
43.200000000	34.997222816	1891.430053711
43.220000000	34.997222816	1891.430053711
43.240000000	34.997222816	1891.430063461
43.260000000	34.997222816	1891.430165990
43.280000000	34.997222816	1891.430053711
43.300000000	34.997222816	1891.881455663
43.320000000	34.997222816	1896.686724088
43.340000000	34.997222816	1891.430175781
43.360000000	34.997222816	1891.933748509
43.380000000	34.997222816	1897.144409180
43.400000000	34.997222816	1897.144409180
43.420000000	34.997222816	1897.144418954
43.440000000	34.997222816	1897.144531250
43.460000000	34.997222816	1897.144521272
43.480000000	34.997222816	1896.697466849
43.500000000	34.997222816	1891.430175781
43.520000000	34.997222816	1891.889098808
43.540000000	34.997222816	1896.679557462
43.560000000	34.997222816	1891.430175781
43.580000000	34.997222816	1891.878212556
43.600000000	34.997222816	1897.144409180
43.620000000	34.997222816	1896.674371874
43.640000000	34.997222816	1891.889658265
43.660000000	34.997222816	1897.144409180
43.680000000	34.997222816	1896.689948938
43.700000000	34.997222816	1891.430165962
43.720000000	34.997222816	1891.430053711
43.740000000	34.997222816	1891.888814737
43.760000000	34.997222816	1896.694418258
43.780000000	34.997222816	1891.430175781
43.800000000	34.997222816	1891.889169114
43.820000000	34.997222816	1896.695577561
43.840000000	34.997222816	1891.430175781
43.860000000	34.997222816	1891.902361124
43.880000000	34.997222816	1897.144409180
43.900000000	34.997222816	1896.682026051
43.920000000	34.997222816	1891.430165724
43.940000000	34.997222816	1891.430053711
43.960000000	34.997222816	1891.890798782
43.980000000	34.997222816	1896.682755713
44.000000000	34.997222816	1891.430175781
44.020000000	34.997222816	1891.892198344
44.040000000	34.997222816	1896.691127503
44.060000000	34.997222816	1891.430175781
44.080000000	34.997222816	1891.890801238
44.100000000	34.997222816	1897.144409180
44.120000000	34.997222816	1896.672302991
44.140000000	34.997222816	1891.430165953
44.160000000	34.997222816	1891.430053711
44.180000000	34.997222816	1891.892771547
44.200000000	34.997222816	1896.680870545
44.220000000	34.997222816	1891.430175781
44.240000000	34.997222816	1891.430165910
44.260000000	34.997222816	1891.430063576
44.280000000	34.997222816	1891.430175781
44.300000000	34.997222816	1891.904189705
44.320000000	34.997222816	1896.671042808
44.340000000	34.997222816	1891.430175781
44.360000000	34.997222816	1891.430165892
44.380000000	34.997222816	1891.430053711
44.400000000	34.997222816	1891.857630993
44.420000000	34.997222816	1896.681726271
44.440000000	34.997222816	1891.430175781
44.460000000	34.997222816	1891.836124104
44.480000000	34.997222816	1897.144409180
44.500000000	34.997222816	1897.144409180
44.520000000	34.997222816	1896.668620793
44.540000000	34.997222816	1891.430175781
44.560000000	34.997222816	1891.430175781
44.580000000	34.997222816	1891.430165832
44.600000000	34.997222816	1891.430053711
44.620000000	34.997222816	1891.430053711
44.640000000	34.997222816	1891.430063882
44.660000000	34.997222816	1891.430175781
44.680000000	34.997222816	1891.430165858
44.700000000	34.997222816	1891.430063661
44.720000000	34.997222816	1891.430175781
44.740000000	34.997222816	1891.430166017
44.760000000	34.997222816	1891.430053711
44.780000000	34.997222816	1891.430053711
44.800000000	34.997222816	1891.430063905
44.820000000	34.997222816	1891.430165589
44.840000000	34.997222816	1891.430053711
44.860000000	34.997222816	1891.430053711
44.880000000	34.997222816	1891.430053711
44.900000000	34.997222816	1891.430063896
44.920000000	34.997222816	1891.430165782
44.940000000	34.997222816	1891.430053711
44.960000000	34.997222816	1890.973112046
44.980000000	34.997222816	1886.193825036
45.000000000	34.997222816	1891.430053711
45.020000000	34.997222816	1891.430053711
45.040000000	34.997222816	1890.972266650
45.060000000	34.997222816	1885.715820312
45.080000000	34.997222816	1886.194769659
45.100000000	34.997222816	1891.430053711
45.120000000	34.997222816	1891.430053711
45.140000000	34.997222816	1891.430063636
45.160000000	34.997222816	1891.430175781
45.180000000	34.997222816	1891.430165559
45.200000000	34.997222816	1891.430053711
45.220000000	34.997222816	1891.430053711
45.240000000	34.997222816	1891.430063923
45.260000000	34.997222816	1891.430165741
45.280000000	34.997222816	1891.430053711
45.300000000	34.997222816	1891.430053711
45.320000000	34.997222816	1891.430063771
45.340000000	34.997222816	1891.430175781
45.360000000	34.997222816	1891.430165501
45.380000000	34.997222816	1891.430053711
45.400000000	34.997222816	1890.963922703
45.420000000	34.997222816	1886.197144259
45.440000000	34.997222816	1891.430053711
45.460000000	34.997222816	1891.430053711
45.480000000	34.997222816	1890.960732009
45.500000000	34.997222816	1885.715820312
45.520000000	34.997222816	1886.187889648
45.540000000	34.997222816	1891.430053711
45.560000000	34.997222816	1891.430053711
45.580000000	34.997222816	1891.430063593
45.600000000	34.997222816	1891.430175781
45.620000000	34.997222816	1891.430165480
45.640000000	34.997222816	1891.430053711
45.660000000	34.997222816	1891.430053711
45.680000000	34.997222816	1891.430063777
45.700000000	34.997222816	1891.430165691
45.720000000	34.997222816	1891.430053711
45.740000000	34.997222816	1891.909464602
45.760000000	34.997222816	1896.683594449
45.780000000	34.997222816	1891.430175781
45.800000000	34.997222816	1891.911284088
45.820000000	34.997222816	1896.682075502
45.840000000	34.997222816	1891.430175781
45.860000000	34.997222816	1891.430165680
45.880000000	34.997222816	1891.430053711
45.900000000	34.997222816	1891.912130709
45.920000000	34.997222816	1896.679573367
45.940000000	34.997222816	1891.430175781
45.960000000	34.997222816	1891.430165692
45.980000000	34.997222816	1891.430063786
46.000000000	34.997222816	1891.430175781
46.020000000	34.997222816	1891.430165941
46.040000000	34.997222816	1890.958241163
46.060000000	34.997222816	1885.715820312
46.080000000	34.997222816	1886.200391011
46.100000000	34.997222816	1891.430053711
46.120000000	34.997222816	1891.903069341
46.140000000	34.997222816	1896.671171274
46.160000000	34.997222816	1891.430175781
46.180000000	34.997222816	1891.430165418
46.200000000	34.997222816	1891.904265338
46.220000000	34.997222816	1897.144409180
46.240000000	34.997222816	1896.659602361
46.260000000	34.997222816	1891.902899098
46.280000000	34.997222816	1897.144409180
46.300000000	34.997222816	1897.144409180
46.320000000	34.997222816	1896.618945738
46.340000000	34.997222816	1891.430175781
46.360000000	34.997222816	1891.430175781
46.380000000	34.997222816	1891.430175781
46.400000000	34.997222816	1891.430165387
46.420000000	34.997222816	1891.914121972
46.440000000	34.997222816	1897.144409180
46.460000000	34.997222816	1896.659449049
46.480000000	34.997222816	1891.903558333
46.500000000	34.997222816	1897.144409180
46.520000000	34.997222816	1896.680394046
46.540000000	34.997222816	1891.903294498
46.560000000	34.997222816	1897.144409180
46.580000000	34.997222816	1897.144409180
46.600000000	34.997222816	1897.144409180
46.620000000	34.997222816	1897.144419579
46.640000000	34.997222816	1897.144520999
46.660000000	34.997222816	1897.144409180
46.680000000	34.997222816	1897.144419135
46.700000000	34.997222816	1897.144521059
46.720000000	34.997222816	1897.144409180
46.740000000	34.997222816	1896.666727307
46.760000000	34.997222816	1891.906862556
46.780000000	34.997222816	1897.144409180
46.800000000	34.997222816	1896.678164432
46.820000000	34.997222816	1891.907482256
46.840000000	34.997222816	1897.144409180
46.860000000	34.997222816	1896.675762833
46.880000000	34.997222816	1891.430175781
46.900000000	34.997222816	1891.908694879
46.920000000	34.997222816	1896.656219548
46.940000000	34.997222816	1891.430175781
46.960000000	34.997222816	1891.908945156
46.980000000	34.997222816	1897.144409180
47.000000000	34.997222816	1897.144409180
47.020000000	34.997222816	1897.144419417
47.040000000	34.997222816	1897.144521024
47.060000000	34.997222816	1897.144409180
47.080000000	34.997222816	1897.144419188
47.100000000	34.997222816	1897.144531250
47.120000000	34.997222816	1897.144521012
47.140000000	34.997222816	1897.144419228
47.160000000	34.997222816	1897.144531250
47.180000000	34.997222816	1897.144520989
47.200000000	34.997222816	1897.144419428
47.220000000	34.997222816	1897.144531250
47.240000000	34.997222816	1897.144521260
47.260000000	34.997222816	1897.144418756
47.280000000	34.997222816	1897.144531250
47.300000000	34.997222816	1897.144520960
47.320000000	34.997222816	1897.144418547
47.340000000	34.997222816	1897.144531250
47.360000000	34.997222816	1897.144520878
47.380000000	34.997222816	1897.144409180
47.400000000	34.997222816	1897.144420412
47.420000000	34.997222816	1897.144521074
47.440000000	34.997222816	1897.144409180
47.460000000	34.997222816	1897.144419661
47.480000000	34.997222816	1897.144521010
47.500000000	34.997222816	1897.144409180
47.520000000	34.997222816	1896.656607007
47.540000000	34.997222816	1891.914911835
47.560000000	34.997222816	1897.144409180
47.580000000	34.997222816	1896.661707101
47.600000000	34.997222816	1891.430175781
47.620000000	34.997222816	1891.907689658
47.640000000	34.997222816	1896.662194044
47.660000000	34.997222816	1891.430175781
47.680000000	34.997222816	1891.923470898
47.700000000	34.997222816	1896.651842628
47.720000000	34.997222816	1891.430175781
47.740000000	34.997222816	1891.901273219
47.760000000	34.997222816	1897.144409180
47.780000000	34.997222816	1897.144409180
47.800000000	34.997222816	1896.654633709
47.820000000	34.997222816	1891.919539713
47.840000000	34.997222816	1897.144409180
47.860000000	34.997222816	1896.651713586
47.880000000	34.997222816	1891.430175781
47.900000000	34.997222816	1891.914092473
47.920000000	34.997222816	1896.662612794
47.940000000	34.997222816	1891.430175781
47.960000000	34.997222816	1891.913300319
47.980000000	34.997222816	1897.144419471
48.000000000	39.999908444	1897.144531250
48.020000000	39.999908444	1900.119129128
48.040000000	39.999908444	1934.379764013
48.060000000	39.999908444	1965.715942383
48.080000000	39.999908444	1968.126129231
48.100000000	39.999908444	1994.287353516
48.120000000	39.999908444	1997.672883805
48.140000000	39.999908444	2036.649430113
48.160000000	39.999908444	2062.858642578
48.180000000	39.999908444	2065.843512486
48.200000000	39.999908444	2100.108613168
48.220000000	39.999908444	2131.430175781
48.240000000	39.999908444	2133.850422315
48.260000000	39.999908444	2160.001708984
48.280000000	39.999908444	2160.001708984
48.300000000	39.999908444	2160.001708984
48.320000000	39.999908444	2160.487271499
48.340000000	39.999908444	2165.715820312
48.360000000	39.999908444	2165.231094861
48.380000000	39.999908444	2160.001708984
48.400000000	39.999908444	2160.001708984
48.420000000	39.999908444	2160.497250802
48.440000000	39.999908444	2165.715820312
48.460000000	39.999908444	2165.241210752
48.480000000	39.999908444	2160.001708984
48.500000000	39.999908444	2160.001708984
48.520000000	39.999908444	2160.001708984
48.540000000	39.999908444	2160.483701514
48.560000000	39.999908444	2165.715820312
48.580000000	39.999908444	2165.220773694
48.600000000	39.999908444	2160.001708984
48.620000000	39.999908444	2160.001708984
48.640000000	39.999908444	2160.001708984
48.660000000	39.999908444	2160.001708984
48.680000000	39.999908444	2160.001708984
48.700000000	39.999908444	2160.001708984
48.720000000	39.999908444	2160.001708984
48.740000000	39.999908444	2160.001708984
48.760000000	39.999908444	2160.487496493
48.780000000	39.999908444	2165.715820312
48.800000000	39.999908444	2165.226850604
48.820000000	39.999908444	2160.001708984
48.840000000	39.999908444	2160.001708984
48.860000000	39.999908444	2160.478392543
48.880000000	39.999908444	2165.715820312
48.900000000	39.999908444	2165.715820312
48.920000000	39.999908444	2165.226465238
48.940000000	39.999908444	2160.001708984
48.960000000	39.999908444	2160.479915818
48.980000000	39.999908444	2165.715820312
49.000000000	39.999908444	2165.715820312
49.020000000	39.999908444	2165.228287203
49.040000000	39.999908444	2160.479340459
49.060000000	39.999908444	2165.715820312
49.080000000	39.999908444	2165.715820312
49.100000000	39.999908444	2165.715820312
49.120000000	39.999908444	2165.219530078
49.140000000	39.999908444	2160.490690579
49.160000000	39.999908444	2165.715820312
49.180000000	39.999908444	2165.715820312
49.200000000	39.999908444	2165.226616141
49.220000000	39.999908444	2160.001708984
49.240000000	39.999908444	2160.498422710
49.260000000	39.999908444	2165.715820312
49.280000000	39.999908444	2165.715820312
49.300000000	39.999908444	2165.224733617
49.320000000	39.999908444	2160.492113954
49.340000000	39.999908444	2165.715820312
49.360000000	39.999908444	2165.715820312
49.380000000	39.999908444	2165.715820312
49.400000000	39.999908444	2165.715820312
49.420000000	39.999908444	2165.715820312
49.440000000	39.999908444	2165.715820312
49.460000000	39.999908444	2166.206093145
49.480000000	39.999908444	2170.948971551
49.500000000	39.999908444	2165.715820312
49.520000000	39.999908444	2166.254352179
49.540000000	39.999908444	2171.429931641
49.560000000	39.999908444	2171.429931641
49.580000000	39.999908444	2171.429931641
49.600000000	39.999908444	2171.429931641
49.620000000	39.999908444	2171.429931641
49.640000000	39.999908444	2170.938337725
49.660000000	39.999908444	2165.715820312
49.680000000	39.999908444	2166.213947412
49.700000000	39.999908444	2170.933036891
49.720000000	39.999908444	2165.715820312
49.740000000	39.999908444	2166.196808381
49.760000000	39.999908444	2170.945559665
49.780000000	39.999908444	2165.715820312
49.800000000	39.999908444	2166.209872636
49.820000000	39.999908444	2170.937162526
49.840000000	39.999908444	2165.715820312
49.860000000	39.999908444	2165.715820312
49.880000000	39.999908444	2165.715820312
49.900000000	39.999908444	2166.208729098
49.920000000	39.999908444	2170.935923963
49.940000000	39.999908444	2165.715820312
49.960000000	39.999908444	2166.209204721
49.980000000	39.999908444	2170.936781575
50.000000000	39.999908444	2165.715820312
50.020000000	39.999908444	2166.210000720
50.040000000	39.999908444	2170.946521167
50.060000000	39.999908444	2165.715820312
50.080000000	39.999908444	2165.715820312
50.100000000	39.999908444	2165.715820312
50.120000000	39.999908444	2166.206953106
50.140000000	39.999908444	2170.946475910
50.160000000	39.999908444	2165.715820312
50.180000000	39.999908444	2166.209978074
50.200000000	39.999908444	2170.945576534
50.220000000	39.999908444	2165.715820312
50.240000000	39.999908444	2166.210905054
50.260000000	39.999908444	2170.943931205
50.280000000	39.999908444	2165.715820312
50.300000000	39.999908444	2165.715820312
50.320000000	39.999908444	2166.210815425
50.340000000	39.999908444	2171.429931641
50.360000000	39.999908444	2170.945155412
50.380000000	39.999908444	2165.715820312
50.400000000	39.999908444	2166.182157645
50.420000000	39.999908444	2170.953692622
50.440000000	39.999908444	2165.715820312
50.460000000	39.999908444	2166.155647439
50.480000000	39.999908444	2170.939541489
50.500000000	39.999908444	2165.715820312
50.520000000	39.999908444	2165.715820312
50.540000000	39.999908444	2166.212027855
50.560000000	39.999908444	2171.429931641
50.580000000	39.999908444	2170.933449381
50.600000000	39.999908444	2165.715820312
50.620000000	39.999908444	2165.715820312
50.640000000	39.999908444	2165.715820312
50.660000000	39.999908444	2165.715820312
50.680000000	39.999908444	2165.715820312
50.700000000	39.999908444	2165.715820312
50.720000000	39.999908444	2165.715820312
50.740000000	39.999908444	2165.715820312
50.760000000	39.999908444	2165.715820312
50.780000000	39.999908444	2165.715820312
50.800000000	39.999908444	2165.715820312
50.820000000	39.999908444	2165.715820312
50.840000000	39.999908444	2165.715820312
50.860000000	39.999908444	2166.212064204
50.880000000	39.999908444	2171.429931641
50.900000000	39.999908444	2170.930667436
50.920000000	39.999908444	2165.715820312
50.940000000	39.999908444	2165.715820312
50.960000000	39.999908444	2165.715820312
50.980000000	39.999908444	2165.715820312
51.000000000	39.999908444	2165.715820312
51.020000000	39.999908444	2165.715820312
51.040000000	39.999908444	2165.715820312
51.060000000	39.999908444	2165.715820312
51.080000000	39.999908444	2165.715820312
51.100000000	39.999908444	2165.715820312
51.120000000	39.999908444	2165.715820312
51.140000000	39.999908444	2165.715820312
51.160000000	39.999908444	2165.715820312
51.180000000	39.999908444	2165.715820312
51.200000000	39.999908444	2165.715820312
51.220000000	39.999908444	2165.715820312
51.240000000	39.999908444	2165.715820312
51.260000000	39.999908444	2166.213235210
51.280000000	39.999908444	2171.429931641
51.300000000	39.999908444	2170.920349413
51.320000000	39.999908444	2165.715820312
51.340000000	39.999908444	2165.715820312
51.360000000	39.999908444	2165.715820312
51.380000000	39.999908444	2165.715820312
51.400000000	39.999908444	2165.715820312
51.420000000	39.999908444	2166.215789515
51.440000000	39.999908444	2171.429931641
51.460000000	39.999908444	2170.928026507
51.480000000	39.999908444	2165.715820312
51.500000000	39.999908444	2165.715820312
51.520000000	39.999908444	2165.715820312
51.540000000	39.999908444	2165.715820312
51.560000000	39.999908444	2165.715820312
51.580000000	39.999908444	2165.715820312
51.600000000	39.999908444	2165.715820312
51.620000000	39.999908444	2165.715820312
51.640000000	39.999908444	2165.715820312
51.660000000	39.999908444	2165.715820312
51.680000000	39.999908444	2165.197840544
51.700000000	39.999908444	2160.549090328
51.720000000	39.999908444	2165.715820312
51.740000000	39.999908444	2165.715820312
51.760000000	39.999908444	2165.715820312
51.780000000	39.999908444	2165.715820312
51.800000000	39.999908444	2165.715820312
51.820000000	39.999908444	2165.715820312
51.840000000	39.999908444	2165.715820312
51.860000000	39.999908444	2165.715820312
51.880000000	39.999908444	2165.715820312
51.900000000	39.999908444	2165.715820312
51.920000000	39.999908444	2165.715820312
51.940000000	39.999908444	2165.715820312
51.960000000	39.999908444	2165.715820312
51.980000000	39.999908444	2165.715820312
52.000000000	39.999908444	2165.715820312
52.020000000	39.999908444	2165.715820312
52.040000000	39.999908444	2165.715820312
52.060000000	39.999908444	2165.715820312
52.080000000	39.999908444	2165.715820312
52.100000000	39.999908444	2165.715820312
52.120000000	39.999908444	2165.715820312
52.140000000	39.999908444	2165.715820312
52.160000000	39.999908444	2165.715820312
52.180000000	39.999908444	2166.222545449
52.200000000	39.999908444	2170.923239987
52.220000000	39.999908444	2165.715820312
52.240000000	39.999908444	2165.715820312
52.260000000	39.999908444	2165.715820312
52.280000000	39.999908444	2165.715820312
52.300000000	39.999908444	2165.715820312
52.320000000	39.999908444	2165.715820312
52.340000000	39.999908444	2165.715820312
52.360000000	39.999908444	2165.715820312
52.380000000	39.999908444	2165.715820312
52.400000000	39.999908444	2165.715820312
52.420000000	39.999908444	2165.715820312
52.440000000	39.999908444	2165.715820312
52.460000000	39.999908444	2165.715820312
52.480000000	39.999908444	2166.225059370
52.500000000	39.999908444	2171.429931641
52.520000000	39.999908444	2170.922145240
52.540000000	39.999908444	2166.230021647
52.560000000	39.999908444	2171.429931641
52.580000000	39.999908444	2171.429931641
52.600000000	39.999908444	2171.429931641
52.620000000	39.999908444	2171.429931641
52.640000000	39.999908444	2171.429931641
52.660000000	39.999908444	2171.429931641
52.680000000	39.999908444	2170.922457806
52.700000000	39.999908444	2166.213925865
52.720000000	39.999908444	2171.429931641
52.740000000	39.999908444	2171.429931641
52.760000000	39.999908444	2171.429931641
52.780000000	39.999908444	2171.429931641
52.800000000	39.999908444	2170.931127180
52.820000000	39.999908444	2166.233588324
52.840000000	39.999908444	2171.429931641
52.860000000	39.999908444	2170.921808676
52.880000000	39.999908444	2165.715820312
52.900000000	39.999908444	2166.215214558
52.920000000	39.999908444	2171.429931641
52.940000000	39.999908444	2171.429931641
52.960000000	39.999908444	2171.429931641
52.980000000	39.999908444	2170.919370951
53.000000000	39.999908444	2165.715820312
53.020000000	39.999908444	2165.715820312
53.040000000	39.999908444	2166.225777024
53.060000000	39.999908444	2171.429931641
53.080000000	39.999908444	2170.930768519
53.100000000	39.999908444	2165.715820312
53.120000000	39.999908444	2166.225346308
53.140000000	39.999908444	2170.928872808
53.160000000	39.999908444	2165.715820312
53.180000000	39.999908444	2166.215227620
53.200000000	39.999908444	2170.928258931
53.220000000	39.999908444	2165.715820312
53.240000000	39.999908444	2166.216862136
53.260000000	39.999908444	2171.429931641
53.280000000	39.999908444	2171.429931641
53.300000000	39.999908444	2171.429931641
53.320000000	39.999908444	2171.429931641
53.340000000	39.999908444	2171.429931641
53.360000000	39.999908444	2171.429931641
53.380000000	39.999908444	2171.429931641
53.400000000	39.999908444	2171.429931641
53.420000000	39.999908444	2171.429931641
53.440000000	39.999908444	2171.429931641
53.460000000	39.999908444	2171.429931641
53.480000000	39.999908444	2171.429931641
53.500000000	39.999908444	2171.429931641
53.520000000	39.999908444	2171.429931641
53.540000000	39.999908444	2170.919379387
53.560000000	39.999908444	2165.715820312
53.580000000	39.999908444	2166.233759270
53.600000000	39.999908444	2171.429931641
53.620000000	39.999908444	2170.920024822
53.640000000	39.999908444	2166.225907375
53.660000000	39.999908444	2171.429931641
53.680000000	39.999908444	2170.924996742
53.700000000	39.999908444	2165.715820312
53.720000000	39.999908444	2165.715820312
53.740000000	39.999908444	2165.715820312
53.760000000	39.999908444	2165.715820312
53.780000000	39.999908444	2165.715820312
53.800000000	39.999908444	2166.221389563
53.820000000	39.999908444	2170.904590407
53.840000000	39.999908444	2165.715820312
53.860000000	39.999908444	2166.242971681
53.880000000	39.999908444	2171.429931641
53.900000000	39.999908444	2170.904620178
53.920000000	39.999908444	2165.715820312
53.940000000	39.999908444	2165.715820312
53.960000000	39.999908444	2166.235791731
53.980000000	39.999908444	2171.429931641
54.000000000	44.999511704	2171.429931641
54.020000000	44.999511704	2173.984632406
54.040000000	44.999511704	2202.566244632
54.060000000	44.999511704	2228.572753906
54.080000000	44.999511704	2231.680005591
54.100000000	44.999511704	2262.858398438
54.120000000	44.999511704	2265.944460316
54.140000000	44.999511704	2300.308798926
54.160000000	44.999511704	2331.429931641
54.180000000	44.999511704	2334.526960573
54.200000000	44.999511704	2368.290233383
54.220000000	44.999511704	2394.287109375
54.240000000	44.999511704	2397.386869690
54.260000000	44.999511704	2429.085517271
54.280000000	44.999511704	2434.287353516
54.300000000	44.999511704	2434.287353516
54.320000000	44.999511704	2434.287353516
54.340000000	44.999511704	2434.287353516
54.360000000	44.999511704	2434.287353516
54.380000000	44.999511704	2434.287353516
54.400000000	44.999511704	2434.287353516
54.420000000	44.999511704	2434.287353516
54.440000000	44.999511704	2434.287353516
54.460000000	44.999511704	2434.287353516
54.480000000	44.999511704	2433.770554863
54.500000000	44.999511704	2428.572998047
54.520000000	44.999511704	2429.081141263
54.540000000	44.999511704	2434.287353516
54.560000000	44.999511704	2434.287353516
54.580000000	44.999511704	2434.287353516
54.600000000	44.999511704	2434.287353516
54.620000000	44.999511704	2434.287353516
54.640000000	44.999511704	2434.287353516
54.660000000	44.999511704	2434.287353516
54.680000000	44.999511704	2434.287353516
54.700000000	44.999511704	2434.287353516
54.720000000	44.999511704	2434.287353516
54.740000000	44.999511704	2434.818713938
54.760000000	44.999511704	2439.480520239
54.780000000	44.999511704	2434.287353516
54.800000000	44.999511704	2434.287353516
54.820000000	44.999511704	2434.287353516
54.840000000	44.999511704	2434.287353516
54.860000000	44.999511704	2434.287353516
54.880000000	44.999511704	2434.287353516
54.900000000	44.999511704	2434.287353516
54.920000000	44.999511704	2434.287353516
54.940000000	44.999511704	2434.287353516
54.960000000	44.999511704	2434.287353516
54.980000000	44.999511704	2433.766838642
55.000000000	44.999511704	2428.572998047
55.020000000	44.999511704	2429.093632978
55.040000000	44.999511704	2434.287353516
55.060000000	44.999511704	2434.287353516
55.080000000	44.999511704	2434.287353516
55.100000000	44.999511704	2434.287353516
55.120000000	44.999511704	2433.768906620
55.140000000	44.999511704	2429.094299638
55.160000000	44.999511704	2434.287353516
55.180000000	44.999511704	2434.287353516
55.200000000	44.999511704	2434.287353516
55.220000000	44.999511704	2434.287353516
55.240000000	44.999511704	2434.820106853
55.260000000	44.999511704	2439.474454374
55.280000000	44.999511704	2434.287353516
55.300000000	44.999511704	2434.287353516
55.320000000	44.999511704	2434.287353516
55.340000000	44.999511704	2434.287353516
55.360000000	44.999511704	2434.811067499
55.380000000	44.999511704	2440.001708984
55.400000000	44.999511704	2439.472562125
55.420000000	44.999511704	2434.287353516
55.440000000	44.999511704	2434.287353516
55.460000000	44.999511704	2434.809412560
55.480000000	44.999511704	2439.488767699
55.500000000	44.999511704	2434.287353516
55.520000000	44.999511704	2434.287353516
55.540000000	44.999511704	2434.287353516
55.560000000	44.999511704	2434.287353516
55.580000000	44.999511704	2434.798933081
55.600000000	44.999511704	2440.001708984
55.620000000	44.999511704	2439.480635216
55.640000000	44.999511704	2434.287353516
55.660000000	44.999511704	2434.287353516
55.680000000	44.999511704	2434.800541159
55.700000000	44.999511704	2439.478422287
55.720000000	44.999511704	2434.287353516
55.740000000	44.999511704	2434.287353516
55.760000000	44.999511704	2434.811873974
55.780000000	44.999511704	2440.001708984
55.800000000	44.999511704	2440.001708984
55.820000000	44.999511704	2440.001708984
55.840000000	44.999511704	2440.001708984
55.860000000	44.999511704	2440.001708984
55.880000000	44.999511704	2440.001708984
55.900000000	44.999511704	2440.001708984
55.920000000	44.999511704	2440.001708984
55.940000000	44.999511704	2440.001708984
55.960000000	44.999511704	2440.001708984
55.980000000	44.999511704	2440.001708984
56.000000000	44.999511704	2440.001708984
56.020000000	44.999511704	2440.001708984
56.040000000	44.999511704	2440.001708984
56.060000000	44.999511704	2440.001708984
56.080000000	44.999511704	2439.474640817
56.100000000	44.999511704	2434.287353516
56.120000000	44.999511704	2434.801397531
56.140000000	44.999511704	2440.001708984
56.160000000	44.999511704	2440.001708984
56.180000000	44.999511704	2439.482198324
56.200000000	44.999511704	2434.859996207
56.220000000	44.999511704	2440.001708984
56.240000000	44.999511704	2440.001708984
56.260000000	44.999511704	2440.001708984
56.280000000	44.999511704	2440.001708984
56.300000000	44.999511704	2440.001708984
56.320000000	44.999511704	2440.529149671
56.340000000	44.999511704	2445.716064453
56.360000000	44.999511704	2445.191200839
56.380000000	44.999511704	2440.001708984
56.400000000	44.999511704	2440.001708984
56.420000000	44.999511704	2440.491643158
56.440000000	44.999511704	2445.716064453
56.460000000	44.999511704	2445.187178148
56.480000000	44.999511704	2440.001708984
56.500000000	44.999511704	2440.001708984
56.520000000	44.999511704	2440.001708984
56.540000000	44.999511704	2440.001708984
56.560000000	44.999511704	2440.001708984
56.580000000	44.999511704	2439.484153380
56.600000000	44.999511704	2434.287353516
56.620000000	44.999511704	2434.816140265
56.640000000	44.999511704	2440.001708984
56.660000000	44.999511704	2440.001708984
56.680000000	44.999511704	2439.465093949
56.700000000	44.999511704	2434.829355352
56.720000000	44.999511704	2440.001708984
56.740000000	44.999511704	2440.001708984
56.760000000	44.999511704	2439.469592252
56.780000000	44.999511704	2434.287353516
56.800000000	44.999511704	2434.827485107
56.820000000	44.999511704	2440.001708984
56.840000000	44.999511704	2440.001708984
56.860000000	44.999511704	2440.001708984
56.880000000	44.999511704	2440.001708984
56.900000000	44.999511704	2440.001708984
56.920000000	44.999511704	2440.001708984
56.940000000	44.999511704	2440.001708984
56.960000000	44.999511704	2439.472338097
56.980000000	44.999511704	2434.827907079
57.000000000	44.999511704	2440.001708984
57.020000000	44.999511704	2440.001708984
57.040000000	44.999511704	2439.469513377
57.060000000	44.999511704	2434.287353516
57.080000000	44.999511704	2434.828407193
57.100000000	44.999511704	2440.001708984
57.120000000	44.999511704	2439.461629453
57.140000000	44.999511704	2434.287353516
57.160000000	44.999511704	2434.287353516
57.180000000	44.999511704	2434.818833573
57.200000000	44.999511704	2440.001708984
57.220000000	44.999511704	2440.001708984
57.240000000	44.999511704	2439.468135692
57.260000000	44.999511704	2434.822057379
57.280000000	44.999511704	2440.001708984
57.300000000	44.999511704	2440.001708984
57.320000000	44.999511704	2439.469982132
57.340000000	44.999511704	2434.287353516
57.360000000	44.999511704	2434.813996412
57.380000000	44.999511704	2440.001708984
57.400000000	44.999511704	2440.001708984
57.420000000	44.999511704	2439.466895630
57.440000000	44.999511704	2434.287353516
57.460000000	44.999511704	2434.287353516
57.480000000	44.999511704	2434.820518909
57.500000000	44.999511704	2440.001708984
57.520000000	44.999511704	2439.466954077
57.540000000	44.999511704	2434.287353516
57.560000000	44.999511704	2434.287353516
57.580000000	44.999511704	2434.831831542
57.600000000	44.999511704	2440.001708984
57.620000000	44.999511704	2439.469007855
57.640000000	44.999511704	2434.287353516
57.660000000	44.999511704	2434.287353516
57.680000000	44.999511704	2434.829052773
57.700000000	44.999511704	2440.001708984
57.720000000	44.999511704	2440.001708984
57.740000000	44.999511704	2440.001708984
57.760000000	44.999511704	2440.001708984
57.780000000	44.999511704	2440.001708984
57.800000000	44.999511704	2440.001708984
57.820000000	44.999511704	2440.001708984
57.840000000	44.999511704	2440.001708984
57.860000000	44.999511704	2440.001708984
57.880000000	44.999511704	2440.001708984
57.900000000	44.999511704	2440.001708984
57.920000000	44.999511704	2440.001708984
57.940000000	44.999511704	2440.001708984
57.960000000	44.999511704	2440.001708984
57.980000000	44.999511704	2439.467059554
58.000000000	44.999511704	2434.287353516
58.020000000	44.999511704	2434.811255284
58.040000000	44.999511704	2440.001708984
58.060000000	44.999511704	2440.001708984
58.080000000	44.999511704	2439.469391160
58.100000000	44.999511704	2434.287353516
58.120000000	44.999511704	2434.832775515
58.140000000	44.999511704	2440.001708984
58.160000000	44.999511704	2440.001708984
58.180000000	44.999511704	2439.462911330
58.200000000	44.999511704	2434.825228735
58.220000000	44.999511704	2440.001708984
58.240000000	44.999511704	2440.001708984
58.260000000	44.999511704	2439.472044234
58.280000000	44.999511704	2434.287353516
58.300000000	44.999511704	2434.826138911
58.320000000	44.999511704	2440.001708984
58.340000000	44.999511704	2440.001708984
58.360000000	44.999511704	2439.418071144
58.380000000	44.999511704	2434.287353516
58.400000000	44.999511704	2434.871174917
58.420000000	44.999511704	2440.001708984
58.440000000	44.999511704	2440.001708984
58.460000000	44.999511704	2439.474316199
58.480000000	44.999511704	2434.817916657
58.500000000	44.999511704	2440.001708984
58.520000000	44.999511704	2440.001708984
58.540000000	44.999511704	2440.001708984
58.560000000	44.999511704	2440.001708984
58.580000000	44.999511704	2440.001708984
58.600000000	44.999511704	2440.001708984
58.620000000	44.999511704	2440.001708984
58.640000000	44.999511704	2440.001708984
58.660000000	44.999511704	2440.001708984
58.680000000	44.999511704	2440.001708984
58.700000000	44.999511704	2440.537502431
58.720000000	44.999511704	2445.716064453
58.740000000	44.999511704	2445.184999225
58.760000000	44.999511704	2440.548298799
58.780000000	44.999511704	2445.716064453
58.800000000	44.999511704	2445.174019510
58.820000000	44.999511704	2440.541756826
58.840000000	44.999511704	2445.716064453
58.860000000	44.999511704	2445.716064453
58.880000000	44.999511704	2445.716064453
58.900000000	44.999511704	2445.174488952
58.920000000	44.999511704	2440.543566427
58.940000000	44.999511704	2445.716064453
58.960000000	44.999511704	2445.166494917
58.980000000	44.999511704	2440.001708984
59.000000000	44.999511704	2440.001708984
59.020000000	44.999511704	2440.001708984
59.040000000	44.999511704	2440.001708984
59.060000000	44.999511704	2440.001708984
59.080000000	44.999511704	2439.459082458
59.100000000	44.999511704	2434.287353516
59.120000000	44.999511704	2434.831063702
59.140000000	44.999511704	2440.001708984
59.160000000	44.999511704	2440.001708984
59.180000000	44.999511704	2440.001708984
59.200000000	44.999511704	2440.001708984
59.220000000	44.999511704	2440.001708984
59.240000000	44.999511704	2440.001708984
59.260000000	44.999511704	2440.001708984
59.280000000	44.999511704	2440.001708984
59.300000000	44.999511704	2440.001708984
59.320000000	44.999511704	2440.001708984
59.340000000	44.999511704	2440.001708984
59.360000000	44.999511704	2440.001708984
59.380000000	44.999511704	2440.001708984
59.400000000	44.999511704	2440.001708984
59.420000000	44.999511704	2439.457523719
59.440000000	44.999511704	2434.287353516
59.460000000	44.999511704	2434.820904066
59.480000000	44.999511704	2440.001708984
59.500000000	44.999511704	2440.001708984
59.520000000	44.999511704	2439.450170003
59.540000000	44.999511704	2434.822491875
59.560000000	44.999511704	2440.001708984
59.580000000	44.999511704	2440.001708984
59.600000000	44.999511704	2440.001708984
59.620000000	44.999511704	2439.469819211
59.640000000	44.999511704	2434.820954961
59.660000000	44.999511704	2440.001708984
59.680000000	44.999511704	2440.001708984
59.700000000	44.999511704	2439.457973779
59.720000000	44.999511704	2434.287353516
59.740000000	44.999511704	2434.829815287
59.760000000	44.999511704	2440.001708984
59.780000000	44.999511704	2440.001708984
59.800000000	44.999511704	2440.001708984
59.820000000	44.999511704	2440.001708984
59.840000000	44.999511704	2440.001708984
59.860000000	44.999511704	2440.001708984
59.880000000	44.999511704	2440.001708984
59.900000000	44.999511704	2440.001708984
59.920000000	44.999511704	2440.001708984
59.940000000	44.999511704	2440.001708984
59.960000000	44.999511704	2440.001708984
59.980000000	44.999511704	2440.001708984
60.000000000	49.999114963	2440.001708984
60.020000000	49.999114963	2442.764711596
60.040000000	49.999114963	2471.258601625
60.060000000	49.999114963	2497.144287109
60.080000000	49.999114963	2500.497694755
60.100000000	49.999114963	2531.429931641
60.120000000	49.999114963	2534.776006280
60.140000000	49.999114963	2568.449724179
60.160000000	49.999114963	2594.286865234
60.180000000	49.999114963	2597.563664792
60.200000000	49.999114963	2632.346055371
60.220000000	49.999114963	2668.572509766
60.240000000	49.999114963	2671.262372630
60.260000000	49.999114963	2697.691540138
60.280000000	49.999114963	2702.857910156
60.300000000	49.999114963	2702.857910156
60.320000000	49.999114963	2702.857910156
60.340000000	49.999114963	2702.857910156
60.360000000	49.999114963	2702.857910156
60.380000000	49.999114963	2702.857910156
60.400000000	49.999114963	2702.857910156
60.420000000	49.999114963	2703.406235831
60.440000000	49.999114963	2708.572265625
60.460000000	49.999114963	2708.021947220
60.480000000	49.999114963	2702.857910156
60.500000000	49.999114963	2702.857910156
60.520000000	49.999114963	2702.857910156
60.540000000	49.999114963	2702.857910156
60.560000000	49.999114963	2702.857910156
60.580000000	49.999114963	2703.408671874
60.600000000	49.999114963	2708.572265625
60.620000000	49.999114963	2708.572265625
60.640000000	49.999114963	2708.572265625
60.660000000	49.999114963	2708.572265625
60.680000000	49.999114963	2708.021775028
60.700000000	49.999114963	2703.416725308
60.720000000	49.999114963	2708.572265625
60.740000000	49.999114963	2708.572265625
60.760000000	49.999114963	2708.572265625
60.780000000	49.999114963	2708.572265625
60.800000000	49.999114963	2708.572265625
60.820000000	49.999114963	2708.018714911
60.840000000	49.999114963	2702.857910156
60.860000000	49.999114963	2703.417916856
60.880000000	49.999114963	2708.572265625
60.900000000	49.999114963	2708.572265625
60.920000000	49.999114963	2708.572265625
60.940000000	49.999114963	2708.572265625
60.960000000	49.999114963	2708.572265625
60.980000000	49.999114963	2708.572265625
61.000000000	49.999114963	2708.572265625
61.020000000	49.999114963	2708.572265625
61.040000000	49.999114963	2709.126735165
61.060000000	49.999114963	2714.286621094
61.080000000	49.999114963	2714.286621094
61.100000000	49.999114963	2714.286621094
61.120000000	49.999114963	2714.286621094
61.140000000	49.999114963	2714.286621094
61.160000000	49.999114963	2714.286621094
61.180000000	49.999114963	2714.286621094
61.200000000	49.999114963	2714.286621094
61.220000000	49.999114963	2714.286621094
61.240000000	49.999114963	2714.286621094
61.260000000	49.999114963	2714.286621094
61.280000000	49.999114963	2714.286621094
61.300000000	49.999114963	2714.286621094
61.320000000	49.999114963	2714.286621094
61.340000000	49.999114963	2714.286621094
61.360000000	49.999114963	2713.734203415
61.380000000	49.999114963	2708.572265625
61.400000000	49.999114963	2709.126861026
61.420000000	49.999114963	2714.286621094
61.440000000	49.999114963	2714.286621094
61.460000000	49.999114963	2713.732343638
61.480000000	49.999114963	2709.118430939
61.500000000	49.999114963	2714.286621094
61.520000000	49.999114963	2714.286621094
61.540000000	49.999114963	2713.741042809
61.560000000	49.999114963	2708.572265625
61.580000000	49.999114963	2708.572265625
61.600000000	49.999114963	2708.572265625
61.620000000	49.999114963	2709.130003431
61.640000000	49.999114963	2713.713728909
61.660000000	49.999114963	2708.572265625
61.680000000	49.999114963	2708.572265625
61.700000000	49.999114963	2709.125765335
61.720000000	49.999114963	2714.286621094
61.740000000	49.999114963	2713.739436787
61.760000000	49.999114963	2708.572265625
61.780000000	49.999114963	2708.572265625
61.800000000	49.999114963	2709.129259471
61.820000000	49.999114963	2714.286621094
61.840000000	49.999114963	2714.286621094
61.860000000	49.999114963	2713.718373097
61.880000000	49.999114963	2708.572265625
61.900000000	49.999114963	2709.129295073
61.920000000	49.999114963	2714.286621094
61.940000000	49.999114963	2714.286621094
61.960000000	49.999114963	2713.732529479
61.980000000	49.999114963	2708.572265625
62.000000000	49.999114963	2708.572265625
62.020000000	49.999114963	2709.132006963
62.040000000	49.999114963	2713.717137345
62.060000000	49.999114963	2708.572265625
62.080000000	49.999114963	2709.142511658
62.100000000	49.999114963	2714.286621094
62.120000000	49.999114963	2714.286621094
62.140000000	49.999114963	2713.738992062
62.160000000	49.999114963	2708.572265625
62.180000000	49.999114963	2708.572265625
62.200000000	49.999114963	2709.135965059
62.220000000	49.999114963	2714.286621094
62.240000000	49.999114963	2714.286621094
62.260000000	49.999114963	2713.733115721
62.280000000	49.999114963	2708.572265625
62.300000000	49.999114963	2709.115784135
62.320000000	49.999114963	2713.758491150
62.340000000	49.999114963	2708.572265625
62.360000000	49.999114963	2708.572265625
62.380000000	49.999114963	2708.572265625
62.400000000	49.999114963	2708.572265625
62.420000000	49.999114963	2709.143331372
62.440000000	49.999114963	2714.286621094
62.460000000	49.999114963	2713.716697217
62.480000000	49.999114963	2708.572265625
62.500000000	49.999114963	2708.572265625
62.520000000	49.999114963	2709.140330482
62.540000000	49.999114963	2713.714570075
62.560000000	49.999114963	2708.572265625
62.580000000	49.999114963	2708.572265625
62.600000000	49.999114963	2708.572265625
62.620000000	49.999114963	2708.572265625
62.640000000	49.999114963	2709.125068802
62.660000000	49.999114963	2714.286621094
62.680000000	49.999114963	2713.713721776
62.700000000	49.999114963	2708.572265625
62.720000000	49.999114963	2708.572265625
62.740000000	49.999114963	2709.144499128
62.760000000	49.999114963	2713.724860624
62.780000000	49.999114963	2708.572265625
62.800000000	49.999114963	2708.572265625
62.820000000	49.999114963	2708.572265625
62.840000000	49.999114963	2708.572265625
62.860000000	49.999114963	2709.134778551
62.880000000	49.999114963	2714.286621094
62.900000000	49.999114963	2713.714060602
62.920000000	49.999114963	2708.572265625
62.940000000	49.999114963	2708.572265625
62.960000000	49.999114963	2709.124780062
62.980000000	49.999114963	2713.722875772
63.000000000	49.999114963	2708.572265625
63.020000000	49.999114963	2708.572265625
63.040000000	49.999114963	2708.572265625
63.060000000	49.999114963	2708.572265625
63.080000000	49.999114963	2709.135676195
63.100000000	49.999114963	2714.286621094
63.120000000	49.999114963	2713.709107793
63.140000000	49.999114963	2709.147477502
63.160000000	49.999114963	2714.286621094
63.180000000	49.999114963	2714.286621094
63.200000000	49.999114963	2713.729023024
63.220000000	49.999114963	2708.572265625
63.240000000	49.999114963	2709.147074726
63.260000000	49.999114963	2714.286621094
63.280000000	49.999114963	2714.286621094
63.300000000	49.999114963	2714.286621094
63.320000000	49.999114963	2714.286621094
63.340000000	49.999114963	2714.286621094
63.360000000	49.999114963	2714.286621094
63.380000000	49.999114963	2714.286621094
63.400000000	49.999114963	2713.726482881
63.420000000	49.999114963	2709.140442846
63.440000000	49.999114963	2714.286621094
63.460000000	49.999114963	2714.286621094
63.480000000	49.999114963	2713.710551754
63.500000000	49.999114963	2708.572265625
63.520000000	49.999114963	2709.138395340
63.540000000	49.999114963	2714.286621094
63.560000000	49.999114963	2714.286621094
63.580000000	49.999114963	2713.711171922
63.600000000	49.999114963	2708.572265625
63.620000000	49.999114963	2709.126178472
63.640000000	49.999114963	2714.286621094
63.660000000	49.999114963	2714.286621094
63.680000000	49.999114963	2714.286621094
63.700000000	49.999114963	2714.286621094
63.720000000	49.999114963	2714.286621094
63.740000000	49.999114963	2714.286621094
63.760000000	49.999114963	2714.286621094
63.780000000	49.999114963	2714.286621094
63.800000000	49.999114963	2714.286621094
63.820000000	49.999114963	2714.863496686
63.840000000	49.999114963	2720.000976562
63.860000000	49.999114963	2719.438951580
63.880000000	49.999114963	2714.286621094
63.900000000	49.999114963	2714.286621094
63.920000000	49.999114963	2714.286621094
63.940000000	49.999114963	2714.286621094
63.960000000	49.999114963	2714.286621094
63.980000000	49.999114963	2714.286621094
64.000000000	49.999114963	2714.286621094
64.020000000	49.999114963	2714.286621094
64.040000000	49.999114963	2714.286621094
64.060000000	49.999114963	2714.286621094
64.080000000	49.999114963	2713.717850469
64.100000000	49.999114963	2708.572265625
64.120000000	49.999114963	2709.142580122
64.140000000	49.999114963	2714.286621094
64.160000000	49.999114963	2714.286621094
64.180000000	49.999114963	2713.705430839
64.200000000	49.999114963	2708.572265625
64.220000000	49.999114963	2708.572265625
64.240000000	49.999114963	2709.134404334
64.260000000	49.999114963	2713.716342164
64.280000000	49.999114963	2708.572265625
64.300000000	49.999114963	2708.572265625
64.320000000	49.999114963	2709.142880884
64.340000000	49.999114963	2714.286621094
64.360000000	49.999114963	2713.716529973
64.380000000	49.999114963	2708.572265625
64.400000000	49.999114963	2708.572265625
64.420000000	49.999114963	2709.146223355
64.440000000	49.999114963	2714.286621094
64.460000000	49.999114963	2714.286621094
64.480000000	49.999114963	2713.705326663
64.500000000	49.999114963	2708.572265625
64.520000000	49.999114963	2709.146640572
64.540000000	49.999114963	2714.286621094
64.560000000	49.999114963	2714.286621094
64.580000000	49.999114963	2713.709756002
64.600000000	49.999114963	2708.572265625
64.620000000	49.999114963	2708.572265625
64.640000000	49.999114963	2709.146434909
64.660000000	49.999114963	2714.286621094
64.680000000	49.999114963	2713.712960203
64.700000000	49.999114963	2708.572265625
64.720000000	49.999114963	2708.572265625
64.740000000	49.999114963	2709.135072105
64.760000000	49.999114963	2713.723323613
64.780000000	49.999114963	2708.572265625
64.800000000	49.999114963	2708.572265625
64.820000000	49.999114963	2709.153636466
64.840000000	49.999114963	2714.286621094
64.860000000	49.999114963	2714.286621094
64.880000000	49.999114963	2714.286621094
64.900000000	49.999114963	2713.712801280
64.920000000	49.999114963	2709.135683515
64.940000000	49.999114963	2714.286621094
64.960000000	49.999114963	2714.286621094
64.980000000	49.999114963	2714.286621094
65.000000000	49.999114963	2714.286621094
65.020000000	49.999114963	2714.286621094
65.040000000	49.999114963	2714.286621094
65.060000000	49.999114963	2714.286621094
65.080000000	49.999114963	2714.286621094
65.100000000	49.999114963	2714.286621094
65.120000000	49.999114963	2714.286621094
65.140000000	49.999114963	2714.286621094
65.160000000	49.999114963	2714.286621094
65.180000000	49.999114963	2714.286621094
65.200000000	49.999114963	2714.286621094
65.220000000	49.999114963	2714.286621094
65.240000000	49.999114963	2713.708904806
65.260000000	49.999114963	2709.157845461
65.280000000	49.999114963	2714.286621094
65.300000000	49.999114963	2714.286621094
65.320000000	49.999114963	2713.699874492
65.340000000	49.999114963	2708.572265625
65.360000000	49.999114963	2709.149004142
65.380000000	49.999114963	2714.286621094
65.400000000	49.999114963	2714.286621094
65.420000000	49.999114963	2714.286621094
65.440000000	49.999114963	2714.286621094
65.460000000	49.999114963	2714.286621094
65.480000000	49.999114963	2714.286621094
65.500000000	49.999114963	2714.286621094
65.520000000	49.999114963	2714.286621094
65.540000000	49.999114963	2714.286621094
65.560000000	49.999114963	2714.286621094
65.580000000	49.999114963	2714.286621094
65.600000000	49.999114963	2714.286621094
65.620000000	49.999114963	2714.286621094
65.640000000	49.999114963	2714.286621094
65.660000000	49.999114963	2714.286621094
65.680000000	49.999114963	2713.704272262
65.700000000	49.999114963	2709.193881993
65.720000000	49.999114963	2714.286621094
65.740000000	49.999114963	2714.286621094
65.760000000	49.999114963	2713.698288471
65.780000000	49.999114963	2708.572265625
65.800000000	49.999114963	2709.162032382
65.820000000	49.999114963	2714.286621094
65.840000000	49.999114963	2714.286621094
65.860000000	49.999114963	2714.286621094
65.880000000	49.999114963	2714.286621094
65.900000000	49.999114963	2714.286621094
65.920000000	49.999114963	2714.286621094
65.940000000	49.999114963	2714.286621094
65.960000000	49.999114963	2714.286621094
65.980000000	49.999114963	2714.866220867
66.000000000	54.998718223	2720.000976562
66.020000000	54.998718223	2723.090073365
66.040000000	54.998718223	2751.466789813
66.060000000	54.998718223	2777.143798828
66.080000000	54.998718223	2780.705413525
66.100000000	54.998718223	2811.429443359
66.120000000	54.998718223	2814.350747002
66.140000000	54.998718223	2843.448799034
66.160000000	54.998718223	2874.286376953
66.180000000	54.998718223	2878.402126163
66.200000000	54.998718223	2917.135427870
66.220000000	54.998718223	2942.857666016
66.240000000	54.998718223	2945.770303373
66.260000000	54.998718223	2972.020478828
66.280000000	54.998718223	2977.143066406
66.300000000	54.998718223	2977.143066406
66.320000000	54.998718223	2977.735863851
66.340000000	54.998718223	2982.857421875
66.360000000	54.998718223	2982.857421875
66.380000000	54.998718223	2982.857421875
66.400000000	54.998718223	2982.857421875
66.420000000	54.998718223	2982.276502542
66.440000000	54.998718223	2977.143310547
66.460000000	54.998718223	2977.143285268
66.480000000	54.998718223	2977.725947014
66.500000000	54.998718223	2982.857421875
66.520000000	54.998718223	2982.857421875
66.540000000	54.998718223	2982.857421875
66.560000000	54.998718223	2982.857421875
66.580000000	54.998718223	2982.279053460
66.600000000	54.998718223	2977.143310547
66.620000000	54.998718223	2977.143285702
66.640000000	54.998718223	2977.717519272
66.660000000	54.998718223	2982.857421875
66.680000000	54.998718223	2982.857421875
66.700000000	54.998718223	2982.857421875
66.720000000	54.998718223	2982.857421875
66.740000000	54.998718223	2982.273550055
66.760000000	54.998718223	2977.728053105
66.780000000	54.998718223	2982.857421875
66.800000000	54.998718223	2982.857421875
66.820000000	54.998718223	2982.857421875
66.840000000	54.998718223	2982.857421875
66.860000000	54.998718223	2982.857421875
66.880000000	54.998718223	2982.857421875
66.900000000	54.998718223	2982.857421875
66.920000000	54.998718223	2982.857421875
66.940000000	54.998718223	2982.857421875
66.960000000	54.998718223	2982.857421875
66.980000000	54.998718223	2982.857421875
67.000000000	54.998718223	2982.857421875
67.020000000	54.998718223	2982.261698535
67.040000000	54.998718223	2977.143285109
67.060000000	54.998718223	2977.143066406
67.080000000	54.998718223	2977.143066406
67.100000000	54.998718223	2977.143066406
67.120000000	54.998718223	2977.729022863
67.140000000	54.998718223	2982.270277845
67.160000000	54.998718223	2977.143310547
67.180000000	54.998718223	2977.143285117
67.200000000	54.998718223	2977.143066406
67.220000000	54.998718223	2977.143066406
67.240000000	54.998718223	2977.143066406
67.260000000	54.998718223	2977.143066406
67.280000000	54.998718223	2977.143066406
67.300000000	54.998718223	2977.143066406
67.320000000	54.998718223	2977.143066406
67.340000000	54.998718223	2977.143066406
67.360000000	54.998718223	2977.143066406
67.380000000	54.998718223	2977.143066406
67.400000000	54.998718223	2977.143066406
67.420000000	54.998718223	2977.143066406
67.440000000	54.998718223	2977.143066406
67.460000000	54.998718223	2977.143066406
67.480000000	54.998718223	2977.143066406
67.500000000	54.998718223	2977.143066406
67.520000000	54.998718223	2977.731856743
67.540000000	54.998718223	2982.857421875
67.560000000	54.998718223	2982.857421875
67.580000000	54.998718223	2982.857421875
67.600000000	54.998718223	2982.857421875
67.620000000	54.998718223	2982.269431777
67.640000000	54.998718223	2977.143285478
67.660000000	54.998718223	2977.143066406
67.680000000	54.998718223	2977.732278858
67.700000000	54.998718223	2982.857421875
67.720000000	54.998718223	2982.857421875
67.740000000	54.998718223	2982.857421875
67.760000000	54.998718223	2982.857421875
67.780000000	54.998718223	2982.857421875
67.800000000	54.998718223	2982.857421875
67.820000000	54.998718223	2982.857421875
67.840000000	54.998718223	2982.857421875
67.860000000	54.998718223	2982.857421875
67.880000000	54.998718223	2982.857421875
67.900000000	54.998718223	2983.447145861
67.920000000	54.998718223	2987.992671881
67.940000000	54.998718223	2982.857666016
67.960000000	54.998718223	2983.457424548
67.980000000	54.998718223	2988.571777344
68.000000000	54.998718223	2988.571777344
68.020000000	54.998718223	2987.981433211
68.040000000	54.998718223	2982.857640257
68.060000000	54.998718223	2982.857421875
68.080000000	54.998718223	2983.447606726
68.100000000	54.998718223	2988.571777344
68.120000000	54.998718223	2988.571777344
68.140000000	54.998718223	2987.978752112
68.160000000	54.998718223	2982.857666016
68.180000000	54.998718223	2983.448100112
68.200000000	54.998718223	2987.979996289
68.220000000	54.998718223	2982.857666016
68.240000000	54.998718223	2982.857640729
68.260000000	54.998718223	2983.444705795
68.280000000	54.998718223	2988.571777344
68.300000000	54.998718223	2988.571777344
68.320000000	54.998718223	2987.989946174
68.340000000	54.998718223	2982.857666016
68.360000000	54.998718223	2983.408587737
68.380000000	54.998718223	2988.571777344
68.400000000	54.998718223	2988.571777344
68.420000000	54.998718223	2988.571777344
68.440000000	54.998718223	2988.571777344
68.460000000	54.998718223	2988.571777344
68.480000000	54.998718223	2989.165715503
68.500000000	54.998718223	2994.286132812
68.520000000	54.998718223	2993.692278201
68.540000000	54.998718223	2989.165276057
68.560000000	54.998718223	2994.286132812
68.580000000	54.998718223	2994.286132812
68.600000000	54.998718223	2994.286132812
68.620000000	54.998718223	2993.701661907
68.640000000	54.998718223	2988.571995991
68.660000000	54.998718223	2988.571777344
68.680000000	54.998718223	2987.977952591
68.700000000	54.998718223	2983.448899615
68.720000000	54.998718223	2988.571777344
68.740000000	54.998718223	2987.967609777
68.760000000	54.998718223	2982.857640110
68.780000000	54.998718223	2982.857421875
68.800000000	54.998718223	2982.857421875
68.820000000	54.998718223	2982.857421875
68.840000000	54.998718223	2982.857421875
68.860000000	54.998718223	2982.857421875
68.880000000	54.998718223	2982.857421875
68.900000000	54.998718223	2983.496976985
68.920000000	54.998718223	2988.571777344
68.940000000	54.998718223	2988.571777344
68.960000000	54.998718223	2987.966652900
68.980000000	54.998718223	2982.857640675
69.000000000	54.998718223	2982.857421875
69.020000000	54.998718223	2983.449320568
69.040000000	54.998718223	2987.974715363
69.060000000	54.998718223	2982.857666016
69.080000000	54.998718223	2982.857640208
69.100000000	54.998718223	2982.857421875
69.120000000	54.998718223	2982.857421875
69.140000000	54.998718223	2982.857421875
69.160000000	54.998718223	2982.857421875
69.180000000	54.998718223	2982.857421875
69.200000000	54.998718223	2982.857421875
69.220000000	54.998718223	2982.857421875
69.240000000	54.998718223	2982.857421875
69.260000000	54.998718223	2982.857421875
69.280000000	54.998718223	2982.857421875
69.300000000	54.998718223	2982.857421875
69.320000000	54.998718223	2982.857421875
69.340000000	54.998718223	2982.857421875
69.360000000	54.998718223	2982.857421875
69.380000000	54.998718223	2982.857421875
69.400000000	54.998718223	2982.857421875
69.420000000	54.998718223	2982.857421875
69.440000000	54.998718223	2982.857421875
69.460000000	54.998718223	2982.857421875
69.480000000	54.998718223	2982.857421875
69.500000000	54.998718223	2982.857421875
69.520000000	54.998718223	2982.249283916
69.540000000	54.998718223	2977.738999350
69.560000000	54.998718223	2982.857421875
69.580000000	54.998718223	2982.857421875
69.600000000	54.998718223	2982.857421875
69.620000000	54.998718223	2982.857421875
69.640000000	54.998718223	2982.265131325
69.660000000	54.998718223	2977.143310547
69.680000000	54.998718223	2977.750712118
69.700000000	54.998718223	2982.857421875
69.720000000	54.998718223	2982.857421875
69.740000000	54.998718223	2982.857421875
69.760000000	54.998718223	2982.857421875
69.780000000	54.998718223	2982.857421875
69.800000000	54.998718223	2982.857421875
69.820000000	54.998718223	2982.857421875
69.840000000	54.998718223	2982.857421875
69.860000000	54.998718223	2982.857421875
69.880000000	54.998718223	2982.857421875
69.900000000	54.998718223	2982.857421875
69.920000000	54.998718223	2982.857421875
69.940000000	54.998718223	2982.857421875
69.960000000	54.998718223	2982.857421875
69.980000000	54.998718223	2982.857421875
70.000000000	54.998718223	2982.857421875
70.020000000	54.998718223	2982.857421875
70.040000000	54.998718223	2982.857421875
70.060000000	54.998718223	2982.857421875
70.080000000	54.998718223	2982.857421875
70.100000000	54.998718223	2982.857421875
70.120000000	54.998718223	2982.857421875
70.140000000	54.998718223	2983.468639842
70.160000000	54.998718223	2988.571777344
70.180000000	54.998718223	2987.959090786
70.200000000	54.998718223	2982.857640110
70.220000000	54.998718223	2982.857421875
70.240000000	54.998718223	2983.469208210
70.260000000	54.998718223	2988.571777344
70.280000000	54.998718223	2988.571777344
70.300000000	54.998718223	2988.571777344
70.320000000	54.998718223	2988.571777344
70.340000000	54.998718223	2988.571777344
70.360000000	54.998718223	2989.173528016
70.380000000	54.998718223	2994.286132812
70.400000000	54.998718223	2993.692599243
70.420000000	54.998718223	2989.167685160
70.440000000	54.998718223	2994.286132812
70.460000000	54.998718223	2994.286132812
70.480000000	54.998718223	2993.684367699
70.500000000	54.998718223	2988.572021484
70.520000000	54.998718223	2989.166993087
70.540000000	54.998718223	2993.672052358
70.560000000	54.998718223	2988.572021484
70.580000000	54.998718223	2988.571995820
70.600000000	54.998718223	2988.571777344
70.620000000	54.998718223	2988.571777344
70.640000000	54.998718223	2988.571777344
70.660000000	54.998718223	2988.571777344
70.680000000	54.998718223	2988.571777344
70.700000000	54.998718223	2988.571777344
70.720000000	54.998718223	2988.571777344
70.740000000	54.998718223	2988.571777344
70.760000000	54.998718223	2988.571777344
70.780000000	54.998718223	2988.571777344
70.800000000	54.998718223	2988.571777344
70.820000000	54.998718223	2989.177019535
70.840000000	54.998718223	2994.286132812
70.860000000	54.998718223	2993.681551511
70.880000000	54.998718223	2988.572021484
70.900000000	54.998718223	2988.571996028
70.920000000	54.998718223	2988.571777344
70.940000000	54.998718223	2988.571777344
70.960000000	54.998718223	2988.571777344
70.980000000	54.998718223	2988.571777344
71.000000000	54.998718223	2988.571777344
71.020000000	54.998718223	2988.571777344
71.040000000	54.998718223	2988.571777344
71.060000000	54.998718223	2988.571777344
71.080000000	54.998718223	2987.974557728
71.100000000	54.998718223	2982.857666016
71.120000000	54.998718223	2983.475396266
71.140000000	54.998718223	2988.571777344
71.160000000	54.998718223	2988.571777344
71.180000000	54.998718223	2987.964727743
71.200000000	54.998718223	2983.450573224
71.220000000	54.998718223	2988.571777344
71.240000000	54.998718223	2988.571777344
71.260000000	54.998718223	2988.571777344
71.280000000	54.998718223	2988.571777344
71.300000000	54.998718223	2988.571777344
71.320000000	54.998718223	2988.571777344
71.340000000	54.998718223	2988.571777344
71.360000000	54.998718223	2987.984299508
71.380000000	54.998718223	2982.857666016
71.400000000	54.998718223	2983.466814530
71.420000000	54.998718223	2988.571777344
71.440000000	54.998718223	2988.571777344
71.460000000	54.998718223	2987.951925978
71.480000000	54.998718223	2983.475837871
71.500000000	54.998718223	2988.571777344
71.520000000	54.998718223	2987.916494660
71.540000000	54.998718223	2982.857639589
71.560000000	54.998718223	2982.857421875
71.580000000	54.998718223	2983.470902164
71.600000000	54.998718223	2988.571777344
71.620000000	54.998718223	2988.571777344
71.640000000	54.998718223	2987.973658707
71.660000000	54.998718223	2982.857666016
71.680000000	54.998718223	2982.857640075
71.700000000	54.998718223	2983.467266289
71.720000000	54.998718223	2988.571777344
71.740000000	54.998718223	2987.959721345
71.760000000	54.998718223	2982.857639583
71.780000000	54.998718223	2982.857421875
71.800000000	54.998718223	2982.857421875
71.820000000	54.998718223	2982.857421875
71.840000000	54.998718223	2982.857421875
71.860000000	54.998718223	2982.857421875
71.880000000	54.998718223	2982.857421875
71.900000000	54.998718223	2982.857421875
71.920000000	54.998718223	2982.857421875
71.940000000	54.998718223	2982.857421875
71.960000000	54.998718223	2982.235758065
71.980000000	54.998718223	2977.762403636
72.000000000	59.998321482	2982.857421875
72.020000000	59.998321482	2985.975959997
72.040000000	59.998321482	3014.518265993
72.060000000	59.998321482	3040.000000000
72.080000000	59.998321482	3043.052738845
72.100000000	59.998321482	3068.571533203
72.120000000	59.998321482	3072.194901128
72.140000000	59.998321482	3106.584223854
72.160000000	59.998321482	3137.143066406
72.180000000	59.998321482	3140.829185797
72.200000000	59.998321482	3175.168513610
72.220000000	59.998321482	3205.714355469
72.240000000	59.998321482	3208.779605737
72.260000000	59.998321482	3234.897842533
72.280000000	59.998321482	3240.000244141
72.300000000	59.998321482	3241.225018445
72.320000000	59.998321482	3251.428710938
72.340000000	59.998321482	3251.428710938
72.360000000	59.998321482	3251.428710938
72.380000000	59.998321482	3251.428710938
72.400000000	59.998321482	3251.428710938
72.420000000	59.998321482	3251.428710938
72.440000000	59.998321482	3251.428710938
72.460000000	59.998321482	3252.043547240
72.480000000	59.998321482	3257.143066406
72.500000000	59.998321482	3257.143066406
72.520000000	59.998321482	3257.143066406
72.540000000	59.998321482	3256.519250740
72.560000000	59.998321482	3251.428710938
72.580000000	59.998321482	3252.051226645
72.600000000	59.998321482	3257.143066406
72.620000000	59.998321482	3257.143066406
72.640000000	59.998321482	3257.143066406
72.660000000	59.998321482	3257.143066406
72.680000000	59.998321482	3257.768637237
72.700000000	59.998321482	3262.242471529
72.720000000	59.998321482	3257.143066406
72.740000000	59.998321482	3257.143066406
72.760000000	59.998321482	3257.767763628
72.780000000	59.998321482	3262.857421875
72.800000000	59.998321482	3262.857421875
72.820000000	59.998321482	3262.242513370
72.840000000	59.998321482	3257.143066406
72.860000000	59.998321482	3257.143066406
72.880000000	59.998321482	3257.143066406
72.900000000	59.998321482	3257.758941570
72.920000000	59.998321482	3262.244411765
72.940000000	59.998321482	3257.143066406
72.960000000	59.998321482	3257.143066406
72.980000000	59.998321482	3257.143066406
73.000000000	59.998321482	3257.143066406
73.020000000	59.998321482	3257.143066406
73.040000000	59.998321482	3257.143066406
73.060000000	59.998321482	3257.143066406
73.080000000	59.998321482	3257.143066406
73.100000000	59.998321482	3257.143066406
73.120000000	59.998321482	3257.143066406
73.140000000	59.998321482	3257.143066406
73.160000000	59.998321482	3257.143066406
73.180000000	59.998321482	3257.143066406
73.200000000	59.998321482	3257.143066406
73.220000000	59.998321482	3257.143066406
73.240000000	59.998321482	3257.143066406
73.260000000	59.998321482	3256.528744747
73.280000000	59.998321482	3251.428710938
73.300000000	59.998321482	3252.039214184
73.320000000	59.998321482	3256.512632800
73.340000000	59.998321482	3251.428710938
73.360000000	59.998321482	3252.048807505
73.380000000	59.998321482	3257.143066406
73.400000000	59.998321482	3256.526242873
73.420000000	59.998321482	3251.428710938
73.440000000	59.998321482	3251.428710938
73.460000000	59.998321482	3251.428710938
73.480000000	59.998321482	3251.428710938
73.500000000	59.998321482	3251.428710938
73.520000000	59.998321482	3251.428710938
73.540000000	59.998321482	3250.797055299
73.560000000	59.998321482	3245.714355469
73.580000000	59.998321482	3246.333387416
73.600000000	59.998321482	3251.428710938
73.620000000	59.998321482	3250.796832643
73.640000000	59.998321482	3245.714355469
73.660000000	59.998321482	3245.714355469
73.680000000	59.998321482	3245.714355469
73.700000000	59.998321482	3245.714355469
73.720000000	59.998321482	3245.714355469
73.740000000	59.998321482	3245.714355469
73.760000000	59.998321482	3245.714355469
73.780000000	59.998321482	3245.714355469
73.800000000	59.998321482	3245.714355469
73.820000000	59.998321482	3245.714355469
73.840000000	59.998321482	3245.714355469
73.860000000	59.998321482	3245.714355469
73.880000000	59.998321482	3245.714355469
73.900000000	59.998321482	3245.714355469
73.920000000	59.998321482	3245.714355469
73.940000000	59.998321482	3245.714355469
73.960000000	59.998321482	3246.344715313
73.980000000	59.998321482	3251.428710938
74.000000000	59.998321482	3251.428710938
74.020000000	59.998321482	3251.428710938
74.040000000	59.998321482	3251.428710938
74.060000000	59.998321482	3251.428710938
74.080000000	59.998321482	3251.428710938
74.100000000	59.998321482	3251.428710938
74.120000000	59.998321482	3251.428710938
74.140000000	59.998321482	3251.428710938
74.160000000	59.998321482	3251.428710938
74.180000000	59.998321482	3251.428710938
74.200000000	59.998321482	3250.816707574
74.220000000	59.998321482	3245.714355469
74.240000000	59.998321482	3245.714355469
74.260000000	59.998321482	3246.335175946
74.280000000	59.998321482	3251.428710938
74.300000000	59.998321482	3251.428710938
74.320000000	59.998321482	3251.428710938
74.340000000	59.998321482	3251.428710938
74.360000000	59.998321482	3251.428710938
74.380000000	59.998321482	3251.428710938
74.400000000	59.998321482	3252.052952217
74.420000000	59.998321482	3257.143066406
74.440000000	59.998321482	3257.143066406
74.460000000	59.998321482	3257.143066406
74.480000000	59.998321482	3257.776645484
74.500000000	59.998321482	3262.857421875
74.520000000	59.998321482	3262.224556328
74.540000000	59.998321482	3257.143066406
74.560000000	59.998321482	3257.143066406
74.580000000	59.998321482	3257.766995175
74.600000000	59.998321482	3262.857421875
74.620000000	59.998321482	3262.857421875
74.640000000	59.998321482	3262.233841565
74.660000000	59.998321482	3257.143066406
74.680000000	59.998321482	3257.764455593
74.700000000	59.998321482	3262.857421875
74.720000000	59.998321482	3262.857421875
74.740000000	59.998321482	3262.231471997
74.760000000	59.998321482	3257.767337054
74.780000000	59.998321482	3262.857421875
74.800000000	59.998321482	3262.857421875
74.820000000	59.998321482	3262.231029441
74.840000000	59.998321482	3257.143066406
74.860000000	59.998321482	3257.771317850
74.880000000	59.998321482	3262.857421875
74.900000000	59.998321482	3262.857421875
74.920000000	59.998321482	3262.221823739
74.940000000	59.998321482	3257.143066406
74.960000000	59.998321482	3257.777709794
74.980000000	59.998321482	3263.482415683
75.000000000	59.998321482	3268.571777344
75.020000000	59.998321482	3267.945677875
75.040000000	59.998321482	3262.857421875
75.060000000	59.998321482	3262.857421875
75.080000000	59.998321482	3263.495730865
75.100000000	59.998321482	3268.571777344
75.120000000	59.998321482	3267.950589687
75.140000000	59.998321482	3262.857421875
75.160000000	59.998321482	3262.857421875
75.180000000	59.998321482	3263.483550530
75.200000000	59.998321482	3267.955028448
75.220000000	59.998321482	3262.857421875
75.240000000	59.998321482	3262.227009101
75.260000000	59.998321482	3257.143066406
75.280000000	59.998321482	3257.143066406
75.300000000	59.998321482	3257.143066406
75.320000000	59.998321482	3257.143066406
75.340000000	59.998321482	3257.143066406
75.360000000	59.998321482	3257.143066406
75.380000000	59.998321482	3257.143066406
75.400000000	59.998321482	3257.143066406
75.420000000	59.998321482	3256.504654154
75.440000000	59.998321482	3251.428710938
75.460000000	59.998321482	3251.428710938
75.480000000	59.998321482	3251.428710938
75.500000000	59.998321482	3251.428710938
75.520000000	59.998321482	3252.059898613
75.540000000	59.998321482	3257.143066406
75.560000000	59.998321482	3257.143066406
75.580000000	59.998321482	3256.502269075
75.600000000	59.998321482	3251.428710938
75.620000000	59.998321482	3251.428710938
75.640000000	59.998321482	3251.428710938
75.660000000	59.998321482	3251.428710938
75.680000000	59.998321482	3251.428710938
75.700000000	59.998321482	3251.428710938
75.720000000	59.998321482	3251.428710938
75.740000000	59.998321482	3251.428710938
75.760000000	59.998321482	3250.786255186
75.780000000	59.998321482	3245.714355469
75.800000000	59.998321482	3245.714355469
75.820000000	59.998321482	3246.336057684
75.840000000	59.998321482	3251.428710938
75.860000000	59.998321482	3251.428710938
75.880000000	59.998321482	3251.428710938
75.900000000	59.998321482	3251.428710938
75.920000000	59.998321482	3251.428710938
75.940000000	59.998321482	3251.428710938
75.960000000	59.998321482	3251.428710938
75.980000000	59.998321482	3251.428710938
76.000000000	59.998321482	3251.428710938
76.020000000	59.998321482	3251.428710938
76.040000000	59.998321482	3252.062203154
76.060000000	59.998321482	3257.143066406
76.080000000	59.998321482	3256.519378785
76.100000000	59.998321482	3251.428710938
76.120000000	59.998321482	3251.428710938
76.140000000	59.998321482	3251.428710938
76.160000000	59.998321482	3251.428710938
76.180000000	59.998321482	3251.428710938
76.200000000	59.998321482	3251.428710938
76.220000000	59.998321482	3251.428710938
76.240000000	59.998321482	3252.072186322
76.260000000	59.998321482	3257.143066406
76.280000000	59.998321482	3257.143066406
76.300000000	59.998321482	3256.511224569
76.320000000	59.998321482	3251.428710938
76.340000000	59.998321482	3251.428710938
76.360000000	59.998321482	3252.073583897
76.380000000	59.998321482	3257.143066406
76.400000000	59.998321482	3257.143066406
76.420000000	59.998321482	3257.143066406
76.440000000	59.998321482	3257.143066406
76.460000000	59.998321482	3257.780324799
76.480000000	59.998321482	3262.213438056
76.500000000	59.998321482	3257.143066406
76.520000000	59.998321482	3257.143066406
76.540000000	59.998321482	3257.769941849
76.560000000	59.998321482	3262.857421875
76.580000000	59.998321482	3262.857421875
76.600000000	59.998321482	3262.857421875
76.620000000	59.998321482	3262.220314007
76.640000000	59.998321482	3257.778288017
76.660000000	59.998321482	3262.857421875
76.680000000	59.998321482	3262.857421875
76.700000000	59.998321482	3262.229941136
76.720000000	59.998321482	3257.143066406
76.740000000	59.998321482	3257.143066406
76.760000000	59.998321482	3257.778562027
76.780000000	59.998321482	3262.857421875
76.800000000	59.998321482	3262.230338935
76.820000000	59.998321482	3257.779069451
76.840000000	59.998321482	3262.857421875
76.860000000	59.998321482	3262.857421875
76.880000000	59.998321482	3262.857421875
76.900000000	59.998321482	3262.232834838
76.920000000	59.998321482	3257.753868883
76.940000000	59.998321482	3262.857421875
76.960000000	59.998321482	3262.857421875
76.980000000	59.998321482	3263.484764588
77.000000000	59.998321482	3268.571777344
77.020000000	59.998321482	3267.947045501
77.040000000	59.998321482	3262.857421875
77.060000000	59.998321482	3262.857421875
77.080000000	59.998321482	3262.857421875
77.100000000	59.998321482	3262.857421875
77.120000000	59.998321482	3262.857421875
77.140000000	59.998321482	3262.857421875
77.160000000	59.998321482	3262.857421875
77.180000000	59.998321482	3262.857421875
77.200000000	59.998321482	3262.857421875
77.220000000	59.998321482	3262.857421875
77.240000000	59.998321482	3262.231151976
77.260000000	59.998321482	3257.781512080
77.280000000	59.998321482	3262.857421875
77.300000000	59.998321482	3262.857421875
77.320000000	59.998321482	3262.208575065
77.340000000	59.998321482	3257.143066406
77.360000000	59.998321482	3257.793934591
77.380000000	59.998321482	3262.857421875
77.400000000	59.998321482	3262.857421875
77.420000000	59.998321482	3262.216412111
77.440000000	59.998321482	3257.143066406
77.460000000	59.998321482	3257.143066406
77.480000000	59.998321482	3257.783355102
77.500000000	59.998321482	3262.857421875
77.520000000	59.998321482	3262.215361575
77.540000000	59.998321482	3257.143066406
77.560000000	59.998321482	3257.143066406
77.580000000	59.998321482	3257.143066406
77.600000000	59.998321482	3257.143066406
77.620000000	59.998321482	3257.143066406
77.640000000	59.998321482	3257.143066406
77.660000000	59.998321482	3257.143066406
77.680000000	59.998321482	3257.143066406
77.700000000	59.998321482	3257.143066406
77.720000000	59.998321482	3257.143066406
77.740000000	59.998321482	3257.143066406
77.760000000	59.998321482	3257.143066406
77.780000000	59.998321482	3257.143066406
77.800000000	59.998321482	3257.143066406
77.820000000	59.998321482	3257.143066406
77.840000000	59.998321482	3257.143066406
77.860000000	59.998321482	3256.502893274
77.880000000	59.998321482	3251.428710938
77.900000000	59.998321482	3251.428710938
77.920000000	59.998321482	3252.060330010
77.940000000	59.998321482	3257.143066406
77.960000000	59.998321482	3257.143066406
77.980000000	59.998321482	3257.143066406
78.000000000	64.997924741	3257.143066406
78.020000000	64.997924741	3259.686918696
78.040000000	64.997924741	3283.860570742
78.060000000	64.997924741	3314.285888672
78.080000000	64.997924741	3318.148883733
78.100000000	64.997924741	3348.571533203
78.120000000	64.997924741	3352.440231551
78.140000000	64.997924741	3386.701241896
78.160000000	64.997924741	3417.142822266
78.180000000	64.997924741	3420.363111390
78.200000000	64.997924741	3449.519872408
78.220000000	64.997924741	3480.000000000
78.240000000	64.997924741	3483.232269472
78.260000000	64.997924741	3509.863253410
78.280000000	64.997924741	3519.999755859
78.300000000	64.997924741	3519.999755859
78.320000000	64.997924741	3519.999755859
78.340000000	64.997924741	3519.999755859
78.360000000	64.997924741	3519.999755859
78.380000000	64.997924741	3519.999755859
78.400000000	64.997924741	3519.999755859
78.420000000	64.997924741	3519.999755859
78.440000000	64.997924741	3519.999755859
78.460000000	64.997924741	3519.999755859
78.480000000	64.997924741	3519.999755859
78.500000000	64.997924741	3519.999755859
78.520000000	64.997924741	3520.655426425
78.540000000	64.997924741	3525.714111328
78.560000000	64.997924741	3525.714111328
78.580000000	64.997924741	3525.714111328
78.600000000	64.997924741	3525.714111328
78.620000000	64.997924741	3525.714111328
78.640000000	64.997924741	3525.714111328
78.660000000	64.997924741	3525.714111328
78.680000000	64.997924741	3525.714111328
78.700000000	64.997924741	3526.362775177
78.720000000	64.997924741	3531.428466797
78.740000000	64.997924741	3531.428466797
78.760000000	64.997924741	3530.780694534
78.780000000	64.997924741	3525.714111328
78.800000000	64.997924741	3525.714111328
78.820000000	64.997924741	3526.362605724
78.840000000	64.997924741	3531.428466797
78.860000000	64.997924741	3531.428466797
78.880000000	64.997924741	3531.428466797
78.900000000	64.997924741	3531.428466797
78.920000000	64.997924741	3531.428466797
78.940000000	64.997924741	3531.428466797
78.960000000	64.997924741	3530.779746828
78.980000000	64.997924741	3526.362568641
79.000000000	64.997924741	3531.428466797
79.020000000	64.997924741	3531.428466797
79.040000000	64.997924741	3531.428466797
79.060000000	64.997924741	3531.428466797
79.080000000	64.997924741	3530.789817962
79.100000000	64.997924741	3525.714111328
79.120000000	64.997924741	3525.714111328
79.140000000	64.997924741	3526.362813602
79.160000000	64.997924741	3531.428466797
79.180000000	64.997924741	3531.428466797
79.200000000	64.997924741	3531.428466797
79.220000000	64.997924741	3531.428466797
79.240000000	64.997924741	3530.778529692
79.260000000	64.997924741	3525.714111328
79.280000000	64.997924741	3525.714111328
79.300000000	64.997924741	3526.354307548
79.320000000	64.997924741	3531.428466797
79.340000000	64.997924741	3531.428466797
79.360000000	64.997924741	3531.428466797
79.380000000	64.997924741	3531.428466797
79.400000000	64.997924741	3530.776936194
79.420000000	64.997924741	3525.714111328
79.440000000	64.997924741	3525.714111328
79.460000000	64.997924741	3526.363435101
79.480000000	64.997924741	3531.428466797
79.500000000	64.997924741	3531.428466797
79.520000000	64.997924741	3531.428466797
79.540000000	64.997924741	3530.772537051
79.560000000	64.997924741	3525.714111328
79.580000000	64.997924741	3525.714111328
79.600000000	64.997924741	3525.714111328
79.620000000	64.997924741	3525.714111328
79.640000000	64.997924741	3525.714111328
79.660000000	64.997924741	3525.714111328
79.680000000	64.997924741	3525.714111328
79.700000000	64.997924741	3525.061390726
79.720000000	64.997924741	3519.999755859
79.740000000	64.997924741	3519.999755859
79.760000000	64.997924741	3519.999755859
79.780000000	64.997924741	3519.999755859
79.800000000	64.997924741	3519.999755859
79.820000000	64.997924741	3519.999755859
79.840000000	64.997924741	3519.999755859
79.860000000	64.997924741	3519.999755859
79.880000000	64.997924741	3519.999755859
79.900000000	64.997924741	3519.999755859
79.920000000	64.997924741	3519.999755859
79.940000000	64.997924741	3519.999755859
79.960000000	64.997924741	3519.999755859
79.980000000	64.997924741	3519.999755859
80.000000000	64.997924741	3519.999755859
80.020000000	64.997924741	3519.999755859
80.040000000	64.997924741	3519.999755859
80.060000000	64.997924741	3519.999755859
80.080000000	64.997924741	3519.999755859
80.100000000	64.997924741	3519.999755859
80.120000000	64.997924741	3520.657940637
80.140000000	64.997924741	3525.714111328
80.160000000	64.997924741	3525.714111328
80.180000000	64.997924741	3525.714111328
80.200000000	64.997924741	3525.714111328
80.220000000	64.997924741	3525.714111328
80.240000000	64.997924741	3525.714111328
80.260000000	64.997924741	3526.360615504
80.280000000	64.997924741	3531.428466797
80.300000000	64.997924741	3531.428466797
80.320000000	64.997924741	3531.428466797
80.340000000	64.997924741	3531.428466797
80.360000000	64.997924741	3530.802100444
80.380000000	64.997924741	3525.714111328
80.400000000	64.997924741	3525.714111328
80.420000000	64.997924741	3526.375971109
80.440000000	64.997924741	3531.428466797
80.460000000	64.997924741	3531.428466797
80.480000000	64.997924741	3531.428466797
80.500000000	64.997924741	3531.428466797
80.520000000	64.997924741	3530.776838601
80.540000000	64.997924741	3526.371683726
80.560000000	64.997924741	3531.428466797
80.580000000	64.997924741	3531.428466797
80.600000000	64.997924741	3531.428466797
80.620000000	64.997924741	3531.428466797
80.640000000	64.997924741	3531.428466797
80.660000000	64.997924741	3531.428466797
80.680000000	64.997924741	3531.428466797
80.700000000	64.997924741	3531.428466797
80.720000000	64.997924741	3531.428466797
80.740000000	64.997924741	3531.428466797
80.760000000	64.997924741	3531.428466797
80.780000000	64.997924741	3531.428466797
80.800000000	64.997924741	3530.758477083
80.820000000	64.997924741	3526.380971990
80.840000000	64.997924741	3531.428466797
80.860000000	64.997924741	3531.428466797
80.880000000	64.997924741	3531.428466797
80.900000000	64.997924741	3531.428466797
80.920000000	64.997924741	3530.725651406
80.940000000	64.997924741	3525.714111328
80.960000000	64.997924741	3526.374004803
80.980000000	64.997924741	3531.428466797
81.000000000	64.997924741	3531.428466797
81.020000000	64.997924741	3531.428466797
81.040000000	64.997924741	3531.428466797
81.060000000	64.997924741	3531.428466797
81.080000000	64.997924741	3531.428466797
81.100000000	64.997924741	3531.428466797
81.120000000	64.997924741	3531.428466797
81.140000000	64.997924741	3531.428466797
81.160000000	64.997924741	3531.428466797
81.180000000	64.997924741	3531.428466797
81.200000000	64.997924741	3530.776388236
81.220000000	64.997924741	3525.714111328
81.240000000	64.997924741	3526.361144392
81.260000000	64.997924741	3531.428466797
81.280000000	64.997924741	3531.428466797
81.300000000	64.997924741	3531.428466797
81.320000000	64.997924741	3530.777231486
81.340000000	64.997924741	3525.714111328
81.360000000	64.997924741	3525.714111328
81.380000000	64.997924741	3525.714111328
81.400000000	64.997924741	3525.714111328
81.420000000	64.997924741	3525.714111328
81.440000000	64.997924741	3525.714111328
81.460000000	64.997924741	3525.714111328
81.480000000	64.997924741	3525.052844309
81.500000000	64.997924741	3519.999755859
81.520000000	64.997924741	3519.999755859
81.540000000	64.997924741	3519.999755859
81.560000000	64.997924741	3519.999755859
81.580000000	64.997924741	3519.999755859
81.600000000	64.997924741	3519.999755859
81.620000000	64.997924741	3519.999755859
81.640000000	64.997924741	3520.669925243
81.660000000	64.997924741	3525.714111328
81.680000000	64.997924741	3525.050884314
81.700000000	64.997924741	3519.999755859
81.720000000	64.997924741	3519.999755859
81.740000000	64.997924741	3520.653095662
81.760000000	64.997924741	3525.714111328
81.780000000	64.997924741	3525.714111328
81.800000000	64.997924741	3525.714111328
81.820000000	64.997924741	3525.714111328
81.840000000	64.997924741	3525.714111328
81.860000000	64.997924741	3525.714111328
81.880000000	64.997924741	3525.714111328
81.900000000	64.997924741	3525.049508745
81.920000000	64.997924741	3520.654645898
81.940000000	64.997924741	3525.714111328
81.960000000	64.997924741	3525.714111328
81.980000000	64.997924741	3525.048764038
82.000000000	64.997924741	3519.999755859
82.020000000	64.997924741	3519.999755859
82.040000000	64.997924741	3520.655852519
82.060000000	64.997924741	3525.714111328
82.080000000	64.997924741	3525.714111328
82.100000000	64.997924741	3525.714111328
82.120000000	64.997924741	3525.714111328
82.140000000	64.997924741	3525.714111328
82.160000000	64.997924741	3525.714111328
82.180000000	64.997924741	3525.714111328
82.200000000	64.997924741	3525.714111328
82.220000000	64.997924741	3525.714111328
82.240000000	64.997924741	3526.391966023
82.260000000	64.997924741	3531.428466797
82.280000000	64.997924741	3531.428466797
82.300000000	64.997924741	3530.761065817
82.320000000	64.997924741	3526.380291599
82.340000000	64.997924741	3531.428466797
82.360000000	64.997924741	3531.428466797
82.380000000	64.997924741	3531.428466797
82.400000000	64.997924741	3531.428466797
82.420000000	64.997924741	3532.103206320
82.440000000	64.997924741	3537.142822266
82.460000000	64.997924741	3537.142822266
82.480000000	64.997924741	3536.473455981
82.500000000	64.997924741	3531.428466797
82.520000000	64.997924741	3532.097100607
82.540000000	64.997924741	3537.142822266
82.560000000	64.997924741	3537.142822266
82.580000000	64.997924741	3536.480193966
82.600000000	64.997924741	3531.428466797
82.620000000	64.997924741	3532.105849969
82.640000000	64.997924741	3537.142822266
82.660000000	64.997924741	3537.142822266
82.680000000	64.997924741	3536.490247233
82.700000000	64.997924741	3532.098521301
82.720000000	64.997924741	3537.142822266
82.740000000	64.997924741	3537.142822266
82.760000000	64.997924741	3536.474528179
82.780000000	64.997924741	3531.428466797
82.800000000	64.997924741	3532.086807315
82.820000000	64.997924741	3537.142822266
82.840000000	64.997924741	3537.142822266
82.860000000	64.997924741	3536.473631913
82.880000000	64.997924741	3531.428466797
82.900000000	64.997924741	3531.428466797
82.920000000	64.997924741	3532.096733755
82.940000000	64.997924741	3537.142822266
82.960000000	64.997924741	3536.461613393
82.980000000	64.997924741	3531.428466797
83.000000000	64.997924741	3531.428466797
83.020000000	64.997924741	3531.428466797
83.040000000	64.997924741	3530.767491849
83.060000000	64.997924741	3525.714111328
83.080000000	64.997924741	3525.714111328
83.100000000	64.997924741	3525.714111328
83.120000000	64.997924741	3526.376834866
83.140000000	64.997924741	3531.428466797
83.160000000	64.997924741	3531.428466797
83.180000000	64.997924741	3530.772312766
83.200000000	64.997924741	3525.714111328
83.220000000	64.997924741	3525.714111328
83.240000000	64.997924741	3525.714111328
83.260000000	64.997924741	3526.347168679
83.280000000	64.997924741	3531.428466797
83.300000000	64.997924741	3531.428466797
83.320000000	64.997924741	3531.428466797
83.340000000	64.997924741	3531.428466797
83.360000000	64.997924741	3530.745843664
83.380000000	64.997924741	3525.714111328
83.400000000	64.997924741	3525.714111328
83.420000000	64.997924741	3525.714111328
83.440000000	64.997924741	3525.714111328
83.460000000	64.997924741	3525.714111328
83.480000000	64.997924741	3525.714111328
83.500000000	64.997924741	3525.714111328
83.520000000	64.997924741	3525.714111328
83.540000000	64.997924741	3525.714111328
83.560000000	64.997924741	3525.714111328
83.580000000	64.997924741	3525.714111328
83.600000000	64.997924741	3525.714111328
83.620000000	64.997924741	3525.714111328
83.640000000	64.997924741	3525.714111328
83.660000000	64.997924741	3525.714111328
83.680000000	64.997924741	3525.714111328
83.700000000	64.997924741	3525.714111328
83.720000000	64.997924741	3525.714111328
83.740000000	64.997924741	3525.714111328
83.760000000	64.997924741	3525.039717908
83.780000000	64.997924741	3519.999755859
83.800000000	64.997924741	3520.663428341
83.820000000	64.997924741	3525.714111328
83.840000000	64.997924741	3525.714111328
83.860000000	64.997924741	3525.714111328
83.880000000	64.997924741	3525.714111328
83.900000000	64.997924741	3525.714111328
83.920000000	64.997924741	3525.714111328
83.940000000	64.997924741	3525.714111328
83.960000000	64.997924741	3525.714111328
83.980000000	64.997924741	3526.391315724
84.000000000	69.997528001	3531.428466797
84.020000000	69.997528001	3534.169754257
84.040000000	69.997528001	3557.615709550
84.060000000	69.997528001	3582.856933594
84.080000000	69.997528001	3586.861457560
84.100000000	69.997528001	3617.142578125
84.120000000	69.997528001	3621.212802409
84.140000000	69.997528001	3655.542826406
84.160000000	69.997528001	3685.713867188
84.180000000	69.997528001	3689.761825061
84.200000000	69.997528001	3724.073503103
84.220000000	69.997528001	3754.285156250
84.240000000	69.997528001	3758.410429929
84.260000000	69.997528001	3789.928104612
84.280000000	69.997528001	3799.999267578
84.300000000	69.997528001	3799.999296496
84.320000000	69.997528001	3799.999511719
84.340000000	69.997528001	3799.999511719
84.360000000	69.997528001	3799.999511719
84.380000000	69.997528001	3799.999511719
84.400000000	69.997528001	3799.999511719
84.420000000	69.997528001	3799.999511719
84.440000000	69.997528001	3799.999511719
84.460000000	69.997528001	3800.719050657
84.480000000	69.997528001	3805.025197742
84.500000000	69.997528001	3799.999511719
84.520000000	69.997528001	3799.999511719
84.540000000	69.997528001	3799.999511719
84.560000000	69.997528001	3799.999511719
84.580000000	69.997528001	3799.999511719
84.600000000	69.997528001	3799.999511719
84.620000000	69.997528001	3799.999511719
84.640000000	69.997528001	3799.999511719
84.660000000	69.997528001	3799.999511719
84.680000000	69.997528001	3799.999511719
84.700000000	69.997528001	3799.316214549
84.720000000	69.997528001	3794.285156250
84.740000000	69.997528001	3794.963839828
84.760000000	69.997528001	3799.999511719
84.780000000	69.997528001	3799.999511719
84.800000000	69.997528001	3799.999511719
84.820000000	69.997528001	3799.999511719
84.840000000	69.997528001	3799.999511719
84.860000000	69.997528001	3799.999511719
84.880000000	69.997528001	3799.999511719
84.900000000	69.997528001	3799.999511719
84.920000000	69.997528001	3799.999511719
84.940000000	69.997528001	3799.999511719
84.960000000	69.997528001	3799.999511719
84.980000000	69.997528001	3799.311361429
85.000000000	69.997528001	3794.285156250
85.020000000	69.997528001	3794.285156250
85.040000000	69.997528001	3794.285156250
85.060000000	69.997528001	3794.285156250
85.080000000	69.997528001	3794.285156250
85.100000000	69.997528001	3794.285156250
85.120000000	69.997528001	3794.285156250
85.140000000	69.997528001	3794.285156250
85.160000000	69.997528001	3794.285156250
85.180000000	69.997528001	3794.285156250
85.200000000	69.997528001	3794.285156250
85.220000000	69.997528001	3794.285156250
85.240000000	69.997528001	3794.285156250
85.260000000	69.997528001	3794.285156250
85.280000000	69.997528001	3794.285156250
85.300000000	69.997528001	3794.285156250
85.320000000	69.997528001	3793.610161061
85.340000000	69.997528001	3788.570800781
85.360000000	69.997528001	3788.570800781
85.380000000	69.997528001	3788.570800781
85.400000000	69.997528001	3788.570800781
85.420000000	69.997528001	3788.570800781
85.440000000	69.997528001	3788.570800781
85.460000000	69.997528001	3788.570800781
85.480000000	69.997528001	3787.886162862
85.500000000	69.997528001	3782.856445312
85.520000000	69.997528001	3782.856445312
85.540000000	69.997528001	3782.856445312
85.560000000	69.997528001	3782.856445312
85.580000000	69.997528001	3783.541065228
85.600000000	69.997528001	3788.570556641
85.620000000	69.997528001	3788.570585803
85.640000000	69.997528001	3788.570800781
85.660000000	69.997528001	3788.570800781
85.680000000	69.997528001	3788.570800781
85.700000000	69.997528001	3788.570800781
85.720000000	69.997528001	3788.570800781
85.740000000	69.997528001	3789.245152354
85.760000000	69.997528001	3794.969494779
85.780000000	69.997528001	3799.999511719
85.800000000	69.997528001	3799.999511719
85.820000000	69.997528001	3799.999511719
85.840000000	69.997528001	3799.999511719
85.860000000	69.997528001	3799.999511719
85.880000000	69.997528001	3799.999511719
85.900000000	69.997528001	3799.999511719
85.920000000	69.997528001	3799.999511719
85.940000000	69.997528001	3799.999511719
85.960000000	69.997528001	3800.684562578
85.980000000	69.997528001	3805.713867188
86.000000000	69.997528001	3805.713867188
86.020000000	69.997528001	3805.027622412
86.040000000	69.997528001	3799.999511719
86.060000000	69.997528001	3799.999511719
86.080000000	69.997528001	3800.675169046
86.100000000	69.997528001	3805.713867188
86.120000000	69.997528001	3805.713867188
86.140000000	69.997528001	3805.713867188
86.160000000	69.997528001	3805.713867188
86.180000000	69.997528001	3805.713867188
86.200000000	69.997528001	3805.713867188
86.220000000	69.997528001	3805.713867188
86.240000000	69.997528001	3805.713867188
86.260000000	69.997528001	3805.713867188
86.280000000	69.997528001	3805.713867188
86.300000000	69.997528001	3805.713867188
86.320000000	69.997528001	3805.025865778
86.340000000	69.997528001	3799.999511719
86.360000000	69.997528001	3799.999511719
86.380000000	69.997528001	3799.999511719
86.400000000	69.997528001	3800.682100232
86.420000000	69.997528001	3805.713867188
86.440000000	69.997528001	3805.713867188
86.460000000	69.997528001	3805.033295361
86.480000000	69.997528001	3799.999511719
86.500000000	69.997528001	3799.999511719
86.520000000	69.997528001	3799.999511719
86.540000000	69.997528001	3799.999511719
86.560000000	69.997528001	3799.999511719
86.580000000	69.997528001	3800.696406574
86.600000000	69.997528001	3805.713867188
86.620000000	69.997528001	3805.713867188
86.640000000	69.997528001	3805.027727559
86.660000000	69.997528001	3799.999511719
86.680000000	69.997528001	3799.999511719
86.700000000	69.997528001	3799.999511719
86.720000000	69.997528001	3799.999511719
86.740000000	69.997528001	3799.999511719
86.760000000	69.997528001	3799.999511719
86.780000000	69.997528001	3799.999511719
86.800000000	69.997528001	3799.999511719
86.820000000	69.997528001	3799.309507605
86.840000000	69.997528001	3794.285156250
86.860000000	69.997528001	3794.285156250
86.880000000	69.997528001	3794.285156250
86.900000000	69.997528001	3794.972695130
86.920000000	69.997528001	3799.999511719
86.940000000	69.997528001	3799.999511719
86.960000000	69.997528001	3799.999511719
86.980000000	69.997528001	3799.999511719
87.000000000	69.997528001	3799.999511719
87.020000000	69.997528001	3799.999511719
87.040000000	69.997528001	3799.999511719
87.060000000	69.997528001	3799.999511719
87.080000000	69.997528001	3799.999511719
87.100000000	69.997528001	3799.999511719
87.120000000	69.997528001	3799.999511719
87.140000000	69.997528001	3799.297304611
87.160000000	69.997528001	3794.285156250
87.180000000	69.997528001	3794.285156250
87.200000000	69.997528001	3794.285156250
87.220000000	69.997528001	3794.285156250
87.240000000	69.997528001	3794.285156250
87.260000000	69.997528001	3794.285156250
87.280000000	69.997528001	3794.285156250
87.300000000	69.997528001	3794.285156250
87.320000000	69.997528001	3794.285156250
87.340000000	69.997528001	3794.285156250
87.360000000	69.997528001	3794.285156250
87.380000000	69.997528001	3794.285156250
87.400000000	69.997528001	3794.285156250
87.420000000	69.997528001	3794.285156250
87.440000000	69.997528001	3794.285156250
87.460000000	69.997528001	3794.981686204
87.480000000	69.997528001	3799.999511719
87.500000000	69.997528001	3799.999511719
87.520000000	69.997528001	3799.999511719
87.540000000	69.997528001	3799.999511719
87.560000000	69.997528001	3799.999511719
87.580000000	69.997528001	3799.999511719
87.600000000	69.997528001	3799.999511719
87.620000000	69.997528001	3799.999511719
87.640000000	69.997528001	3799.999511719
87.660000000	69.997528001	3799.999511719
87.680000000	69.997528001	3800.692890855
87.700000000	69.997528001	3805.030284208
87.720000000	69.997528001	3799.999511719
87.740000000	69.997528001	3799.999511719
87.760000000	69.997528001	3799.999511719
87.780000000	69.997528001	3799.999511719
87.800000000	69.997528001	3799.999511719
87.820000000	69.997528001	3799.999511719
87.840000000	69.997528001	3799.999511719
87.860000000	69.997528001	3800.696942998
87.880000000	69.997528001	3805.713867188
87.900000000	69.997528001	3805.713867188
87.920000000	69.997528001	3805.017546233
87.940000000	69.997528001	3799.999511719
87.960000000	69.997528001	3800.688109712
87.980000000	69.997528001	3805.713867188
88.000000000	69.997528001	3805.713867188
88.020000000	69.997528001	3805.713867188
88.040000000	69.997528001	3805.713867188
88.060000000	69.997528001	3805.713867188
88.080000000	69.997528001	3805.713867188
88.100000000	69.997528001	3805.713867188
88.120000000	69.997528001	3805.713867188
88.140000000	69.997528001	3805.713867188
88.160000000	69.997528001	3805.713867188
88.180000000	69.997528001	3805.713867188
88.200000000	69.997528001	3805.017571763
88.220000000	69.997528001	3799.999511719
88.240000000	69.997528001	3799.999511719
88.260000000	69.997528001	3799.999511719
88.280000000	69.997528001	3799.999511719
88.300000000	69.997528001	3800.698841181
88.320000000	69.997528001	3805.713867188
88.340000000	69.997528001	3805.713867188
88.360000000	69.997528001	3805.004656097
88.380000000	69.997528001	3799.999511719
88.400000000	69.997528001	3799.999511719
88.420000000	69.997528001	3799.999511719
88.440000000	69.997528001	3799.999511719
88.460000000	69.997528001	3799.999511719
88.480000000	69.997528001	3799.999511719
88.500000000	69.997528001	3799.999511719
88.520000000	69.997528001	3799.999511719
88.540000000	69.997528001	3799.308806823
88.560000000	69.997528001	3794.285156250
88.580000000	69.997528001	3794.285156250
88.600000000	69.997528001	3794.285156250
88.620000000	69.997528001	3794.285156250
88.640000000	69.997528001	3794.285156250
88.660000000	69.997528001	3794.285156250
88.680000000	69.997528001	3794.285156250
88.700000000	69.997528001	3794.285156250
88.720000000	69.997528001	3794.285156250
88.740000000	69.997528001	3794.285156250
88.760000000	69.997528001	3794.285156250
88.780000000	69.997528001	3794.285156250
88.800000000	69.997528001	3793.593654856
88.820000000	69.997528001	3789.272286426
88.840000000	69.997528001	3794.285156250
88.860000000	69.997528001	3793.572092570
88.880000000	69.997528001	3788.570800781
88.900000000	69.997528001	3788.570800781
88.920000000	69.997528001	3788.570800781
88.940000000	69.997528001	3788.570800781
88.960000000	69.997528001	3788.570800781
88.980000000	69.997528001	3788.570800781
89.000000000	69.997528001	3788.570800781
89.020000000	69.997528001	3788.570800781
89.040000000	69.997528001	3789.259739494
89.060000000	69.997528001	3794.284912109
89.080000000	69.997528001	3793.612347358
89.100000000	69.997528001	3788.570800781
89.120000000	69.997528001	3789.223906086
89.140000000	69.997528001	3794.284941956
89.160000000	69.997528001	3794.285156250
89.180000000	69.997528001	3794.285156250
89.200000000	69.997528001	3794.997801677
89.220000000	69.997528001	3799.999511719
89.240000000	69.997528001	3799.999511719
89.260000000	69.997528001	3799.999511719
89.280000000	69.997528001	3799.999511719
89.300000000	69.997528001	3799.999511719
89.320000000	69.997528001	3799.999511719
89.340000000	69.997528001	3799.999511719
89.360000000	69.997528001	3799.999511719
89.380000000	69.997528001	3799.999511719
89.400000000	69.997528001	3800.698096391
89.420000000	69.997528001	3805.713867188
89.440000000	69.997528001	3805.713867188
89.460000000	69.997528001	3805.008327721
89.480000000	69.997528001	3799.999511719
89.500000000	69.997528001	3799.999511719
89.520000000	69.997528001	3800.691733909
89.540000000	69.997528001	3805.713867188
89.560000000	69.997528001	3805.713867188
89.580000000	69.997528001	3805.713867188
89.600000000	69.997528001	3805.713867188
89.620000000	69.997528001	3806.434148905
89.640000000	69.997528001	3810.679529173
89.660000000	69.997528001	3805.713867188
89.680000000	69.997528001	3805.713867188
89.700000000	69.997528001	3805.713867188
89.720000000	69.997528001	3805.713867188
89.740000000	69.997528001	3806.419631034
89.760000000	69.997528001	3810.721736874
89.780000000	69.997528001	3805.713867188
89.800000000	69.997528001	3805.713867188
89.820000000	69.997528001	3805.713867188
89.840000000	69.997528001	3805.713867188
89.860000000	69.997528001	3805.713867188
89.880000000	69.997528001	3805.713867188
89.900000000	69.997528001	3805.713867188
89.920000000	69.997528001	3805.713867188
89.940000000	69.997528001	3805.713867188
89.960000000	69.997528001	3805.713867188
89.980000000	69.997528001	3805.713867188
90.000000000	74.997131260	3805.713867188
90.020000000	74.997131260	3808.569690806
90.040000000	74.997131260	3832.883049364
90.060000000	74.997131260	3862.856933594
90.080000000	74.997131260	3867.178360185
90.100000000	74.997131260	3897.142578125
90.120000000	74.997131260	3900.014560979
90.140000000	74.997131260	3924.946869093
90.160000000	74.997131260	3959.999511719
90.180000000	74.997131260	3963.473317058
90.200000000	74.997131260	3992.758876895
90.220000000	74.997131260	4022.856445312
90.240000000	74.997131260	4026.457310699
90.260000000	74.997131260	4052.843428733
90.280000000	74.997131260	4062.856201172
90.300000000	74.997131260	4062.856201172
90.320000000	74.997131260	4062.856201172
90.340000000	74.997131260	4062.856201172
90.360000000	74.997131260	4063.609957239
90.380000000	74.997131260	4068.570556641
90.400000000	74.997131260	4067.867066734
90.420000000	74.997131260	4063.552920323
90.440000000	74.997131260	4068.570556641
90.460000000	74.997131260	4067.862317174
90.480000000	74.997131260	4062.856201172
90.500000000	74.997131260	4062.856201172
90.520000000	74.997131260	4062.856201172
90.540000000	74.997131260	4062.856201172
90.560000000	74.997131260	4062.856201172
90.580000000	74.997131260	4062.856201172
90.600000000	74.997131260	4062.856201172
90.620000000	74.997131260	4062.856201172
90.640000000	74.997131260	4062.856201172
90.660000000	74.997131260	4062.856201172
90.680000000	74.997131260	4062.856201172
90.700000000	74.997131260	4063.555233971
90.720000000	74.997131260	4068.570556641
90.740000000	74.997131260	4068.570556641
90.760000000	74.997131260	4068.570556641
90.780000000	74.997131260	4068.570556641
90.800000000	74.997131260	4068.570556641
90.820000000	74.997131260	4068.570556641
90.840000000	74.997131260	4068.570556641
90.860000000	74.997131260	4068.570556641
90.880000000	74.997131260	4068.570556641
90.900000000	74.997131260	4068.570556641
90.920000000	74.997131260	4068.570556641
90.940000000	74.997131260	4068.570556641
90.960000000	74.997131260	4068.570556641
90.980000000	74.997131260	4068.570556641
91.000000000	74.997131260	4068.570556641
91.020000000	74.997131260	4068.570556641
91.040000000	74.997131260	4068.570556641
91.060000000	74.997131260	4068.570556641
91.080000000	74.997131260	4068.570556641
91.100000000	74.997131260	4068.570556641
91.120000000	74.997131260	4069.284361661
91.140000000	74.997131260	4074.284912109
91.160000000	74.997131260	4074.284912109
91.180000000	74.997131260	4074.284912109
91.200000000	74.997131260	4074.284912109
91.220000000	74.997131260	4074.284912109
91.240000000	74.997131260	4074.284912109
91.260000000	74.997131260	4074.284912109
91.280000000	74.997131260	4074.284912109
91.300000000	74.997131260	4074.284912109
91.320000000	74.997131260	4074.284912109
91.340000000	74.997131260	4074.284912109
91.360000000	74.997131260	4073.581653842
91.380000000	74.997131260	4068.570800781
91.400000000	74.997131260	4068.570770977
91.420000000	74.997131260	4068.570556641
91.440000000	74.997131260	4068.570556641
91.460000000	74.997131260	4068.570556641
91.480000000	74.997131260	4068.570556641
91.500000000	74.997131260	4068.570556641
91.520000000	74.997131260	4068.570556641
91.540000000	74.997131260	4068.570556641
91.560000000	74.997131260	4068.570556641
91.580000000	74.997131260	4068.570556641
91.600000000	74.997131260	4068.570556641
91.620000000	74.997131260	4068.570556641
91.640000000	74.997131260	4069.275935764
91.660000000	74.997131260	4074.284912109
91.680000000	74.997131260	4074.284912109
91.700000000	74.997131260	4073.573455359
91.720000000	74.997131260	4068.570556641
91.740000000	74.997131260	4068.570556641
91.760000000	74.997131260	4068.570556641
91.780000000	74.997131260	4068.570556641
91.800000000	74.997131260	4068.570556641
91.820000000	74.997131260	4068.570556641
91.840000000	74.997131260	4068.570556641
91.860000000	74.997131260	4068.570556641
91.880000000	74.997131260	4068.570556641
91.900000000	74.997131260	4067.844574564
91.920000000	74.997131260	4062.856414179
91.940000000	74.997131260	4062.856201172
91.960000000	74.997131260	4063.570694645
91.980000000	74.997131260	4068.570556641
92.000000000	74.997131260	4068.570556641
92.020000000	74.997131260	4068.570556641
92.040000000	74.997131260	4068.570556641
92.060000000	74.997131260	4068.570556641
92.080000000	74.997131260	4068.570556641
92.100000000	74.997131260	4068.570556641
92.120000000	74.997131260	4068.570556641
92.140000000	74.997131260	4068.570556641
92.160000000	74.997131260	4068.570556641
92.180000000	74.997131260	4068.570556641
92.200000000	74.997131260	4068.570556641
92.220000000	74.997131260	4068.570556641
92.240000000	74.997131260	4067.862694868
92.260000000	74.997131260	4062.856201172
92.280000000	74.997131260	4062.856201172
92.300000000	74.997131260	4063.574398571
92.320000000	74.997131260	4067.862086350
92.340000000	74.997131260	4062.856201172
92.360000000	74.997131260	4063.579189585
92.380000000	74.997131260	4068.570556641
92.400000000	74.997131260	4067.851572549
92.420000000	74.997131260	4063.577688512
92.440000000	74.997131260	4068.570556641
92.460000000	74.997131260	4067.860041586
92.480000000	74.997131260	4064.303718059
92.500000000	74.997131260	4074.284912109
92.520000000	74.997131260	4074.284912109
92.540000000	74.997131260	4073.564515845
92.560000000	74.997131260	4068.570800781
92.580000000	74.997131260	4069.296957496
92.600000000	74.997131260	4074.284912109
92.620000000	74.997131260	4073.562407120
92.640000000	74.997131260	4069.300495271
92.660000000	74.997131260	4074.284912109
92.680000000	74.997131260	4073.563082293
92.700000000	74.997131260	4069.291226508
92.720000000	74.997131260	4074.284912109
92.740000000	74.997131260	4073.564555516
92.760000000	74.997131260	4068.570769681
92.780000000	74.997131260	4068.570556641
92.800000000	74.997131260	4069.293365337
92.820000000	74.997131260	4074.284912109
92.840000000	74.997131260	4074.284912109
92.860000000	74.997131260	4074.284912109
92.880000000	74.997131260	4074.284912109
92.900000000	74.997131260	4074.284912109
92.920000000	74.997131260	4074.284912109
92.940000000	74.997131260	4074.284912109
92.960000000	74.997131260	4074.284912109
92.980000000	74.997131260	4074.284912109
93.000000000	74.997131260	4074.284912109
93.020000000	74.997131260	4074.284912109
93.040000000	74.997131260	4074.284942928
93.060000000	74.997131260	4074.285156250
93.080000000	74.997131260	4074.285125317
93.100000000	74.997131260	4074.284912109
93.120000000	74.997131260	4074.284912109
93.140000000	74.997131260	4074.284912109
93.160000000	74.997131260	4074.284912109
93.180000000	74.997131260	4074.284912109
93.200000000	74.997131260	4074.284912109
93.220000000	74.997131260	4074.284912109
93.240000000	74.997131260	4074.284912109
93.260000000	74.997131260	4074.284912109
93.280000000	74.997131260	4074.284912109
93.300000000	74.997131260	4073.553087024
93.320000000	74.997131260	4068.570769955
93.340000000	74.997131260	4068.570556641
93.360000000	74.997131260	4068.570556641
93.380000000	74.997131260	4068.570556641
93.400000000	74.997131260	4068.570556641
93.420000000	74.997131260	4068.570556641
93.440000000	74.997131260	4068.570556641
93.460000000	74.997131260	4068.570556641
93.480000000	74.997131260	4068.570556641
93.500000000	74.997131260	4068.570556641
93.520000000	74.997131260	4068.570556641
93.540000000	74.997131260	4068.570556641
93.560000000	74.997131260	4068.570556641
93.580000000	74.997131260	4068.570556641
93.600000000	74.997131260	4068.570556641
93.620000000	74.997131260	4068.570556641
93.640000000	74.997131260	4068.570556641
93.660000000	74.997131260	4068.570556641
93.680000000	74.997131260	4068.570556641
93.700000000	74.997131260	4068.570556641
93.720000000	74.997131260	4068.570556641
93.740000000	74.997131260	4068.570556641
93.760000000	74.997131260	4068.570556641
93.780000000	74.997131260	4068.570556641
93.800000000	74.997131260	4068.570556641
93.820000000	74.997131260	4068.570556641
93.840000000	74.997131260	4068.570556641
93.860000000	74.997131260	4068.570556641
93.880000000	74.997131260	4068.570556641
93.900000000	74.997131260	4067.842069489
93.920000000	74.997131260	4062.856201172
93.940000000	74.997131260	4062.856201172
93.960000000	74.997131260	4062.856201172
93.980000000	74.997131260	4063.573677299
94.000000000	74.997131260	4068.570556641
94.020000000	74.997131260	4068.570556641
94.040000000	74.997131260	4068.570556641
94.060000000	74.997131260	4068.570556641
94.080000000	74.997131260	4067.840430317
94.100000000	74.997131260	4062.856201172
94.120000000	74.997131260	4063.585335960
94.140000000	74.997131260	4069.297984669
94.160000000	74.997131260	4074.284912109
94.180000000	74.997131260	4074.284912109
94.200000000	74.997131260	4074.284912109
94.220000000	74.997131260	4074.284912109
94.240000000	74.997131260	4073.562647672
94.260000000	74.997131260	4068.570769293
94.280000000	74.997131260	4068.570556641
94.300000000	74.997131260	4068.570556641
94.320000000	74.997131260	4069.299612529
94.340000000	74.997131260	4074.284912109
94.360000000	74.997131260	4073.553517302
94.380000000	74.997131260	4068.570800781
94.400000000	74.997131260	4069.299355588
94.420000000	74.997131260	4074.284912109
94.440000000	74.997131260	4074.284912109
94.460000000	74.997131260	4074.284912109
94.480000000	74.997131260	4074.284912109
94.500000000	74.997131260	4074.284912109
94.520000000	74.997131260	4074.284912109
94.540000000	74.997131260	4074.284912109
94.560000000	74.997131260	4074.284912109
94.580000000	74.997131260	4075.024266584
94.600000000	74.997131260	4079.999267578
94.620000000	74.997131260	4079.999267578
94.640000000	74.997131260	4079.269006575
94.660000000	74.997131260	4074.285156250
94.680000000	74.997131260	4074.285124727
94.700000000	74.997131260	4074.284912109
94.720000000	74.997131260	4074.284912109
94.740000000	74.997131260	4074.284912109
94.760000000	74.997131260	4075.011176524
94.780000000	74.997131260	4079.999267578
94.800000000	74.997131260	4079.999267578
94.820000000	74.997131260	4079.266253525
94.840000000	74.997131260	4074.285156250
94.860000000	74.997131260	4074.285125192
94.880000000	74.997131260	4074.284912109
94.900000000	74.997131260	4074.284912109
94.920000000	74.997131260	4074.284912109
94.940000000	74.997131260	4074.284912109
94.960000000	74.997131260	4074.284912109
94.980000000	74.997131260	4074.284912109
95.000000000	74.997131260	4074.284912109
95.020000000	74.997131260	4073.553771353
95.040000000	74.997131260	4068.570769400
95.060000000	74.997131260	4068.570556641
95.080000000	74.997131260	4068.570556641
95.100000000	74.997131260	4068.570556641
95.120000000	74.997131260	4068.570556641
95.140000000	74.997131260	4068.570556641
95.160000000	74.997131260	4068.570556641
95.180000000	74.997131260	4068.570556641
95.200000000	74.997131260	4068.570556641
95.220000000	74.997131260	4068.570556641
95.240000000	74.997131260	4068.570556641
95.260000000	74.997131260	4068.570556641
95.280000000	74.997131260	4068.570556641
95.300000000	74.997131260	4068.570556641
95.320000000	74.997131260	4068.570556641
95.340000000	74.997131260	4068.570556641
95.360000000	74.997131260	4068.570556641
95.380000000	74.997131260	4068.570556641
95.400000000	74.997131260	4068.570556641
95.420000000	74.997131260	4068.570556641
95.440000000	74.997131260	4068.570556641
95.460000000	74.997131260	4068.570556641
95.480000000	74.997131260	4068.570556641
95.500000000	74.997131260	4068.570556641
95.520000000	74.997131260	4068.570556641
95.540000000	74.997131260	4068.570556641
95.560000000	74.997131260	4068.570556641
95.580000000	74.997131260	4068.570556641
95.600000000	74.997131260	4068.570556641
95.620000000	74.997131260	4068.570556641
95.640000000	74.997131260	4068.570556641
95.660000000	74.997131260	4068.570556641
95.680000000	74.997131260	4068.570556641
95.700000000	74.997131260	4068.570556641
95.720000000	74.997131260	4068.570556641
95.740000000	74.997131260	4068.570556641
95.760000000	74.997131260	4068.570556641
95.780000000	74.997131260	4068.570556641
95.800000000	74.997131260	4068.570556641
95.820000000	74.997131260	4068.570556641
95.840000000	74.997131260	4068.570556641
95.860000000	74.997131260	4069.316196863
95.880000000	74.997131260	4074.284912109
95.900000000	74.997131260	4074.284912109
95.920000000	74.997131260	4074.284912109
95.940000000	74.997131260	4074.284912109
95.960000000	74.997131260	4074.284912109
95.980000000	74.997131260	4075.011905828
96.000000000	79.999816889	4079.999267578
96.020000000	79.999816889	4082.970534160
96.040000000	79.999816889	4106.606746685
96.060000000	79.999816889	4131.428222656
96.080000000	79.999816889	4135.930561784
96.100000000	79.999816889	4165.713867188
96.120000000	79.999816889	4170.082777163
96.140000000	79.999816889	4204.378528909
96.160000000	79.999816889	4234.285156250
96.180000000	79.999816889	4238.737845570
96.200000000	79.999816889	4273.022126751
96.220000000	79.999816889	4302.857421875
96.240000000	79.999816889	4306.619159140
96.260000000	79.999816889	4332.906241959
96.280000000	79.999816889	4342.857421875
96.300000000	79.999816889	4343.606562600
96.320000000	79.999816889	4348.571714209
96.340000000	79.999816889	4348.571289062
96.360000000	79.999816889	4347.840842461
96.380000000	79.999816889	4342.857421875
96.400000000	79.999816889	4342.857421875
96.420000000	79.999816889	4342.118987174
96.440000000	79.999816889	4337.143554688
96.460000000	79.999816889	4337.143554688
96.480000000	79.999816889	4337.143554688
96.500000000	79.999816889	4337.143554688
96.520000000	79.999816889	4337.143554688
96.540000000	79.999816889	4337.143554688
96.560000000	79.999816889	4337.143554688
96.580000000	79.999816889	4337.143554688
96.600000000	79.999816889	4337.143554688
96.620000000	79.999816889	4337.143554688
96.640000000	79.999816889	4337.143554688
96.660000000	79.999816889	4337.143554688
96.680000000	79.999816889	4337.143554688
96.700000000	79.999816889	4337.143554688
96.720000000	79.999816889	4337.143554688
96.740000000	79.999816889	4337.143554688
96.760000000	79.999816889	4337.143554688
96.780000000	79.999816889	4337.143554688
96.800000000	79.999816889	4337.143554688
96.820000000	79.999816889	4336.389671525
96.840000000	79.999816889	4331.429687500
96.860000000	79.999816889	4331.429687500
96.880000000	79.999816889	4331.429687500
96.900000000	79.999816889	4331.429687500
96.920000000	79.999816889	4332.185290655
96.940000000	79.999816889	4337.144042969
96.960000000	79.999816889	4337.143980303
96.980000000	79.999816889	4337.143554688
97.000000000	79.999816889	4337.143554688
97.020000000	79.999816889	4337.143554688
97.040000000	79.999816889	4337.143554688
97.060000000	79.999816889	4337.143554688
97.080000000	79.999816889	4337.875983629
97.100000000	79.999816889	4342.857910156
97.120000000	79.999816889	4342.857847114
97.140000000	79.999816889	4342.857421875
97.160000000	79.999816889	4342.857421875
97.180000000	79.999816889	4342.857421875
97.200000000	79.999816889	4342.857421875
97.220000000	79.999816889	4342.857421875
97.240000000	79.999816889	4342.857421875
97.260000000	79.999816889	4342.857421875
97.280000000	79.999816889	4342.857421875
97.300000000	79.999816889	4342.108873744
97.320000000	79.999816889	4337.143554688
97.340000000	79.999816889	4337.143554688
97.360000000	79.999816889	4337.143554688
97.380000000	79.999816889	4337.143554688
97.400000000	79.999816889	4337.143554688
97.420000000	79.999816889	4337.143554688
97.440000000	79.999816889	4337.143554688
97.460000000	79.999816889	4337.143554688
97.480000000	79.999816889	4337.143554688
97.500000000	79.999816889	4337.143554688
97.520000000	79.999816889	4337.143554688
97.540000000	79.999816889	4337.898520431
97.560000000	79.999816889	4342.857910156
97.580000000	79.999816889	4342.857846213
97.600000000	79.999816889	4342.857421875
97.620000000	79.999816889	4342.857421875
97.640000000	79.999816889	4342.857421875
97.660000000	79.999816889	4342.857421875
97.680000000	79.999816889	4342.857421875
97.700000000	79.999816889	4342.857421875
97.720000000	79.999816889	4342.857421875
97.740000000	79.999816889	4342.857421875
97.760000000	79.999816889	4342.857421875
97.780000000	79.999816889	4342.857421875
97.800000000	79.999816889	4343.610855851
97.820000000	79.999816889	4348.571289062
97.840000000	79.999816889	4348.571289062
97.860000000	79.999816889	4348.571289062
97.880000000	79.999816889	4348.571289062
97.900000000	79.999816889	4348.571289062
97.920000000	79.999816889	4348.571289062
97.940000000	79.999816889	4348.571289062
97.960000000	79.999816889	4348.571289062
97.980000000	79.999816889	4348.571289062
98.000000000	79.999816889	4348.571289062
98.020000000	79.999816889	4348.571289062
98.040000000	79.999816889	4347.823594710
98.060000000	79.999816889	4342.857421875
98.080000000	79.999816889	4342.857421875
98.100000000	79.999816889	4342.857421875
98.120000000	79.999816889	4342.857421875
98.140000000	79.999816889	4342.137786734
98.160000000	79.999816889	4337.143554688
98.180000000	79.999816889	4337.143554688
98.200000000	79.999816889	4337.143554688
98.220000000	79.999816889	4337.143554688
98.240000000	79.999816889	4337.143554688
98.260000000	79.999816889	4337.143554688
98.280000000	79.999816889	4337.143554688
98.300000000	79.999816889	4337.143554688
98.320000000	79.999816889	4337.143554688
98.340000000	79.999816889	4337.143554688
98.360000000	79.999816889	4337.143554688
98.380000000	79.999816889	4337.143554688
98.400000000	79.999816889	4337.143554688
98.420000000	79.999816889	4337.143554688
98.440000000	79.999816889	4337.143554688
98.460000000	79.999816889	4337.143554688
98.480000000	79.999816889	4337.143554688
98.500000000	79.999816889	4337.143554688
98.520000000	79.999816889	4337.143554688
98.540000000	79.999816889	4337.143554688
98.560000000	79.999816889	4337.143554688
98.580000000	79.999816889	4337.143554688
98.600000000	79.999816889	4337.143554688
98.620000000	79.999816889	4337.143554688
98.640000000	79.999816889	4337.898396375
98.660000000	79.999816889	4342.857910156
98.680000000	79.999816889	4342.857844856
98.700000000	79.999816889	4342.857421875
98.720000000	79.999816889	4342.857421875
98.740000000	79.999816889	4342.857421875
98.760000000	79.999816889	4342.857421875
98.780000000	79.999816889	4342.857421875
98.800000000	79.999816889	4342.857421875
98.820000000	79.999816889	4342.857421875
98.840000000	79.999816889	4342.857421875
98.860000000	79.999816889	4342.857421875
98.880000000	79.999816889	4342.857421875
98.900000000	79.999816889	4342.857421875
98.920000000	79.999816889	4342.857421875
98.940000000	79.999816889	4342.857421875
98.960000000	79.999816889	4342.857421875
98.980000000	79.999816889	4342.857421875
99.000000000	79.999816889	4342.857421875
99.020000000	79.999816889	4342.857421875
99.040000000	79.999816889	4342.857421875
99.060000000	79.999816889	4342.857421875
99.080000000	79.999816889	4342.857421875
99.100000000	79.999816889	4342.857421875
99.120000000	79.999816889	4342.857421875
99.140000000	79.999816889	4342.857421875
99.160000000	79.999816889	4342.857421875
99.180000000	79.999816889	4343.624725253
99.200000000	79.999816889	4348.571289062
99.220000000	79.999816889	4348.571289062
99.240000000	79.999816889	4348.571289062
99.260000000	79.999816889	4348.571289062
99.280000000	79.999816889	4348.571289062
99.300000000	79.999816889	4348.571289062
99.320000000	79.999816889	4348.571289062
99.340000000	79.999816889	4348.571289062
99.360000000	79.999816889	4348.571289062
99.380000000	79.999816889	4348.571289062
99.400000000	79.999816889	4349.330627970
99.420000000	79.999816889	4353.519037850
99.440000000	79.999816889	4348.571289062
99.460000000	79.999816889	4348.571289062
99.480000000	79.999816889	4348.571289062
99.500000000	79.999816889	4348.571289062
99.520000000	79.999816889	4348.571289062
99.540000000	79.999816889	4348.571289062
99.560000000	79.999816889	4348.571289062
99.580000000	79.999816889	4348.571289062
99.600000000	79.999816889	4348.571289062
99.620000000	79.999816889	4348.571289062
99.640000000	79.999816889	4347.802657727
99.660000000	79.999816889	4342.857421875
99.680000000	79.999816889	4342.857421875
99.700000000	79.999816889	4342.098323480
99.720000000	79.999816889	4337.143554688
99.740000000	79.999816889	4337.143554688
99.760000000	79.999816889	4337.143554688
99.780000000	79.999816889	4337.143554688
99.800000000	79.999816889	4337.143554688
99.820000000	79.999816889	4337.143554688
99.840000000	79.999816889	4337.143554688
99.860000000	79.999816889	4337.143554688
99.880000000	79.999816889	4337.143554688
99.900000000	79.999816889	4337.143554688
99.920000000	79.999816889	4336.391026978
99.940000000	79.999816889	4331.429687500
99.960000000	79.999816889	4332.190281540
99.980000000	79.999816889	4337.143978621
100.000000000	79.999816889	4337.143554688
100.020000000	79.999816889	4337.143554688
100.040000000	79.999816889	4337.143554688
100.060000000	79.999816889	4337.143554688
100.080000000	79.999816889	4337.143554688
100.100000000	79.999816889	4337.143554688
100.120000000	79.999816889	4337.143554688
100.140000000	79.999816889	4337.894163326
100.160000000	79.999816889	4342.857421875
100.180000000	79.999816889	4342.857421875
100.200000000	79.999816889	4343.630966433
100.220000000	79.999816889	4348.571289062
100.240000000	79.999816889	4348.571289062
100.260000000	79.999816889	4348.571289062
100.280000000	79.999816889	4348.571289062
100.300000000	79.999816889	4348.571289062
100.320000000	79.999816889	4348.571289062
100.340000000	79.999816889	4348.571289062
100.360000000	79.999816889	4348.571289062
100.380000000	79.999816889	4348.571289062
100.400000000	79.999816889	4347.807391335
100.420000000	79.999816889	4343.629210406
100.440000000	79.999816889	4348.571777344
100.460000000	79.999816889	4347.799653464
100.480000000	79.999816889	4342.857421875
100.500000000	79.999816889	4342.857421875
100.520000000	79.999816889	4342.857421875
100.540000000	79.999816889	4343.614597549
100.560000000	79.999816889	4348.571289062
100.580000000	79.999816889	4348.571289062
100.600000000	79.999816889	4348.571289062
100.620000000	79.999816889	4348.571289062
100.640000000	79.999816889	4348.571289062
100.660000000	79.999816889	4348.571289062
100.680000000	79.999816889	4348.571289062
100.700000000	79.999816889	4348.571289062
100.720000000	79.999816889	4348.571289062
100.740000000	79.999816889	4348.571289062
100.760000000	79.999816889	4349.342795145
100.780000000	79.999816889	4354.285156250
100.800000000	79.999816889	4353.531188676
100.820000000	79.999816889	4348.571289062
100.840000000	79.999816889	4348.571289062
100.860000000	79.999816889	4348.571289062
100.880000000	79.999816889	4348.571289062
100.900000000	79.999816889	4348.571289062
100.920000000	79.999816889	4348.571289062
100.940000000	79.999816889	4348.571289062
100.960000000	79.999816889	4348.571289062
100.980000000	79.999816889	4349.318454679
101.000000000	79.999816889	4354.285156250
101.020000000	79.999816889	4353.521466490
101.040000000	79.999816889	4348.571289062
101.060000000	79.999816889	4348.571289062
101.080000000	79.999816889	4348.571289062
101.100000000	79.999816889	4348.571289062
101.120000000	79.999816889	4348.571289062
101.140000000	79.999816889	4348.571289062
101.160000000	79.999816889	4348.571289062
101.180000000	79.999816889	4348.571289062
101.200000000	79.999816889	4348.571289062
101.220000000	79.999816889	4348.571289062
101.240000000	79.999816889	4347.802320607
101.260000000	79.999816889	4342.078175679
101.280000000	79.999816889	4337.143554688
101.300000000	79.999816889	4337.143554688
101.320000000	79.999816889	4337.143554688
101.340000000	79.999816889	4337.143554688
101.360000000	79.999816889	4337.143554688
101.380000000	79.999816889	4337.143554688
101.400000000	79.999816889	4337.143554688
101.420000000	79.999816889	4337.143554688
101.440000000	79.999816889	4337.143554688
101.460000000	79.999816889	4337.143554688
101.480000000	79.999816889	4337.143554688
101.500000000	79.999816889	4337.143554688
101.520000000	79.999816889	4337.911249782
101.540000000	79.999816889	4342.857845258
101.560000000	79.999816889	4342.857421875
101.580000000	79.999816889	4342.857421875
101.600000000	79.999816889	4342.857421875
101.620000000	79.999816889	4342.076653807
101.640000000	79.999816889	4337.143554688
101.660000000	79.999816889	4337.143554688
101.680000000	79.999816889	4337.143554688
101.700000000	79.999816889	4337.143554688
101.720000000	79.999816889	4337.143554688
101.740000000	79.999816889	4337.143554688
101.760000000	79.999816889	4337.909356362
101.780000000	79.999816889	4342.857421875
101.800000000	79.999816889	4342.857421875
101.820000000	79.999816889	4342.857421875
101.840000000	79.999816889	4342.857421875
101.860000000	79.999816889	4343.624866025
101.880000000	79.999816889	4348.571777344
101.900000000	79.999816889	4348.571711583
101.920000000	79.999816889	4348.571289062
101.940000000	79.999816889	4348.571289062
101.960000000	79.999816889	4348.571289062
101.980000000	79.999816889	4349.347143395
102.000000000	84.999420148	4354.285156250
102.020000000	84.999420148	4355.817590840
102.040000000	84.999420148	4370.336855655
102.060000000	84.999420148	4400.000000000
102.080000000	84.999420148	4403.855130061
102.100000000	84.999420148	4428.571289062
102.120000000	84.999420148	4433.205034387
102.140000000	84.999420148	4467.552061834
102.160000000	84.999420148	4497.143554688
102.180000000	84.999420148	4501.780677620
102.200000000	84.999420148	4536.066114421
102.220000000	84.999420148	4565.715820312
102.240000000	84.999420148	4569.525745448
102.260000000	84.999420148	4596.599478734
102.280000000	84.999420148	4611.430664062
102.300000000	84.999420148	4611.430664062
102.320000000	84.999420148	4612.221169677
102.340000000	84.999420148	4617.145019531
102.360000000	84.999420148	4617.145019531
102.380000000	84.999420148	4617.145019531
102.400000000	84.999420148	4617.145019531
102.420000000	84.999420148	4617.145019531
102.440000000	84.999420148	4617.145019531
102.460000000	84.999420148	4616.375799244
102.480000000	84.999420148	4611.430664062
102.500000000	84.999420148	4611.430664062
102.520000000	84.999420148	4611.430664062
102.540000000	84.999420148	4611.430664062
102.560000000	84.999420148	4611.430664062
102.580000000	84.999420148	4611.430664062
102.600000000	84.999420148	4611.430664062
102.620000000	84.999420148	4610.667059407
102.640000000	84.999420148	4605.716308594
102.660000000	84.999420148	4605.716308594
102.680000000	84.999420148	4605.716308594
102.700000000	84.999420148	4606.480928968
102.720000000	84.999420148	4611.430664062
102.740000000	84.999420148	4610.662997021
102.760000000	84.999420148	4605.716308594
102.780000000	84.999420148	4605.716308594
102.800000000	84.999420148	4605.716308594
102.820000000	84.999420148	4605.716308594
102.840000000	84.999420148	4605.716308594
102.860000000	84.999420148	4606.485398952
102.880000000	84.999420148	4611.430664062
102.900000000	84.999420148	4610.654407713
102.920000000	84.999420148	4605.716308594
102.940000000	84.999420148	4605.716308594
102.960000000	84.999420148	4605.716308594
102.980000000	84.999420148	4606.494040234
103.000000000	84.999420148	4611.430664062
103.020000000	84.999420148	4611.430664062
103.040000000	84.999420148	4611.430664062
103.060000000	84.999420148	4611.430664062
103.080000000	84.999420148	4610.654322047
103.100000000	84.999420148	4605.716308594
103.120000000	84.999420148	4605.716308594
103.140000000	84.999420148	4606.484822084
103.160000000	84.999420148	4611.430664062
103.180000000	84.999420148	4611.430664062
103.200000000	84.999420148	4611.430664062
103.220000000	84.999420148	4611.430664062
103.240000000	84.999420148	4611.430664062
103.260000000	84.999420148	4611.430664062
103.280000000	84.999420148	4611.430664062
103.300000000	84.999420148	4611.430664062
103.320000000	84.999420148	4612.207421598
103.340000000	84.999420148	4617.145019531
103.360000000	84.999420148	4617.145019531
103.380000000	84.999420148	4617.145019531
103.400000000	84.999420148	4617.145019531
103.420000000	84.999420148	4617.145019531
103.440000000	84.999420148	4617.145019531
103.460000000	84.999420148	4617.145019531
103.480000000	84.999420148	4617.145019531
103.500000000	84.999420148	4617.145019531
103.520000000	84.999420148	4617.145019531
103.540000000	84.999420148	4617.145019531
103.560000000	84.999420148	4617.145019531
103.580000000	84.999420148	4617.145019531
103.600000000	84.999420148	4617.145019531
103.620000000	84.999420148	4617.145019531
103.640000000	84.999420148	4617.145019531
103.660000000	84.999420148	4617.145019531
103.680000000	84.999420148	4617.145019531
103.700000000	84.999420148	4617.145019531
103.720000000	84.999420148	4617.145019531
103.740000000	84.999420148	4617.145019531
103.760000000	84.999420148	4617.145019531
103.780000000	84.999420148	4617.145019531
103.800000000	84.999420148	4617.145019531
103.820000000	84.999420148	4617.145019531
103.840000000	84.999420148	4617.145019531
103.860000000	84.999420148	4617.145019531
103.880000000	84.999420148	4617.145019531
103.900000000	84.999420148	4617.145019531
103.920000000	84.999420148	4617.145019531
103.940000000	84.999420148	4617.145019531
103.960000000	84.999420148	4617.145019531
103.980000000	84.999420148	4617.145019531
104.000000000	84.999420148	4617.145019531
104.020000000	84.999420148	4617.145019531
104.040000000	84.999420148	4617.145019531
104.060000000	84.999420148	4617.145019531
104.080000000	84.999420148	4616.373933170
104.100000000	84.999420148	4611.430664062
104.120000000	84.999420148	4611.430664062
104.140000000	84.999420148	4611.430664062
104.160000000	84.999420148	4611.430664062
104.180000000	84.999420148	4611.430664062
104.200000000	84.999420148	4611.430664062
104.220000000	84.999420148	4611.430664062
104.240000000	84.999420148	4610.659003363
104.260000000	84.999420148	4605.716308594
104.280000000	84.999420148	4605.716308594
104.300000000	84.999420148	4605.716308594
104.320000000	84.999420148	4606.471467920
104.340000000	84.999420148	4611.430664062
104.360000000	84.999420148	4611.430664062
104.380000000	84.999420148	4611.430664062
104.400000000	84.999420148	4611.430664062
104.420000000	84.999420148	4611.430664062
104.440000000	84.999420148	4611.430664062
104.460000000	84.999420148	4611.430664062
104.480000000	84.999420148	4612.224631043
104.500000000	84.999420148	4617.145019531
104.520000000	84.999420148	4616.359059985
104.540000000	84.999420148	4611.430664062
104.560000000	84.999420148	4611.430664062
104.580000000	84.999420148	4611.430664062
104.600000000	84.999420148	4611.430664062
104.620000000	84.999420148	4611.430664062
104.640000000	84.999420148	4611.430664062
104.660000000	84.999420148	4611.430664062
104.680000000	84.999420148	4611.430664062
104.700000000	84.999420148	4611.430664062
104.720000000	84.999420148	4611.430664062
104.740000000	84.999420148	4611.430664062
104.760000000	84.999420148	4612.213983952
104.780000000	84.999420148	4617.145019531
104.800000000	84.999420148	4617.145019531
104.820000000	84.999420148	4617.145019531
104.840000000	84.999420148	4617.145019531
104.860000000	84.999420148	4617.145019531
104.880000000	84.999420148	4617.145019531
104.900000000	84.999420148	4617.145019531
104.920000000	84.999420148	4617.145019531
104.940000000	84.999420148	4617.145019531
104.960000000	84.999420148	4616.356461413
104.980000000	84.999420148	4611.430664062
105.000000000	84.999420148	4611.430664062
105.020000000	84.999420148	4611.430664062
105.040000000	84.999420148	4611.430664062
105.060000000	84.999420148	4611.430664062
105.080000000	84.999420148	4611.430664062
105.100000000	84.999420148	4611.430664062
105.120000000	84.999420148	4611.430664062
105.140000000	84.999420148	4611.430664062
105.160000000	84.999420148	4611.430664062
105.180000000	84.999420148	4611.430664062
105.200000000	84.999420148	4612.211319326
105.220000000	84.999420148	4617.145019531
105.240000000	84.999420148	4617.145019531
105.260000000	84.999420148	4617.145019531
105.280000000	84.999420148	4617.145019531
105.300000000	84.999420148	4617.145019531
105.320000000	84.999420148	4617.145019531
105.340000000	84.999420148	4617.145019531
105.360000000	84.999420148	4617.145019531
105.380000000	84.999420148	4617.145019531
105.400000000	84.999420148	4617.145019531
105.420000000	84.999420148	4617.145019531
105.440000000	84.999420148	4617.145019531
105.460000000	84.999420148	4617.145019531
105.480000000	84.999420148	4617.145019531
105.500000000	84.999420148	4617.145019531
105.520000000	84.999420148	4617.145019531
105.540000000	84.999420148	4617.145019531
105.560000000	84.999420148	4617.145019531
105.580000000	84.999420148	4617.145019531
105.600000000	84.999420148	4617.145019531
105.620000000	84.999420148	4617.145019531
105.640000000	84.999420148	4617.145019531
105.660000000	84.999420148	4617.145019531
105.680000000	84.999420148	4617.145019531
105.700000000	84.999420148	4617.145019531
105.720000000	84.999420148	4617.145019531
105.740000000	84.999420148	4616.363059553
105.760000000	84.999420148	4611.430664062
105.780000000	84.999420148	4611.430664062
105.800000000	84.999420148	4611.430664062
105.820000000	84.999420148	4611.430664062
105.840000000	84.999420148	4611.430664062
105.860000000	84.999420148	4611.430664062
105.880000000	84.999420148	4611.430664062
105.900000000	84.999420148	4611.430664062
105.920000000	84.999420148	4611.430664062
105.940000000	84.999420148	4611.430664062
105.960000000	84.999420148	4611.430664062
105.980000000	84.999420148	4612.221261661
106.000000000	84.999420148	4617.145019531
106.020000000	84.999420148	4617.145019531
106.040000000	84.999420148	4617.145019531
106.060000000	84.999420148	4617.145019531
106.080000000	84.999420148	4617.145019531
106.100000000	84.999420148	4617.145019531
106.120000000	84.999420148	4617.145019531
106.140000000	84.999420148	4617.145019531
106.160000000	84.999420148	4617.145019531
106.180000000	84.999420148	4617.145019531
106.200000000	84.999420148	4617.145019531
106.220000000	84.999420148	4617.145019531
106.240000000	84.999420148	4617.145019531
106.260000000	84.999420148	4617.145019531
106.280000000	84.999420148	4617.145019531
106.300000000	84.999420148	4616.351391141
106.320000000	84.999420148	4611.430664062
106.340000000	84.999420148	4611.430664062
106.360000000	84.999420148	4611.430664062
106.380000000	84.999420148	4611.430664062
106.400000000	84.999420148	4611.430664062
106.420000000	84.999420148	4611.430664062
106.440000000	84.999420148	4611.430664062
106.460000000	84.999420148	4611.430664062
106.480000000	84.999420148	4611.430664062
106.500000000	84.999420148	4611.430664062
106.520000000	84.999420148	4611.430664062
106.540000000	84.999420148	4612.222316054
106.560000000	84.999420148	4617.145019531
106.580000000	84.999420148	4617.145019531
106.600000000	84.999420148	4617.145019531
106.620000000	84.999420148	4617.145019531
106.640000000	84.999420148	4617.145019531
106.660000000	84.999420148	4617.145019531
106.680000000	84.999420148	4617.145019531
106.700000000	84.999420148	4617.145019531
106.720000000	84.999420148	4617.145019531
106.740000000	84.999420148	4617.145019531
106.760000000	84.999420148	4617.145019531
106.780000000	84.999420148	4617.145019531
106.800000000	84.999420148	4617.145019531
106.820000000	84.999420148	4617.145019531
106.840000000	84.999420148	4617.145019531
106.860000000	84.999420148	4616.349958196
106.880000000	84.999420148	4611.430664062
106.900000000	84.999420148	4611.430664062
106.920000000	84.999420148	4611.430664062
106.940000000	84.999420148	4611.430664062
106.960000000	84.999420148	4611.430664062
106.980000000	84.999420148	4611.430664062
107.000000000	84.999420148	4611.430664062
107.020000000	84.999420148	4611.430664062
107.040000000	84.999420148	4610.684558171
107.060000000	84.999420148	4605.716308594
107.080000000	84.999420148	4605.716308594
107.100000000	84.999420148	4605.716308594
107.120000000	84.999420148	4606.512683441
107.140000000	84.999420148	4611.430664062
107.160000000	84.999420148	4611.430664062
107.180000000	84.999420148	4610.632677741
107.200000000	84.999420148	4605.716308594
107.220000000	84.999420148	4605.716308594
107.240000000	84.999420148	4605.716308594
107.260000000	84.999420148	4605.716308594
107.280000000	84.999420148	4605.716308594
107.300000000	84.999420148	4606.518039580
107.320000000	84.999420148	4610.625644718
107.340000000	84.999420148	4605.716308594
107.360000000	84.999420148	4605.716308594
107.380000000	84.999420148	4605.716308594
107.400000000	84.999420148	4605.716308594
107.420000000	84.999420148	4606.522365605
107.440000000	84.999420148	4611.430664062
107.460000000	84.999420148	4611.430664062
107.480000000	84.999420148	4611.430664062
107.500000000	84.999420148	4611.430664062
107.520000000	84.999420148	4611.430664062
107.540000000	84.999420148	4611.430664062
107.560000000	84.999420148	4611.430664062
107.580000000	84.999420148	4612.225855639
107.600000000	84.999420148	4617.145019531
107.620000000	84.999420148	4617.145019531
107.640000000	84.999420148	4617.145019531
107.660000000	84.999420148	4617.145019531
107.680000000	84.999420148	4617.145019531
107.700000000	84.999420148	4617.145019531
107.720000000	84.999420148	4617.145019531
107.740000000	84.999420148	4617.145019531
107.760000000	84.999420148	4617.145019531
107.780000000	84.999420148	4617.145019531
107.800000000	84.999420148	4616.354684511
107.820000000	84.999420148	4612.231886467
107.840000000	84.999420148	4617.145019531
107.860000000	84.999420148	4617.145019531
107.880000000	84.999420148	4617.145019531
107.900000000	84.999420148	4617.145019531
107.920000000	84.999420148	4617.145019531
107.940000000	84.999420148	4617.145019531
107.960000000	84.999420148	4617.145019531
107.980000000	84.999420148	4617.145019531
108.000000000	89.999023408	4617.145019531
108.020000000	89.999023408	4620.395511712
108.040000000	89.999023408	4644.788163796
108.060000000	89.999023408	4674.287597656
108.080000000	89.999023408	4677.537328102
108.100000000	89.999023408	4697.144531250
108.120000000	89.999023408	4701.899638191
108.140000000	89.999023408	4736.248394127
108.160000000	89.999023408	4765.715820312
108.180000000	89.999023408	4770.518787475
108.200000000	89.999023408	4803.966892458
108.220000000	89.999023408	4828.572753906
108.240000000	89.999023408	4833.337903542
108.260000000	89.999023408	4864.485958506
108.280000000	89.999023408	4874.287109375
108.300000000	89.999023408	4874.287109375
108.320000000	89.999023408	4875.092348746
108.340000000	89.999023408	4880.001464844
108.360000000	89.999023408	4880.001464844
108.380000000	89.999023408	4880.001464844
108.400000000	89.999023408	4879.205595678
108.420000000	89.999023408	4874.287109375
108.440000000	89.999023408	4874.287109375
108.460000000	89.999023408	4874.287109375
108.480000000	89.999023408	4874.287109375
108.500000000	89.999023408	4874.287109375
108.520000000	89.999023408	4874.287109375
108.540000000	89.999023408	4874.287109375
108.560000000	89.999023408	4874.287109375
108.580000000	89.999023408	4874.287109375
108.600000000	89.999023408	4874.287109375
108.620000000	89.999023408	4874.287109375
108.640000000	89.999023408	4874.287109375
108.660000000	89.999023408	4874.287109375
108.680000000	89.999023408	4874.287109375
108.700000000	89.999023408	4875.096945902
108.720000000	89.999023408	4880.001464844
108.740000000	89.999023408	4879.191492735
108.760000000	89.999023408	4874.287109375
108.780000000	89.999023408	4874.287109375
108.800000000	89.999023408	4875.093536543
108.820000000	89.999023408	4880.001464844
108.840000000	89.999023408	4880.001464844
108.860000000	89.999023408	4879.196388644
108.880000000	89.999023408	4874.287109375
108.900000000	89.999023408	4875.085580485
108.920000000	89.999023408	4880.001464844
108.940000000	89.999023408	4880.001464844
108.960000000	89.999023408	4879.193572316
108.980000000	89.999023408	4875.093700423
109.000000000	89.999023408	4880.001464844
109.020000000	89.999023408	4880.001464844
109.040000000	89.999023408	4880.001464844
109.060000000	89.999023408	4880.001464844
109.080000000	89.999023408	4880.001464844
109.100000000	89.999023408	4880.001464844
109.120000000	89.999023408	4880.001464844
109.140000000	89.999023408	4880.001464844
109.160000000	89.999023408	4880.001464844
109.180000000	89.999023408	4880.001464844
109.200000000	89.999023408	4880.800192813
109.220000000	89.999023408	4885.715820312
109.240000000	89.999023408	4885.715820312
109.260000000	89.999023408	4885.715820312
109.280000000	89.999023408	4885.715820312
109.300000000	89.999023408	4884.897084787
109.320000000	89.999023408	4880.001464844
109.340000000	89.999023408	4880.001464844
109.360000000	89.999023408	4880.809450151
109.380000000	89.999023408	4885.715820312
109.400000000	89.999023408	4885.715820312
109.420000000	89.999023408	4885.715820312
109.440000000	89.999023408	4885.715820312
109.460000000	89.999023408	4885.715820312
109.480000000	89.999023408	4884.914599893
109.500000000	89.999023408	4880.001464844
109.520000000	89.999023408	4880.001464844
109.540000000	89.999023408	4880.803015838
109.560000000	89.999023408	4885.715820312
109.580000000	89.999023408	4885.715820312
109.600000000	89.999023408	4885.715820312
109.620000000	89.999023408	4884.871941622
109.640000000	89.999023408	4880.001464844
109.660000000	89.999023408	4880.001464844
109.680000000	89.999023408	4880.001464844
109.700000000	89.999023408	4879.190725072
109.720000000	89.999023408	4874.287109375
109.740000000	89.999023408	4875.105871437
109.760000000	89.999023408	4880.001464844
109.780000000	89.999023408	4880.001464844
109.800000000	89.999023408	4879.171693482
109.820000000	89.999023408	4874.287109375
109.840000000	89.999023408	4874.287109375
109.860000000	89.999023408	4875.098576812
109.880000000	89.999023408	4880.001464844
109.900000000	89.999023408	4880.001464844
109.920000000	89.999023408	4879.234711791
109.940000000	89.999023408	4874.287109375
109.960000000	89.999023408	4875.087449250
109.980000000	89.999023408	4880.001464844
110.000000000	89.999023408	4880.001464844
110.020000000	89.999023408	4880.001464844
110.040000000	89.999023408	4880.001464844
110.060000000	89.999023408	4880.001464844
110.080000000	89.999023408	4880.001464844
110.100000000	89.999023408	4880.001464844
110.120000000	89.999023408	4880.001464844
110.140000000	89.999023408	4880.001464844
110.160000000	89.999023408	4880.001464844
110.180000000	89.999023408	4880.001464844
110.200000000	89.999023408	4880.001464844
110.220000000	89.999023408	4880.001464844
110.240000000	89.999023408	4880.001464844
110.260000000	89.999023408	4880.001464844
110.280000000	89.999023408	4880.001464844
110.300000000	89.999023408	4880.001464844
110.320000000	89.999023408	4880.001464844
110.340000000	89.999023408	4880.001464844
110.360000000	89.999023408	4880.001464844
110.380000000	89.999023408	4880.001464844
110.400000000	89.999023408	4880.001464844
110.420000000	89.999023408	4880.824904208
110.440000000	89.999023408	4885.715820312
110.460000000	89.999023408	4885.715820312
110.480000000	89.999023408	4884.900351731
110.500000000	89.999023408	4880.001464844
110.520000000	89.999023408	4880.001464844
110.540000000	89.999023408	4880.809790128
110.560000000	89.999023408	4885.715820312
110.580000000	89.999023408	4885.715820312
110.600000000	89.999023408	4885.715820312
110.620000000	89.999023408	4885.715820312
110.640000000	89.999023408	4885.715820312
110.660000000	89.999023408	4885.715820312
110.680000000	89.999023408	4885.715820312
110.700000000	89.999023408	4885.715820312
110.720000000	89.999023408	4885.715820312
110.740000000	89.999023408	4885.715820312
110.760000000	89.999023408	4885.715820312
110.780000000	89.999023408	4885.715820312
110.800000000	89.999023408	4885.715820312
110.820000000	89.999023408	4885.715820312
110.840000000	89.999023408	4885.715820312
110.860000000	89.999023408	4885.715820312
110.880000000	89.999023408	4885.715820312
110.900000000	89.999023408	4885.715820312
110.920000000	89.999023408	4884.895307556
110.940000000	89.999023408	4880.001464844
110.960000000	89.999023408	4880.001464844
110.980000000	89.999023408	4880.819151266
111.000000000	89.999023408	4885.715820312
111.020000000	89.999023408	4885.715820312
111.040000000	89.999023408	4884.887352680
111.060000000	89.999023408	4880.001464844
111.080000000	89.999023408	4880.001464844
111.100000000	89.999023408	4880.001464844
111.120000000	89.999023408	4880.001464844
111.140000000	89.999023408	4879.171969648
111.160000000	89.999023408	4874.287109375
111.180000000	89.999023408	4875.113968981
111.200000000	89.999023408	4880.001464844
111.220000000	89.999023408	4880.001464844
111.240000000	89.999023408	4879.183811102
111.260000000	89.999023408	4874.287109375
111.280000000	89.999023408	4874.287109375
111.300000000	89.999023408	4875.118239395
111.320000000	89.999023408	4880.001464844
111.340000000	89.999023408	4880.001464844
111.360000000	89.999023408	4879.181203929
111.380000000	89.999023408	4874.287109375
111.400000000	89.999023408	4875.104074943
111.420000000	89.999023408	4880.001464844
111.440000000	89.999023408	4880.001464844
111.460000000	89.999023408	4880.001464844
111.480000000	89.999023408	4880.001464844
111.500000000	89.999023408	4880.001464844
111.520000000	89.999023408	4880.001464844
111.540000000	89.999023408	4880.001464844
111.560000000	89.999023408	4880.001464844
111.580000000	89.999023408	4880.001464844
111.600000000	89.999023408	4880.001464844
111.620000000	89.999023408	4880.833208637
111.640000000	89.999023408	4884.892915004
111.660000000	89.999023408	4880.001464844
111.680000000	89.999023408	4880.001464844
111.700000000	89.999023408	4880.001464844
111.720000000	89.999023408	4880.001464844
111.740000000	89.999023408	4880.826609773
111.760000000	89.999023408	4885.715820312
111.780000000	89.999023408	4885.715820312
111.800000000	89.999023408	4885.715820312
111.820000000	89.999023408	4885.715820312
111.840000000	89.999023408	4885.715820312
111.860000000	89.999023408	4884.903604623
111.880000000	89.999023408	4880.001464844
111.900000000	89.999023408	4881.663270011
111.920000000	89.999023408	4891.430175781
111.940000000	89.999023408	4891.430175781
111.960000000	89.999023408	4891.430175781
111.980000000	89.999023408	4890.603115077
112.000000000	89.999023408	4885.715820312
112.020000000	89.999023408	4885.715820312
112.040000000	89.999023408	4885.715820312
112.060000000	89.999023408	4885.715820312
112.080000000	89.999023408	4885.715820312
112.100000000	89.999023408	4885.715820312
112.120000000	89.999023408	4886.537041598
112.140000000	89.999023408	4890.614743633
112.160000000	89.999023408	4885.715820312
112.180000000	89.999023408	4885.715820312
112.200000000	89.999023408	4885.715820312
112.220000000	89.999023408	4885.715820312
112.240000000	89.999023408	4886.539349908
112.260000000	89.999023408	4891.430175781
112.280000000	89.999023408	4891.430175781
112.300000000	89.999023408	4891.430175781
112.320000000	89.999023408	4891.430175781
112.340000000	89.999023408	4891.430175781
112.360000000	89.999023408	4891.430175781
112.380000000	89.999023408	4891.430175781
112.400000000	89.999023408	4891.430175781
112.420000000	89.999023408	4891.430175781
112.440000000	89.999023408	4891.430175781
112.460000000	89.999023408	4890.606498311
112.480000000	89.999023408	4885.715820312
112.500000000	89.999023408	4885.715820312
112.520000000	89.999023408	4885.715820312
112.540000000	89.999023408	4885.715820312
112.560000000	89.999023408	4885.715820312
112.580000000	89.999023408	4885.715820312
112.600000000	89.999023408	4885.715820312
112.620000000	89.999023408	4885.715820312
112.640000000	89.999023408	4885.715820312
112.660000000	89.999023408	4885.715820312
112.680000000	89.999023408	4885.715820312
112.700000000	89.999023408	4886.542047110
112.720000000	89.999023408	4891.430175781
112.740000000	89.999023408	4891.430175781
112.760000000	89.999023408	4891.430175781
112.780000000	89.999023408	4891.430175781
112.800000000	89.999023408	4891.430175781
112.820000000	89.999023408	4891.430175781
112.840000000	89.999023408	4891.430175781
112.860000000	89.999023408	4891.430175781
112.880000000	89.999023408	4891.430175781
112.900000000	89.999023408	4891.430175781
112.920000000	89.999023408	4891.430175781
112.940000000	89.999023408	4891.430175781
112.960000000	89.999023408	4890.601142859
112.980000000	89.999023408	4885.715820312
113.000000000	89.999023408	4885.715820312
113.020000000	89.999023408	4885.715820312
113.040000000	89.999023408	4885.715820312
113.060000000	89.999023408	4885.715820312
113.080000000	89.999023408	4885.715820312
113.100000000	89.999023408	4885.715820312
113.120000000	89.999023408	4885.715820312
113.140000000	89.999023408	4885.715820312
113.160000000	89.999023408	4885.715820312
113.180000000	89.999023408	4885.715820312
113.200000000	89.999023408	4885.715820312
113.220000000	89.999023408	4885.715820312
113.240000000	89.999023408	4885.715820312
113.260000000	89.999023408	4885.715820312
113.280000000	89.999023408	4885.715820312
113.300000000	89.999023408	4885.715820312
113.320000000	89.999023408	4885.715820312
113.340000000	89.999023408	4885.715820312
113.360000000	89.999023408	4885.715820312
113.380000000	89.999023408	4885.715820312
113.400000000	89.999023408	4885.715820312
113.420000000	89.999023408	4885.715820312
113.440000000	89.999023408	4885.715820312
113.460000000	89.999023408	4886.556760874
113.480000000	89.999023408	4891.430175781
113.500000000	89.999023408	4891.430175781
113.520000000	89.999023408	4891.430175781
113.540000000	89.999023408	4890.598319438
113.560000000	89.999023408	4885.715820312
113.580000000	89.999023408	4885.715820312
113.600000000	89.999023408	4885.715820312
113.620000000	89.999023408	4885.715820312
113.640000000	89.999023408	4885.715820312
113.660000000	89.999023408	4885.715820312
113.680000000	89.999023408	4885.715820312
113.700000000	89.999023408	4885.715820312
113.720000000	89.999023408	4885.715820312
113.740000000	89.999023408	4885.715820312
113.760000000	89.999023408	4884.883415413
113.780000000	89.999023408	4880.001464844
113.800000000	89.999023408	4880.834928183
113.820000000	89.999023408	4885.715820312
113.840000000	89.999023408	4885.715820312
113.860000000	89.999023408	4884.880944609
113.880000000	89.999023408	4880.001464844
113.900000000	89.999023408	4880.001464844
113.920000000	89.999023408	4880.001464844
113.940000000	89.999023408	4880.001464844
113.960000000	89.999023408	4880.001464844
113.980000000	89.999023408	4880.001464844
114.000000000	94.998626667	4880.001464844
114.020000000	94.998626667	4883.360205344
114.040000000	94.998626667	4907.087815067
114.060000000	94.998626667	4931.429687500
114.080000000	94.998626667	4935.568746989
114.100000000	94.998626667	4960.000976562
114.120000000	94.998626667	4965.855076271
114.140000000	94.998626667	5005.010276224
114.160000000	94.998626667	5034.286621094
114.180000000	94.998626667	5038.513871789
114.200000000	94.998626667	5067.874973634
114.220000000	94.998626667	5097.143554688
114.240000000	94.998626667	5102.149031380
114.260000000	94.998626667	5133.104207961
114.280000000	94.998626667	5142.857910156
114.300000000	94.998626667	5143.694154767
114.320000000	94.998626667	5149.420085228
114.340000000	94.998626667	5154.286621094
114.360000000	94.998626667	5153.449318987
114.380000000	94.998626667	5148.572265625
114.400000000	94.998626667	5148.572265625
114.420000000	94.998626667	5149.406809577
114.440000000	94.998626667	5154.286621094
114.460000000	94.998626667	5153.446868371
114.480000000	94.998626667	5148.572265625
114.500000000	94.998626667	5148.572265625
114.520000000	94.998626667	5149.409925913
114.540000000	94.998626667	5153.437821441
114.560000000	94.998626667	5148.572265625
114.580000000	94.998626667	5148.572265625
114.600000000	94.998626667	5148.572265625
114.620000000	94.998626667	5149.419763087
114.640000000	94.998626667	5153.440207908
114.660000000	94.998626667	5148.572265625
114.680000000	94.998626667	5148.572265625
114.700000000	94.998626667	5149.405408546
114.720000000	94.998626667	5154.286621094
114.740000000	94.998626667	5154.286621094
114.760000000	94.998626667	5154.286621094
114.780000000	94.998626667	5154.286621094
114.800000000	94.998626667	5154.286621094
114.820000000	94.998626667	5154.286621094
114.840000000	94.998626667	5154.286621094
114.860000000	94.998626667	5154.286621094
114.880000000	94.998626667	5154.286621094
114.900000000	94.998626667	5154.286621094
114.920000000	94.998626667	5154.286621094
114.940000000	94.998626667	5154.286621094
114.960000000	94.998626667	5154.286621094
114.980000000	94.998626667	5153.435316921
115.000000000	94.998626667	5148.572265625
115.020000000	94.998626667	5148.572265625
115.040000000	94.998626667	5148.572265625
115.060000000	94.998626667	5148.572265625
115.080000000	94.998626667	5148.572265625
115.100000000	94.998626667	5148.572265625
115.120000000	94.998626667	5148.572265625
115.140000000	94.998626667	5148.572265625
115.160000000	94.998626667	5148.572265625
115.180000000	94.998626667	5148.572265625
115.200000000	94.998626667	5148.572265625
115.220000000	94.998626667	5148.572265625
115.240000000	94.998626667	5148.572265625
115.260000000	94.998626667	5148.572265625
115.280000000	94.998626667	5148.572265625
115.300000000	94.998626667	5148.572265625
115.320000000	94.998626667	5148.572265625
115.340000000	94.998626667	5148.572265625
115.360000000	94.998626667	5148.572265625
115.380000000	94.998626667	5148.572265625
115.400000000	94.998626667	5149.413992897
115.420000000	94.998626667	5153.445655002
115.440000000	94.998626667	5148.572265625
115.460000000	94.998626667	5148.572265625
115.480000000	94.998626667	5149.410760689
115.500000000	94.998626667	5154.286621094
115.520000000	94.998626667	5154.286621094
115.540000000	94.998626667	5154.286621094
115.560000000	94.998626667	5154.286621094
115.580000000	94.998626667	5154.286621094
115.600000000	94.998626667	5154.286621094
115.620000000	94.998626667	5154.286621094
115.640000000	94.998626667	5153.434332801
115.660000000	94.998626667	5148.572265625
115.680000000	94.998626667	5149.412337769
115.700000000	94.998626667	5154.286621094
115.720000000	94.998626667	5154.286621094
115.740000000	94.998626667	5154.286621094
115.760000000	94.998626667	5153.441984596
115.780000000	94.998626667	5148.572265625
115.800000000	94.998626667	5149.411402789
115.820000000	94.998626667	5154.286621094
115.840000000	94.998626667	5154.286621094
115.860000000	94.998626667	5153.440125660
115.880000000	94.998626667	5148.572265625
115.900000000	94.998626667	5149.425255316
115.920000000	94.998626667	5154.286621094
115.940000000	94.998626667	5154.286621094
115.960000000	94.998626667	5154.286621094
115.980000000	94.998626667	5154.286621094
116.000000000	94.998626667	5154.286621094
116.020000000	94.998626667	5154.286621094
116.040000000	94.998626667	5154.286621094
116.060000000	94.998626667	5154.286621094
116.080000000	94.998626667	5154.286621094
116.100000000	94.998626667	5154.286621094
116.120000000	94.998626667	5155.110079689
116.140000000	94.998626667	5160.000976562
116.160000000	94.998626667	5160.000976562
116.180000000	94.998626667	5159.205978282
116.200000000	94.998626667	5154.286621094
116.220000000	94.998626667	5154.286621094
116.240000000	94.998626667	5154.286621094
116.260000000	94.998626667	5155.132062598
116.280000000	94.998626667	5160.000976562
116.300000000	94.998626667	5159.163805204
116.320000000	94.998626667	5154.286621094
116.340000000	94.998626667	5154.286621094
116.360000000	94.998626667	5153.443346720
116.380000000	94.998626667	5148.572265625
116.400000000	94.998626667	5148.572265625
116.420000000	94.998626667	5149.418737155
116.440000000	94.998626667	5154.286621094
116.460000000	94.998626667	5153.442059281
116.480000000	94.998626667	5148.572265625
116.500000000	94.998626667	5148.572265625
116.520000000	94.998626667	5147.709788132
116.540000000	94.998626667	5143.750988852
116.560000000	94.998626667	5148.572265625
116.580000000	94.998626667	5148.572265625
116.600000000	94.998626667	5148.572265625
116.620000000	94.998626667	5149.431209722
116.640000000	94.998626667	5154.286621094
116.660000000	94.998626667	5154.286621094
116.680000000	94.998626667	5153.436829927
116.700000000	94.998626667	5149.430491738
116.720000000	94.998626667	5154.286621094
116.740000000	94.998626667	5154.286621094
116.760000000	94.998626667	5155.136057737
116.780000000	94.998626667	5160.000976562
116.800000000	94.998626667	5160.000976562
116.820000000	94.998626667	5159.162685766
116.840000000	94.998626667	5154.286621094
116.860000000	94.998626667	5154.286621094
116.880000000	94.998626667	5154.286621094
116.900000000	94.998626667	5153.426642203
116.920000000	94.998626667	5149.429966612
116.940000000	94.998626667	5154.286621094
116.960000000	94.998626667	5154.286621094
116.980000000	94.998626667	5154.286621094
117.000000000	94.998626667	5154.286621094
117.020000000	94.998626667	5153.427656518
117.040000000	94.998626667	5148.572265625
117.060000000	94.998626667	5148.572265625
117.080000000	94.998626667	5149.411044790
117.100000000	94.998626667	5154.286621094
117.120000000	94.998626667	5154.286621094
117.140000000	94.998626667	5155.140631239
117.160000000	94.998626667	5160.000976562
117.180000000	94.998626667	5159.139715300
117.200000000	94.998626667	5154.286621094
117.220000000	94.998626667	5154.286621094
117.240000000	94.998626667	5154.286621094
117.260000000	94.998626667	5155.139478425
117.280000000	94.998626667	5160.000976562
117.300000000	94.998626667	5160.000976562
117.320000000	94.998626667	5159.138062012
117.340000000	94.998626667	5154.286621094
117.360000000	94.998626667	5154.286621094
117.380000000	94.998626667	5154.286621094
117.400000000	94.998626667	5154.286621094
117.420000000	94.998626667	5155.146367684
117.440000000	94.998626667	5160.000976562
117.460000000	94.998626667	5160.000976562
117.480000000	94.998626667	5159.138348782
117.500000000	94.998626667	5154.286621094
117.520000000	94.998626667	5154.286621094
117.540000000	94.998626667	5153.435485643
117.560000000	94.998626667	5148.572265625
117.580000000	94.998626667	5149.421188364
117.600000000	94.998626667	5154.286621094
117.620000000	94.998626667	5154.286621094
117.640000000	94.998626667	5153.436204925
117.660000000	94.998626667	5148.572265625
117.680000000	94.998626667	5148.572265625
117.700000000	94.998626667	5148.572265625
117.720000000	94.998626667	5148.572265625
117.740000000	94.998626667	5149.414551044
117.760000000	94.998626667	5153.444652537
117.780000000	94.998626667	5148.572265625
117.800000000	94.998626667	5149.437962200
117.820000000	94.998626667	5154.286621094
117.840000000	94.998626667	5154.286621094
117.860000000	94.998626667	5153.432615379
117.880000000	94.998626667	5148.572265625
117.900000000	94.998626667	5149.429311803
117.920000000	94.998626667	5154.286621094
117.940000000	94.998626667	5154.286621094
117.960000000	94.998626667	5154.286621094
117.980000000	94.998626667	5154.286621094
118.000000000	94.998626667	5154.286621094
118.020000000	94.998626667	5155.110778872
118.040000000	94.998626667	5160.000976562
118.060000000	94.998626667	5160.000976562
118.080000000	94.998626667	5160.000976562
118.100000000	94.998626667	5160.000976562
118.120000000	94.998626667	5160.857171949
118.140000000	94.998626667	5165.715332031
118.160000000	94.998626667	5165.715332031
118.180000000	94.998626667	5165.715332031
118.200000000	94.998626667	5164.861124704
118.220000000	94.998626667	5160.000976562
118.240000000	94.998626667	5160.000976562
118.260000000	94.998626667	5160.000976562
118.280000000	94.998626667	5160.000976562
118.300000000	94.998626667	5160.000976562
118.320000000	94.998626667	5160.000976562
118.340000000	94.998626667	5160.000976562
118.360000000	94.998626667	5160.000976562
118.380000000	94.998626667	5160.000976562
118.400000000	94.998626667	5160.000976562
118.420000000	94.998626667	5160.000976562
118.440000000	94.998626667	5160.000976562
118.460000000	94.998626667	5160.821352232
118.480000000	94.998626667	5164.855004258
118.500000000	94.998626667	5160.000976562
118.520000000	94.998626667	5160.000976562
118.540000000	94.998626667	5160.000976562
118.560000000	94.998626667	5160.000976562
118.580000000	94.998626667	5160.000976562
118.600000000	94.998626667	5160.000976562
118.620000000	94.998626667	5160.000976562
118.640000000	94.998626667	5160.000976562
118.660000000	94.998626667	5160.000976562
118.680000000	94.998626667	5160.000976562
118.700000000	94.998626667	5160.000976562
118.720000000	94.998626667	5160.000976562
118.740000000	94.998626667	5160.853745692
118.760000000	94.998626667	5165.715332031
118.780000000	94.998626667	5165.715332031
118.800000000	94.998626667	5165.715332031
118.820000000	94.998626667	5165.715332031
118.840000000	94.998626667	5165.715332031
118.860000000	94.998626667	5165.715332031
118.880000000	94.998626667	5165.715332031
118.900000000	94.998626667	5165.715332031
118.920000000	94.998626667	5165.715332031
118.940000000	94.998626667	5165.715332031
118.960000000	94.998626667	5165.715332031
118.980000000	94.998626667	5165.715332031
119.000000000	94.998626667	5165.715332031
119.020000000	94.998626667	5165.715332031
119.040000000	94.998626667	5165.715332031
119.060000000	94.998626667	5165.715332031
119.080000000	94.998626667	5165.715332031
119.100000000	94.998626667	5165.715332031
119.120000000	94.998626667	5165.715332031
119.140000000	94.998626667	5165.715332031
119.160000000	94.998626667	5165.715332031
119.180000000	94.998626667	5165.715332031
119.200000000	94.998626667	5164.840982441
119.220000000	94.998626667	5160.000976562
119.240000000	94.998626667	5160.000976562
119.260000000	94.998626667	5160.000976562
119.280000000	94.998626667	5160.000976562
119.300000000	94.998626667	5160.000976562
119.320000000	94.998626667	5160.000976562
119.340000000	94.998626667	5160.000976562
119.360000000	94.998626667	5160.000976562
119.380000000	94.998626667	5160.000976562
119.400000000	94.998626667	5160.000976562
119.420000000	94.998626667	5160.000976562
119.440000000	94.998626667	5160.000976562
119.460000000	94.998626667	5160.855517310
119.480000000	94.998626667	5164.853573923
119.500000000	94.998626667	5160.000976562
119.520000000	94.998626667	5160.000976562
119.540000000	94.998626667	5160.000976562
119.560000000	94.998626667	5160.000976562
119.580000000	94.998626667	5160.000976562
119.600000000	94.998626667	5160.000976562
119.620000000	94.998626667	5160.000976562
119.640000000	94.998626667	5159.146522529
119.660000000	94.998626667	5154.286621094
119.680000000	94.998626667	5154.286621094
119.700000000	94.998626667	5154.286621094
119.720000000	94.998626667	5154.286621094
119.740000000	94.998626667	5155.149718606
119.760000000	94.998626667	5160.000976562
119.780000000	94.998626667	5160.000976562
119.800000000	94.998626667	5160.000976562
119.820000000	94.998626667	5159.156752995
119.840000000	94.998626667	5154.286621094
119.860000000	94.998626667	5154.286621094
119.880000000	94.998626667	5154.286621094
119.900000000	94.998626667	5155.153407662
119.920000000	94.998626667	5160.000976562
119.940000000	94.998626667	5160.000976562
119.960000000	94.998626667	5160.000976562
119.980000000	94.998626667	5160.000976562
120.000000000	99.998229926	5160.000976562
120.020000000	99.998229926	5162.701503775
120.040000000	99.998229926	5181.531505577
120.060000000	99.998229926	5205.715332031
120.080000000	99.998229926	5211.835587530
120.100000000	99.998229926	5245.715332031
120.120000000	99.998229926	5250.901779591
120.140000000	99.998229926	5285.194697452
120.160000000	99.998229926	5314.286621094
120.180000000	99.998229926	5319.489355719
120.200000000	99.998229926	5353.773305998
120.220000000	99.998229926	5382.857910156
120.240000000	99.998229926	5388.139902683
120.260000000	99.998229926	5419.776977367
120.280000000	99.998229926	5434.286132812
120.300000000	99.998229926	5435.155972061
120.320000000	99.998229926	5440.869902115
120.340000000	99.998229926	5445.714843750
120.360000000	99.998229926	5445.714843750
120.380000000	99.998229926	5445.714843750
120.400000000	99.998229926	5445.714843750
120.420000000	99.998229926	5445.714843750
120.440000000	99.998229926	5445.714843750
120.460000000	99.998229926	5445.714843750
120.480000000	99.998229926	5445.714843750
120.500000000	99.998229926	5445.714843750
120.520000000	99.998229926	5445.714843750
120.540000000	99.998229926	5445.714843750
120.560000000	99.998229926	5445.714843750
120.580000000	99.998229926	5444.838643486
120.600000000	99.998229926	5440.000488281
120.620000000	99.998229926	5440.000488281
120.640000000	99.998229926	5440.000488281
120.660000000	99.998229926	5440.000488281
120.680000000	99.998229926	5440.000488281
120.700000000	99.998229926	5440.000488281
120.720000000	99.998229926	5440.000488281
120.740000000	99.998229926	5440.000488281
120.760000000	99.998229926	5440.000488281
120.780000000	99.998229926	5440.000488281
120.800000000	99.998229926	5440.000488281
120.820000000	99.998229926	5440.000488281
120.840000000	99.998229926	5440.000488281
120.860000000	99.998229926	5440.000488281
120.880000000	99.998229926	5440.000488281
120.900000000	99.998229926	5440.000488281
120.920000000	99.998229926	5440.000488281
120.940000000	99.998229926	5440.000488281
120.960000000	99.998229926	5440.000488281
120.980000000	99.998229926	5440.000488281
121.000000000	99.998229926	5440.000488281
121.020000000	99.998229926	5440.000488281
121.040000000	99.998229926	5440.000488281
121.060000000	99.998229926	5440.000488281
121.080000000	99.998229926	5440.000488281
121.100000000	99.998229926	5440.000488281
121.120000000	99.998229926	5440.000488281
121.140000000	99.998229926	5440.000488281
121.160000000	99.998229926	5440.000488281
121.180000000	99.998229926	5440.000488281
121.200000000	99.998229926	5440.000488281
121.220000000	99.998229926	5440.000488281
121.240000000	99.998229926	5440.000488281
121.260000000	99.998229926	5440.000488281
121.280000000	99.998229926	5440.000488281
121.300000000	99.998229926	5440.000488281
121.320000000	99.998229926	5440.000488281
121.340000000	99.998229926	5440.000488281
121.360000000	99.998229926	5440.000488281
121.380000000	99.998229926	5440.000488281
121.400000000	99.998229926	5440.000488281
121.420000000	99.998229926	5440.000488281
121.440000000	99.998229926	5440.000488281
121.460000000	99.998229926	5440.000488281
121.480000000	99.998229926	5440.000488281
121.500000000	99.998229926	5440.000488281
121.520000000	99.998229926	5440.000488281
121.540000000	99.998229926	5440.000488281
121.560000000	99.998229926	5440.000488281
121.580000000	99.998229926	5440.000488281
121.600000000	99.998229926	5440.000488281
121.620000000	99.998229926	5440.000488281
121.640000000	99.998229926	5440.000488281
121.660000000	99.998229926	5440.000488281
121.680000000	99.998229926	5440.000488281
121.700000000	99.998229926	5440.000488281
121.720000000	99.998229926	5440.000488281
121.740000000	99.998229926	5440.865555850
121.760000000	99.998229926	5444.829094520
121.780000000	99.998229926	5440.000488281
121.800000000	99.998229926	5440.886358517
121.820000000	99.998229926	5444.838811085
121.840000000	99.998229926	5440.000488281
121.860000000	99.998229926	5440.000488281
121.880000000	99.998229926	5440.000488281
121.900000000	99.998229926	5440.000488281
121.920000000	99.998229926	5440.000488281
121.940000000	99.998229926	5440.000488281
121.960000000	99.998229926	5440.000488281
121.980000000	99.998229926	5439.130869447
122.000000000	99.998229926	5434.286132812
122.020000000	99.998229926	5435.153441626
122.040000000	99.998229926	5439.131195657
122.060000000	99.998229926	5434.286132812
122.080000000	99.998229926	5435.128049177
122.100000000	99.998229926	5440.000488281
122.120000000	99.998229926	5440.000488281
122.140000000	99.998229926	5440.000488281
122.160000000	99.998229926	5440.000488281
122.180000000	99.998229926	5440.000488281
122.200000000	99.998229926	5440.000488281
122.220000000	99.998229926	5440.000488281
122.240000000	99.998229926	5440.000488281
122.260000000	99.998229926	5440.000488281
122.280000000	99.998229926	5440.000488281
122.300000000	99.998229926	5440.000488281
122.320000000	99.998229926	5440.000488281
122.340000000	99.998229926	5440.000488281
122.360000000	99.998229926	5440.000488281
122.380000000	99.998229926	5440.000488281
122.400000000	99.998229926	5440.000488281
122.420000000	99.998229926	5440.000488281
122.440000000	99.998229926	5440.000488281
122.460000000	99.998229926	5440.000488281
122.480000000	99.998229926	5440.000488281
122.500000000	99.998229926	5440.000488281
122.520000000	99.998229926	5440.000488281
122.540000000	99.998229926	5440.000488281
122.560000000	99.998229926	5440.000488281
122.580000000	99.998229926	5440.000488281
122.600000000	99.998229926	5440.000488281
122.620000000	99.998229926	5440.000488281
122.640000000	99.998229926	5440.000488281
122.660000000	99.998229926	5440.000488281
122.680000000	99.998229926	5440.000488281
122.700000000	99.998229926	5440.000488281
122.720000000	99.998229926	5440.000488281
122.740000000	99.998229926	5440.000488281
122.760000000	99.998229926	5440.000488281
122.780000000	99.998229926	5440.000488281
122.800000000	99.998229926	5440.000488281
122.820000000	99.998229926	5440.000488281
122.840000000	99.998229926	5440.000488281
122.860000000	99.998229926	5440.000488281
122.880000000	99.998229926	5440.000488281
122.900000000	99.998229926	5440.000488281
122.920000000	99.998229926	5440.000488281
122.940000000	99.998229926	5440.000488281
122.960000000	99.998229926	5440.000488281
122.980000000	99.998229926	5440.000488281
123.000000000	99.998229926	5440.000488281
123.020000000	99.998229926	5440.000488281
123.040000000	99.998229926	5440.000488281
123.060000000	99.998229926	5440.000488281
123.080000000	99.998229926	5440.000488281
123.100000000	99.998229926	5440.000488281
123.120000000	99.998229926	5440.000488281
123.140000000	99.998229926	5440.000488281
123.160000000	99.998229926	5440.000488281
123.180000000	99.998229926	5440.000488281
123.200000000	99.998229926	5440.000488281
123.220000000	99.998229926	5440.000488281
123.240000000	99.998229926	5440.000488281
123.260000000	99.998229926	5440.000488281
123.280000000	99.998229926	5440.000488281
123.300000000	99.998229926	5440.000488281
123.320000000	99.998229926	5440.000488281
123.340000000	99.998229926	5440.000488281
123.360000000	99.998229926	5440.000488281
123.380000000	99.998229926	5440.000488281
123.400000000	99.998229926	5440.000488281
123.420000000	99.998229926	5440.000488281
123.440000000	99.998229926	5440.000488281
123.460000000	99.998229926	5440.000488281
123.480000000	99.998229926	5440.000488281
123.500000000	99.998229926	5440.000488281
123.520000000	99.998229926	5440.000488281
123.540000000	99.998229926	5440.897710044
123.560000000	99.998229926	5445.714843750
123.580000000	99.998229926	5445.714843750
123.600000000	99.998229926	5445.714843750
123.620000000	99.998229926	5445.714843750
123.640000000	99.998229926	5445.714843750
123.660000000	99.998229926	5445.714843750
123.680000000	99.998229926	5445.714843750
123.700000000	99.998229926	5446.619515928
123.720000000	99.998229926	5451.429199219
123.740000000	99.998229926	5451.429199219
123.760000000	99.998229926	5451.429199219
123.780000000	99.998229926	5451.429199219
123.800000000	99.998229926	5450.540589873
123.820000000	99.998229926	5446.612223800
123.840000000	99.998229926	5451.429199219
123.860000000	99.998229926	5451.429199219
123.880000000	99.998229926	5451.429199219
123.900000000	99.998229926	5451.429199219
123.920000000	99.998229926	5451.429199219
123.940000000	99.998229926	5451.429199219
123.960000000	99.998229926	5451.429199219
123.980000000	99.998229926	5451.429199219
124.000000000	99.998229926	5451.429199219
124.020000000	99.998229926	5451.429199219
124.040000000	99.998229926	5451.429199219
124.060000000	99.998229926	5451.429199219
124.080000000	99.998229926	5450.531787722
124.100000000	99.998229926	5445.714843750
124.120000000	99.998229926	5445.714843750
124.140000000	99.998229926	5446.606305582
124.160000000	99.998229926	5451.429199219
124.180000000	99.998229926	5451.429199219
124.200000000	99.998229926	5450.533610104
124.220000000	99.998229926	5445.714843750
124.240000000	99.998229926	5445.714843750
124.260000000	99.998229926	5445.714843750
124.280000000	99.998229926	5445.714843750
124.300000000	99.998229926	5445.714843750
124.320000000	99.998229926	5445.714843750
124.340000000	99.998229926	5445.714843750
124.360000000	99.998229926	5445.714843750
124.380000000	99.998229926	5445.714843750
124.400000000	99.998229926	5444.824626149
124.420000000	99.998229926	5440.000488281
124.440000000	99.998229926	5440.000488281
124.460000000	99.998229926	5440.000488281
124.480000000	99.998229926	5440.000488281
124.500000000	99.998229926	5440.000488281
124.520000000	99.998229926	5440.000488281
124.540000000	99.998229926	5440.000488281
124.560000000	99.998229926	5440.000488281
124.580000000	99.998229926	5440.000488281
124.600000000	99.998229926	5440.000488281
124.620000000	99.998229926	5440.000488281
124.640000000	99.998229926	5440.000488281
124.660000000	99.998229926	5440.000488281
124.680000000	99.998229926	5440.000488281
124.700000000	99.998229926	5440.000488281
124.720000000	99.998229926	5440.000488281
124.740000000	99.998229926	5440.000488281
124.760000000	99.998229926	5440.883377157
124.780000000	99.998229926	5445.714843750
124.800000000	99.998229926	5445.714843750
124.820000000	99.998229926	5445.714843750
124.840000000	99.998229926	5445.714843750
124.860000000	99.998229926	5445.714843750
124.880000000	99.998229926	5445.714843750
124.900000000	99.998229926	5445.714843750
124.920000000	99.998229926	5445.714843750
124.940000000	99.998229926	5445.714843750
124.960000000	99.998229926	5445.714843750
124.980000000	99.998229926	5445.714843750
125.000000000	99.998229926	5445.714843750
125.020000000	99.998229926	5444.816655310
125.040000000	99.998229926	5440.000488281
125.060000000	99.998229926	5440.000488281
125.080000000	99.998229926	5440.000488281
125.100000000	99.998229926	5440.000488281
125.120000000	99.998229926	5440.000488281
125.140000000	99.998229926	5440.000488281
125.160000000	99.998229926	5440.000488281
125.180000000	99.998229926	5440.903281540
125.200000000	99.998229926	5445.714843750
125.220000000	99.998229926	5445.714843750
125.240000000	99.998229926	5445.714843750
125.260000000	99.998229926	5445.714843750
125.280000000	99.998229926	5445.714843750
125.300000000	99.998229926	5445.714843750
125.320000000	99.998229926	5445.714843750
125.340000000	99.998229926	5445.714843750
125.360000000	99.998229926	5445.714843750
125.380000000	99.998229926	5445.714843750
125.400000000	99.998229926	5446.608826063
125.420000000	99.998229926	5450.537551165
125.440000000	99.998229926	5445.714843750
125.460000000	99.998229926	5445.714843750
125.480000000	99.998229926	5445.714843750
125.500000000	99.998229926	5445.714843750
125.520000000	99.998229926	5445.714843750
125.540000000	99.998229926	5445.714843750
125.560000000	99.998229926	5445.714843750
125.580000000	99.998229926	5445.714843750
125.600000000	99.998229926	5445.714843750
125.620000000	99.998229926	5445.714843750
125.640000000	99.998229926	5444.824708170
125.660000000	99.998229926	5440.000488281
125.680000000	99.998229926	5440.905017168
125.700000000	99.998229926	5445.714843750
125.720000000	99.998229926	5445.714843750
125.740000000	99.998229926	5445.714843750
125.760000000	99.998229926	5445.714843750
125.780000000	99.998229926	5445.714843750
125.800000000	99.998229926	5445.714843750
125.820000000	99.998229926	5445.714843750
125.840000000	99.998229926	5445.714843750
125.860000000	99.998229926	5445.714843750
125.880000000	99.998229926	5445.714843750
125.900000000	99.998229926	5445.714843750
125.920000000	99.998229926	5444.816727433
125.940000000	99.998229926	5440.000488281
125.960000000	99.998229926	5440.907939870
125.980000000	99.998229926	5441.168668686
126.000000000	0.000000000	5417.143554688
126.020000000	0.000000000	5352.269539604
126.040000000	0.000000000	4897.993411531
126.060000000	0.000000000	4325.714843750
126.080000000	0.000000000	4218.954308585
126.100000000	0.000000000	3645.714843750
126.120000000	0.000000000	3538.647575447
126.140000000	0.000000000	2863.393889942
126.160000000	0.000000000	2285.714843750
126.180000000	0.000000000	2181.164183851
126.200000000	0.000000000	1499.380382198
126.220000000	0.000000000	920.000549316
126.240000000	0.000000000	819.486408965
126.260000000	0.000000000	228.450506695
126.280000000	0.000000000	0.000518799
126.300000000	0.000000000	0.000518799
126.320000000	0.000000000	0.000518799
126.340000000	0.000000000	0.000518799
126.360000000	0.000000000	0.000518799
126.380000000	0.000000000	0.000518799
126.400000000	0.000000000	0.000518799
126.420000000	0.000000000	0.000518799
126.440000000	0.000000000	0.000518799
126.460000000	0.000000000	0.000518799
126.480000000	0.000000000	0.000518799
126.500000000	0.000000000	0.000518799
126.520000000	0.000000000	0.000518799
126.540000000	0.000000000	0.000518799
126.560000000	0.000000000	0.000518799
126.580000000	0.000000000	0.000518799
126.600000000	0.000000000	0.000518799
126.620000000	0.000000000	0.000518799
126.640000000	0.000000000	0.000518799
126.660000000	0.000000000	0.000518799
126.680000000	0.000000000	0.000518799
126.700000000	0.000000000	0.000518799
126.720000000	0.000000000	0.000518799
126.740000000	0.000000000	0.000518799
126.760000000	0.000000000	0.000518799
126.780000000	0.000000000	0.000518799
126.800000000	0.000000000	0.000518799
126.820000000	0.000000000	0.000518799
126.840000000	0.000000000	0.000518799
126.860000000	0.000000000	0.000518799
126.880000000	0.000000000	0.000518799
126.900000000	0.000000000	0.000518799
126.920000000	0.000000000	0.000518799
126.940000000	0.000000000	0.000518799
126.960000000	0.000000000	0.000518799
126.980000000	0.000000000	0.000518799
127.000000000	0.000000000	0.000518799
127.020000000	0.000000000	0.000518799
127.040000000	0.000000000	0.000518799
127.060000000	0.000000000	0.000518799
127.080000000	0.000000000	0.000518799
127.100000000	0.000000000	0.000518799
127.120000000	0.000000000	0.000518799
127.140000000	0.000000000	0.000518799
127.160000000	0.000000000	0.000518799
127.180000000	0.000000000	0.000518799
127.200000000	0.000000000	0.000518799
127.220000000	0.000000000	0.000518799
127.240000000	0.000000000	0.000518799
127.260000000	0.000000000	0.000518799
127.280000000	0.000000000	0.000518799
127.300000000	0.000000000	0.000518799
127.320000000	0.000000000	0.000518799
127.340000000	0.000000000	0.000518799
127.360000000	0.000000000	0.000518799
127.380000000	0.000000000	0.000518799
127.400000000	0.000000000	0.000518799
127.420000000	0.000000000	0.000518799
127.440000000	0.000000000	0.000518799
127.460000000	0.000000000	0.000518799
127.480000000	0.000000000	0.000518799
127.500000000	0.000000000	0.000518799
127.520000000	0.000000000	0.000518799
127.540000000	0.000000000	0.000518799
127.560000000	0.000000000	0.000518799
127.580000000	0.000000000	0.000518799
127.600000000	0.000000000	0.000518799
127.620000000	0.000000000	0.000518799
127.640000000	0.000000000	0.000518799
127.660000000	0.000000000	0.000518799
127.680000000	0.000000000	0.000518799
127.700000000	0.000000000	0.000518799
127.720000000	0.000000000	0.000518799
127.740000000	0.000000000	0.000518799
127.760000000	0.000000000	0.000518799
127.780000000	0.000000000	0.000518799
127.800000000	0.000000000	0.000518799
127.820000000	0.000000000	0.000518799
127.840000000	0.000000000	0.000518799
127.860000000	0.000000000	0.000518799
127.880000000	0.000000000	0.000518799
127.900000000	0.000000000	0.000518799
127.920000000	0.000000000	0.000518799
127.940000000	0.000000000	0.000518799
127.960000000	0.000000000	0.000518799
127.980000000	0.000000000	0.000518799
128.000000000	0.000000000	0.000518799
128.020000000	0.000000000	0.000518799
128.040000000	0.000000000	0.000518799
128.060000000	0.000000000	0.000518799
128.080000000	0.000000000	0.000518799
128.100000000	0.000000000	0.000518799
128.120000000	0.000000000	0.000518799
128.140000000	0.000000000	0.000518799
128.160000000	0.000000000	0.000518799
128.180000000	0.000000000	0.000518799
128.200000000	0.000000000	0.000518799
128.220000000	0.000000000	0.000518799
128.240000000	0.000000000	0.000518799
128.260000000	0.000000000	0.000518799
128.280000000	0.000000000	0.000518799
128.300000000	0.000000000	0.000518799
128.320000000	0.000000000	0.000518799
128.340000000	0.000000000	0.000518799
128.360000000	0.000000000	0.000518799
128.380000000	0.000000000	0.000518799
128.400000000	0.000000000	0.000518799
128.420000000	0.000000000	0.000518799
128.440000000	0.000000000	0.000518799
128.460000000	0.000000000	0.000518799
128.480000000	0.000000000	0.000518799
128.500000000	0.000000000	0.000518799
128.520000000	0.000000000	0.000518799
128.540000000	0.000000000	0.000518799
128.560000000	0.000000000	0.000518799
128.580000000	0.000000000	0.000518799
128.600000000	0.000000000	0.000518799
128.620000000	0.000000000	0.000518799
128.640000000	0.000000000	0.000518799
128.660000000	0.000000000	0.000518799
128.680000000	0.000000000	0.000518799
128.700000000	0.000000000	0.000518799
128.720000000	0.000000000	0.000518799
128.740000000	0.000000000	0.000518799
128.760000000	0.000000000	0.000518799
128.780000000	0.000000000	0.000518799
128.800000000	0.000000000	0.000518799
128.820000000	0.000000000	0.000518799
128.840000000	0.000000000	0.000518799
128.860000000	0.000000000	0.000518799
128.880000000	0.000000000	0.000518799
128.900000000	0.000000000	0.000518799
128.920000000	0.000000000	0.000518799
128.940000000	0.000000000	0.000518799
128.960000000	0.000000000	0.000518799
128.980000000	0.000000000	0.000518799
129.000000000	0.000000000	0.000518799
129.020000000	0.000000000	0.000518799
129.040000000	0.000000000	0.000518799
129.060000000	0.000000000	0.000518799
129.080000000	0.000000000	0.000518799
129.100000000	0.000000000	0.000518799
129.120000000	0.000000000	0.000518799
129.140000000	0.000000000	0.000518799
129.160000000	0.000000000	0.000518799
129.180000000	0.000000000	0.000518799
129.200000000	0.000000000	0.000518799
129.220000000	0.000000000	0.000518799
129.240000000	0.000000000	0.000518799
129.260000000	0.000000000	0.000518799
129.280000000	0.000000000	0.000518799
129.300000000	0.000000000	0.000518799
129.320000000	0.000000000	0.000518799
129.340000000	0.000000000	0.000518799
129.360000000	0.000000000	0.000518799
129.380000000	0.000000000	0.000518799
129.400000000	0.000000000	0.000518799
129.420000000	0.000000000	0.000518799
129.440000000	0.000000000	0.000518799
129.460000000	0.000000000	0.000518799
129.480000000	0.000000000	0.000518799
129.500000000	0.000000000	0.000518799
129.520000000	0.000000000	0.000518799
129.540000000	0.000000000	0.000518799
129.560000000	0.000000000	0.000518799
129.580000000	0.000000000	0.000518799
129.600000000	0.000000000	0.000518799
129.620000000	0.000000000	0.000518799
129.640000000	0.000000000	0.000518799
129.660000000	0.000000000	0.000518799
129.680000000	0.000000000	0.000518799
129.700000000	0.000000000	0.000518799
129.720000000	0.000000000	0.000518799
129.740000000	0.000000000	0.000518799
129.760000000	0.000000000	0.000518799
129.780000000	0.000000000	0.000518799
129.800000000	0.000000000	0.000518799
129.820000000	0.000000000	0.000518799
129.840000000	0.000000000	0.000518799
129.860000000	0.000000000	0.000518799
129.880000000	0.000000000	0.000518799
129.900000000	0.000000000	0.000518799
129.920000000	0.000000000	0.000518799
129.940000000	0.000000000	0.000518799
129.960000000	0.000000000	0.000518799
129.980000000	0.000000000	0.000518799
130.000000000	0.000000000	0.000518799
130.020000000	0.000000000	0.000518799
130.040000000	0.000000000	0.000518799
130.060000000	0.000000000	0.000518799
130.080000000	0.000000000	0.000518799
130.100000000	0.000000000	0.000518799
130.120000000	0.000000000	0.000518799
130.140000000	0.000000000	0.000518799
130.160000000	0.000000000	0.000518799
130.180000000	0.000000000	0.000518799
130.200000000	0.000000000	0.000518799
130.220000000	0.000000000	0.000518799
130.240000000	0.000000000	0.000518799
130.260000000	0.000000000	0.000518799
130.280000000	0.000000000	0.000518799
130.300000000	0.000000000	0.000518799
130.320000000	0.000000000	0.000518799
130.340000000	0.000000000	0.000518799
130.360000000	0.000000000	0.000518799
130.380000000	0.000000000	0.000518799
130.400000000	0.000000000	0.000518799
130.420000000	0.000000000	0.000518799
130.440000000	0.000000000	0.000518799
130.460000000	0.000000000	0.000518799
130.480000000	0.000000000	0.000518799
130.500000000	0.000000000	0.000518799
130.520000000	0.000000000	0.000518799
130.540000000	0.000000000	0.000518799
130.560000000	0.000000000	0.000518799
130.580000000	0.000000000	0.000518799
130.600000000	0.000000000	0.000518799
130.620000000	0.000000000	0.000518799
130.640000000	0.000000000	0.000518799
130.660000000	0.000000000	0.000518799
130.680000000	0.000000000	0.000518799
130.700000000	0.000000000	0.000518799
130.720000000	0.000000000	0.000518799
130.740000000	0.000000000	0.000518799
130.760000000	0.000000000	0.000518799
130.780000000	0.000000000	0.000518799
130.800000000	0.000000000	0.000518799
130.820000000	0.000000000	0.000518799
130.840000000	0.000000000	0.000518799
130.860000000	0.000000000	0.000518799
130.880000000	0.000000000	0.000518799
130.900000000	0.000000000	0.000518799
130.920000000	0.000000000	0.000518799
130.940000000	0.000000000	0.000518799
130.960000000	0.000000000	0.000518799
130.980000000	0.000000000	0.000518799
131.000000000	0.000000000	0.000518799
131.020000000	0.000000000	0.000518799
131.040000000	0.000000000	0.000518799
131.060000000	0.000000000	0.000518799
131.080000000	0.000000000	0.000518799
131.100000000	0.000000000	0.000518799
131.120000000	0.000000000	0.000518799
131.140000000	0.000000000	0.000518799
131.160000000	0.000000000	0.000518799
131.180000000	0.000000000	0.000518799
131.200000000	0.000000000	0.000518799
131.220000000	0.000000000	0.000518799
131.240000000	0.000000000	0.000518799
131.260000000	0.000000000	0.000518799
131.280000000	0.000000000	0.000518799
131.300000000	0.000000000	0.000518799
131.320000000	0.000000000	0.000518799
131.340000000	0.000000000	0.000518799
131.360000000	0.000000000	0.000518799
131.380000000	0.000000000	0.000518799
131.400000000	0.000000000	0.000518799
131.420000000	0.000000000	0.000518799
131.440000000	0.000000000	0.000518799
131.460000000	0.000000000	0.000518799
131.480000000	0.000000000	0.000518799
131.500000000	0.000000000	0.000518799
131.520000000	0.000000000	0.000518799
131.540000000	0.000000000	0.000518799
131.560000000	0.000000000	0.000518799
131.580000000	0.000000000	0.000518799
131.600000000	0.000000000	0.000518799
131.620000000	0.000000000	0.000518799
131.640000000	0.000000000	0.000518799
131.660000000	0.000000000	0.000518799
131.680000000	0.000000000	0.000518799
131.700000000	0.000000000	0.000518799
131.720000000	0.000000000	0.000518799
131.740000000	0.000000000	0.000518799
131.760000000	0.000000000	0.000518799
131.780000000	0.000000000	0.000518799
131.800000000	0.000000000	0.000518799
131.820000000	0.000000000	0.000518799
131.840000000	0.000000000	0.000518799
131.860000000	0.000000000	0.000518799
131.880000000	0.000000000	0.000518799
131.900000000	0.000000000	0.000518799
131.920000000	0.000000000	0.000518799
131.940000000	0.000000000	0.000518799
131.960000000	0.000000000	0.000518799
